codigo,tipo,emissor,securitizadora,serie,vencimento,indexador,taxa_indicativa,taxa_compra,taxa_venda,desvio,pu,pct_pu_par,duration,referencia
25B0013406,CRI,Direcional,OPEA SECURITIZADORA S/A,1ª,2032-02-16,100% do DI,101.8488,,98.5,0.56,1005.44410489,99.05,984.84,2026-09-28
CRA019003V2,CRA,RAÍZEN ENERGIA S.A.,OPEA SECURITIZADORA S/A,1ª,2029-07-16,100% do DI,,,,,419.09611838,41.06,,2026-09-28
CRA024004H7,CRA,SÃO MARTINHO S.A.,RIZA SECURITIZADORA S.A.,3ª,2029-04-12,100% do DI,101.0799,102.8875,98.5875,1.17,1059.90130725,99.71,525.27,2026-09-28
CRA0250018H,CRA,Marfrig Global Foods S.A,ECO SECURITIZADORA DE DIREITOS CREDITÓRIOS DO AGRONEGÓCIO S.A.,1ª,2030-04-15,100% do DI,114.9322,,110.354,1.77,1006.72573921,94.81,684.03,2026-09-28
CRA02500BVT,CRA,BRF S.A.,ECO SECURITIZADORA DE DIREITOS CREDITÓRIOS DO AGRONEGÓCIO S.A.,1ª,2030-06-17,100% do DI,117.3077,,110.66,1.22,1019.49938583,91.99,927.0,2026-09-28
24D2765715,CRI,CYRELA BRAZIL REALTY S.A.,COMPANHIA PROVÍNCIA DE SECURITIZAÇÃO,3ª,2031-04-15,101% do DI,99.8627,101.85,97.5166,0.16,1067.3299834,100.45,761.86,2026-09-28
CRA023007VD,CRA,ENGELHART CTP,OPEA SECURITIZADORA S/A,1ª,2028-07-05,101% do DI,96.995,97.464,93.864,0.91,1039.83317802,100.82,397.24,2026-09-28
25L2997442,CRI,Even Construtora e Incorporadora S/A,VERT COMPANHIA SECURITIZADORA,ª,2032-12-15,"101,5% do DI",,,,,,,,2026-09-28
CRA026002BD,CRA,BRF S.A.,ECO SECURITIZADORA DE DIREITOS CREDITÓRIOS DO AGRONEGÓCIO S.A.,1ª,2030-10-15,"101,5% do DI",,,,,,,,2026-09-28
24D3313768,CRI,CURY CONSTRUTORA E INCORPORADORA S.A.,TRUE SECURITIZADORA S/A,1ª,2027-05-31,102% do DI,99.21,101.28,96.675,0.5,1048.72327081,100.22,157.04,2026-09-28
CRA023003UX,CRA,ENGELHART CTP,OPEA SECURITIZADORA S/A,1ª,2027-03-15,102% do DI,95.3125,96.276,92.676,0.94,1008.52471891,100.38,113.0,2026-09-28
CRA02500669,CRA,BRF S.A,ECO SECURITIZADORA DE DIREITOS CREDITÓRIOS DO AGRONEGÓCIO S.A.,1ª,2029-07-16,102% do DI,116.9677,,110.778,1.53,1110.90678685,94.72,698.0,2026-09-28
CRA025008HM,CRA,Cocal Comercio Industria Canaa Acucar e Alcool S.A.,VERT COMPANHIA SECURITIZADORA,1ª,2031-09-15,102% do DI,,,,,,,,2026-09-28
24F1277566,CRI,DIRECIONAL ENGENHARIA S.A.,OPEA SECURITIZADORA S/A,1ª,2029-07-16,103% do DI,100.6591,102.7933,98.8,0.87,1035.51295371,100.72,588.47,2026-09-28
CRA02300209,CRA,ENGELHART CTP,VERT COMPANHIA SECURITIZADORA,1ª,2027-01-15,103% do DI,93.9315,96.1866,91.3866,3.79,1031.6350902,100.34,74.0,2026-09-28
CRA0250073L,CRA,Mantiqueira Brasil,ECO SECURITIZADORA DE DIREITOS CREDITÓRIOS DO AGRONEGÓCIO S.A.,1ª,2030-08-15,"103,1% do DI",,,,,,,,2026-09-28
25G5313879,CRI,MOURA DUBEUX ENGENHARIA S.A.,VERT COMPANHIA SECURITIZADORA,1ª,2030-07-15,"103,75% do DI",106.277,,104.0,2.64,995.04652331,99.03,741.76,2026-09-28
CRA025008N8,CRA,3Tentos,OPEA SECURITIZADORA S/A,1ª,2030-10-15,"103,75% do DI",109.7167,,103.0,1.69,1039.54833253,97.68,755.58,2026-09-28
22J0346710,CRI,BANCO BTG PACTUAL S.A.,OPEA SECURITIZADORA S/A,1ª,2027-01-15,104% do DI,96.6866,96.94,,0.26,1031.26095052,100.27,74.0,2026-09-28
CRA0240066A,CRA,CAMIL ALIMENTOS S.A.,ECO SECURITIZADORA DE DIREITOS CREDITÓRIOS DO AGRONEGÓCIO S.A.,1ª,2029-06-15,104% do DI,119.8321,,114.095,10.53,993.85839954,95.48,562.28,2026-09-28
CRA025006SR,CRA,Boa Safra II,OPEA SECURITIZADORA S/A,1ª,2032-02-16,104% do DI,110.7828,,110.0,1.35,971.47567609,96.68,950.31,2026-09-28
CRA025007KD,CRA,CEREAL COMÉRCIO EXPORTAÇÃO E REPRESENTAÇÃO AGROPECUÁRIA S.A.,ECO SECURITIZADORA DE DIREITOS CREDITÓRIOS DO AGRONEGÓCIO S.A.,1ª,2030-09-16,104% do DI,,,,,,,,2026-09-28
CRA025002S1,CRA,MINERVA S.A.,RIZA SECURITIZADORA S.A.,1ª,2030-04-15,"104,5% do DI",129.1444,,124.014,0.33,976.32814031,91.7,671.81,2026-09-28
CRA025005V5,CRA,MINERVA S.A.,RIZA SECURITIZADORA S.A.,1ª,2030-07-15,"104,5% do DI",129.6316,,124.066,0.34,933.87018126,90.79,734.24,2026-09-28
24D0006602,CRI,ALLOS S.A.,OPEA SECURITIZADORA S/A,2ª,2029-04-16,105% do DI,99.2641,101.43,97.1066,0.55,1081.71520025,101.56,523.97,2026-09-28
25E0013305,CRI,JHSF IV,OPEA SECURITIZADORA S/A,2ª,2030-05-15,105% do DI,104.42,,,1.48,1055.3317311,100.21,703.33,2026-09-28
CRA02300TSB,CRA,BANCO BTG PACTUAL S.A.,OPEA SECURITIZADORA S/A,1ª,2033-12-15,105% do DI,97.0972,,,2.5,1091.83643008,104.86,1160.42,2026-09-28
CRA02400AYL,CRA,MINERVA S.A.,RIZA SECURITIZADORA S.A.,1ª,2029-11-16,105% do DI,125.331,,114.5,7.8,985.97047953,93.63,621.34,2026-09-28
CRA025008C3,CRA,Neomille S.A.,ECO SECURITIZADORA DE DIREITOS CREDITÓRIOS DO AGRONEGÓCIO S.A.,3ª,2032-12-15,105% do DI,115.5162,,114.0,1.39,986.89730128,94.78,972.01,2026-09-28
CRA02500AC9,CRA,,ECO SECURITIZADORA DE DIREITOS CREDITÓRIOS DO AGRONEGÓCIO S.A.,1ª,2030-11-15,105% do DI,,,,,,,,2026-09-28
CRA02500AHT,CRA,C. Vale - Cooperativa Agroindustrial,ECO SECURITIZADORA DE DIREITOS CREDITÓRIOS DO AGRONEGÓCIO S.A.,1ª,2030-11-15,"105,5% do DI",,,,,,,,2026-09-28
CRA025005EI,CRA,GDM Genética do Brasil S.A.,ECO SECURITIZADORA DE DIREITOS CREDITÓRIOS DO AGRONEGÓCIO S.A.,2ª,2032-07-15,"105,75% do DI",108.8827,,,2.9,1012.80261261,98.43,966.64,2026-09-28
23K0018802,CRI,MULTIPLAN EMPREENDIMENTOS IMOBILIÁRIOS S.A.,RIZA SECURITIZADORA S.A.,2ª,2031-01-15,106% do DI,99.1258,101.2366,97.0033,0.28,1053.59911535,102.39,663.51,2026-09-28
CRA025006NA,CRA,Lar Cooperativa Agroindustrial,ECO SECURITIZADORA DE DIREITOS CREDITÓRIOS DO AGRONEGÓCIO S.A.,1ª,2030-08-15,106% do DI,111.6862,,109.0,0.24,985.12964141,98.03,672.23,2026-09-28
23K0019201,CRI,DIRECIONAL ENGENHARIA S.A.,TRUE SECURITIZADORA S/A,2ª,2028-11-16,"106,5% do DI",99.6466,,,0.28,1070.9250524,101.62,456.86,2026-09-28
CRA026001JL,CRA,Lar Cooperativa Agroindustrial,ECO SECURITIZADORA DE DIREITOS CREDITÓRIOS DO AGRONEGÓCIO S.A.,1ª,2031-03-15,"106,5% do DI",,,,,,,,2026-09-28
25H0243072,CRI,BTSA,RIZA SECURITIZADORA S.A.,2ª,2032-08-16,107% do DI,112.2744,,107.5,2.15,983.92284387,97.91,768.96,2026-09-28
CRA02300NRL,CRA,BANCO BTG PACTUAL S.A.,OPEA SECURITIZADORA S/A,1ª,2033-11-16,107% do DI,,,,,,,,2026-09-28
CRA025003UZ,CRA,COOXUPÉ - COOPERATIVA REGIONAL DE,VERT COMPANHIA SECURITIZADORA,2ª,2030-06-17,"107,5% do DI",111.3588,,110.0,3.62,1029.01643634,98.73,640.26,2026-09-28
CRA02300CYQ,CRA,BANCO BTG PACTUAL S.A.,OPEA SECURITIZADORA S/A,1ª,2033-07-15,109% do DI,96.1,98.4033,93.2033,0.7,1109.77290798,107.77,1124.8,2026-09-28
CRA02300HWH,CRA,BANCO BTG PACTUAL S.A.,OPEA SECURITIZADORA S/A,1ª,2033-09-15,109% do DI,98.5,99.925,95.575,0.0,1070.45100165,106.51,1163.28,2026-09-28
24I1980390,CRI,MRV ENGENHARIA E PARTICIPAÇÕES S.A,OPEA SECURITIZADORA S/A,1ª,2029-10-15,110% do DI,130.0438,138.67,128.0,1.21,1004.03183714,93.99,593.4,2026-09-28
25B3099731,CRI,IGUATEMI PPPH PARTICIPAÇÕES LTDA.,OPEA SECURITIZADORA S/A,1ª,2030-02-18,96% do DI,98.7266,101.41,96.0433,0.28,1004.39954352,99.01,702.87,2026-09-28
25D0012202,CRI,CYRELA BRAZIL REALTY S.A. EMPREENDIMENTOS,COMPANHIA PROVÍNCIA DE SECURITIZAÇÃO,1ª,2029-04-15,96% do DI,99.3944,,,0.28,1049.52332343,99.07,530.66,2026-09-28
25J4546988,CRI,CYRELA BRAZIL REALTY S.A. EMPREENDIMENTOS E,COMPANHIA PROVÍNCIA DE SECURITIZAÇÃO,1ª,2032-11-16,"96,5% do DI",100.7711,,98.5,0.81,1024.43556938,97.69,1047.76,2026-09-28
25D0012203,CRI,CYRELA BRAZIL REALTY S.A. EMPREENDIMENTOS E PARTICIPAÇÕES,COMPANHIA PROVÍNCIA DE SECURITIZAÇÃO,2ª,2030-04-15,97% do DI,99.7655,,97.5,0.38,1049.46135898,99.01,694.61,2026-09-28
26C3164285,CRI,Allos VI,OPEA SECURITIZADORA S/A,1ª,2031-03-12,97% do DI,,,,,,,,2026-09-28
26G0012801,CRI,Cury III,OPEA SECURITIZADORA S/A,1ª,2032-07-06,97% do DI,,,,,,,,2026-09-28
CRA025003PD,CRA,SÃO MARTINHO S.A.,VERT COMPANHIA SECURITIZADORA,1ª,2032-06-15,97% do DI,104.4933,,102.5,1.51,997.96664935,96.13,1004.26,2026-09-28
24H1684874,CRI,SOCIEDADE BENEFICENTE ISRAELITA BRASILEIRA HOSPITAL ALBERT EINSTEIN,RIZA SECURITIZADORA S.A.,1ª,2029-08-17,"97,5% do DI",97.8908,99.9375,96.0166,0.98,868.21490683,99.93,368.1,2026-09-28
24D2765586,CRI,CYRELA BRAZIL REALTY S.A.,COMPANHIA PROVÍNCIA DE SECURITIZAÇÃO,1ª,2028-04-15,98% do DI,98.8543,99.7333,97.02,0.71,706.36071326,99.9,235.35,2026-09-28
25G3629974,CRI,PLANO E PLANO II,RIZA SECURITIZADORA S.A.,1ª,2030-07-15,98% do DI,104.7166,,104.0,0.68,1000.08709645,97.4,753.76,2026-09-28
25I0014209,CRI,Multiplan,OPEA SECURITIZADORA S/A,1ª,2035-09-19,98% do DI,,,,,,,,2026-09-28
CRA024004H5,CRA,SÃO MARTINHO S.A.,RIZA SECURITIZADORA S.A.,1ª,2027-04-12,98% do DI,98.9683,101.78,96.24,1.23,1061.07284946,99.94,124.33,2026-09-28
25G3629975,CRI,PLANO E PLANO II,RIZA SECURITIZADORA S.A.,2ª,2031-07-15,99% do DI,104.9033,,103.9,0.78,999.11884102,97.28,895.61,2026-09-28
24E1393588,CRI,MULTIPLAN EMPREENDIMENTOS IMOBILIÁRIOS S.A.,RIZA SECURITIZADORA S.A.,1ª,2029-05-17,"99,5% do DI",99.5044,101.7366,97.27,0.01,1049.12454735,100.0,456.9,2026-09-28
CRA025008NB,CRA,Bem Brasil Alimentos S.A.,ECO SECURITIZADORA DE DIREITOS CREDITÓRIOS DO AGRONEGÓCIO S.A.,ª,2032-10-15,"DI + 0,33%",,,,,,,,2026-09-28
CRA024009Q2,CRA,MARFRIG GLOBAL FOODS S.A.,ECO SECURITIZADORA DE DIREITOS CREDITÓRIOS DO AGRONEGÓCIO S.A.,1ª,2031-10-15,"DI + 0,35%",2.9924,3.4397,2.4916,0.21,970.84292675,91.29,873.11,2026-09-28
22D1289009,CRI,CYRELA BRAZIL REALTY S.A.,OPEA SECURITIZADORA S/A,489ª,2027-06-15,"DI + 0,4%",0.3162,0.5231,0.2173,0.06,1041.12419453,100.06,167.99,2026-09-28
CRA02400AYN,CRA,MINERVA S.A.,RIZA SECURITIZADORA S.A.,3ª,2031-11-17,"DI + 0,4%",3.699,4.4697,3.4348,0.56,937.08842765,89.07,888.42,2026-09-28
CRA02500003,CRA,BOA SAFRA SEMENTES S.A.,OPEA SECURITIZADORA S/A,2ª,2030-01-15,"DI + 0,4%",1.7244,,1.4638,0.19,993.04098606,96.58,667.67,2026-09-28
CRA0250018J,CRA,MARFRIG GLOBAL FOODS S.A.,ECO SECURITIZADORA DE DIREITOS CREDITÓRIOS DO AGRONEGÓCIO S.A.,3ª,2035-04-16,"DI + 0,4%",3.1681,,2.5,0.47,942.10268324,88.56,1098.34,2026-09-28
CRA025007PT,CRA,SLC AGRÍCOLA S.A.,OPEA SECURITIZADORA S/A,1ª,2033-09-22,"DI + 0,4%",1.2087,1.5364,0.7857,0.25,966.68676208,96.52,1108.97,2026-09-28
CRA02300Q2Y,CRA,,RIZA SECURITIZADORA S.A.,3ª,2028-11-06,"DI + 0,48%",,,,,,,,2026-09-28
CRA025002S2,CRA,MINERVA S.A.,RIZA SECURITIZADORA S.A.,3ª,2032-04-15,"DI + 0,5%",3.7016,,,0.24,947.41418938,89.02,918.45,2026-09-28
23J0019601,CRI,Iguatemi,OPEA SECURITIZADORA S/A,1ª,2028-10-16,"DI + 0,55%",,,,,,,,2026-09-28
23K0018602,CRI,MULTIPLAN EMPREENDIMENTOS IMOBILIÁRIOS S.A.,RIZA SECURITIZADORA S.A.,1ª,2031-01-15,"DI + 0,6%",0.4434,0.6631,0.2797,0.04,1032.85628695,100.41,662.72,2026-09-28
24B0013201,CRI,SOMA,RIZA SECURITIZADORA S.A.,1ª,2028-02-15,"DI + 0,6%",,,,,,,,2026-09-28
23H1188857,CRI,RAIA DROGASIL S.A.,OPEA SECURITIZADORA S/A,2ª,2027-09-15,"DI + 0,65%",0.2234,0.4431,0.0931,0.15,1008.82082665,100.39,232.99,2026-09-28
CRA02300RS5,CRA,CAMIL ALIMENTOS S.A.,ECO SECURITIZADORA DE DIREITOS CREDITÓRIOS DO AGRONEGÓCIO S.A.,1ª,2028-11-16,"DI + 0,65%",3.8758,4.4123,3.2888,0.72,994.62965509,94.46,453.97,2026-09-28
22C0023008,CRI,RAIA DROGASIL S.A.,OPEA SECURITIZADORA S/A,495ª,2027-03-08,"DI + 0,7%",0.2566,0.4397,0.0897,0.26,504.75886138,100.19,108.0,2026-09-28
23K0018401,CRI,DIRECIONAL ENGENHARIA S.A.,OPEA SECURITIZADORA S/A,1ª,2028-11-16,"DI + 0,7%",,,,,,,,2026-09-28
CRA02300GCY,CRA,IPIRANGA PRODUTOS DE PETRÓLEO S.A.,VERT COMPANHIA SECURITIZADORA,2ª,2027-07-16,"DI + 0,7%",0.4916,,,0.2,1029.79265792,100.15,186.89,2026-09-28
CRA025005V6,CRA,MINERVA S.A.,RIZA SECURITIZADORA S.A.,2ª,2033-07-15,"DI + 0,7%",3.5179,,3.0,0.41,917.58810892,89.19,1027.49,2026-09-28
22E1325261,CRI,HYPERA S.A.,OPEA SECURITIZADORA S/A,1ª,2027-08-16,"DI + 0,75%",0.5223,0.7347,0.3514,0.02,1017.86228529,100.19,211.97,2026-09-28
22F0230096,CRI,RAIA DROGASIL S.A.,OPEA SECURITIZADORA S/A,1ª,2029-06-26,"DI + 0,75%",0.3012,0.4731,0.1397,0.23,1045.23000568,100.85,480.46,2026-09-28
22K0934871,CRI,BCBF PARTICIPAÇÕES S.A.,RIZA SECURITIZADORA S.A.,1ª,2027-12-15,"DI + 0,75%",15.248,,12.1343,0.65,898.23961288,86.24,276.22,2026-09-28
22I0970801,CRI,NATURA COSMÉTICOS S.A.,RIZA SECURITIZADORA S.A.,1ª,2027-09-15,"DI + 0,8%",0.4026,0.5664,0.2164,0.01,1008.57134147,100.37,232.91,2026-09-28
22J0305579,CRI,DIAGNÓSTICOS DA AMÉRICA S.A.,VERT COMPANHIA SECURITIZADORA,1ª,2027-10-15,"DI + 0,8%",5.3946,6.8114,3.0,1.26,1021.92679753,95.89,236.7,2026-09-28
CRA02300JG2,CRA,JBS S.A.,RIZA SECURITIZADORA S.A.,2ª,2028-09-15,"DI + 0,8%",0.5249,0.6847,0.3181,0.04,1009.79145576,100.49,445.94,2026-09-28
CRA02300NRM,CRA,BANCO BTG PACTUAL S.A.,OPEA SECURITIZADORA S/A,2ª,2033-11-16,"DI + 0,8%",0.0196,0.3064,-0.1435,0.41,1090.11434331,103.53,1131.07,2026-09-28
CRA0240066F,CRA,BRF S.A.,ECO SECURITIZADORA DE DIREITOS CREDITÓRIOS DO AGRONEGÓCIO S.A.,1ª,2029-06-15,"DI + 0,8%",3.209,3.3131,2.6297,0.29,988.31148733,94.87,559.74,2026-09-28
22E1315701,CRI,EVEN CONSTRUTORA E INCORPORADORA S.A.,OPEA SECURITIZADORA S/A,1ª,2028-09-18,"DI + 0,9%",1.2319,,,0.14,961.31407591,99.7,230.43,2026-09-28
23J1142031,CRI,YDUQS PARTICIPAÇÕES S.A.,OPEA SECURITIZADORA S/A,2ª,2028-10-13,"DI + 0,9%",0.9,1.1064,0.5456,0.07,1066.17553356,100.0,335.66,2026-09-28
CRA022008NC,CRA,SOROCABA REFRESCOS S.A.,ECO SECURITIZADORA DE DIREITOS CREDITÓRIOS DO AGRONEGÓCIO S.A.,1ª,2029-08-15,"DI + 0,9%",1.1751,,,0.26,758.67566263,99.55,413.62,2026-09-28
CRA023000GP,CRA,"VAMOS LOCAÇÃO DE CAMINHÕES, MÁQUINAS E EQUIPAMENTOS S.A.",ECO SECURITIZADORA DE DIREITOS CREDITÓRIOS DO AGRONEGÓCIO S.A.,1ª,2028-01-17,"DI + 0,9%",4.105,4.8558,3.25,0.02,991.46559243,96.33,300.91,2026-09-28
CRA024007K9,CRA,COOXUPÉ - COOPERATIVA REGIONAL DE CAFEICULTORES EM GUAXUPÉ LTDA.,VERT COMPANHIA SECURITIZADORA,1ª,2029-07-16,"DI + 0,9%",1.4142,1.6881,1.0547,0.06,1019.03938257,99.01,492.64,2026-09-28
22F0315398,CRI,LOCALIZA RENT A CAR S.A.,RIZA SECURITIZADORA S.A.,1ª,2027-06-07,"DI + 0,95%",0.5454,0.6997,0.3331,0.22,1048.43184074,100.26,161.67,2026-09-28
CRA024002MJ,CRA,MARFRIG GLOBAL FOODS S.A.,ECO SECURITIZADORA DE DIREITOS CREDITÓRIOS DO AGRONEGÓCIO S.A.,1ª,2029-03-15,"DI + 0,95%",2.9779,3.2764,2.5931,0.59,963.31254969,95.86,535.2,2026-09-28
23H0027402,CRI,REDE D'OR SÃO LUIZ S.A.,OPEA SECURITIZADORA S/A,1ª,2028-08-15,DI + 1%,0.1512,0.3364,0.1398,0.08,1030.71411862,101.43,423.91,2026-09-28
CRA022006HJ,CRA,SÃO SALVADOR ALIMENTOS S.A.,ECO SECURITIZADORA DE DIREITOS CREDITÓRIOS DO AGRONEGÓCIO S.A.,1ª,2027-07-15,DI + 1%,1.095,,,0.31,1028.72747384,99.93,189.7,2026-09-28
CRA022008C9,CRA,COMPANHIA DE LOCAÇÃO DAS AMÉRICAS,ECO SECURITIZADORA DE DIREITOS CREDITÓRIOS DO AGRONEGÓCIO S.A.,2ª,2028-09-15,DI + 1%,0.8046,0.9897,0.5077,0.07,1008.41136616,100.34,445.28,2026-09-28
CRA022008CB,CRA,JALLES MACHADO S.A.,ECO SECURITIZADORA DE DIREITOS CREDITÓRIOS DO AGRONEGÓCIO S.A.,1ª,2032-08-09,DI + 1%,1.4651,,1.4,0.14,990.66279011,98.3,936.54,2026-09-28
23H1191899,CRI,RAIA DROGASIL S.A.,OPEA SECURITIZADORA S/A,3ª,2030-09-16,"DI + 1,1%",0.403,0.5773,0.2523,0.2,1024.70589594,101.96,707.34,2026-09-28
CRA024002S1,CRA,MINERVA S.A.,RIZA SECURITIZADORA S.A.,1ª,2029-03-15,"DI + 1,1%",3.3169,3.5085,2.5,0.62,959.75921074,95.5,534.26,2026-09-28
CRA02400AHV,CRA,CEREAL COMÉRCIO EXPORTAÇÃO E REPRESENTAÇÃO AGROPECUÁRIA S.A.,RIZA SECURITIZADORA S.A.,1ª,2029-11-16,"DI + 1,1%",1.6916,,,0.48,1039.69807918,98.57,619.7,2026-09-28
23F2455020,CRI,Assai,TRUE SECURITIZADORA S/A,3ª,2028-07-15,"DI + 1,15%",,,,,,,,2026-09-28
CRA023000MC,CRA,"VAMOS LOCAÇÃO DE CAMINHÕES, MÁQUINAS E EQUIPAMENTOS S.A.",ECO SECURITIZADORA DE DIREITOS CREDITÓRIOS DO AGRONEGÓCIO S.A.,2ª,2030-01-15,"DI + 1,2%",4.9396,5.5682,4.0,0.13,1448.83784427,88.84,822.0,2026-09-28
CRA024001P7,CRA,JSL S.A.,ECO SECURITIZADORA DE DIREITOS CREDITÓRIOS DO AGRONEGÓCIO S.A.,3ª,2031-02-17,"DI + 1,2%",5.0,5.75,4.1428,0.0,921.21372331,90.63,665.92,2026-09-28
CRA024007Q4,CRA,SLC MÁQUINAS LTDA.,OPEA SECURITIZADORA S/A,2ª,2031-08-15,"DI + 1,2%",1.3472,1.7448,0.9948,0.16,1012.5175065,99.61,671.44,2026-09-28
23C0247388,CRI,LOCALIZA RENT A CAR S.A.,RIZA SECURITIZADORA S.A.,1ª,2028-03-10,"DI + 1,25%",0.6534,0.8631,,0.06,1014.7737404,100.8,338.52,2026-09-28
23G0009601,CRI,DIMED S.A.,OPEA SECURITIZADORA S/A,1ª,2028-07-27,"DI + 1,3%",,,,,,,,2026-09-28
23C0247702,CRI,LOCALIZA RENT A CAR S.A.,RIZA SECURITIZADORA S.A.,2ª,2030-03-11,"DI + 1,4%",0.5526,,,0.23,1030.5828727,102.36,701.48,2026-09-28
CRA022008NF,CRA,IRANI PAPEL E EMBALAGEM S.A.,ECO SECURITIZADORA DE DIREITOS CREDITÓRIOS DO AGRONEGÓCIO S.A.,1ª,2027-08-16,"DI + 1,4%",1.0047,1.4198,0.4532,0.14,1020.01908115,100.33,211.6,2026-09-28
CRA023002GX,CRA,INTEGRADA COOPERATIVA AGROINDUSTRIAL,ECO SECURITIZADORA DE DIREITOS CREDITÓRIOS DO AGRONEGÓCIO S.A.,1ª,2028-05-15,"DI + 1,4%",,,,,,,,2026-09-28
23J1127308,CRI,MOVIDA PARTICIPAÇÕES S.A.,OPEA SECURITIZADORA S/A,1ª,2028-10-16,"DI + 1,45%",4.6768,4.85,,0.39,1013.1436578,94.79,428.84,2026-09-28
22C1235206,CRI,HAVAN S.A.,OPEA SECURITIZADORA S/A,463ª,2027-04-27,"DI + 1,5%",0.838,0.9314,0.5647,0.05,1004.13767394,100.36,137.19,2026-09-28
23I1257218,CRI,JSL S.A.,OPEA SECURITIZADORA S/A,2ª,2030-09-16,"DI + 1,5%",4.7155,,,1.83,913.36604629,90.87,767.69,2026-09-28
CRA0220080Y,CRA,NEOMILLE S.A.,ECO SECURITIZADORA DE DIREITOS CREDITÓRIOS DO AGRONEGÓCIO S.A.,1ª,2028-04-03,"DI + 1,5%",1.8249,2.4031,1.2697,0.09,428.90255668,99.7,234.85,2026-09-28
CRA02300G7E,CRA,MARFRIG GLOBAL FOODS S.A.,ECO SECURITIZADORA DE DIREITOS CREDITÓRIOS DO AGRONEGÓCIO S.A.,2ª,2028-08-15,"DI + 1,5%",2.9273,3.3764,2.5,0.45,993.30201756,97.69,421.27,2026-09-28
CRA02300MJ9,CRA,MINERVA S.A.,RIZA SECURITIZADORA S.A.,1ª,2028-09-15,"DI + 1,5%",2.6323,2.8631,1.3378,0.64,985.72915123,98.07,443.06,2026-09-28
CRA024003UY,CRA,LAR COOPERATIVA AGROINDUSTRIAL,ECO SECURITIZADORA DE DIREITOS CREDITÓRIOS DO AGRONEGÓCIO S.A.,2ª,2029-04-16,"DI + 1,55%",1.704,2.1781,1.1781,0.02,1002.50773903,99.74,440.49,2026-09-28
CRA0240020A,CRA,VICUNHA TÊXTIL S.A.,RIZA SECURITIZADORA S.A.,1ª,2029-02-15,"DI + 1,6%",3.1355,3.9714,2.3047,0.24,986.32083073,96.99,512.37,2026-09-28
CRA0240099E,CRA,VALE DO TIJUCO AÇÚCAR E ÁLCOOL S.A.,ECO SECURITIZADORA DE DIREITOS CREDITÓRIOS DO AGRONEGÓCIO S.A.,1ª,2034-10-16,"DI + 1,6%",2.6628,,2.4198,0.71,1028.14272037,96.14,947.39,2026-09-28
CRA025009KJ,CRA,Salton,OPEA SECURITIZADORA S/A,1ª,2031-12-09,"DI + 1,6%",,,,,,,,2026-09-28
24A2720884,CRI,DIAGNÓSTICAS DA AMÉRICA S.A.,VERT COMPANHIA SECURITIZADORA,1ª,2029-01-15,"DI + 1,63%",4.8318,6.0583,3.0916,1.21,970.37342458,94.14,489.07,2026-09-28
22L1465644,CRI,ÂNIMA HOLDING S.A.,RIZA SECURITIZADORA S.A.,1ª,2027-12-15,"DI + 1,65%",2.3588,2.65,1.7,0.21,997.52348622,99.24,278.36,2026-09-28
CRA0230073L,CRA,J. MACÊDO S.A.,RIZA SECURITIZADORA S.A.,1ª,2028-04-17,"DI + 1,65%",0.8133,,,0.16,806.55544699,100.6,182.74,2026-09-28
23F0012002,CRI,LOG COMMERCIAL PROPERTIES E PARTICIPAÇÕES S.A.,OPEA SECURITIZADORA S/A,1ª,2028-06-26,"DI + 1,7%",1.1497,,0.6713,0.05,670.78288927,100.62,285.61,2026-09-28
23L2043099,CRI,Unidas,OPEA SECURITIZADORA S/A,1ª,2028-12-15,"DI + 1,7%",,,,,,,,2026-09-28
CRA02300VBT,CRA,UNIDAS LOCAÇÕES E SERVIÇOS S.A.,OPEA SECURITIZADORA S/A,1ª,2028-12-15,"DI + 1,7%",1.2882,1.5598,0.6598,0.34,1052.45266794,100.76,472.29,2026-09-28
CRA022008NH,CRA,IRANI PAPEL E EMBALAGEM S.A.,ECO SECURITIZADORA DE DIREITOS CREDITÓRIOS DO AGRONEGÓCIO S.A.,2ª,2029-08-15,"DI + 1,75%",0.9901,1.1523,0.5898,0.05,1032.67287227,101.53,511.91,2026-09-28
CRA0230012X,CRA,VALE DO PONTAL AÇÚCAR E ETANOL S.A.,ECO SECURITIZADORA DE DIREITOS CREDITÓRIOS DO AGRONEGÓCIO S.A.,1ª,2031-02-17,"DI + 1,8%",,,,,,,,2026-09-28
CRA0240005N,CRA,CEREAL COMÉRCIO EXPORTAÇÃO E REPRESENTAÇÃO AGROPECUÁRIA S.A.,RIZA SECURITIZADORA S.A.,1ª,2029-01-15,"DI + 1,8%",1.5794,1.9281,1.1281,0.46,1033.71996813,100.25,288.76,2026-09-28
24K0003002,CRI,PATRIMAR ENGENHARIA S.A.,RIZA SECURITIZADORA S.A.,1ª,2029-11-23,"DI + 1,95%",4.55,,4.35,1.57,999.98001772,94.8,532.2,2026-09-28
CRA02300Q8I,CRA,CAPAL COOPERATIVA AGROINDUSTRIAL,OPEA SECURITIZADORA S/A,1ª,2029-05-17,"DI + 1,95%",1.6977,2.2997,1.0331,0.02,604.56894508,100.35,354.1,2026-09-28
23H1023846,CRI,BR PROPERTIES S.A.,OPEA SECURITIZADORA S/A,1ª,2031-08-15,DI + 2%,1.3403,1.5847,1.1915,0.11,938.72299742,101.8,696.85,2026-09-28
23J1333602,CRI,PATRIMAR ENGENHARIA S.A.,RIZA SECURITIZADORA S.A.,1ª,2028-10-20,DI + 2%,5.3823,,,0.33,1038.58181085,97.11,223.8,2026-09-28
CRA022001P6,CRA,USINA BATATAIS S.A.,RIZA SECURITIZADORA S.A.,1ª,2028-04-20,DI + 2%,1.3979,,,0.28,1010.05794877,100.83,351.2,2026-09-28
CRA022008C2,CRA,VICUNHA TÊXTIL S.A.,RIZA SECURITIZADORA S.A.,2ª,2027-08-16,DI + 2%,4.3817,4.7097,3.6097,2.28,498.94536539,98.09,211.15,2026-09-28
CRA02300S8P,CRA,FS INDÚSTRIA DE BIOCOMBUSTÍVEIS LTDA.,ECO SECURITIZADORA DE DIREITOS CREDITÓRIOS DO AGRONEGÓCIO S.A.,2ª,2030-06-17,DI + 2%,3.9573,4.3264,3.5365,0.12,952.90410337,94.79,706.5,2026-09-28
CRA024000B7,CRA,FS INDÚSTRIA DE BIOCOMBUSTÍVEIS LTDA.,ECO SECURITIZADORA DE DIREITOS CREDITÓRIOS DO AGRONEGÓCIO S.A.,2ª,2030-07-15,DI + 2%,4.075,4.8125,3.4,0.05,949.07835168,94.41,716.55,2026-09-28
23D0005401,CRI,ORIGINAL HOLDING S.A,OPEA SECURITIZADORA S/A,1ª,2028-04-15,"DI + 2,05%",,,,,,,,2026-09-28
CRA02300BQD,CRA,GJA INDÚSTRIAS S.A.,RIZA SECURITIZADORA S.A.,1ª,2029-07-16,"DI + 2,25%",,,,,,,,2026-09-28
CRA025000MJ,CRA,Integrada Cooperativa Agroindustrial,ECO SECURITIZADORA DE DIREITOS CREDITÓRIOS DO AGRONEGÓCIO S.A.,2ª,2029-05-15,"DI + 2,35%",2.2567,,,0.02,795.683702,100.12,344.11,2026-09-28
22L1212138,CRI,LAR COOPERATIVA AGROINDUSTRIAL,HABITASEC SECURITIZADORA S.A.,2ª,2034-12-19,"DI + 2,45%",2.052,,1.8818,0.29,913.84737695,101.11,715.1,2026-09-28
CRA02300KZL,CRA,FLORA PRODUTOS DE HIGIENE E LIMPEZA S.A.,OPEA SECURITIZADORA S/A,1ª,2029-10-15,"DI + 2,5%",,,,,,,,2026-09-28
CRA024005K1,CRA,Natural One S.A.,ECO SECURITIZADORA DE DIREITOS CREDITÓRIOS DO AGRONEGÓCIO S.A.,1ª,2029-05-25,"DI + 2,5%",,,,,,,,2026-09-28
CRA02300795,CRA,FS INDÚSTRIA DE BIOCOMBUSTÍVEIS LTDA.,ECO SECURITIZADORA DE DIREITOS CREDITÓRIOS DO AGRONEGÓCIO S.A.,1ª,2029-10-15,"DI + 2,9%",4.0639,4.6648,3.4214,0.05,978.87221491,97.34,603.2,2026-09-28
CRA02300CCH,CRA,FS INDÚSTRIA DE BIOCOMBUSTÍVEIS LTDA.,ECO SECURITIZADORA DE DIREITOS CREDITÓRIOS DO AGRONEGÓCIO S.A.,1ª,2029-12-17,"DI + 2,9%",4.102,4.6241,3.6119,0.0,976.86909861,97.14,628.35,2026-09-28
CRA0250040I,CRA,Natural One S.A,ECO SECURITIZADORA DE DIREITOS CREDITÓRIOS DO AGRONEGÓCIO S.A.,1ª,2029-06-15,"DI + 2,9%",,,,,,,,2026-09-28
CRA0220099D,CRA,CENTRAL CRESOL BASER,ECO SECURITIZADORA DE DIREITOS CREDITÓRIOS DO AGRONEGÓCIO S.A.,1ª,2027-12-15,"DI + 2,95%",1.1619,1.6531,0.6864,0.09,353.42393732,101.15,165.12,2026-09-28
CRA023003JX,CRA,OLFAR S.A.,RIZA SECURITIZADORA S.A.,1ª,2029-03-15,DI + 3%,2.1796,3.1297,1.4964,0.03,725.66181533,101.02,320.08,2026-09-28
CRA0240086H,CRA,DISTRIBUIDORA DE PRODUTOS DE PETRÓLEO CHARRUA LTDA.,OPEA SECURITIZADORA S/A,1ª,2029-08-23,DI + 3%,3.2634,,,0.42,996.72995802,99.49,508.02,2026-09-28
CRA0250012Y,CRA,FS FLORESTAL S.A.,ECO SECURITIZADORA DE DIREITOS CREDITÓRIOS DO AGRONEGÓCIO S.A.,2ª,2031-03-17,DI + 3%,3.7378,4.4631,3.4,0.44,983.19828601,97.76,796.0,2026-09-28
23F0012602,CRI,FARMACIA E DROGARIA NISSEI S.A.,OPEA SECURITIZADORA S/A,1ª,2028-06-22,"DI + 3,5%",,,,,,,,2026-09-28
CRA022000RU,CRA,MADERO INDÚSTRIA E COMÉRCIO S.A.,ECO SECURITIZADORA DE DIREITOS CREDITÓRIOS DO AGRONEGÓCIO S.A.,2ª,2027-03-15,"DI + 3,5%",3.7006,4.0847,,0.47,140.28459913,99.95,61.45,2026-09-28
CRA024002MM,CRA,USINA SANTA FÉ S.A.,ECO SECURITIZADORA DE DIREITOS CREDITÓRIOS DO AGRONEGÓCIO S.A.,1ª,2029-12-17,DI + 4%,3.2141,,,0.51,889.92024116,101.1,363.42,2026-09-28
CRA02400ECU,CRA,USINA CORURIPE AÇÚCAR E ÁLCOOL S.A.,ECO SECURITIZADORA DE DIREITOS CREDITÓRIOS DO AGRONEGÓCIO S.A.,5ª,2030-11-25,"DI + 4,1%",4.6091,5.0314,4.5981,0.45,4980.94873295,99.17,428.04,2026-09-28
CRA023001JL,CRA,PISANI PLÁSTICOS S.A.,ECO SECURITIZADORA DE DIREITOS CREDITÓRIOS DO AGRONEGÓCIO S.A.,1ª,2029-02-20,DI + 5%,4.1372,,,0.15,543.68838643,100.88,269.33,2026-09-28
CRA02300KOH,CRA,TECSOIL AUTOMAÇÃO E SISTEMAS S.A.,OPEA SECURITIZADORA S/A,1ª,2028-10-16,"DI + 5,5%",3.0742,3.95,2.25,0.0,714.16461954,102.17,233.96,2026-09-28
CRA02300JR6,CRA,RAÍZEN ENERGIA S.A.,TRUE SECURITIZADORA S/A,2ª,2033-10-17,IPCA + 0%,,,,,492.70217218,43.32,,2026-09-28
CRA019003JY,CRA,KLABIN S.A.,VERT COMPANHIA SECURITIZADORA,1ª,2029-06-15,"IPCA + 3,5%",7.425,7.6828,7.1701,0.11,1394.94913738,94.08,410.03,2026-09-28
CRA019003V3,CRA,RAÍZEN ENERGIA S.A.,OPEA SECURITIZADORA S/A,2ª,2029-07-16,"IPCA + 3,602%",,,,,690.94349347,47.17,,2026-09-28
CRA021000MG,CRA,M. DIAS BRANCO S.A. INDÚSTRIA E COMÉRCIO DE ALIMENTOS,RIZA SECURITIZADORA S.A.,1ª,2028-03-15,"IPCA + 3,7992%",7.9892,8.275,7.8562,0.07,1294.80867314,94.52,358.95,2026-09-28
CRA021000MH,CRA,M. DIAS BRANCO S.A. INDÚSTRIA E COMÉRCIO DE ALIMENTOS,RIZA SECURITIZADORA S.A.,2ª,2031-03-15,"IPCA + 4,1369%",8.4693,8.7157,8.1575,0.09,1202.66266136,87.78,800.71,2026-09-28
CRA02100002,CRA,COCAL COMÉRCIO INDÚSTRIA CANAÃ AÇÚCAR E ÁLCOOL LTDA.,RIZA SECURITIZADORA S.A.,2ª,2028-02-15,"IPCA + 4,2095%",8.3915,8.9144,7.9178,0.16,615.66773809,97.17,183.05,2026-09-28
CRA021000MB,CRA,COLOMBO AGROINDÚSTRIA S.A.,ECO SECURITIZADORA DE DIREITOS CREDITÓRIOS DO AGRONEGÓCIO S.A.,1ª,2027-03-15,"IPCA + 4,4474%",8.0487,8.3376,7.0767,0.77,669.1418608,98.49,113.0,2026-09-28
CRA021001PQ,CRA,MARFRIG GLOBAL FOODS S.A.,OPEA SECURITIZADORA S/A,1ª,2028-07-15,"IPCA + 4,5%",12.8579,13.1021,11.8234,0.25,1164.56538466,87.61,432.48,2026-09-28
CRA019001E7,CRA,KLABIN S.A.,VERT COMPANHIA SECURITIZADORA,2ª,2029-03-15,"IPCA + 4,5081%",7.4321,7.7134,7.1472,0.19,1454.28743254,96.26,345.67,2026-09-28
CRA021001VA,CRA,MARFRIG GLOBAL FOODS S.A.,OPEA SECURITIZADORA S/A,2ª,2031-07-15,"IPCA + 4,6%",12.1451,12.6893,11.1097,1.03,1048.4103389,78.86,848.57,2026-09-28
21G0065100,CRI,ALIANSCE SONAE SHOPPING CENTERS S.A.,RB CAPITAL INVESTIMENTOS DTVM LTDA,347ª,2028-07-17,"IPCA + 4,6197%",8.2552,,,0.28,1254.37047945,94.31,431.77,2026-09-28
CRA0210013B,CRA,BRF S.A.,VERT COMPANHIA SECURITIZADORA,1ª,2031-05-15,"IPCA + 4,7843%",11.9885,12.3199,10.7636,1.11,1039.98260793,76.36,1010.01,2026-09-28
CRA021001KB,CRA,COMPANHIA DE LOCAÇÃO DAS AMÉRICAS,ECO SECURITIZADORA DE DIREITOS CREDITÓRIOS DO AGRONEGÓCIO S.A.,1ª,2031-07-15,"IPCA + 4,825%",8.1686,8.9193,7.9011,0.48,1200.39820352,89.82,856.93,2026-09-28
CRA021002SO,CRA,IPIRANGA PRODUTOS DE PETRÓLEO S.A.,VERT COMPANHIA SECURITIZADORA,1ª,2028-09-15,"IPCA + 4,8287%",8.263,8.7411,7.9898,0.29,1227.54000891,94.1,475.17,2026-09-28
21D0737500,CRI,DIRECIONAL ENGENHARIA S.A.,OPEA SECURITIZADORA S/A,371ª,2028-04-17,"IPCA + 4,8444%",7.2312,7.6616,7.1033,0.08,880.11400924,97.76,252.38,2026-09-28
21D0862572,CRI,REDE D'OR SÃO LUIZ S.A.,OPEA SECURITIZADORA S/A,324ª,2036-05-15,"IPCA + 4,9347%",8.5443,,8.1603,0.03,1087.33880013,79.35,1689.65,2026-09-28
21H1078699,CRI,SENDAS DISTRIBUIDORA S.A.,OPEA SECURITIZADORA S/A,428ª,2028-10-16,"IPCA + 5,1531%",10.8668,11.3473,10.37,0.24,1185.80146016,90.38,480.49,2026-09-28
21H1078700,CRI,SENDAS DISTRIBUIDORA S.A.,OPEA SECURITIZADORA S/A,429ª,2031-10-15,"IPCA + 5,2662%",12.0702,12.4046,11.7478,0.06,1052.3867221,80.17,876.22,2026-09-28
CRA020002GZ,CRA,BRF S.A.,VERT COMPANHIA SECURITIZADORA,1ª,2027-07-15,"IPCA + 5,3%",9.8742,10.6404,9.631,0.43,1405.73260803,96.77,194.77,2026-09-28
21D0694886,CRI,CONSTRUTORA TENDA S.A.,OPEA SECURITIZADORA S/A,378ª,2028-04-17,"IPCA + 5,3621%",9.2839,10.3923,9.1648,0.6,887.5469422,96.45,247.97,2026-09-28
CRA021002NF,CRA,PETROBRAS DISTRIBUIDORA S.A.,RIZA SECURITIZADORA S.A.,1ª,2031-09-15,"IPCA + 5,3995%",9.1272,9.4423,8.6676,0.31,1154.51507469,88.22,903.93,2026-09-28
CRA020001P7,CRA,RAÍZEN ENERGIA S.A.,OPEA SECURITIZADORA S/A,1ª,2027-06-15,"IPCA + 5,4%",,,,,641.36413535,45.07,,2026-09-28
CRA021000RX,CRA,MINERVA S.A.,RIZA SECURITIZADORA S.A.,1ª,2028-04-17,"IPCA + 5,5034%",12.6616,12.7668,11.28,0.07,1255.88430649,90.86,367.07,2026-09-28
21I0278118,CRI,LOG COMMERCIAL PROPERTIES E PARTICIPAÇÕES S.A.,RIZA SECURITIZADORA S.A.,362ª,2028-09-15,"IPCA + 5,5212%",,,,,,,,2026-09-28
21K0001806,CRI,REDE D'OR SÃO LUIZ S.A.,OPEA SECURITIZADORA S/A,396ª,2031-12-15,"IPCA + 5,5758%",8.5092,8.7686,8.2326,0.02,1161.23195093,90.36,926.24,2026-09-28
CRA021000RY,CRA,MINERVA S.A.,RIZA SECURITIZADORA S.A.,39ª,2031-04-15,"IPCA + 5,578%",11.1704,12.3867,10.9678,0.18,1177.36214059,85.16,776.01,2026-09-28
CRA020002H1,CRA,BRF S.A.,VERT COMPANHIA SECURITIZADORA,2ª,2030-07-15,"IPCA + 5,6%",11.4997,12.5525,10.7097,1.82,1266.12032396,87.1,634.0,2026-09-28
CRA022002Y1,CRA,NORSA REFRIGERANTES S.A.,RIZA SECURITIZADORA S.A.,1ª,2027-03-15,"IPCA + 5,685%",7.0665,7.5176,6.9945,0.24,603.48112027,99.42,113.0,2026-09-28
CRA020003PY,CRA,"VAMOS LOCAÇÃO DE CAMINHÕES, MÁQUINAS E EQUIPAMENTOS S.A.",ECO SECURITIZADORA DE DIREITOS CREDITÓRIOS DO AGRONEGÓCIO S.A.,1ª,2030-11-18,"IPCA + 5,7315%",11.5618,13.3308,10.4361,1.41,1233.19959094,86.07,696.68,2026-09-28
21K0001812,CRI,ULTRA SOM SERVIÇOS MÉDICOS S.A.,RIZA SECURITIZADORA S.A.,378ª,2031-12-15,"IPCA + 5,7505%",21.085,23.3283,18.7794,1.33,746.5738649,58.35,967.96,2026-09-28
CRA021002YA,CRA,CARAMURU ALIMENTOS S.A.,ECO SECURITIZADORA DE DIREITOS CREDITÓRIOS DO AGRONEGÓCIO S.A.,1ª,2027-09-15,"IPCA + 5,7641%",9.5979,9.9895,8.7597,0.98,248.07019221,96.7,237.51,2026-09-28
CRA020001P8,CRA,RAÍZEN ENERGIA S.A.,TRUE SECURITIZADORA S/A,2ª,2030-06-17,"IPCA + 5,8%",,,,,597.92675784,41.98,,2026-09-28
22D1289007,CRI,REDE D'OR SÃO LUIZ S.A.,OPEA SECURITIZADORA S/A,508ª,2029-06-15,"IPCA + 5,83%",8.2729,8.625,7.8781,0.02,1146.43909653,94.49,624.87,2026-09-28
22D1289010,CRI,CYRELA BRAZIL REALTY S.A.,OPEA SECURITIZADORA S/A,490ª,2027-06-15,"IPCA + 5,9068%",6.4939,,6.222,0.23,1230.07674512,99.62,172.48,2026-09-28
CRA022002Y2,CRA,NORSA REFRIGERANTES S.A.,RIZA SECURITIZADORA S.A.,2ª,2029-03-15,"IPCA + 5,9169%",8.6062,9.0762,8.5465,0.33,1159.00162241,95.46,465.87,2026-09-28
CRA022006N5,CRA,IPIRANGA PRODUTOS DE PETRÓLEO S.A.,VERT COMPANHIA SECURITIZADORA,1ª,2032-06-15,"IPCA + 6,0053%",8.4733,8.7941,8.1555,0.12,1104.23063159,91.12,1012.56,2026-09-28
22D1289008,CRI,REDE D'OR SÃO LUIZ S.A.,OPEA SECURITIZADORA S/A,509ª,2032-06-15,"IPCA + 6,01%",8.5215,8.7648,,0.01,1104.29870497,90.97,1012.24,2026-09-28
CRA022002Y3,CRA,NORSA REFRIGERANTES S.A.,RIZA SECURITIZADORA S.A.,3ª,2032-03-15,"IPCA + 6,0392%",,,,,,,,2026-09-28
21K0001807,CRI,REDE D'OR SÃO LUIZ S.A.,OPEA SECURITIZADORA S/A,397ª,2036-12-15,"IPCA + 6,1017%",8.5764,8.8046,8.2475,0.0,1096.93961905,85.23,1717.76,2026-09-28
22K0001201,CRI,PETRÓLEO BRASILEIRO S.A. - PETROBRAS,OPEA SECURITIZADORA S/A,1ª,2030-04-15,"IPCA + 6,2%",7.3767,7.5661,7.2836,0.04,1185.6470679,96.56,798.88,2026-09-28
23H0027403,CRI,REDE D'OR SÃO LUIZ S.A.,OPEA SECURITIZADORA S/A,2ª,2030-08-15,"IPCA + 6,2%",8.4729,8.7454,8.2441,0.08,1073.95601607,92.95,867.85,2026-09-28
CRA022006MY,CRA,Dexco S.A.,ECO SECURITIZADORA DE DIREITOS CREDITÓRIOS DO AGRONEGÓCIO S.A.,2ª,2032-06-15,"IPCA + 6,2%",,,,,,,,2026-09-28
22K0001203,CRI,PETRÓLEO BRASILEIRO S.A. - PETROBRAS,OPEA SECURITIZADORA S/A,2ª,2032-11-16,"IPCA + 6,25%",7.5106,7.771,,0.04,1186.74385009,94.31,1245.58,2026-09-28
22E1325262,CRI,HYPERA S.A.,OPEA SECURITIZADORA S/A,2ª,2029-08-15,"IPCA + 6,279%",8.7132,8.9702,8.375,0.27,1131.61980407,94.19,664.51,2026-09-28
CRA021002YF,CRA,J. MACÊDO S.A.,ECO SECURITIZADORA DE DIREITOS CREDITÓRIOS DO AGRONEGÓCIO S.A.,1ª,2026-11-16,"IPCA + 6,3071%",,,,,,,,2026-09-28
CRA02300S35,CRA,CAMIL ALIMENTOS S.A.,ECO SECURITIZADORA DE DIREITOS CREDITÓRIOS DO AGRONEGÓCIO S.A.,2ª,2030-11-18,"IPCA + 6,3416%",12.9058,13.277,12.2172,0.09,963.05789364,82.69,791.46,2026-09-28
22C1362141,CRI,MATEUS SUPERMERCADOS S.A.,OPEA SECURITIZADORA S/A,1ª,2034-07-17,"IPCA + 6,3423%",10.6292,,10.243,0.19,818.98185665,87.96,794.45,2026-09-28
22B0004808,CRI,CSN CIMENTOS S.A.,RIZA SECURITIZADORA S.A.,417ª,2032-02-16,"IPCA + 6,3893%",17.0111,19.373,14.0764,0.3,871.95812877,70.01,922.53,2026-09-28
CRA022008N6,CRA,JBS S.A.,RIZA SECURITIZADORA S.A.,2ª,2032-09-15,"IPCA + 6,3919%",9.2356,10.2752,,0.04,1075.5127425,89.37,1066.49,2026-09-28
22K0001204,CRI,PETRÓLEO BRASILEIRO S.A. - PETROBRAS,OPEA SECURITIZADORA S/A,3ª,2037-11-16,"IPCA + 6,4%",,,,,,,,2026-09-28
24B0013203,CRI,CIDADE MARAVILHOSA INDÚSTRIA E COMÉRCIO DE ROUPAS S.A.,RIZA SECURITIZADORA S.A.,3ª,2030-02-15,"IPCA + 6,4%",11.4409,,10.782,1.55,999.16053744,88.58,656.89,2026-09-28
CRA02300CYS,CRA,BANCO BTG PACTUAL S.A.,OPEA SECURITIZADORA S/A,3ª,2033-07-15,"IPCA + 6,4338%",7.3881,7.6575,7.1832,0.15,1108.20061221,95.2,1384.29,2026-09-28
22E1325264,CRI,HYPERA S.A.,OPEA SECURITIZADORA S/A,3ª,2032-08-16,"IPCA + 6,4451%",8.9409,9.3613,8.9206,0.29,1090.74245657,90.78,1046.0,2026-09-28
CRA024001P6,CRA,JSL S.A.,ECO SECURITIZADORA DE DIREITOS CREDITÓRIOS DO AGRONEGÓCIO S.A.,2ª,2031-02-17,"IPCA + 6,4527%",14.0226,14.2402,12.7409,0.61,919.21679606,81.39,745.59,2026-09-28
22E1095384,CRI,MRV ENGENHARIA E PARTICIPAÇÕES S.A.,OPEA SECURITIZADORA S/A,1ª,2030-09-16,"IPCA + 6,4802%",12.7397,,,0.3,1024.91084505,85.8,669.31,2026-09-28
21J0001208,CRI,TENDA ATACADO S.A.,RIZA SECURITIZADORA S.A.,306ª,2026-10-15,"IPCA + 6,4803%",11.9263,,11.3156,0.35,440.37282625,99.76,12.0,2026-09-28
22F0009804,CRI,DIRECIONAL ENGENHARIA S.A.,OPEA SECURITIZADORA S/A,1ª,2032-06-15,"IPCA + 6,4899%",8.8635,9.0608,8.4723,0.05,1109.33178503,91.56,1001.9,2026-09-28
22F0009409,CRI,GJA INDÚSTRIAS S.A.,RIZA SECURITIZADORA S.A.,1ª,2029-06-15,"IPCA + 6,5%",12.5021,,12.1593,0.94,1067.39492297,89.45,509.41,2026-09-28
CRA022003JT,CRA,BEM BRASIL ALIMENTOS S.A.,ECO SECURITIZADORA DE DIREITOS CREDITÓRIOS DO AGRONEGÓCIO S.A.,1ª,2029-05-15,"IPCA + 6,5348%",,,,,,,,2026-09-28
CRA022004MS,CRA,"VAMOS LOCAÇÃO DE CAMINHÕES, MÁQUINAS E EQUIPAMENTOS S.A.",ECO SECURITIZADORA DE DIREITOS CREDITÓRIOS DO AGRONEGÓCIO S.A.,1ª,2032-05-17,"IPCA + 6,5473%",14.1321,14.2619,12.7728,0.21,939.3735692,76.69,953.01,2026-09-28
23H0027404,CRI,REDE D'OR SÃO LUIZ S.A.,OPEA SECURITIZADORA S/A,3ª,2033-08-15,"IPCA + 6,55%",8.5513,8.9114,8.2187,0.03,1055.52471622,91.32,1222.07,2026-09-28
CRA022008NB,CRA,RAÍZEN ENERGIA S.A.,OPEA SECURITIZADORA S/A,1ª,2032-08-16,"IPCA + 6,5885%",,,,,579.8301847,47.89,,2026-09-28
22B0006022,CRI,MRV ENGENHARIA E PARTICIPAÇÕES S.A.,RIZA SECURITIZADORA S.A.,442ª,2029-02-15,"IPCA + 6,5954%",12.9953,,11.4945,1.27,1126.85680839,90.25,441.32,2026-09-28
CRA024004SA,CRA,JBS S.A.,RIZA SECURITIZADORA S.A.,2ª,2034-05-15,"IPCA + 6,5975%",9.1449,10.0555,8.6729,0.39,987.50700057,87.02,1465.25,2026-09-28
22J0306937,CRI,DIAGNÓSTICOS DA AMÉRICA S.A.,VERT COMPANHIA SECURITIZADORA,2ª,2029-10-15,"IPCA + 6,6%",13.3239,14.1238,11.7502,0.41,1043.77173505,84.81,673.78,2026-09-28
CRA02300G7F,CRA,MARFRIG GLOBAL FOODS S.A.,ECO SECURITIZADORA DE DIREITOS CREDITÓRIOS DO AGRONEGÓCIO S.A.,3ª,2030-08-15,"IPCA + 6,6%",12.7584,13.0688,12.4119,0.04,955.07679659,82.55,853.87,2026-09-28
CRA022008C7,CRA,COMPANHIA DE LOCAÇÃO DAS AMÉRICAS,ECO SECURITIZADORA DE DIREITOS CREDITÓRIOS DO AGRONEGÓCIO S.A.,1ª,2028-09-15,"IPCA + 6,6018%",8.5745,8.969,8.2913,0.43,1162.11783972,96.64,469.43,2026-09-28
24E1835896,CRI,HSL,TRUE SECURITIZADORA S/A,1ª,2034-06-15,"IPCA + 6,6075%",,,,,,,,2026-09-28
CRA022007KI,CRA,COCAL COMÉRCIO INDÚSTRIA CANAÃ AÇÚCAR E ÁLCOOL LTDA.,RIZA SECURITIZADORA S.A.,1ª,2030-08-15,"IPCA + 6,6234%",11.2797,,10.6176,0.92,1071.89989637,89.49,649.68,2026-09-28
CRA02300JG3,CRA,JBS S.A.,RIZA SECURITIZADORA S.A.,3ª,2030-09-16,"IPCA + 6,6441%",9.097,9.9471,,0.12,1058.20705278,92.32,882.64,2026-09-28
CRA022008N7,CRA,JBS S.A.,RIZA SECURITIZADORA S.A.,3ª,2037-09-15,"IPCA + 6,6614%",9.8097,10.037,9.0282,0.72,974.85127431,81.0,1783.51,2026-09-28
CRA022000XF,CRA,MARFRIG GLOBAL FOODS S.A.,ECO SECURITIZADORA DE DIREITOS CREDITÓRIOS DO AGRONEGÓCIO S.A.,3ª,2032-01-15,"IPCA + 6,663%",12.5528,12.7755,11.4128,0.27,1037.16604058,82.08,913.87,2026-09-28
CRA02300JG4,CRA,JBS S.A.,RIZA SECURITIZADORA S.A.,4ª,2033-09-15,"IPCA + 6,6634%",9.2401,10.0155,,0.1,1018.71488544,88.88,1234.92,2026-09-28
24F1277567,CRI,DIRECIONAL ENGENHARIA S.A.,OPEA SECURITIZADORA S/A,2ª,2031-07-15,"IPCA + 6,6747%",8.7985,9.0412,8.4631,0.14,1036.34088582,92.94,932.67,2026-09-28
23L1737622,CRI,REDE D'OR SÃO LUIZ S.A.,OPEA SECURITIZADORA S/A,1ª,2033-12-15,"IPCA + 6,6941%",,,,,,,,2026-09-28
22G1414303,CRI,SENDAS DISTRIBUIDORA S.A.,OPEA SECURITIZADORA S/A,3ª,2029-09-17,"IPCA + 6,7%",11.6998,,,0.16,1083.42609561,90.08,572.41,2026-09-28
CRA022008ND,CRA,RAÍZEN ENERGIA S.A.,OPEA SECURITIZADORA S/A,2ª,2037-08-17,"IPCA + 6,7382%",,,,,534.68600568,44.12,,2026-09-28
CRA0240066J,CRA,SLC AGRICOLA II,RIZA SECURITIZADORA S.A.,3ª,2031-07-15,"IPCA + 6,7469%",9.1827,9.6986,8.6735,0.39,1026.50743495,91.85,946.02,2026-09-28
22J0306938,CRI,DIAGNÓSTICOS DA AMÉRICA S.A.,VERT COMPANHIA SECURITIZADORA,3ª,2032-10-15,"IPCA + 6,75%",13.106,14.0238,11.7088,0.21,970.10439997,78.78,1018.79,2026-09-28
CRA0240020C,CRA,VICUNHA II,RIZA SECURITIZADORA S.A.,3ª,2031-02-15,"IPCA + 6,7641%",,,,,,,,2026-09-28
CRA022007EP,CRA,KLABIN S.A.,VERT COMPANHIA SECURITIZADORA,1ª,2034-05-15,"IPCA + 6,7694%",7.7833,8.0579,7.6638,0.02,1149.45564381,94.58,1478.88,2026-09-28
CRA024004SB,CRA,JBS S.A.,RIZA SECURITIZADORA S.A.,3ª,2039-05-16,"IPCA + 6,7825%",8.7865,9.6398,,0.78,981.13090265,86.4,1940.79,2026-09-28
CRA0240086K,CRA,SEARA ALIMENTOS LTDA.,RIZA SECURITIZADORA S.A.,2ª,2034-09-15,"IPCA + 6,7931%",8.8305,10.0498,8.6746,0.05,977.09641967,88.93,1548.66,2026-09-28
CRA024002ML,CRA,MARFRIG GLOBAL FOODS S.A.,ECO SECURITIZADORA DE DIREITOS CREDITÓRIOS DO AGRONEGÓCIO S.A.,3ª,2034-03-15,"IPCA + 6,7996%",12.8371,13.1207,11.7683,0.09,841.05548336,75.19,1277.38,2026-09-28
22I0970804,CRI,NATURA COSMÉTICOS S.A.,RIZA SECURITIZADORA S.A.,2ª,2029-09-17,"IPCA + 6,8%",9.0217,,9.0194,0.1,1138.72612174,94.57,682.21,2026-09-28
CRA0240066B,CRA,CAMIL ALIMENTOS S.A.,ECO SECURITIZADORA DE DIREITOS CREDITÓRIOS DO AGRONEGÓCIO S.A.,2ª,2031-06-16,"IPCA + 6,8286%",12.4604,,11.5248,0.24,937.18779609,83.14,895.88,2026-09-28
CRA0220079D,CRA,BRF S.A.,VERT COMPANHIA SECURITIZADORA,2ª,2032-07-15,"IPCA + 6,8344%",12.7567,13.0959,12.287,0.04,986.89979657,80.52,996.76,2026-09-28
CRA0240086L,CRA,SEARA ALIMENTOS LTDA.,RIZA SECURITIZADORA S.A.,3ª,2044-09-15,"IPCA + 6,8408%",9.4553,,9.0536,0.57,872.16248428,79.38,2307.63,2026-09-28
CRA022006HK,CRA,SÃO SALVADOR ALIMENTOS S.A.,ECO SECURITIZADORA DE DIREITOS CREDITÓRIOS DO AGRONEGÓCIO S.A.,2ª,2030-07-15,"IPCA + 6,8911%",8.852,,,0.26,1151.00418582,95.54,630.95,2026-09-28
22I0970868,CRI,NATURA COSMÉTICOS S.A.,RIZA SECURITIZADORA S.A.,3ª,2032-09-15,"IPCA + 6,9%",9.1627,9.6972,,0.36,1102.23808613,91.54,1057.95,2026-09-28
23L1737623,CRI,REDE D'OR SÃO LUIZ S.A.,OPEA SECURITIZADORA S/A,2ª,2038-12-15,"IPCA + 6,9527%",8.5455,,8.1184,0.06,1033.87113572,89.25,1909.39,2026-09-28
CRA022004S9,CRA,"VAMOS LOCAÇÃO DE CAMINHÕES, MÁQUINAS E EQUIPAMENTOS S.A.",ECO SECURITIZADORA DE DIREITOS CREDITÓRIOS DO AGRONEGÓCIO S.A.,2ª,2037-05-15,"IPCA + 6,9739%",13.2018,,12.3363,1.02,842.05199508,68.64,1589.72,2026-09-28
CRA02300JG5,CRA,JBS S.A.,RIZA SECURITIZADORA S.A.,5ª,2038-09-15,"IPCA + 6,9938%",9.7891,10.0528,9.2961,0.63,941.65544965,82.14,1874.87,2026-09-28
CRA024004SC,CRA,JBS S.A.,RIZA SECURITIZADORA S.A.,4ª,2044-05-16,"IPCA + 6,9947%",9.7308,10.2866,9.0451,0.54,903.03351059,79.46,2190.9,2026-09-28
CRA022004XY,CRA,USINA CERRADÃO S.A.,ECO SECURITIZADORA DE DIREITOS CREDITÓRIOS DO AGRONEGÓCIO S.A.,1ª,2028-05-15,"IPCA + 6,9949%",7.6987,,7.6066,0.14,812.04514435,99.31,266.41,2026-09-28
22F0009410,CRI,GJA INDÚSTRIAS S.A.,RIZA SECURITIZADORA S.A.,2ª,2032-06-15,IPCA + 7%,11.6117,,,0.21,1010.42370578,84.67,982.3,2026-09-28
23F1519397,CRI,MOVIDA PARTICIPAÇÕES S.A.,OPEA SECURITIZADORA S/A,3ª,2028-06-16,IPCA + 7%,13.4835,13.8136,,0.22,1065.8622216,91.01,402.9,2026-09-28
24G1674104,CRI,JHSF PARTICIPAÇÕES S.A.,OPEA SECURITIZADORA S/A,4ª,2034-07-17,"IPCA + 7,0163%",8.9506,9.166,8.7432,0.09,894.08506428,92.32,1108.37,2026-09-28
CRA02200C6Y,CRA,MARFRIG GLOBAL FOODS S.A.,ECO SECURITIZADORA DE DIREITOS CREDITÓRIOS DO AGRONEGÓCIO S.A.,1ª,2029-10-15,"IPCA + 7,0383%",12.8403,13.0414,11.1516,0.18,1062.5267436,86.83,670.1,2026-09-28
CRA024007PU,CRA,SOROCABA REFRESCOS S.A.,ECO SECURITIZADORA DE DIREITOS CREDITÓRIOS DO AGRONEGÓCIO S.A.,2ª,2034-08-15,"IPCA + 7,05%",9.8797,10.3387,9.639,0.44,961.00357446,86.76,1355.15,2026-09-28
22K0934880,CRI,BCBF PARTICIPAÇÕES S.A.,RIZA SECURITIZADORA S.A.,2ª,2029-12-17,"IPCA + 7,0913%",21.4431,23.4478,18.6974,1.06,850.13904523,70.19,697.81,2026-09-28
CRA022006HE,CRA,AÇO VERDE DO BRASIL S.A.,RIZA SECURITIZADORA S.A.,1ª,2029-06-15,"IPCA + 7,1543%",10.4107,,9.8077,0.63,1158.91414008,95.42,392.24,2026-09-28
CRA023000RT,CRA,"VAMOS LOCAÇÃO DE CAMINHÕES, MÁQUINAS E EQUIPAMENTOS S.A.",ECO SECURITIZADORA DE DIREITOS CREDITÓRIOS DO AGRONEGÓCIO S.A.,3ª,2030-01-15,"IPCA + 7,1638%",14.1739,14.6588,12.8409,0.1,994.30835267,83.16,728.07,2026-09-28
CRA022006BU,CRA,CARAMURU ALIMENTOS S.A.,ECO SECURITIZADORA DE DIREITOS CREDITÓRIOS DO AGRONEGÓCIO S.A.,1ª,2029-07-16,"IPCA + 7,2043%",10.6736,11.1531,9.4451,1.11,685.51119209,94.93,408.97,2026-09-28
CRA0220073P,CRA,MINERVA S.A.,RIZA SECURITIZADORA S.A.,1ª,2029-07-16,"IPCA + 7,2063%",11.9759,12.4443,11.2415,0.88,1079.51108598,89.61,632.81,2026-09-28
CRA0240066K,CRA,BRF S.A.,ECO SECURITIZADORA DE DIREITOS CREDITÓRIOS DO AGRONEGÓCIO S.A.,3ª,2034-06-15,"IPCA + 7,2336%",12.1639,12.8846,11.362,1.11,892.68879323,79.19,1279.15,2026-09-28
22K0934889,CRI,BCBF PARTICIPAÇÕES S.A.,RIZA SECURITIZADORA S.A.,3ª,2034-12-15,"IPCA + 7,2792%",20.8818,23.0757,18.1696,1.43,648.65080145,53.53,1219.78,2026-09-28
CRA024001QA,CRA,ZAMP S.A.,RIZA SECURITIZADORA S.A.,3ª,2029-02-15,"IPCA + 7,3%",9.778,,9.7052,0.54,1080.52350407,95.12,551.5,2026-09-28
CRA024007Q5,CRA,SLC MÁQUINAS LTDA.,OPEA SECURITIZADORA S/A,3ª,2031-08-15,"IPCA + 7,31%",10.1222,,9.4727,0.73,1026.81065466,92.63,740.93,2026-09-28
CRA02200C6Z,CRA,MARFRIG GLOBAL FOODS S.A.,ECO SECURITIZADORA DE DIREITOS CREDITÓRIOS DO AGRONEGÓCIO S.A.,2ª,2032-10-15,"IPCA + 7,3352%",12.7288,,11.0694,0.04,1003.40457727,81.89,1008.9,2026-09-28
24A2721507,CRI,DASA,VERT COMPANHIA SECURITIZADORA,3ª,2031-01-15,"IPCA + 7,3402%",13.2374,13.8287,12.0123,0.66,960.38297609,83.93,817.79,2026-09-28
CRA022006HF,CRA,AÇO VERDE DO BRASIL S.A.,RIZA SECURITIZADORA S.A.,2ª,2032-06-15,"IPCA + 7,3686%",10.4262,,10.065,0.43,1088.73785271,89.59,978.7,2026-09-28
CRA024009Q4,CRA,MARFRIG GLOBAL FOODS S.A.,ECO SECURITIZADORA DE DIREITOS CREDITÓRIOS DO AGRONEGÓCIO S.A.,3ª,2034-10-16,"IPCA + 7,3693%",12.8969,13.1866,12.3477,0.09,863.44612421,76.72,1291.15,2026-09-28
22E1314836,CRI,SÃO CARLOS EMPREENDIMENTOS E PARTICIPAÇÕES S.A.,OPEA SECURITIZADORA S/A,1ª,2029-09-17,"IPCA + 7,3826%",9.9627,,,0.34,1157.31146284,95.83,450.07,2026-09-28
CRA022001E2,CRA,FS AGRISOLUTIONS INDÚSTRIA DE BIOCOMBUSTÍVEIS LTDA.,ECO SECURITIZADORA DE DIREITOS CREDITÓRIOS DO AGRONEGÓCIO S.A.,2ª,2029-02-15,"IPCA + 7,3913%",12.1833,12.6947,11.4616,0.26,1166.44114639,94.56,319.42,2026-09-28
CRA022004SD,CRA,FS AGRISOLUTIONS INDÚSTRIA DE BIOCOMBUSTÍVEIS LTDA.,ECO SECURITIZADORA DE DIREITOS CREDITÓRIOS DO AGRONEGÓCIO S.A.,2ª,2029-05-15,"IPCA + 7,3913%",12.0464,12.6051,11.3954,0.26,1159.55009268,93.94,367.79,2026-09-28
CRA02400AHZ,CRA,REFRESCOS BANDEIRANTES INDÚSTRIA E COMÉRCIO LTDA.,RIZA SECURITIZADORA S.A.,2ª,2034-11-16,"IPCA + 7,41%",10.829,12.2229,10.7587,1.18,942.02321145,84.41,1339.04,2026-09-28
24J2539865,CRI,JHSF PARTICIPAÇÕES S.A.,OPEA SECURITIZADORA S/A,1ª,2034-10-16,"IPCA + 7,4183%",8.9902,9.2139,8.6859,0.05,1045.05001344,92.49,1344.03,2026-09-28
CRA0240005O,CRA,CEREAL COMÉRCIO EXPORTAÇÃO E REPRESENTAÇÃO AGROPECUÁRIA S.A.,RIZA SECURITIZADORA S.A.,2ª,2029-01-15,"IPCA + 7,4367%",9.1218,9.8008,8.7973,0.52,1121.87017174,98.14,303.39,2026-09-28
CRA022004H5,CRA,NARDINI AGROINDUSTRIAL LTDA.,OPEA SECURITIZADORA S/A,1ª,2028-04-15,"IPCA + 7,4986%",,,,,,,,2026-09-28
23L2043184,CRI,UNIDAS LOCADORA S.A.,OPEA SECURITIZADORA S/A,3ª,2030-12-16,"IPCA + 7,5%",10.0971,10.4799,9.6276,0.16,1074.36400706,92.63,804.26,2026-09-28
CRA024009Q5,CRA,MARFRIG GLOBAL FOODS S.A.,ECO SECURITIZADORA DE DIREITOS CREDITÓRIOS DO AGRONEGÓCIO S.A.,4ª,2039-10-17,"IPCA + 7,5395%",13.4749,13.4915,12.8349,0.47,759.00367756,67.4,1716.7,2026-09-28
CRA02300MOQ,CRA,MINERVA S.A.,RIZA SECURITIZADORA S.A.,3ª,2030-09-16,"IPCA + 7,5408%",12.7416,13.1938,11.8554,0.87,991.59998182,86.53,766.82,2026-09-28
23L0034761,CRI,FARO ENERGY PROJETOS SOLARES HOLDING S.A.,OPEA SECURITIZADORA S/A,1ª,2038-12-15,"IPCA + 7,5702%",,,,,,,,2026-09-28
CRA0250080Y,CRA,ELDORADO BRASIL CELULOSE S.A.,OPEA SECURITIZADORA S/A,3ª,2040-09-17,"IPCA + 7,6%",8.6874,,8.1142,0.48,958.20194395,91.59,2169.45,2026-09-28
25D0012204,CRI,CYRELA BRAZIL REALTY S.A.,COMPANHIA PROVÍNCIA DE SECURITIZAÇÃO,3ª,2032-04-15,"IPCA + 7,6693%",8.5169,,8.1636,0.04,1055.21401305,96.83,1032.15,2026-09-28
23J1127331,CRI,MOVIDA PARTICIPAÇÕES S.A.,OPEA SECURITIZADORA S/A,3ª,2033-10-17,"IPCA + 7,7279%",13.682,,,0.48,919.77133425,77.9,1139.93,2026-09-28
CRA0250080X,CRA,ELDORADO BRASIL CELULOSE S.A.,OPEA SECURITIZADORA S/A,2ª,2035-09-17,"IPCA + 7,7281%",8.8599,,,0.39,976.7231381,93.36,1644.64,2026-09-28
CRA02400AYK,CRA,BEM BRASIL ALIMENTOS S.A.,ECO SECURITIZADORA DE DIREITOS CREDITÓRIOS DO AGRONEGÓCIO S.A.,ª,2031-11-17,"IPCA + 7,737%",,,,,,,,2026-09-28
CRA0230073N,CRA,J. MACÊDO S.A.,RIZA SECURITIZADORA S.A.,2ª,2030-04-15,"IPCA + 7,8%",8.3437,,,0.25,1024.57475249,99.19,406.67,2026-09-28
CRA025003PJ,CRA,SEARA,RIZA SECURITIZADORA S.A.,3ª,2055-05-17,"IPCA + 7,8%",,,,,,,,2026-09-28
CRA024003UZ,CRA,LAR COOPERATIVA AGROINDUSTRIAL,ECO SECURITIZADORA DE DIREITOS CREDITÓRIOS DO AGRONEGÓCIO S.A.,3ª,2031-04-15,"IPCA + 7,8363%",9.5897,10.1788,9.355,0.23,1061.41809526,95.19,767.36,2026-09-28
CRA021004NV,CRA,LAR COOPERATIVA AGROINDUSTRIAL,ECO SECURITIZADORA DE DIREITOS CREDITÓRIOS DO AGRONEGÓCIO S.A.,1ª,2026-11-15,"IPCA + 7,8749%",10.1404,,7.7472,3.15,432.95719683,99.7,33.0,2026-09-28
CRA0250066B,CRA,BRF S.A.,ECO SECURITIZADORA DE DIREITOS CREDITÓRIOS DO AGRONEGÓCIO S.A.,3ª,2035-07-16,"IPCA + 7,9064%",12.8164,,,0.16,805.68377381,75.88,1510.5,2026-09-28
22E1321749,CRI,COGNA EDUCAÇÃO S.A.,OPEA SECURITIZADORA S/A,2ª,2029-07-16,"IPCA + 7,9273%",9.3268,9.7027,8.9046,0.06,1177.41786524,97.34,525.75,2026-09-28
CRA0240005P,CRA,CEREAL COMÉRCIO EXPORTAÇÃO E REPRESENTAÇÃO AGROPECUÁRIA S.A.,RIZA SECURITIZADORA S.A.,3ª,2031-01-15,"IPCA + 7,9443%",9.3043,,,0.58,1098.42275933,95.99,821.5,2026-09-28
22E1321750,CRI,COGNA EDUCAÇÃO S.A.,OPEA SECURITIZADORA S/A,3ª,2032-07-15,"IPCA + 8,0031%",9.9117,10.5265,9.3896,0.63,1128.68938388,93.3,992.14,2026-09-28
CRA025009EZ,CRA,Seara Alimentos Ltda.,ECO SECURITIZADORA DE DIREITOS CREDITÓRIOS DO AGRONEGÓCIO S.A.,4ª,2065-10-15,"IPCA + 8,0313%",,,,,,,,2026-09-28
CRA0250020C,CRA,BRF S.A.,ECO SECURITIZADORA DE DIREITOS CREDITÓRIOS DO AGRONEGÓCIO S.A.,2ª,2035-04-16,"IPCA + 8,04%",11.9536,12.5742,10.8294,1.05,884.30055735,80.88,1461.51,2026-09-28
CRA02200795,CRA,ADUBOS ARAGUAIA INDÚSTRIA E COMÉRCIO LTDA.,ECO SECURITIZADORA DE DIREITOS CREDITÓRIOS DO AGRONEGÓCIO S.A.,1ª,2027-07-15,"IPCA + 8,1191%",9.4362,10.1823,,0.21,599.59484057,99.08,193.23,2026-09-28
CRA0250020D,CRA,BRF S.A.,ECO SECURITIZADORA DE DIREITOS CREDITÓRIOS DO AGRONEGÓCIO S.A.,3ª,2040-04-16,"IPCA + 8,2345%",12.2726,12.6826,10.9216,1.46,834.41813398,76.25,1767.08,2026-09-28
CRA0250018K,CRA,MARFRIG GLOBAL FOODS S.A.,ECO SECURITIZADORA DE DIREITOS CREDITÓRIOS DO AGRONEGÓCIO S.A.,4ª,2040-04-16,"IPCA + 8,2503%",13.4715,,12.3394,0.47,778.86490818,70.95,1709.05,2026-09-28
CRA0250018L,CRA,MARFRIG GLOBAL FOODS S.A,ECO SECURITIZADORA DE DIREITOS CREDITÓRIOS DO AGRONEGÓCIO S.A.,5ª,2045-04-17,"IPCA + 8,3405%",,,,,,,,2026-09-28
CRA0240099F,CRA,VALE DO TIJUCO AÇÚCAR E ÁLCOOL S.A.,ECO SECURITIZADORA DE DIREITOS CREDITÓRIOS DO AGRONEGÓCIO S.A.,2ª,2034-10-16,"IPCA + 8,3558%",10.2352,,9.8625,0.27,1044.80458362,92.39,1148.18,2026-09-28
CRA0250020E,CRA,BRF S.A.,ECO SECURITIZADORA DE DIREITOS CREDITÓRIOS DO AGRONEGÓCIO S.A.,3ª,2045-04-17,"IPCA + 8,38%",10.1725,,10.0768,0.05,946.33601541,86.43,2160.44,2026-09-28
CRA02500BVX,CRA,BRF S.A.,ECO SECURITIZADORA DE DIREITOS CREDITÓRIOS DO AGRONEGÓCIO S.A.,5ª,2055-12-15,"IPCA + 8,3857%",,,,,,,,2026-09-28
CRA025008C2,CRA,Neomille S.A.,ECO SECURITIZADORA DE DIREITOS CREDITÓRIOS DO AGRONEGÓCIO S.A.,2ª,2032-12-15,"IPCA + 8,4473%",9.0441,,,0.18,1042.13915659,97.55,1136.56,2026-09-28
CRA02400AHX,CRA,CEREAL COMÉRCIO EXPORTAÇÃO E,RIZA SECURITIZADORA S.A.,3ª,2034-11-16,"IPCA + 8,4704%",9.9171,,,0.31,1050.60740782,93.24,1320.92,2026-09-28
CRA025008HR,CRA,Nardini II,OPEA SECURITIZADORA S/A,ª,2032-10-15,"IPCA + 8,4773%",,,,,,,,2026-09-28
CRA025006NC,CRA,LAR COOPERATIVA AGROINDUSTRIAL,ECO SECURITIZADORA DE DIREITOS CREDITÓRIOS DO AGRONEGÓCIO S.A.,3ª,2032-08-16,"IPCA + 8,7268%",9.7502,,9.4933,0.09,1006.36299367,96.06,1077.74,2026-09-28
CRA0250005M,CRA,Boa Safra,OPEA SECURITIZADORA S/A,3ª,2032-01-15,"IPCA + 8,7384%",,,,,,,,2026-09-28
CRA0250005L,CRA,Boa Safra,OPEA SECURITIZADORA S/A,4ª,2035-01-15,"IPCA + 8,9518%",,,,,,,,2026-09-28
CRA02300796,CRA,FS INDÚSTRIA DE BIOCOMBUSTÍVEIS LTDA.,ECO SECURITIZADORA DE DIREITOS CREDITÓRIOS DO AGRONEGÓCIO S.A.,2ª,2029-10-15,"IPCA + 8,9555%",12.1373,12.8413,11.5225,0.28,1073.63323595,92.65,666.27,2026-09-28
CRA023003JY,CRA,OLFAR S.A.,RIZA SECURITIZADORA S.A.,2ª,2030-03-15,"IPCA + 8,9738%",9.6688,10.4031,8.8188,0.57,1152.05329484,98.89,441.09,2026-09-28
23F2455004,CRI,SENDAS DISTRIBUIDORA S.A.,OPEA SECURITIZADORA S/A,2ª,2027-07-15,,16.4871,,15.5475,1.87,991.45547082,96.9,191.17,2026-09-28
23I1259644,CRI,JSL,OPEA SECURITIZADORA S/A,4ª,2030-09-15,,,,,,,,,2026-09-28
23J1141681,CRI,YDUQS PARTICIPAÇÕES S.A.,OPEA SECURITIZADORA S/A,1ª,2028-10-16,,14.9257,,,0.68,992.23041443,94.51,448.45,2026-09-28
23K0018801,CRI,MULTIPLAN EMPREENDIMENTOS IMOBILIÁRIOS S.A.,RIZA SECURITIZADORA S.A.,3ª,2031-01-15,,14.2895,,,0.04,947.63883422,92.72,684.31,2026-09-28
23K0022041,CRI,Cogna,TRUE SECURITIZADORA S/A,2ª,2028-11-15,,15.1814,,14.65,0.34,1010.09248768,96.67,361.51,2026-09-28
24A2715837,CRI,DIAGNÓSTICOS DA AMÉRICA S.A.,VERT COMPANHIA SECURITIZADORA,2ª,2029-01-15,,19.2251,,18.13,1.1,908.61639335,88.71,501.79,2026-09-28
24A2721829,CRI,DIAGNÓSTICOS DA AMÉRICA S.A,VERT COMPANHIA SECURITIZADORA,4ª,2031-01-15,,19.8436,,19.038,0.29,856.75149003,83.56,740.85,2026-09-28
25A1946535,CRI,Cury,OPEA SECURITIZADORA S/A,3ª,2032-01-15,,14.9735,,,0.04,1032.78698942,100.33,807.72,2026-09-28
25D0271049,CRI,Log,OPEA SECURITIZADORA S/A,3ª,2032-04-15,,,,,,,,,2026-09-28
CRA02300G7D,CRA,MARFRIG GLOBAL FOODS S.A.,ECO SECURITIZADORA DE DIREITOS CREDITÓRIOS DO AGRONEGÓCIO S.A.,1ª,2027-08-16,,17.8096,,,0.31,962.26089111,95.08,213.56,2026-09-28
CRA02300HWK,CRA,BANCO BTG PACTUAL S.A.,OPEA SECURITIZADORA S/A,4ª,2033-09-15,,13.3316,13.6749,13.119,0.29,946.19003482,94.24,1223.36,2026-09-28
CRA02300JR7,CRA,RAÍZEN ENERGIA S.A.,OPEA SECURITIZADORA S/A,3ª,2033-10-17,,,,,,460.96405541,44.02,,2026-09-28
CRA02300NX8,CRA,BTG Pactual III,OPEA SECURITIZADORA S/A,4ª,2033-11-16,,13.4589,,,0.18,1006.51485901,96.35,1179.64,2026-09-28
CRA02300SPD,CRA,FS Agrisolutions Indústria de Biocombustíveis LTDA,ECO SECURITIZADORA DE DIREITOS CREDITÓRIOS DO AGRONEGÓCIO S.A.,3ª,2030-06-15,,18.8437,19.6734,18.0061,0.43,871.26884107,86.74,728.27,2026-09-28
CRA02300SUZ,CRA,"Vamos Locação de Caminhões, Máquinas e Equipamentos S.A.",ECO SECURITIZADORA DE DIREITOS CREDITÓRIOS DO AGRONEGÓCIO S.A.,1ª,2030-11-18,,19.9724,,19.3105,0.28,858.21289044,82.26,707.47,2026-09-28
CRA02300TSF,CRA,BTG PACTUAL IV,OPEA SECURITIZADORA S/A,4ª,2033-12-15,,,,,,,,,2026-09-28
CRA024000B8,CRA,FS Indústria De Biocombustíveis Ltda,ECO SECURITIZADORA DE DIREITOS CREDITÓRIOS DO AGRONEGÓCIO S.A.,3ª,2030-07-15,,18.9353,19.6156,18.105,0.13,867.36603081,86.35,739.08,2026-09-28
CRA024001P5,CRA,JSL S.A.,ECO SECURITIZADORA DE DIREITOS CREDITÓRIOS DO AGRONEGÓCIO S.A.,1ª,2031-02-15,,,,,,,,,2026-09-28
CRA024001Q9,CRA,ZAMP S.A.,RIZA SECURITIZADORA S.A.,2ª,2029-02-15,,17.4328,,17.1457,0.64,936.26244655,92.32,521.74,2026-09-28
CRA0240020B,CRA,VICUNHA II,RIZA SECURITIZADORA S.A.,2ª,2031-02-15,,,,,,,,,2026-09-28
CRA024002MH,CRA,JF CITRUS AGROPECUÁRIA S.A.,ECO SECURITIZADORA DE DIREITOS CREDITÓRIOS DO AGRONEGÓCIO S.A.,1ª,2029-03-15,,,,,,,,,2026-09-28
CRA024002S2,CRA,Minerva VII,RIZA SECURITIZADORA S.A.,2ª,2029-03-15,,18.7245,,,0.24,881.11594382,87.76,545.65,2026-09-28
CRA024002S3,CRA,MINERVA S.A.,RIZA SECURITIZADORA S.A.,3ª,2031-03-17,,18.67,,,0.32,823.90699007,82.05,869.61,2026-09-28
CRA0240066D,CRA,FS Florestal S.A.,ECO SECURITIZADORA DE DIREITOS CREDITÓRIOS DO AGRONEGÓCIO S.A.,1ª,2030-06-15,,17.4389,18.3254,17.3164,1.24,955.79631111,95.09,714.98,2026-09-28
CRA0240066G,CRA,BRF S.A.,ECO SECURITIZADORA DE DIREITOS CREDITÓRIOS DO AGRONEGÓCIO S.A.,2ª,2031-06-16,,,,,,,,,2026-09-28
CRA024007PT,CRA,Sorocaba Refrescos S.A,ECO SECURITIZADORA DE DIREITOS CREDITÓRIOS DO AGRONEGÓCIO S.A.,1ª,2031-08-15,,15.6204,,14.4341,1.13,921.59656393,90.92,855.48,2026-09-28
CRA024007Q3,CRA,SLC Maquinas,OPEA SECURITIZADORA S/A,1ª,2031-08-15,,16.5022,,16.3,0.2,929.74666711,91.69,680.25,2026-09-28
CRA024009Q3,CRA,MARFRIG GLOBAL FOODS S.A.,ECO SECURITIZADORA DE DIREITOS CREDITÓRIOS DO AGRONEGÓCIO S.A.,2ª,2031-10-15,,17.7552,,16.9,0.61,923.70166969,87.28,883.35,2026-09-28
CRA02400AHY,CRA,REFRESCOS BANDEIRANTES INDÚSTRIA E COMÉRCIO LTDA.,RIZA SECURITIZADORA S.A.,1ª,2032-11-16,,17.689,,,2.34,913.37632395,87.11,955.07,2026-09-28
CRA02400AYM,CRA,MINERVA S.A.,RIZA SECURITIZADORA S.A.,2ª,2029-11-16,,18.7494,,,0.27,952.00905453,90.62,622.27,2026-09-28
CRA02400AYP,CRA,MINERVA S.A.,RIZA SECURITIZADORA S.A.,5ª,2034-11-16,,18.8006,,,0.1,903.42494552,85.84,1058.73,2026-09-28
CRA02500001,CRA,BOA SAFRA SEMENTES S.A.,OPEA SECURITIZADORA S/A,1ª,2030-01-15,,16.2265,,,0.25,986.85193741,98.18,655.29,2026-09-28
CRA0250012X,CRA,FS FLORESTAL S.A.,ECO SECURITIZADORA DE DIREITOS CREDITÓRIOS DO AGRONEGÓCIO S.A.,1ª,2030-03-15,,18.3775,19.1081,18.3754,0.68,994.33264064,98.85,659.23,2026-09-28
CRA0250018I,CRA,Marfrig Global Foods S.A,ECO SECURITIZADORA DE DIREITOS CREDITÓRIOS DO AGRONEGÓCIO S.A.,2ª,2032-04-15,,17.8129,,16.9,0.69,961.21908863,90.36,920.79,2026-09-28
CRA025002S3,CRA,MINERVA S.A,RIZA SECURITIZADORA S.A.,2ª,2030-04-15,,18.7667,,18.3995,0.29,996.73672801,93.31,662.05,2026-09-28
CRA025002S4,CRA,MINERVA S.A.,RIZA SECURITIZADORA S.A.,4ª,2032-04-15,,18.8574,,,0.27,968.98742073,90.71,898.28,2026-09-28
CRA0250040J,CRA,Natural One S.A,ECO SECURITIZADORA DE DIREITOS CREDITÓRIOS DO AGRONEGÓCIO S.A.,2ª,2029-06-15,,,,,,,,,2026-09-28
CRA025005EH,CRA,GDM GENÉTICA DO BRASIL S.A.,ECO SECURITIZADORA DE DIREITOS CREDITÓRIOS DO AGRONEGÓCIO S.A.,1ª,2032-07-15,,15.6155,,15.4466,0.07,1013.44770687,98.44,960.1,2026-09-28
CRA025005V7,CRA,MINERVA S.A.,RIZA SECURITIZADORA S.A.,3ª,2033-07-15,,18.4145,,17.45,0.67,899.99254205,87.49,1024.14,2026-09-28
CRA025005V8,CRA,MINERVA S.A,RIZA SECURITIZADORA S.A.,4ª,2035-07-16,,18.4562,,17.5,0.65,894.99999904,86.96,1138.93,2026-09-28
CRA0250066A,CRA,BRF S.A.,ECO SECURITIZADORA DE DIREITOS CREDITÓRIOS DO AGRONEGÓCIO S.A.,2ª,2032-07-15,,18.2104,,,0.35,889.12464304,86.54,988.12,2026-09-28
CRA025006NB,CRA,LAR COOPERATIVA AGROINDUSTRIAL,ECO SECURITIZADORA DE DIREITOS CREDITÓRIOS DO AGRONEGÓCIO S.A.,2ª,2032-08-16,,16.2092,,,0.25,951.8558411,94.72,943.21,2026-09-28
CRA025007KE,CRA,Cereal Comércio Exportação e Representação Agropecuária S.A.,ECO SECURITIZADORA DE DIREITOS CREDITÓRIOS DO AGRONEGÓCIO S.A.,2ª,2032-09-15,,16.3441,,16.05,0.35,943.16292533,93.86,981.45,2026-09-28
CRA025007KK,CRA,ELDORADO BRASIL CELULOSE S.A.,OPEA SECURITIZADORA S/A,1ª,2032-09-15,,15.092,,,0.63,968.73961787,96.42,1057.32,2026-09-28
CRA025008ND,CRA,São Salvador Alimentos S.A.,ECO SECURITIZADORA DE DIREITOS CREDITÓRIOS DO AGRONEGÓCIO S.A.,2ª,2033-10-15,,15.5178,,,0.23,1008.92929478,95.02,1100.14,2026-09-28
CRA02500A15,CRA,Açucareira Quatá S.A.,ECO SECURITIZADORA DE DIREITOS CREDITÓRIOS DO AGRONEGÓCIO S.A.,1ª,2032-11-15,,16.3864,,16.1,0.25,989.27801952,94.05,953.69,2026-09-28
CRA02500AHU,CRA,C. Vale - Cooperativa Agroindustrial,ECO SECURITIZADORA DE DIREITOS CREDITÓRIOS DO AGRONEGÓCIO S.A.,2ª,2030-11-15,,15.5689,,15.4316,0.24,1034.55265691,98.23,773.03,2026-09-28
CRA02500BVU,CRA,BRF S.A.,ECO SECURITIZADORA DE DIREITOS CREDITÓRIOS DO AGRONEGÓCIO S.A.,2ª,2032-12-15,,18.068,,16.9945,0.74,883.33678923,85.09,1024.55,2026-09-28
CRA02500C1D,CRA,Alibem Alimentos S.A.,ECO SECURITIZADORA DE DIREITOS CREDITÓRIOS DO AGRONEGÓCIO S.A.,1ª,2030-12-18,,16.1088,,15.6,0.28,1016.8976653,97.76,502.17,2026-09-28
CRA026001JM,CRA,Lar Cooperativa Agroindustrial,ECO SECURITIZADORA DE DIREITOS CREDITÓRIOS DO AGRONEGÓCIO S.A.,2ª,2033-03-15,,16.4027,,16.23,0.18,957.86281847,95.31,999.97,2026-09-28
CRA026002BE,CRA,BRF S.A.,ECO SECURITIZADORA DE DIREITOS CREDITÓRIOS DO AGRONEGÓCIO S.A.,2ª,2033-04-15,,17.5109,,16.9666,0.81,933.60733294,88.58,1036.6,2026-09-28
25B0013406,CRI,Direcional,OPEA SECURITIZADORA S/A,1ª,2032-02-16,100% do DI,101.7533,,98.9,0.58,1005.46120154,99.11,987.55,2026-09-25
CRA019003V2,CRA,RAÍZEN ENERGIA S.A.,OPEA SECURITIZADORA S/A,1ª,2029-07-16,100% do DI,,,,,420.80207384,41.23,,2026-09-25
CRA024004H7,CRA,SÃO MARTINHO S.A.,RIZA SECURITIZADORA S.A.,3ª,2029-04-12,100% do DI,101.0464,102.9025,98.5775,1.18,1059.47172065,99.72,526.51,2026-09-25
CRA0250018H,CRA,Marfrig Global Foods S.A,ECO SECURITIZADORA DE DIREITOS CREDITÓRIOS DO AGRONEGÓCIO S.A.,1ª,2030-04-15,100% do DI,114.7655,,109.9371,1.88,1007.05082409,94.89,685.76,2026-09-25
CRA02500BVT,CRA,BRF S.A.,ECO SECURITIZADORA DE DIREITOS CREDITÓRIOS DO AGRONEGÓCIO S.A.,1ª,2030-06-17,100% do DI,116.8684,,110.1228,1.63,1021.67016716,92.23,928.0,2026-09-25
24D2765715,CRI,CYRELA BRAZIL REALTY S.A.,COMPANHIA PROVÍNCIA DE SECURITIZAÇÃO,3ª,2031-04-15,101% do DI,99.7538,101.8133,97.4466,0.7,1067.2206181,100.49,763.78,2026-09-25
CRA023007VD,CRA,ENGELHART CTP,OPEA SECURITIZADORA S/A,1ª,2028-07-05,101% do DI,97.0214,,93.3133,0.91,1039.23378938,100.81,398.28,2026-09-25
25L2997442,CRI,Even Construtora e Incorporadora S/A,VERT COMPANHIA SECURITIZADORA,ª,2032-12-15,"101,5% do DI",,,,,,,,2026-09-25
CRA026002BD,CRA,BRF S.A.,ECO SECURITIZADORA DE DIREITOS CREDITÓRIOS DO AGRONEGÓCIO S.A.,1ª,2030-10-15,"101,5% do DI",,,,,,,,2026-09-25
24D3313768,CRI,CURY CONSTRUTORA E INCORPORADORA S.A.,TRUE SECURITIZADORA S/A,1ª,2027-05-31,102% do DI,99.135,101.25,96.825,0.51,1048.25451304,100.23,158.04,2026-09-25
CRA023003UX,CRA,ENGELHART CTP,OPEA SECURITIZADORA S/A,1ª,2027-03-15,102% do DI,94.8825,95.2483,92.0816,1.03,1008.28281798,100.41,114.0,2026-09-25
CRA02500669,CRA,BRF S.A,ECO SECURITIZADORA DE DIREITOS CREDITÓRIOS DO AGRONEGÓCIO S.A.,1ª,2029-07-16,102% do DI,115.9911,,110.808,2.08,1114.56972718,95.08,699.0,2026-09-25
CRA025008HM,CRA,Cocal Comercio Industria Canaa Acucar e Alcool S.A.,VERT COMPANHIA SECURITIZADORA,1ª,2031-09-15,102% do DI,,,,,,,,2026-09-25
24F1277566,CRI,DIRECIONAL ENGENHARIA S.A.,OPEA SECURITIZADORA S/A,1ª,2029-07-16,103% do DI,100.5841,102.7633,97.9966,0.88,1035.17763166,100.74,589.77,2026-09-25
CRA02300209,CRA,ENGELHART CTP,VERT COMPANHIA SECURITIZADORA,1ª,2027-01-15,103% do DI,93.8601,94.545,88.4933,3.38,1031.16853589,100.35,75.0,2026-09-25
CRA0250073L,CRA,Mantiqueira Brasil,ECO SECURITIZADORA DE DIREITOS CREDITÓRIOS DO AGRONEGÓCIO S.A.,1ª,2030-08-15,"103,1% do DI",,,,,,,,2026-09-25
25G5313879,CRI,MOURA DUBEUX ENGENHARIA S.A.,VERT COMPANHIA SECURITIZADORA,1ª,2030-07-15,"103,75% do DI",105.9101,,104.0,2.84,995.96538321,99.17,743.83,2026-09-25
CRA025008N8,CRA,3Tentos,OPEA SECURITIZADORA S/A,1ª,2030-10-15,"103,75% do DI",109.9735,117.5616,103.0,0.73,1038.06643954,97.59,757.31,2026-09-25
22J0346710,CRI,BANCO BTG PACTUAL S.A.,OPEA SECURITIZADORA S/A,1ª,2027-01-15,104% do DI,96.6177,,92.4533,0.27,1030.7800998,100.28,75.0,2026-09-25
CRA0240066A,CRA,CAMIL ALIMENTOS S.A.,ECO SECURITIZADORA DE DIREITOS CREDITÓRIOS DO AGRONEGÓCIO S.A.,1ª,2029-06-15,104% do DI,119.5729,,113.1,10.21,994.2638412,95.57,563.64,2026-09-25
CRA025006SR,CRA,Boa Safra II,OPEA SECURITIZADORA S/A,1ª,2032-02-16,104% do DI,110.3632,,110.0,1.2,973.09046026,96.9,953.64,2026-09-25
CRA025007KD,CRA,CEREAL COMÉRCIO EXPORTAÇÃO E REPRESENTAÇÃO AGROPECUÁRIA S.A.,ECO SECURITIZADORA DE DIREITOS CREDITÓRIOS DO AGRONEGÓCIO S.A.,1ª,2030-09-16,104% do DI,,,,,,,,2026-09-25
CRA025002S1,CRA,MINERVA S.A.,RIZA SECURITIZADORA S.A.,1ª,2030-04-15,"104,5% do DI",129.0744,,121.5985,0.27,976.42089076,91.75,673.56,2026-09-25
CRA025005V5,CRA,MINERVA S.A.,RIZA SECURITIZADORA S.A.,1ª,2030-07-15,"104,5% do DI",129.3283,,121.9657,1.34,934.85030247,90.94,736.26,2026-09-25
24D0006602,CRI,ALLOS S.A.,OPEA SECURITIZADORA S/A,2ª,2029-04-16,105% do DI,99.0163,101.375,97.0333,0.6,1081.8056651,101.63,525.25,2026-09-25
25E0013305,CRI,JHSF IV,OPEA SECURITIZADORA S/A,2ª,2030-05-15,105% do DI,104.3166,,,1.49,1055.15579822,100.25,705.03,2026-09-25
CRA02300TSB,CRA,BANCO BTG PACTUAL S.A.,OPEA SECURITIZADORA S/A,1ª,2033-12-15,105% do DI,97.0622,97.0666,95.2666,2.18,1091.35458141,104.87,1164.05,2026-09-25
CRA02400AYL,CRA,MINERVA S.A.,RIZA SECURITIZADORA S.A.,1ª,2029-11-16,105% do DI,125.4322,,114.5,2.6,985.38099735,93.62,622.8,2026-09-25
CRA025008C3,CRA,Neomille S.A.,ECO SECURITIZADORA DE DIREITOS CREDITÓRIOS DO AGRONEGÓCIO S.A.,3ª,2032-12-15,105% do DI,115.437,,114.0,1.42,986.94078993,94.83,975.07,2026-09-25
CRA02500AC9,CRA,,ECO SECURITIZADORA DE DIREITOS CREDITÓRIOS DO AGRONEGÓCIO S.A.,1ª,2030-11-15,105% do DI,,,,,,,,2026-09-25
CRA02500AHT,CRA,C. Vale - Cooperativa Agroindustrial,ECO SECURITIZADORA DE DIREITOS CREDITÓRIOS DO AGRONEGÓCIO S.A.,1ª,2030-11-15,"105,5% do DI",,,,,,,,2026-09-25
CRA025005EI,CRA,GDM Genética do Brasil S.A.,ECO SECURITIZADORA DE DIREITOS CREDITÓRIOS DO AGRONEGÓCIO S.A.,2ª,2032-07-15,"105,75% do DI",108.2454,116.0314,100.4213,0.34,1015.56131801,98.75,970.17,2026-09-25
23K0018802,CRI,MULTIPLAN EMPREENDIMENTOS IMOBILIÁRIOS S.A.,RIZA SECURITIZADORA S.A.,2ª,2031-01-15,106% do DI,99.0083,101.2,96.9666,0.31,1053.35589039,102.42,665.11,2026-09-25
CRA025006NA,CRA,Lar Cooperativa Agroindustrial,ECO SECURITIZADORA DE DIREITOS CREDITÓRIOS DO AGRONEGÓCIO S.A.,1ª,2030-08-15,106% do DI,111.6167,,109.0,0.04,984.90683097,98.06,673.98,2026-09-25
23K0019201,CRI,DIRECIONAL ENGENHARIA S.A.,TRUE SECURITIZADORA S/A,2ª,2028-11-16,"106,5% do DI",99.5488,,,0.31,1070.54594149,101.64,457.99,2026-09-25
CRA026001JL,CRA,Lar Cooperativa Agroindustrial,ECO SECURITIZADORA DE DIREITOS CREDITÓRIOS DO AGRONEGÓCIO S.A.,1ª,2031-03-15,"106,5% do DI",,,,,,,,2026-09-25
25H0243072,CRI,BTSA,RIZA SECURITIZADORA S.A.,2ª,2032-08-16,107% do DI,112.1844,,107.9,2.11,983.81599224,97.95,771.2,2026-09-25
CRA02300NRL,CRA,BANCO BTG PACTUAL S.A.,OPEA SECURITIZADORA S/A,1ª,2033-11-16,107% do DI,98.0,,95.2666,2.18,1109.69208318,105.4,1137.26,2026-09-25
CRA025003UZ,CRA,COOXUPÉ - COOPERATIVA REGIONAL DE,VERT COMPANHIA SECURITIZADORA,2ª,2030-06-17,"107,5% do DI",110.4862,,110.0,3.55,1031.4842427,99.02,642.11,2026-09-25
CRA02300CYQ,CRA,BANCO BTG PACTUAL S.A.,OPEA SECURITIZADORA S/A,1ª,2033-07-15,109% do DI,96.2113,96.3,93.4275,0.71,1108.22517591,107.68,1127.96,2026-09-25
CRA02300HWH,CRA,BANCO BTG PACTUAL S.A.,OPEA SECURITIZADORA S/A,1ª,2033-09-15,109% do DI,98.4991,98.94,95.26,0.0,1069.69379072,106.49,1166.7,2026-09-25
24I1980390,CRI,MRV ENGENHARIA E PARTICIPAÇÕES S.A,OPEA SECURITIZADORA S/A,1ª,2029-10-15,110% do DI,130.0104,138.6966,128.2,3.92,1003.78000299,94.02,594.89,2026-09-25
25B3099731,CRI,IGUATEMI PPPH PARTICIPAÇÕES LTDA.,OPEA SECURITIZADORA S/A,1ª,2030-02-18,96% do DI,98.7266,101.41,96.0433,0.28,1003.95787255,99.02,704.39,2026-09-25
25D0012202,CRI,CYRELA BRAZIL REALTY S.A. EMPREENDIMENTOS,COMPANHIA PROVÍNCIA DE SECURITIZAÇÃO,1ª,2029-04-15,96% do DI,99.2911,,,0.31,1049.3420251,99.1,531.92,2026-09-25
25J4546988,CRI,CYRELA BRAZIL REALTY S.A. EMPREENDIMENTOS E,COMPANHIA PROVÍNCIA DE SECURITIZAÇÃO,1ª,2032-11-16,"96,5% do DI",100.57,,98.4,0.86,1025.1326144,97.8,1051.11,2026-09-25
25D0012203,CRI,CYRELA BRAZIL REALTY S.A. EMPREENDIMENTOS E PARTICIPAÇÕES,COMPANHIA PROVÍNCIA DE SECURITIZAÇÃO,2ª,2030-04-15,97% do DI,99.6255,,97.8,0.42,1049.52033967,99.06,696.26,2026-09-25
26C3164285,CRI,Allos VI,OPEA SECURITIZADORA S/A,1ª,2031-03-12,97% do DI,,,,,,,,2026-09-25
26G0012801,CRI,Cury III,OPEA SECURITIZADORA S/A,1ª,2032-07-06,97% do DI,,,,,,,,2026-09-25
CRA025003PD,CRA,SÃO MARTINHO S.A.,VERT COMPANHIA SECURITIZADORA,1ª,2032-06-15,97% do DI,104.0666,,102.5,1.63,999.84527235,96.36,1007.67,2026-09-25
24H1684874,CRI,SOCIEDADE BENEFICENTE ISRAELITA BRASILEIRA HOSPITAL ALBERT EINSTEIN,RIZA SECURITIZADORA S.A.,1ª,2029-08-17,"97,5% do DI",97.653,99.925,95.725,0.34,868.17661754,99.97,369.25,2026-09-25
24D2765586,CRI,CYRELA BRAZIL REALTY S.A.,COMPANHIA PROVÍNCIA DE SECURITIZAÇÃO,1ª,2028-04-15,98% do DI,98.5885,99.7333,96.69,0.63,706.23358055,99.93,236.39,2026-09-25
25G3629974,CRI,PLANO E PLANO II,RIZA SECURITIZADORA S.A.,1ª,2030-07-15,98% do DI,104.3686,,104.0,0.7,1001.06860878,97.54,755.68,2026-09-25
25I0014209,CRI,Multiplan,OPEA SECURITIZADORA S/A,1ª,2035-09-19,98% do DI,,,,,,,,2026-09-25
CRA024004H5,CRA,SÃO MARTINHO S.A.,RIZA SECURITIZADORA S.A.,1ª,2027-04-12,98% do DI,98.9191,101.7675,96.2233,1.23,1060.57364974,99.94,125.33,2026-09-25
25G3629975,CRI,PLANO E PLANO II,RIZA SECURITIZADORA S.A.,2ª,2031-07-15,99% do DI,104.8452,,103.9,0.8,998.99443641,97.32,897.99,2026-09-25
24E1393588,CRI,MULTIPLAN EMPREENDIMENTOS IMOBILIÁRIOS S.A.,RIZA SECURITIZADORA S.A.,1ª,2029-05-17,"99,5% do DI",99.5066,101.7366,97.27,0.01,1048.58926377,100.0,458.04,2026-09-25
CRA025008NB,CRA,Bem Brasil Alimentos S.A.,ECO SECURITIZADORA DE DIREITOS CREDITÓRIOS DO AGRONEGÓCIO S.A.,ª,2032-10-15,"DI + 0,33%",1.5061,2.3497,0.6797,0.0,1020.19007378,95.98,881.53,2026-09-25
CRA024009Q2,CRA,MARFRIG GLOBAL FOODS S.A.,ECO SECURITIZADORA DE DIREITOS CREDITÓRIOS DO AGRONEGÓCIO S.A.,1ª,2031-10-15,"DI + 0,35%",3.0059,3.4362,2.8397,0.4,969.65923537,91.22,875.35,2026-09-25
22D1289009,CRI,CYRELA BRAZIL REALTY S.A.,OPEA SECURITIZADORA S/A,489ª,2027-06-15,"DI + 0,4%",0.3121,0.5162,0.2122,0.06,1040.61191978,100.06,168.99,2026-09-25
CRA02400AYN,CRA,MINERVA S.A.,RIZA SECURITIZADORA S.A.,3ª,2031-11-17,"DI + 0,4%",3.6988,4.4629,3.4314,0.56,936.31318349,89.05,890.84,2026-09-25
CRA02500003,CRA,BOA SAFRA SEMENTES S.A.,OPEA SECURITIZADORA S/A,2ª,2030-01-15,"DI + 0,4%",1.7134,,1.4597,0.19,992.73029791,96.6,669.19,2026-09-25
CRA0250018J,CRA,MARFRIG GLOBAL FOODS S.A.,ECO SECURITIZADORA DE DIREITOS CREDITÓRIOS DO AGRONEGÓCIO S.A.,3ª,2035-04-16,"DI + 0,4%",3.2097,,2.5,0.28,939.59257652,88.38,1101.05,2026-09-25
CRA025007PT,CRA,SLC AGRÍCOLA S.A.,OPEA SECURITIZADORA S/A,1ª,2033-09-22,"DI + 0,4%",1.2043,1.7281,0.7785,0.24,966.26943957,96.53,1112.21,2026-09-25
CRA02300Q2Y,CRA,,RIZA SECURITIZADORA S.A.,3ª,2028-11-06,"DI + 0,48%",,,,,,,,2026-09-25
CRA025002S2,CRA,MINERVA S.A.,RIZA SECURITIZADORA S.A.,3ª,2032-04-15,"DI + 0,5%",3.6153,,,0.27,949.49370664,89.26,921.91,2026-09-25
23J0019601,CRI,Iguatemi,OPEA SECURITIZADORA S/A,1ª,2028-10-16,"DI + 0,55%",,,,,,,,2026-09-25
23K0018602,CRI,MULTIPLAN EMPREENDIMENTOS IMOBILIÁRIOS S.A.,RIZA SECURITIZADORA S.A.,1ª,2031-01-15,"DI + 0,6%",0.4324,0.6496,0.2662,0.1,1032.6164919,100.44,664.31,2026-09-25
24B0013201,CRI,SOMA,RIZA SECURITIZADORA S.A.,1ª,2028-02-15,"DI + 0,6%",3.014,,2.4166,0.68,984.73116443,97.0,323.91,2026-09-25
23H1188857,CRI,RAIA DROGASIL S.A.,OPEA SECURITIZADORA S/A,2ª,2027-09-15,"DI + 0,65%",0.2168,0.4362,0.0862,0.25,1008.36260137,100.4,234.0,2026-09-25
CRA02300RS5,CRA,CAMIL ALIMENTOS S.A.,ECO SECURITIZADORA DE DIREITOS CREDITÓRIOS DO AGRONEGÓCIO S.A.,1ª,2028-11-16,"DI + 0,65%",3.787,4.3847,3.0698,0.72,995.49630661,94.59,455.17,2026-09-25
22C0023008,CRI,RAIA DROGASIL S.A.,OPEA SECURITIZADORA S/A,495ª,2027-03-08,"DI + 0,7%",0.2112,0.4296,0.0796,0.26,504.59705955,100.21,109.0,2026-09-25
23K0018401,CRI,DIRECIONAL ENGENHARIA S.A.,OPEA SECURITIZADORA S/A,1ª,2028-11-16,"DI + 0,7%",,,,,,,,2026-09-25
CRA02300GCY,CRA,IPIRANGA PRODUTOS DE PETRÓLEO S.A.,VERT COMPANHIA SECURITIZADORA,2ª,2027-07-16,"DI + 0,7%",0.4828,,,0.2,1029.3171546,100.16,187.9,2026-09-25
CRA025005V6,CRA,MINERVA S.A.,RIZA SECURITIZADORA S.A.,2ª,2033-07-15,"DI + 0,7%",3.5188,,3.0,0.41,916.7566971,89.16,1030.54,2026-09-25
22E1325261,CRI,HYPERA S.A.,OPEA SECURITIZADORA S/A,1ª,2027-08-16,"DI + 0,75%",0.5237,0.7312,0.3479,0.01,1017.3133415,100.19,212.97,2026-09-25
22F0230096,CRI,RAIA DROGASIL S.A.,OPEA SECURITIZADORA S/A,1ª,2029-06-26,"DI + 0,75%",0.2646,0.4729,0.1229,0.22,1045.41989983,100.93,481.69,2026-09-25
22K0934871,CRI,BCBF PARTICIPAÇÕES S.A.,RIZA SECURITIZADORA S.A.,1ª,2027-12-15,"DI + 0,75%",15.1952,17.4355,12.0887,0.54,897.72288063,86.24,277.25,2026-09-25
22I0970801,CRI,NATURA COSMÉTICOS S.A.,RIZA SECURITIZADORA S.A.,1ª,2027-09-15,"DI + 0,8%",0.3921,0.5596,0.2096,0.04,1008.14159398,100.38,233.91,2026-09-25
22J0305579,CRI,DIAGNÓSTICOS DA AMÉRICA S.A.,VERT COMPANHIA SECURITIZADORA,1ª,2027-10-15,"DI + 0,8%",5.6692,6.8215,4.031,1.0,1018.68995662,95.64,237.66,2026-09-25
CRA02300JG2,CRA,JBS S.A.,RIZA SECURITIZADORA S.A.,2ª,2028-09-15,"DI + 0,8%",0.5495,1.1623,-0.1543,0.07,1008.82187138,100.44,447.01,2026-09-25
CRA02300NRM,CRA,BANCO BTG PACTUAL S.A.,OPEA SECURITIZADORA S/A,2ª,2033-11-16,"DI + 0,8%",0.0113,0.2829,-0.167,0.37,1090.04877983,103.58,1134.64,2026-09-25
CRA0240066F,CRA,BRF S.A.,ECO SECURITIZADORA DE DIREITOS CREDITÓRIOS DO AGRONEGÓCIO S.A.,1ª,2029-06-15,"DI + 0,8%",3.0833,3.2729,2.5896,0.59,990.34504966,95.12,561.21,2026-09-25
22E1315701,CRI,EVEN CONSTRUTORA E INCORPORADORA S.A.,OPEA SECURITIZADORA S/A,1ª,2028-09-18,"DI + 0,9%",1.2324,,,0.2,960.77464666,99.7,231.47,2026-09-25
23J1142031,CRI,YDUQS PARTICIPAÇÕES S.A.,OPEA SECURITIZADORA S/A,2ª,2028-10-13,"DI + 0,9%",0.9078,1.0996,0.5426,0.06,1065.48637024,99.99,336.71,2026-09-25
CRA022008NC,CRA,SOROCABA REFRESCOS S.A.,ECO SECURITIZADORA DE DIREITOS CREDITÓRIOS DO AGRONEGÓCIO S.A.,1ª,2029-08-15,"DI + 0,9%",1.1121,1.9272,0.2772,0.07,759.03261035,99.66,414.87,2026-09-25
CRA023000GP,CRA,"VAMOS LOCAÇÃO DE CAMINHÕES, MÁQUINAS E EQUIPAMENTOS S.A.",ECO SECURITIZADORA DE DIREITOS CREDITÓRIOS DO AGRONEGÓCIO S.A.,1ª,2028-01-17,"DI + 0,9%",4.0664,4.8437,3.25,0.05,991.24338098,96.36,301.93,2026-09-25
CRA024007K9,CRA,COOXUPÉ - COOPERATIVA REGIONAL DE CAFEICULTORES EM GUAXUPÉ LTDA.,VERT COMPANHIA SECURITIZADORA,1ª,2029-07-16,"DI + 0,9%",1.4316,2.0967,0.7967,0.19,1018.11984614,98.98,493.79,2026-09-25
22F0315398,CRI,LOCALIZA RENT A CAR S.A.,RIZA SECURITIZADORA S.A.,1ª,2027-06-07,"DI + 0,95%",0.5396,0.6896,0.3229,0.22,1047.91605073,100.26,162.68,2026-09-25
CRA024002MJ,CRA,MARFRIG GLOBAL FOODS S.A.,ECO SECURITIZADORA DE DIREITOS CREDITÓRIOS DO AGRONEGÓCIO S.A.,1ª,2029-03-15,"DI + 0,95%",2.9677,3.2662,2.5829,0.59,962.90024785,95.87,536.4,2026-09-25
23H0027402,CRI,REDE D'OR SÃO LUIZ S.A.,OPEA SECURITIZADORA S/A,1ª,2028-08-15,DI + 1%,0.1513,0.3296,0.1347,0.08,1030.18555232,101.43,424.99,2026-09-25
CRA022006HJ,CRA,SÃO SALVADOR ALIMENTOS S.A.,ECO SECURITIZADORA DE DIREITOS CREDITÓRIOS DO AGRONEGÓCIO S.A.,1ª,2027-07-15,DI + 1%,1.0661,1.7897,0.2397,0.01,1028.38402341,99.95,190.71,2026-09-25
CRA022008C9,CRA,COMPANHIA DE LOCAÇÃO DAS AMÉRICAS,ECO SECURITIZADORA DE DIREITOS CREDITÓRIOS DO AGRONEGÓCIO S.A.,2ª,2028-09-15,DI + 1%,0.8052,1.2048,0.5032,0.12,1007.85777253,100.34,446.36,2026-09-25
CRA022008CB,CRA,JALLES MACHADO S.A.,ECO SECURITIZADORA DE DIREITOS CREDITÓRIOS DO AGRONEGÓCIO S.A.,1ª,2032-08-09,DI + 1%,1.4464,,1.4,0.14,990.75255946,98.37,939.41,2026-09-25
23H1191899,CRI,RAIA DROGASIL S.A.,OPEA SECURITIZADORA S/A,3ª,2030-09-16,"DI + 1,1%",0.4007,0.5847,0.2472,0.19,1024.25288545,101.97,708.93,2026-09-25
CRA024002S1,CRA,MINERVA S.A.,RIZA SECURITIZADORA S.A.,1ª,2029-03-15,"DI + 1,1%",3.3043,3.4984,2.7614,0.54,959.38132751,95.51,535.47,2026-09-25
CRA02400AHV,CRA,CEREAL COMÉRCIO EXPORTAÇÃO E REPRESENTAÇÃO AGROPECUÁRIA S.A.,RIZA SECURITIZADORA S.A.,1ª,2029-11-16,"DI + 1,1%",1.6415,2.3312,0.5666,0.07,1040.35938835,98.69,621.24,2026-09-25
23F2455020,CRI,Assai,TRUE SECURITIZADORA S/A,3ª,2028-07-15,"DI + 1,15%",,,,,,,,2026-09-25
CRA023000MC,CRA,"VAMOS LOCAÇÃO DE CAMINHÕES, MÁQUINAS E EQUIPAMENTOS S.A.",ECO SECURITIZADORA DE DIREITOS CREDITÓRIOS DO AGRONEGÓCIO S.A.,2ª,2030-01-15,"DI + 1,2%",4.9507,5.5648,4.0,0.12,1447.33085332,88.79,823.0,2026-09-25
CRA024001P7,CRA,JSL S.A.,ECO SECURITIZADORA DE DIREITOS CREDITÓRIOS DO AGRONEGÓCIO S.A.,3ª,2031-02-17,"DI + 1,2%",4.9674,5.75,4.1428,0.0,921.24817803,90.69,667.6,2026-09-25
CRA024007Q4,CRA,SLC MÁQUINAS LTDA.,OPEA SECURITIZADORA S/A,2ª,2031-08-15,"DI + 1,2%",1.3669,2.0598,0.7598,0.16,1011.42176625,99.56,672.97,2026-09-25
23C0247388,CRI,LOCALIZA RENT A CAR S.A.,RIZA SECURITIZADORA S.A.,1ª,2028-03-10,"DI + 1,25%",0.6284,0.8496,,0.08,1014.57237498,100.83,339.54,2026-09-25
23G0009601,CRI,DIMED S.A.,OPEA SECURITIZADORA S/A,1ª,2028-07-27,"DI + 1,3%",,,,,,,,2026-09-25
23C0247702,CRI,LOCALIZA RENT A CAR S.A.,RIZA SECURITIZADORA S.A.,2ª,2030-03-11,"DI + 1,4%",0.5459,,,0.23,1030.24678935,102.38,703.02,2026-09-25
CRA022008NF,CRA,IRANI PAPEL E EMBALAGEM S.A.,ECO SECURITIZADORA DE DIREITOS CREDITÓRIOS DO AGRONEGÓCIO S.A.,1ª,2027-08-16,"DI + 1,4%",1.0203,1.6681,0.4,0.3,1019.32881183,100.32,212.61,2026-09-25
CRA023002GX,CRA,INTEGRADA COOPERATIVA AGROINDUSTRIAL,ECO SECURITIZADORA DE DIREITOS CREDITÓRIOS DO AGRONEGÓCIO S.A.,1ª,2028-05-15,"DI + 1,4%",1.45,2.9333,-0.0333,0.0,421.90911618,99.95,265.46,2026-09-25
23J1127308,CRI,MOVIDA PARTICIPAÇÕES S.A.,OPEA SECURITIZADORA S/A,1ª,2028-10-16,"DI + 1,45%",4.6211,4.75,,0.03,1013.35222367,94.87,430.0,2026-09-25
22C1235206,CRI,HAVAN S.A.,OPEA SECURITIZADORA S/A,463ª,2027-04-27,"DI + 1,5%",0.8279,0.9112,0.5446,0.07,1003.64991925,100.37,138.2,2026-09-25
23I1257218,CRI,JSL S.A.,OPEA SECURITIZADORA S/A,2ª,2030-09-16,"DI + 1,5%",4.7078,,,1.83,912.84997564,90.87,769.52,2026-09-25
CRA0220080Y,CRA,NEOMILLE S.A.,ECO SECURITIZADORA DE DIREITOS CREDITÓRIOS DO AGRONEGÓCIO S.A.,1ª,2028-04-03,"DI + 1,5%",1.7988,2.7137,0.8737,0.09,428.75718574,99.73,235.88,2026-09-25
CRA02300G7E,CRA,MARFRIG GLOBAL FOODS S.A.,ECO SECURITIZADORA DE DIREITOS CREDITÓRIOS DO AGRONEGÓCIO S.A.,2ª,2028-08-15,"DI + 1,5%",2.8673,3.3462,2.5,0.46,993.65104529,97.78,422.38,2026-09-25
CRA02300MJ9,CRA,MINERVA S.A.,RIZA SECURITIZADORA S.A.,1ª,2028-09-15,"DI + 1,5%",2.6257,2.8529,1.0084,0.64,985.23607602,98.07,444.14,2026-09-25
CRA024003UY,CRA,LAR COOPERATIVA AGROINDUSTRIAL,ECO SECURITIZADORA DE DIREITOS CREDITÓRIOS DO AGRONEGÓCIO S.A.,2ª,2029-04-16,"DI + 1,55%",1.6974,2.1712,1.1712,0.07,1002.04457476,99.75,441.68,2026-09-25
CRA0240020A,CRA,VICUNHA TÊXTIL S.A.,RIZA SECURITIZADORA S.A.,1ª,2029-02-15,"DI + 1,6%",3.1345,3.9646,1.6187,0.24,985.70901631,96.99,513.55,2026-09-25
CRA0240099E,CRA,VALE DO TIJUCO AÇÚCAR E ÁLCOOL S.A.,ECO SECURITIZADORA DE DIREITOS CREDITÓRIOS DO AGRONEGÓCIO S.A.,1ª,2034-10-16,"DI + 1,6%",2.4648,,2.3737,0.72,1034.9559582,96.83,952.77,2026-09-25
CRA025009KJ,CRA,Salton,OPEA SECURITIZADORA S/A,1ª,2031-12-09,"DI + 1,6%",,,,,,,,2026-09-25
24A2720884,CRI,DIAGNÓSTICAS DA AMÉRICA S.A.,VERT COMPANHIA SECURITIZADORA,1ª,2029-01-15,"DI + 1,63%",4.9627,7.715,2.775,1.31,967.33200887,93.9,490.09,2026-09-25
22L1465644,CRI,ÂNIMA HOLDING S.A.,RIZA SECURITIZADORA S.A.,1ª,2027-12-15,"DI + 1,65%",2.3284,2.5,1.9,0.2,997.25266982,99.27,279.39,2026-09-25
CRA0230073L,CRA,J. MACÊDO S.A.,RIZA SECURITIZADORA S.A.,1ª,2028-04-17,"DI + 1,65%",0.8122,1.3247,,0.16,806.12684624,100.6,183.76,2026-09-25
23F0012002,CRI,LOG COMMERCIAL PROPERTIES E PARTICIPAÇÕES S.A.,OPEA SECURITIZADORA S/A,1ª,2028-06-26,"DI + 1,7%",1.1361,,0.6864,0.05,696.43222198,100.61,276.02,2026-09-25
23L2043099,CRI,Unidas,OPEA SECURITIZADORA S/A,1ª,2028-12-15,"DI + 1,7%",1.2666,,1.2,0.85,1052.28951175,100.81,473.44,2026-09-25
CRA02300VBT,CRA,UNIDAS LOCAÇÕES E SERVIÇOS S.A.,OPEA SECURITIZADORA S/A,1ª,2028-12-15,"DI + 1,7%",1.331,1.9331,0.4664,0.17,1051.03348917,100.69,473.38,2026-09-25
CRA022008NH,CRA,IRANI PAPEL E EMBALAGEM S.A.,ECO SECURITIZADORA DE DIREITOS CREDITÓRIOS DO AGRONEGÓCIO S.A.,2ª,2029-08-15,"DI + 1,75%",0.9975,1.4881,0.3714,0.07,1031.96142355,101.52,513.1,2026-09-25
CRA0230012X,CRA,VALE DO PONTAL AÇÚCAR E ETANOL S.A.,ECO SECURITIZADORA DE DIREITOS CREDITÓRIOS DO AGRONEGÓCIO S.A.,1ª,2031-02-17,"DI + 1,8%",2.2307,,1.5848,0.23,1003.77967972,98.75,753.1,2026-09-25
CRA0240005N,CRA,CEREAL COMÉRCIO EXPORTAÇÃO E REPRESENTAÇÃO AGROPECUÁRIA S.A.,RIZA SECURITIZADORA S.A.,1ª,2029-01-15,"DI + 1,8%",1.5515,2.2427,0.7627,0.23,1033.45897596,100.28,289.85,2026-09-25
24K0003002,CRI,PATRIMAR ENGENHARIA S.A.,RIZA SECURITIZADORA S.A.,1ª,2029-11-23,"DI + 1,95%",,,,,,,,2026-09-25
CRA02300Q8I,CRA,CAPAL COOPERATIVA AGROINDUSTRIAL,OPEA SECURITIZADORA S/A,1ª,2029-05-17,"DI + 1,95%",1.6872,2.4917,0.7,0.02,604.31045224,100.36,355.25,2026-09-25
23H1023846,CRI,BR PROPERTIES S.A.,OPEA SECURITIZADORA S/A,1ª,2031-08-15,DI + 2%,1.3446,1.5746,1.1748,0.11,938.10829168,101.8,698.72,2026-09-25
23J1333602,CRI,PATRIMAR ENGENHARIA S.A.,RIZA SECURITIZADORA S.A.,1ª,2028-10-20,DI + 2%,5.3527,,,0.26,1038.0937145,97.12,224.88,2026-09-25
CRA022001P6,CRA,USINA BATATAIS S.A.,RIZA SECURITIZADORA S.A.,1ª,2028-04-20,DI + 2%,1.3329,2.2047,0.4547,0.05,1010.39624446,100.92,352.28,2026-09-25
CRA022008C2,CRA,VICUNHA TÊXTIL S.A.,RIZA SECURITIZADORA S.A.,2ª,2027-08-16,DI + 2%,3.9717,4.5929,2.6157,1.54,500.26243459,98.4,212.17,2026-09-25
CRA02300S8P,CRA,FS INDÚSTRIA DE BIOCOMBUSTÍVEIS LTDA.,ECO SECURITIZADORA DE DIREITOS CREDITÓRIOS DO AGRONEGÓCIO S.A.,2ª,2030-06-17,DI + 2%,3.9183,4.1496,3.4569,0.49,953.22233538,94.87,708.43,2026-09-25
CRA024000B7,CRA,FS INDÚSTRIA DE BIOCOMBUSTÍVEIS LTDA.,ECO SECURITIZADORA DE DIREITOS CREDITÓRIOS DO AGRONEGÓCIO S.A.,2ª,2030-07-15,DI + 2%,4.0626,4.75,3.4,0.05,948.70615058,94.42,718.42,2026-09-25
23D0005401,CRI,ORIGINAL HOLDING S.A,OPEA SECURITIZADORA S/A,1ª,2028-04-15,"DI + 2,05%",,,,,,,,2026-09-25
CRA02300BQD,CRA,GJA INDÚSTRIAS S.A.,RIZA SECURITIZADORA S.A.,1ª,2029-07-16,"DI + 2,25%",,,,,,,,2026-09-25
CRA025000MJ,CRA,Integrada Cooperativa Agroindustrial,ECO SECURITIZADORA DE DIREITOS CREDITÓRIOS DO AGRONEGÓCIO S.A.,2ª,2029-05-15,"DI + 2,35%",2.2513,2.9597,1.5347,0.0,795.26715671,100.13,345.21,2026-09-25
22L1212138,CRI,LAR COOPERATIVA AGROINDUSTRIAL,HABITASEC SECURITIZADORA S.A.,2ª,2034-12-19,"DI + 2,45%",2.0024,2.9747,1.8397,0.59,914.59183508,101.25,717.91,2026-09-25
CRA02300KZL,CRA,FLORA PRODUTOS DE HIGIENE E LIMPEZA S.A.,OPEA SECURITIZADORA S/A,1ª,2029-10-15,"DI + 2,5%",1.8906,3.0,1.0722,0.01,787.75204725,100.79,332.18,2026-09-25
CRA024005K1,CRA,Natural One S.A.,ECO SECURITIZADORA DE DIREITOS CREDITÓRIOS DO AGRONEGÓCIO S.A.,1ª,2029-05-25,"DI + 2,5%",,,,,,,,2026-09-25
CRA02300795,CRA,FS INDÚSTRIA DE BIOCOMBUSTÍVEIS LTDA.,ECO SECURITIZADORA DE DIREITOS CREDITÓRIOS DO AGRONEGÓCIO S.A.,1ª,2029-10-15,"DI + 2,9%",4.0285,4.3398,3.4625,0.07,978.99922347,97.41,604.74,2026-09-25
CRA02300CCH,CRA,FS INDÚSTRIA DE BIOCOMBUSTÍVEIS LTDA.,ECO SECURITIZADORA DE DIREITOS CREDITÓRIOS DO AGRONEGÓCIO S.A.,1ª,2029-12-17,"DI + 2,9%",4.0603,4.5084,3.4625,0.06,977.17168276,97.23,629.99,2026-09-25
CRA0250040I,CRA,Natural One S.A,ECO SECURITIZADORA DE DIREITOS CREDITÓRIOS DO AGRONEGÓCIO S.A.,1ª,2029-06-15,"DI + 2,9%",,,,,,,,2026-09-25
CRA0220099D,CRA,CENTRAL CRESOL BASER,ECO SECURITIZADORA DE DIREITOS CREDITÓRIOS DO AGRONEGÓCIO S.A.,1ª,2027-12-15,"DI + 2,95%",1.1537,1.8677,0.4477,0.07,353.2475365,101.16,166.13,2026-09-25
CRA023003JX,CRA,OLFAR S.A.,RIZA SECURITIZADORA S.A.,1ª,2029-03-15,DI + 3%,2.1777,3.6,1.1697,0.03,725.25062664,101.03,321.17,2026-09-25
CRA0240086H,CRA,DISTRIBUIDORA DE PRODUTOS DE PETRÓLEO CHARRUA LTDA.,OPEA SECURITIZADORA S/A,1ª,2029-08-23,DI + 3%,3.0783,3.6934,,0.35,999.71351233,99.85,509.52,2026-09-25
CRA0250012Y,CRA,FS FLORESTAL S.A.,ECO SECURITIZADORA DE DIREITOS CREDITÓRIOS DO AGRONEGÓCIO S.A.,2ª,2031-03-17,DI + 3%,3.6818,4.2262,3.4,0.34,984.20673919,97.93,798.44,2026-09-25
23F0012602,CRI,FARMACIA E DROGARIA NISSEI S.A.,OPEA SECURITIZADORA S/A,1ª,2028-06-22,"DI + 3,5%",,,,,,,,2026-09-25
CRA022000RU,CRA,MADERO INDÚSTRIA E COMÉRCIO S.A.,ECO SECURITIZADORA DE DIREITOS CREDITÓRIOS DO AGRONEGÓCIO S.A.,2ª,2027-03-15,"DI + 3,5%",3.7661,4.0546,,0.19,140.1712342,99.94,62.45,2026-09-25
CRA024002MM,CRA,USINA SANTA FÉ S.A.,ECO SECURITIZADORA DE DIREITOS CREDITÓRIOS DO AGRONEGÓCIO S.A.,1ª,2029-12-17,DI + 4%,3.2496,4.8147,1.1666,0.27,888.91907168,101.05,364.51,2026-09-25
CRA02400ECU,CRA,USINA CORURIPE AÇÚCAR E ÁLCOOL S.A.,ECO SECURITIZADORA DE DIREITOS CREDITÓRIOS DO AGRONEGÓCIO S.A.,5ª,2030-11-25,"DI + 4,1%",4.6092,5.0246,4.5912,0.45,4977.49476844,99.17,429.32,2026-09-25
CRA023001JL,CRA,PISANI PLÁSTICOS S.A.,ECO SECURITIZADORA DE DIREITOS CREDITÓRIOS DO AGRONEGÓCIO S.A.,1ª,2029-02-20,DI + 5%,4.1295,,,0.15,543.36912885,100.9,270.4,2026-09-25
CRA02300KOH,CRA,TECSOIL AUTOMAÇÃO E SISTEMAS S.A.,OPEA SECURITIZADORA S/A,1ª,2028-10-16,"DI + 5,5%",3.0392,4.0136,2.1011,0.08,713.94468162,102.22,235.02,2026-09-25
CRA02300JR6,CRA,RAÍZEN ENERGIA S.A.,TRUE SECURITIZADORA S/A,2ª,2033-10-17,IPCA + 0%,,,,,492.34835565,43.29,,2026-09-25
CRA019003JY,CRA,KLABIN S.A.,VERT COMPANHIA SECURITIZADORA,1ª,2029-06-15,"IPCA + 3,5%",7.364,7.7007,7.1529,0.09,1394.52381376,94.15,411.12,2026-09-25
CRA019003V3,CRA,RAÍZEN ENERGIA S.A.,OPEA SECURITIZADORA S/A,2ª,2029-07-16,"IPCA + 3,602%",,,,,692.65254088,47.28,,2026-09-25
CRA021000MG,CRA,M. DIAS BRANCO S.A. INDÚSTRIA E COMÉRCIO DE ALIMENTOS,RIZA SECURITIZADORA S.A.,1ª,2028-03-15,"IPCA + 3,7992%",7.891,8.1544,7.722,0.12,1296.29476412,94.63,359.95,2026-09-25
CRA021000MH,CRA,M. DIAS BRANCO S.A. INDÚSTRIA E COMÉRCIO DE ALIMENTOS,RIZA SECURITIZADORA S.A.,2ª,2031-03-15,"IPCA + 4,1369%",8.4394,8.6577,8.1299,0.15,1203.51336371,87.84,801.78,2026-09-25
CRA02100002,CRA,COCAL COMÉRCIO INDÚSTRIA CANAÃ AÇÚCAR E ÁLCOOL LTDA.,RIZA SECURITIZADORA S.A.,2ª,2028-02-15,"IPCA + 4,2095%",8.3052,8.7745,6.9178,0.27,615.24598859,97.21,184.08,2026-09-25
CRA021000MB,CRA,COLOMBO AGROINDÚSTRIA S.A.,ECO SECURITIZADORA DE DIREITOS CREDITÓRIOS DO AGRONEGÓCIO S.A.,1ª,2027-03-15,"IPCA + 4,4474%",7.9859,8.8992,6.7911,0.21,668.47876132,98.5,114.0,2026-09-25
CRA021001PQ,CRA,MARFRIG GLOBAL FOODS S.A.,OPEA SECURITIZADORA S/A,1ª,2028-07-15,"IPCA + 4,5%",12.7499,13.0538,12.3433,0.36,1164.82121131,87.73,433.5,2026-09-25
CRA019001E7,CRA,KLABIN S.A.,VERT COMPANHIA SECURITIZADORA,2ª,2029-03-15,"IPCA + 4,5081%",7.3878,7.7217,7.0542,0.12,1453.32163383,96.31,346.74,2026-09-25
CRA021001VA,CRA,MARFRIG GLOBAL FOODS S.A.,OPEA SECURITIZADORA S/A,2ª,2031-07-15,"IPCA + 4,6%",12.1167,12.6331,11.0353,1.07,1047.83572084,78.9,849.65,2026-09-25
21G0065100,CRI,ALIANSCE SONAE SHOPPING CENTERS S.A.,RB CAPITAL INVESTIMENTOS DTVM LTDA,347ª,2028-07-17,"IPCA + 4,6197%",8.1768,,,0.22,1255.72845744,94.42,432.78,2026-09-25
CRA0210013B,CRA,BRF S.A.,VERT COMPANHIA SECURITIZADORA,1ª,2031-05-15,"IPCA + 4,7843%",12.1075,12.2679,11.147,1.12,1034.11647299,76.01,1010.59,2026-09-25
CRA021001KB,CRA,COMPANHIA DE LOCAÇÃO DAS AMÉRICAS,ECO SECURITIZADORA DE DIREITOS CREDITÓRIOS DO AGRONEGÓCIO S.A.,1ª,2031-07-15,"IPCA + 4,825%",7.9693,9.0059,7.3665,0.27,1206.44151845,90.37,858.51,2026-09-25
CRA021002SO,CRA,IPIRANGA PRODUTOS DE PETRÓLEO S.A.,VERT COMPANHIA SECURITIZADORA,1ª,2028-09-15,"IPCA + 4,8287%",8.2006,8.8633,7.8657,0.38,1227.32775769,94.19,476.18,2026-09-25
21D0737500,CRI,DIRECIONAL ENGENHARIA S.A.,OPEA SECURITIZADORA S/A,371ª,2028-04-17,"IPCA + 4,8444%",7.1721,7.5489,6.991,0.08,879.52455299,97.81,253.42,2026-09-25
21D0862572,CRI,REDE D'OR SÃO LUIZ S.A.,OPEA SECURITIZADORA S/A,324ª,2036-05-15,"IPCA + 4,9347%",8.4762,,8.2024,0.18,1090.53965903,79.67,1691.94,2026-09-25
21H1078699,CRI,SENDAS DISTRIBUIDORA S.A.,OPEA SECURITIZADORA S/A,428ª,2028-10-16,"IPCA + 5,1531%",10.7415,11.0292,10.3042,0.24,1186.75534952,90.56,481.54,2026-09-25
21H1078700,CRI,SENDAS DISTRIBUIDORA S.A.,OPEA SECURITIZADORA S/A,429ª,2031-10-15,"IPCA + 5,2662%",12.0177,12.3352,11.6787,0.11,1052.63068945,80.28,877.42,2026-09-25
CRA020002GZ,CRA,BRF S.A.,VERT COMPANHIA SECURITIZADORA,1ª,2027-07-15,"IPCA + 5,3%",9.8124,10.5074,8.3141,1.08,1404.49067087,96.79,195.77,2026-09-25
21D0694886,CRI,CONSTRUTORA TENDA S.A.,OPEA SECURITIZADORA S/A,378ª,2028-04-17,"IPCA + 5,3621%",9.2344,10.1435,8.9168,0.82,886.79111706,96.48,249.0,2026-09-25
CRA021002NF,CRA,PETROBRAS DISTRIBUIDORA S.A.,RIZA SECURITIZADORA S.A.,1ª,2031-09-15,"IPCA + 5,3995%",9.1459,9.4535,8.7151,0.3,1153.5811035,88.15,904.88,2026-09-25
CRA020001P7,CRA,RAÍZEN ENERGIA S.A.,OPEA SECURITIZADORA S/A,1ª,2027-06-15,"IPCA + 5,4%",,,,,618.22657836,43.45,,2026-09-25
CRA021000RX,CRA,MINERVA S.A.,RIZA SECURITIZADORA S.A.,1ª,2028-04-17,"IPCA + 5,5034%",12.5517,12.5825,11.1329,0.99,1255.8907828,90.97,368.09,2026-09-25
21I0278118,CRI,LOG COMMERCIAL PROPERTIES E PARTICIPAÇÕES S.A.,RIZA SECURITIZADORA S.A.,362ª,2028-09-15,"IPCA + 5,5212%",11.6472,,10.1972,1.23,604.87987651,92.36,352.83,2026-09-25
21K0001806,CRI,REDE D'OR SÃO LUIZ S.A.,OPEA SECURITIZADORA S/A,396ª,2031-12-15,"IPCA + 5,5758%",8.4619,8.6757,8.1275,0.09,1161.61880279,90.5,927.42,2026-09-25
CRA021000RY,CRA,MINERVA S.A.,RIZA SECURITIZADORA S.A.,39ª,2031-04-15,"IPCA + 5,578%",11.1222,12.3405,10.8802,0.2,1177.32654269,85.25,777.15,2026-09-25
CRA020002H1,CRA,BRF S.A.,VERT COMPANHIA SECURITIZADORA,2ª,2030-07-15,"IPCA + 5,6%",11.4865,12.6298,10.6753,1.32,1264.75251135,87.11,635.02,2026-09-25
CRA022002Y1,CRA,NORSA REFRIGERANTES S.A.,RIZA SECURITIZADORA S.A.,1ª,2027-03-15,"IPCA + 5,685%",6.9888,7.4017,6.8789,0.21,602.94437253,99.45,114.0,2026-09-25
CRA020003PY,CRA,"VAMOS LOCAÇÃO DE CAMINHÕES, MÁQUINAS E EQUIPAMENTOS S.A.",ECO SECURITIZADORA DE DIREITOS CREDITÓRIOS DO AGRONEGÓCIO S.A.,1ª,2030-11-18,"IPCA + 5,7315%",11.338,13.3159,10.4502,1.75,1238.36550286,86.54,698.23,2026-09-25
21K0001812,CRI,ULTRA SOM SERVIÇOS MÉDICOS S.A.,RIZA SECURITIZADORA S.A.,378ª,2031-12-15,"IPCA + 5,7505%",20.736,23.137,18.1798,1.51,753.62567857,58.97,970.56,2026-09-25
CRA021002YA,CRA,CARAMURU ALIMENTOS S.A.,ECO SECURITIZADORA DE DIREITOS CREDITÓRIOS DO AGRONEGÓCIO S.A.,1ª,2027-09-15,"IPCA + 5,7641%",9.6617,10.879,7.776,0.4,247.60876962,96.63,238.51,2026-09-25
CRA020001P8,CRA,RAÍZEN ENERGIA S.A.,TRUE SECURITIZADORA S/A,2ª,2030-06-17,"IPCA + 5,8%",,,,,606.17617786,42.56,,2026-09-25
22D1289007,CRI,REDE D'OR SÃO LUIZ S.A.,OPEA SECURITIZADORA S/A,508ª,2029-06-15,"IPCA + 5,83%",8.2313,8.4635,7.8481,0.13,1146.0857595,94.57,625.9,2026-09-25
22D1289010,CRI,CYRELA BRAZIL REALTY S.A.,OPEA SECURITIZADORA S/A,490ª,2027-06-15,"IPCA + 5,9068%",6.4364,,6.1045,0.28,1229.06217896,99.66,173.49,2026-09-25
CRA022002Y2,CRA,NORSA REFRIGERANTES S.A.,RIZA SECURITIZADORA S.A.,2ª,2029-03-15,"IPCA + 5,9169%",8.5231,8.9616,8.4322,0.28,1159.16770223,95.59,466.92,2026-09-25
CRA022006N5,CRA,IPIRANGA PRODUTOS DE PETRÓLEO S.A.,VERT COMPANHIA SECURITIZADORA,1ª,2032-06-15,"IPCA + 6,0053%",8.4673,9.1189,8.0642,0.32,1103.07449708,91.13,1013.59,2026-09-25
22D1289008,CRI,REDE D'OR SÃO LUIZ S.A.,OPEA SECURITIZADORA S/A,509ª,2032-06-15,"IPCA + 6,01%",8.4877,8.6732,,0.08,1104.27751367,91.08,1013.41,2026-09-25
CRA022002Y3,CRA,NORSA REFRIGERANTES S.A.,RIZA SECURITIZADORA S.A.,3ª,2032-03-15,"IPCA + 6,0392%",8.573,,,0.07,1105.65075147,91.17,981.47,2026-09-25
21K0001807,CRI,REDE D'OR SÃO LUIZ S.A.,OPEA SECURITIZADORA S/A,397ª,2036-12-15,"IPCA + 6,1017%",8.5244,8.7241,8.157,0.08,1099.12978448,85.51,1719.97,2026-09-25
22K0001201,CRI,PETRÓLEO BRASILEIRO S.A. - PETROBRAS,OPEA SECURITIZADORA S/A,1ª,2030-04-15,"IPCA + 6,2%",7.3461,7.4939,7.2294,0.1,1185.26178518,96.65,799.93,2026-09-25
23H0027403,CRI,REDE D'OR SÃO LUIZ S.A.,OPEA SECURITIZADORA S/A,2ª,2030-08-15,"IPCA + 6,2%",8.4106,8.642,8.0882,0.13,1074.7197536,93.13,868.97,2026-09-25
CRA022006MY,CRA,Dexco S.A.,ECO SECURITIZADORA DE DIREITOS CREDITÓRIOS DO AGRONEGÓCIO S.A.,2ª,2032-06-15,"IPCA + 6,2%",,,,,,,,2026-09-25
22K0001203,CRI,PETRÓLEO BRASILEIRO S.A. - PETROBRAS,OPEA SECURITIZADORA S/A,2ª,2032-11-16,"IPCA + 6,25%",7.4864,7.591,,0.2,1186.60030965,94.41,1246.79,2026-09-25
22E1325262,CRI,HYPERA S.A.,OPEA SECURITIZADORA S/A,2ª,2029-08-15,"IPCA + 6,279%",8.6341,8.8397,8.2962,0.25,1132.34824612,94.37,665.57,2026-09-25
CRA021002YF,CRA,J. MACÊDO S.A.,ECO SECURITIZADORA DE DIREITOS CREDITÓRIOS DO AGRONEGÓCIO S.A.,1ª,2026-11-16,"IPCA + 6,3071%",8.6179,10.9626,6.1939,1.66,61.19851292,99.8,23.44,2026-09-25
CRA02300S35,CRA,CAMIL ALIMENTOS S.A.,ECO SECURITIZADORA DE DIREITOS CREDITÓRIOS DO AGRONEGÓCIO S.A.,2ª,2030-11-18,"IPCA + 6,3416%",12.8593,13.2073,12.1542,0.14,962.92936455,82.78,792.58,2026-09-25
22C1362141,CRI,MATEUS SUPERMERCADOS S.A.,OPEA SECURITIZADORA S/A,1ª,2034-07-17,"IPCA + 6,3423%",10.607,,10.1434,0.15,818.39686075,88.0,795.68,2026-09-25
22B0004808,CRI,CSN CIMENTOS S.A.,RIZA SECURITIZADORA S.A.,417ª,2032-02-16,"IPCA + 6,3893%",16.9619,19.5432,12.86,0.28,871.93263525,70.09,923.73,2026-09-25
CRA022008N6,CRA,JBS S.A.,RIZA SECURITIZADORA S.A.,2ª,2032-09-15,"IPCA + 6,3919%",9.1981,10.5846,7.5611,0.16,1075.68136487,89.49,1067.68,2026-09-25
22K0001204,CRI,PETRÓLEO BRASILEIRO S.A. - PETROBRAS,OPEA SECURITIZADORA S/A,3ª,2037-11-16,"IPCA + 6,4%",,,,,,,,2026-09-25
24B0013203,CRI,CIDADE MARAVILHOSA INDÚSTRIA E COMÉRCIO DE ROUPAS S.A.,RIZA SECURITIZADORA S.A.,3ª,2030-02-15,"IPCA + 6,4%",11.1539,,10.4535,0.78,1004.52727051,89.16,658.27,2026-09-25
CRA02300CYS,CRA,BANCO BTG PACTUAL S.A.,OPEA SECURITIZADORA S/A,3ª,2033-07-15,"IPCA + 6,4338%",7.3891,7.5509,7.1145,0.19,1106.78155526,95.19,1385.28,2026-09-25
22E1325264,CRI,HYPERA S.A.,OPEA SECURITIZADORA S/A,3ª,2032-08-16,"IPCA + 6,4451%",8.8576,9.2872,8.8466,0.07,1092.80768489,91.06,1047.42,2026-09-25
CRA024001P6,CRA,JSL S.A.,ECO SECURITIZADORA DE DIREITOS CREDITÓRIOS DO AGRONEGÓCIO S.A.,2ª,2031-02-17,"IPCA + 6,4527%",13.7451,14.2119,12.6597,0.67,924.5216166,81.96,747.29,2026-09-25
22E1095384,CRI,MRV ENGENHARIA E PARTICIPAÇÕES S.A.,OPEA SECURITIZADORA S/A,1ª,2030-09-16,"IPCA + 6,4802%",12.7644,,11.7283,0.33,1023.98276565,85.73,670.26,2026-09-25
21J0001208,CRI,TENDA ATACADO S.A.,RIZA SECURITIZADORA S.A.,306ª,2026-10-15,"IPCA + 6,4803%",11.7524,,10.8524,0.72,440.27846226,99.75,13.0,2026-09-25
22F0009804,CRI,DIRECIONAL ENGENHARIA S.A.,OPEA SECURITIZADORA S/A,1ª,2032-06-15,"IPCA + 6,4899%",8.8155,9.0081,8.4028,0.15,1109.85446934,91.71,1003.14,2026-09-25
22F0009409,CRI,GJA INDÚSTRIAS S.A.,RIZA SECURITIZADORA S.A.,1ª,2029-06-15,"IPCA + 6,5%",12.1959,,11.8851,1.09,1071.78771788,89.93,510.69,2026-09-25
CRA022003JT,CRA,BEM BRASIL ALIMENTOS S.A.,ECO SECURITIZADORA DE DIREITOS CREDITÓRIOS DO AGRONEGÓCIO S.A.,1ª,2029-05-15,"IPCA + 6,5348%",9.0323,10.1713,7.2337,0.02,1183.16166968,96.59,375.36,2026-09-25
CRA022004MS,CRA,"VAMOS LOCAÇÃO DE CAMINHÕES, MÁQUINAS E EQUIPAMENTOS S.A.",ECO SECURITIZADORA DE DIREITOS CREDITÓRIOS DO AGRONEGÓCIO S.A.,1ª,2032-05-17,"IPCA + 6,5473%",14.0339,14.0776,12.6476,0.38,941.05439758,76.92,954.51,2026-09-25
23H0027404,CRI,REDE D'OR SÃO LUIZ S.A.,OPEA SECURITIZADORA S/A,3ª,2033-08-15,"IPCA + 6,55%",8.4986,8.8185,8.1721,0.25,1056.66988284,91.53,1223.47,2026-09-25
CRA022008NB,CRA,RAÍZEN ENERGIA S.A.,OPEA SECURITIZADORA S/A,1ª,2032-08-16,"IPCA + 6,5885%",,,,,576.80305339,47.64,,2026-09-25
22B0006022,CRI,MRV ENGENHARIA E PARTICIPAÇÕES S.A.,RIZA SECURITIZADORA S.A.,442ª,2029-02-15,"IPCA + 6,5954%",12.7228,,11.9905,0.98,1130.02415477,90.61,442.51,2026-09-25
CRA024004SA,CRA,JBS S.A.,RIZA SECURITIZADORA S.A.,2ª,2034-05-15,"IPCA + 6,5975%",9.0222,10.3782,7.8748,0.13,992.70930116,87.58,1468.07,2026-09-25
22J0306937,CRI,DIAGNÓSTICOS DA AMÉRICA S.A.,VERT COMPANHIA SECURITIZADORA,2ª,2029-10-15,"IPCA + 6,6%",13.3987,14.881,11.6194,0.54,1040.42624872,84.64,674.67,2026-09-25
CRA02300G7F,CRA,MARFRIG GLOBAL FOODS S.A.,ECO SECURITIZADORA DE DIREITOS CREDITÓRIOS DO AGRONEGÓCIO S.A.,3ª,2030-08-15,"IPCA + 6,6%",12.7191,13.0058,12.3492,0.08,954.84648529,82.63,854.95,2026-09-25
CRA022008C7,CRA,COMPANHIA DE LOCAÇÃO DAS AMÉRICAS,ECO SECURITIZADORA DE DIREITOS CREDITÓRIOS DO AGRONEGÓCIO S.A.,1ª,2028-09-15,"IPCA + 6,6018%",8.4892,8.9312,8.1247,0.21,1162.3427069,96.78,470.45,2026-09-25
24E1835896,CRI,HSL,TRUE SECURITIZADORA S/A,1ª,2034-06-15,"IPCA + 6,6075%",,,,,,,,2026-09-25
CRA022007KI,CRA,COCAL COMÉRCIO INDÚSTRIA CANAÃ AÇÚCAR E ÁLCOOL LTDA.,RIZA SECURITIZADORA S.A.,1ª,2030-08-15,"IPCA + 6,6234%",11.3617,11.8311,10.5273,0.44,1069.57290351,89.31,650.51,2026-09-25
CRA02300JG3,CRA,JBS S.A.,RIZA SECURITIZADORA S.A.,3ª,2030-09-16,"IPCA + 6,6441%",9.0665,10.3892,7.5331,0.04,1057.87661202,92.4,883.7,2026-09-25
CRA022008N7,CRA,JBS S.A.,RIZA SECURITIZADORA S.A.,3ª,2037-09-15,"IPCA + 6,6614%",9.7766,10.3665,9.176,0.58,975.64783717,81.16,1785.4,2026-09-25
CRA022000XF,CRA,MARFRIG GLOBAL FOODS S.A.,ECO SECURITIZADORA DE DIREITOS CREDITÓRIOS DO AGRONEGÓCIO S.A.,3ª,2032-01-15,"IPCA + 6,663%",12.5135,,11.3368,0.3,1037.0119674,82.16,915.03,2026-09-25
CRA02300JG4,CRA,JBS S.A.,RIZA SECURITIZADORA S.A.,4ª,2033-09-15,"IPCA + 6,6634%",9.1885,10.425,7.8532,0.2,1019.75405599,89.07,1236.32,2026-09-25
24F1277567,CRI,DIRECIONAL ENGENHARIA S.A.,OPEA SECURITIZADORA S/A,2ª,2031-07-15,"IPCA + 6,6747%",8.7705,8.9764,8.3146,0.16,1036.00078037,93.02,933.76,2026-09-25
23L1737622,CRI,REDE D'OR SÃO LUIZ S.A.,OPEA SECURITIZADORA S/A,1ª,2033-12-15,"IPCA + 6,6941%",,,,,,,,2026-09-25
22G1414303,CRI,SENDAS DISTRIBUIDORA S.A.,OPEA SECURITIZADORA S/A,3ª,2029-09-17,"IPCA + 6,7%",11.6282,,,0.23,1083.50493102,90.2,573.47,2026-09-25
CRA022008ND,CRA,RAÍZEN ENERGIA S.A.,OPEA SECURITIZADORA S/A,2ª,2037-08-17,"IPCA + 6,7382%",,,,,512.98963865,42.33,,2026-09-25
CRA0240066J,CRA,SLC AGRICOLA II,RIZA SECURITIZADORA S.A.,3ª,2031-07-15,"IPCA + 6,7469%",9.1151,9.9862,7.9437,0.48,1027.56714317,92.06,947.21,2026-09-25
22J0306938,CRI,DIAGNÓSTICOS DA AMÉRICA S.A.,VERT COMPANHIA SECURITIZADORA,3ª,2032-10-15,"IPCA + 6,75%",13.143,15.3595,10.8459,0.22,967.43115534,78.66,1019.55,2026-09-25
CRA0240020C,CRA,VICUNHA II,RIZA SECURITIZADORA S.A.,3ª,2031-02-15,"IPCA + 6,7641%",,,,,,,,2026-09-25
CRA022007EP,CRA,KLABIN S.A.,VERT COMPANHIA SECURITIZADORA,1ª,2034-05-15,"IPCA + 6,7694%",7.7644,8.1221,7.6054,0.13,1149.20880804,94.67,1480.16,2026-09-25
CRA024004SB,CRA,JBS S.A.,RIZA SECURITIZADORA S.A.,3ª,2039-05-16,"IPCA + 6,7825%",8.7417,10.1018,7.2773,0.0,982.99084826,86.67,1943.61,2026-09-25
CRA0240086K,CRA,SEARA ALIMENTOS LTDA.,RIZA SECURITIZADORA S.A.,2ª,2034-09-15,"IPCA + 6,7931%",8.8581,10.1194,8.0837,0.05,974.32324882,88.79,1549.25,2026-09-25
CRA024002ML,CRA,MARFRIG GLOBAL FOODS S.A.,ECO SECURITIZADORA DE DIREITOS CREDITÓRIOS DO AGRONEGÓCIO S.A.,3ª,2034-03-15,"IPCA + 6,7996%",12.7752,13.0558,11.6979,0.18,842.19822577,75.39,1278.98,2026-09-25
22I0970804,CRI,NATURA COSMÉTICOS S.A.,RIZA SECURITIZADORA S.A.,2ª,2029-09-17,"IPCA + 6,8%",8.9549,,8.8599,0.05,1139.14947969,94.72,683.27,2026-09-25
CRA0240066B,CRA,CAMIL ALIMENTOS S.A.,ECO SECURITIZADORA DE DIREITOS CREDITÓRIOS DO AGRONEGÓCIO S.A.,2ª,2031-06-16,"IPCA + 6,8286%",12.4145,,11.3805,0.73,937.22506087,83.24,897.04,2026-09-25
CRA0220079D,CRA,BRF S.A.,VERT COMPANHIA SECURITIZADORA,2ª,2032-07-15,"IPCA + 6,8344%",12.7433,13.0451,12.2505,0.05,985.95959039,80.54,997.83,2026-09-25
CRA0240086L,CRA,SEARA ALIMENTOS LTDA.,RIZA SECURITIZADORA S.A.,3ª,2044-09-15,"IPCA + 6,8408%",9.4245,9.8915,8.9968,0.48,873.27412829,79.58,2310.95,2026-09-25
CRA022006HK,CRA,SÃO SALVADOR ALIMENTOS S.A.,ECO SECURITIZADORA DE DIREITOS CREDITÓRIOS DO AGRONEGÓCIO S.A.,2ª,2030-07-15,"IPCA + 6,8911%",8.7381,9.8501,7.5445,0.38,1152.54992082,95.78,632.19,2026-09-25
22I0970868,CRI,NATURA COSMÉTICOS S.A.,RIZA SECURITIZADORA S.A.,3ª,2032-09-15,"IPCA + 6,9%",9.0642,9.5253,,0.06,1104.99622124,91.88,1059.46,2026-09-25
23L1737623,CRI,REDE D'OR SÃO LUIZ S.A.,OPEA SECURITIZADORA S/A,2ª,2038-12-15,"IPCA + 6,9527%",8.4785,,8.0565,0.13,1037.40385067,89.66,1912.87,2026-09-25
CRA022004S9,CRA,"VAMOS LOCAÇÃO DE CAMINHÕES, MÁQUINAS E EQUIPAMENTOS S.A.",ECO SECURITIZADORA DE DIREITOS CREDITÓRIOS DO AGRONEGÓCIO S.A.,2ª,2037-05-15,"IPCA + 6,9739%",13.1445,,12.2396,1.09,843.53380768,68.85,1592.31,2026-09-25
CRA02300JG5,CRA,JBS S.A.,RIZA SECURITIZADORA S.A.,5ª,2038-09-15,"IPCA + 6,9938%",9.7991,10.3622,9.184,0.59,939.77795468,82.08,1875.53,2026-09-25
CRA024004SC,CRA,JBS S.A.,RIZA SECURITIZADORA S.A.,4ª,2044-05-16,"IPCA + 6,9947%",9.6916,10.486,8.9991,0.49,904.65510981,79.7,2194.83,2026-09-25
CRA022004XY,CRA,USINA CERRADÃO S.A.,ECO SECURITIZADORA DE DIREITOS CREDITÓRIOS DO AGRONEGÓCIO S.A.,1ª,2028-05-15,"IPCA + 6,9949%",7.7067,,7.4299,0.07,810.97361589,99.3,267.4,2026-09-25
22F0009410,CRI,GJA INDÚSTRIAS S.A.,RIZA SECURITIZADORA S.A.,2ª,2032-06-15,IPCA + 7%,11.5947,,,1.21,1009.62697707,84.7,983.38,2026-09-25
23F1519397,CRI,MOVIDA PARTICIPAÇÕES S.A.,OPEA SECURITIZADORA S/A,3ª,2028-06-16,IPCA + 7%,13.313,13.7799,,0.37,1068.060841,91.2,403.94,2026-09-25
24G1674104,CRI,JHSF PARTICIPAÇÕES S.A.,OPEA SECURITIZADORA S/A,4ª,2034-07-17,"IPCA + 7,0163%",8.923,9.1098,8.5636,0.11,894.91515508,92.42,1109.82,2026-09-25
CRA02200C6Y,CRA,MARFRIG GLOBAL FOODS S.A.,ECO SECURITIZADORA DE DIREITOS CREDITÓRIOS DO AGRONEGÓCIO S.A.,1ª,2029-10-15,"IPCA + 7,0383%",12.808,13.1337,11.1375,0.41,1061.82122043,86.87,671.14,2026-09-25
CRA024007PU,CRA,SOROCABA REFRESCOS S.A.,ECO SECURITIZADORA DE DIREITOS CREDITÓRIOS DO AGRONEGÓCIO S.A.,2ª,2034-08-15,"IPCA + 7,05%",9.8701,10.3872,9.5126,0.42,960.18616763,86.8,1356.26,2026-09-25
22K0934880,CRI,BCBF PARTICIPAÇÕES S.A.,RIZA SECURITIZADORA S.A.,2ª,2029-12-17,"IPCA + 7,0913%",21.1514,21.9897,18.0351,1.0,854.36002602,70.63,699.28,2026-09-25
CRA022006HE,CRA,AÇO VERDE DO BRASIL S.A.,RIZA SECURITIZADORA S.A.,1ª,2029-06-15,"IPCA + 7,1543%",10.4467,11.0233,9.6972,0.58,1156.77331383,95.36,393.19,2026-09-25
CRA023000RT,CRA,"VAMOS LOCAÇÃO DE CAMINHÕES, MÁQUINAS E EQUIPAMENTOS S.A.",ECO SECURITIZADORA DE DIREITOS CREDITÓRIOS DO AGRONEGÓCIO S.A.,3ª,2030-01-15,"IPCA + 7,1638%",14.1397,14.5912,12.7241,0.06,993.70548695,83.21,729.12,2026-09-25
CRA022006BU,CRA,CARAMURU ALIMENTOS S.A.,ECO SECURITIZADORA DE DIREITOS CREDITÓRIOS DO AGRONEGÓCIO S.A.,1ª,2029-07-16,"IPCA + 7,2043%",10.4069,11.6253,8.5999,1.27,687.2803365,95.29,410.4,2026-09-25
CRA0220073P,CRA,MINERVA S.A.,RIZA SECURITIZADORA S.A.,1ª,2029-07-16,"IPCA + 7,2063%",11.8476,12.3552,11.1503,0.92,1081.1180929,89.85,633.93,2026-09-25
CRA0240066K,CRA,BRF S.A.,ECO SECURITIZADORA DE DIREITOS CREDITÓRIOS DO AGRONEGÓCIO S.A.,3ª,2034-06-15,"IPCA + 7,2336%",12.1076,12.8385,11.3019,1.14,893.71451929,79.38,1280.82,2026-09-25
22K0934889,CRI,BCBF PARTICIPAÇÕES S.A.,RIZA SECURITIZADORA S.A.,3ª,2034-12-15,"IPCA + 7,2792%",20.7491,23.154,17.4888,1.51,651.00661851,53.79,1222.71,2026-09-25
CRA024001QA,CRA,ZAMP S.A.,RIZA SECURITIZADORA S.A.,3ª,2029-02-15,"IPCA + 7,3%",9.772,,9.5949,0.42,1080.41786408,95.12,552.5,2026-09-25
CRA024007Q5,CRA,SLC MÁQUINAS LTDA.,OPEA SECURITIZADORA S/A,3ª,2031-08-15,"IPCA + 7,31%",10.1294,10.3467,9.4009,0.67,1026.37689542,92.6,741.9,2026-09-25
CRA02200C6Z,CRA,MARFRIG GLOBAL FOODS S.A.,ECO SECURITIZADORA DE DIREITOS CREDITÓRIOS DO AGRONEGÓCIO S.A.,2ª,2032-10-15,"IPCA + 7,3352%",12.6934,,10.9627,0.07,1003.24012291,81.98,1010.13,2026-09-25
24A2721507,CRI,DASA,VERT COMPANHIA SECURITIZADORA,3ª,2031-01-15,"IPCA + 7,3402%",13.0401,13.9097,11.9215,0.72,964.45149237,84.38,819.32,2026-09-25
CRA022006HF,CRA,AÇO VERDE DO BRASIL S.A.,RIZA SECURITIZADORA S.A.,2ª,2032-06-15,"IPCA + 7,3686%",10.4955,11.2674,9.9817,0.48,1084.63081974,89.36,979.33,2026-09-25
CRA024009Q4,CRA,MARFRIG GLOBAL FOODS S.A.,ECO SECURITIZADORA DE DIREITOS CREDITÓRIOS DO AGRONEGÓCIO S.A.,3ª,2034-10-16,"IPCA + 7,3693%",12.8669,13.1383,12.3099,0.13,863.3893958,76.81,1292.57,2026-09-25
22E1314836,CRI,SÃO CARLOS EMPREENDIMENTOS E PARTICIPAÇÕES S.A.,OPEA SECURITIZADORA S/A,1ª,2029-09-17,"IPCA + 7,3826%",9.7876,,,0.36,1160.18114997,96.09,451.35,2026-09-25
CRA022001E2,CRA,FS AGRISOLUTIONS INDÚSTRIA DE BIOCOMBUSTÍVEIS LTDA.,ECO SECURITIZADORA DE DIREITOS CREDITÓRIOS DO AGRONEGÓCIO S.A.,2ª,2029-02-15,"IPCA + 7,3913%",12.094,12.6911,11.3617,0.21,1165.98543967,94.64,320.54,2026-09-25
CRA022004SD,CRA,FS AGRISOLUTIONS INDÚSTRIA DE BIOCOMBUSTÍVEIS LTDA.,ECO SECURITIZADORA DE DIREITOS CREDITÓRIOS DO AGRONEGÓCIO S.A.,2ª,2029-05-15,"IPCA + 7,3913%",11.8627,12.5317,11.2712,0.06,1160.71433702,94.15,369.07,2026-09-25
CRA02400AHZ,CRA,REFRESCOS BANDEIRANTES INDÚSTRIA E COMÉRCIO LTDA.,RIZA SECURITIZADORA S.A.,2ª,2034-11-16,"IPCA + 7,41%",10.6105,12.1075,,1.02,950.6829394,85.29,1343.08,2026-09-25
24J2539865,CRI,JHSF PARTICIPAÇÕES S.A.,OPEA SECURITIZADORA S/A,1ª,2034-10-16,"IPCA + 7,4183%",8.9599,9.166,8.6296,0.04,1046.40448976,92.62,1345.45,2026-09-25
CRA0240005O,CRA,CEREAL COMÉRCIO EXPORTAÇÃO E REPRESENTAÇÃO AGROPECUÁRIA S.A.,RIZA SECURITIZADORA S.A.,2ª,2029-01-15,"IPCA + 7,4367%",8.9364,10.1935,8.0328,0.08,1122.72448822,98.33,304.66,2026-09-25
CRA022004H5,CRA,NARDINI AGROINDUSTRIAL LTDA.,OPEA SECURITIZADORA S/A,1ª,2028-04-15,"IPCA + 7,4986%",7.5344,,7.2747,0.47,825.01898451,99.97,247.29,2026-09-25
23L2043184,CRI,UNIDAS LOCADORA S.A.,OPEA SECURITIZADORA S/A,3ª,2030-12-16,"IPCA + 7,5%",10.0746,10.4245,9.5417,0.23,1073.63813263,92.69,805.32,2026-09-25
CRA024009Q5,CRA,MARFRIG GLOBAL FOODS S.A.,ECO SECURITIZADORA DE DIREITOS CREDITÓRIOS DO AGRONEGÓCIO S.A.,4ª,2039-10-17,"IPCA + 7,5395%",13.4316,,12.7724,0.48,759.88007661,67.56,1719.63,2026-09-25
CRA02300MOQ,CRA,MINERVA S.A.,RIZA SECURITIZADORA S.A.,3ª,2030-09-16,"IPCA + 7,5408%",12.7238,13.1401,10.1109,0.89,990.66624525,86.56,767.86,2026-09-25
23L0034761,CRI,FARO ENERGY PROJETOS SOLARES HOLDING S.A.,OPEA SECURITIZADORA S/A,1ª,2038-12-15,"IPCA + 7,5702%",,,,,,,,2026-09-25
CRA0250080Y,CRA,ELDORADO BRASIL CELULOSE S.A.,OPEA SECURITIZADORA S/A,3ª,2040-09-17,"IPCA + 7,6%",8.6727,,8.2478,0.47,958.09399441,91.7,2171.29,2026-09-25
25D0012204,CRI,CYRELA BRAZIL REALTY S.A.,COMPANHIA PROVÍNCIA DE SECURITIZAÇÃO,3ª,2032-04-15,"IPCA + 7,6693%",8.4954,,8.1897,0.04,1054.72954384,96.91,1033.27,2026-09-25
23J1127331,CRI,MOVIDA PARTICIPAÇÕES S.A.,OPEA SECURITIZADORA S/A,3ª,2033-10-17,"IPCA + 7,7279%",13.6539,,,0.43,919.4616415,77.97,1141.21,2026-09-25
CRA0250080X,CRA,ELDORADO BRASIL CELULOSE S.A.,OPEA SECURITIZADORA S/A,2ª,2035-09-17,"IPCA + 7,7281%",8.8215,,8.1487,0.51,977.72024786,93.57,1646.43,2026-09-25
CRA02400AYK,CRA,BEM BRASIL ALIMENTOS S.A.,ECO SECURITIZADORA DE DIREITOS CREDITÓRIOS DO AGRONEGÓCIO S.A.,ª,2031-11-17,"IPCA + 7,737%",9.322,10.4927,7.942,0.03,1039.22633713,95.0,882.07,2026-09-25
CRA0230073N,CRA,J. MACÊDO S.A.,RIZA SECURITIZADORA S.A.,2ª,2030-04-15,"IPCA + 7,8%",8.184,9.2916,6.7425,0.4,1025.72524135,99.43,408.09,2026-09-25
CRA025003PJ,CRA,SEARA,RIZA SECURITIZADORA S.A.,3ª,2055-05-17,"IPCA + 7,8%",,,,,,,,2026-09-25
CRA024003UZ,CRA,LAR COOPERATIVA AGROINDUSTRIAL,ECO SECURITIZADORA DE DIREITOS CREDITÓRIOS DO AGRONEGÓCIO S.A.,3ª,2031-04-15,"IPCA + 7,8363%",9.5614,10.0565,9.2234,0.21,1060.8629652,95.26,768.45,2026-09-25
CRA021004NV,CRA,LAR COOPERATIVA AGROINDUSTRIAL,ECO SECURITIZADORA DE DIREITOS CREDITÓRIOS DO AGRONEGÓCIO S.A.,1ª,2026-11-15,"IPCA + 7,8749%",9.7239,,7.4876,2.88,432.602583,99.74,34.0,2026-09-25
CRA0250066B,CRA,BRF S.A.,ECO SECURITIZADORA DE DIREITOS CREDITÓRIOS DO AGRONEGÓCIO S.A.,3ª,2035-07-16,"IPCA + 7,9064%",12.7686,,,0.15,806.58416315,76.06,1512.53,2026-09-25
22E1321749,CRI,COGNA EDUCAÇÃO S.A.,OPEA SECURITIZADORA S/A,2ª,2029-07-16,"IPCA + 7,9273%",9.2405,9.584,8.8835,0.07,1177.82964125,97.5,526.84,2026-09-25
CRA0240005P,CRA,CEREAL COMÉRCIO EXPORTAÇÃO E REPRESENTAÇÃO AGROPECUÁRIA S.A.,RIZA SECURITIZADORA S.A.,3ª,2031-01-15,"IPCA + 7,9443%",9.1742,10.4289,7.8888,0.04,1101.26882473,96.36,822.86,2026-09-25
22E1321750,CRI,COGNA EDUCAÇÃO S.A.,OPEA SECURITIZADORA S/A,3ª,2032-07-15,"IPCA + 8,0031%",9.7788,10.3548,9.2655,0.68,1132.58739023,93.74,993.86,2026-09-25
CRA025009EZ,CRA,Seara Alimentos Ltda.,ECO SECURITIZADORA DE DIREITOS CREDITÓRIOS DO AGRONEGÓCIO S.A.,4ª,2065-10-15,"IPCA + 8,0313%",,,,,,,,2026-09-25
CRA0250020C,CRA,BRF S.A.,ECO SECURITIZADORA DE DIREITOS CREDITÓRIOS DO AGRONEGÓCIO S.A.,2ª,2035-04-16,"IPCA + 8,04%",11.9381,12.5305,9.2694,1.08,883.77747052,80.93,1462.84,2026-09-25
CRA02200795,CRA,ADUBOS ARAGUAIA INDÚSTRIA E COMÉRCIO LTDA.,ECO SECURITIZADORA DE DIREITOS CREDITÓRIOS DO AGRONEGÓCIO S.A.,1ª,2027-07-15,"IPCA + 8,1191%",9.3623,10.0643,,0.17,599.12466531,99.12,194.23,2026-09-25
CRA0250020D,CRA,BRF S.A.,ECO SECURITIZADORA DE DIREITOS CREDITÓRIOS DO AGRONEGÓCIO S.A.,3ª,2040-04-16,"IPCA + 8,2345%",12.209,12.5942,10.531,1.47,836.56737549,76.54,1771.13,2026-09-25
CRA0250018K,CRA,MARFRIG GLOBAL FOODS S.A.,ECO SECURITIZADORA DE DIREITOS CREDITÓRIOS DO AGRONEGÓCIO S.A.,4ª,2040-04-16,"IPCA + 8,2503%",13.4261,,,0.48,779.85352822,71.13,1712.2,2026-09-25
CRA0250018L,CRA,MARFRIG GLOBAL FOODS S.A,ECO SECURITIZADORA DE DIREITOS CREDITÓRIOS DO AGRONEGÓCIO S.A.,5ª,2045-04-17,"IPCA + 8,3405%",,,,,,,,2026-09-25
CRA0240099F,CRA,VALE DO TIJUCO AÇÚCAR E ÁLCOOL S.A.,ECO SECURITIZADORA DE DIREITOS CREDITÓRIOS DO AGRONEGÓCIO S.A.,2ª,2034-10-16,"IPCA + 8,3558%",10.1819,,9.7912,0.35,1045.71613266,92.59,1149.8,2026-09-25
CRA0250020E,CRA,BRF S.A.,ECO SECURITIZADORA DE DIREITOS CREDITÓRIOS DO AGRONEGÓCIO S.A.,3ª,2045-04-17,"IPCA + 8,38%",10.1734,,10.0371,0.08,945.01038627,86.41,2161.36,2026-09-25
CRA02500BVX,CRA,BRF S.A.,ECO SECURITIZADORA DE DIREITOS CREDITÓRIOS DO AGRONEGÓCIO S.A.,5ª,2055-12-15,"IPCA + 8,3857%",,,,,,,,2026-09-25
CRA025008C2,CRA,Neomille S.A.,ECO SECURITIZADORA DE DIREITOS CREDITÓRIOS DO AGRONEGÓCIO S.A.,2ª,2032-12-15,"IPCA + 8,4473%",9.0661,,8.7385,0.18,1039.84746775,97.46,1137.39,2026-09-25
CRA02400AHX,CRA,CEREAL COMÉRCIO EXPORTAÇÃO E,RIZA SECURITIZADORA S.A.,3ª,2034-11-16,"IPCA + 8,4704%",9.8283,11.5757,8.0554,0.01,1054.83833634,93.63,1323.19,2026-09-25
CRA025008HR,CRA,Nardini II,OPEA SECURITIZADORA S/A,ª,2032-10-15,"IPCA + 8,4773%",,,,,,,,2026-09-25
CRA025006NC,CRA,LAR COOPERATIVA AGROINDUSTRIAL,ECO SECURITIZADORA DE DIREITOS CREDITÓRIOS DO AGRONEGÓCIO S.A.,3ª,2032-08-16,"IPCA + 8,7268%",9.7261,,9.458,0.06,1005.98436768,96.15,1078.9,2026-09-25
CRA0250005M,CRA,Boa Safra,OPEA SECURITIZADORA S/A,3ª,2032-01-15,"IPCA + 8,7384%",,,,,,,,2026-09-25
CRA0250005L,CRA,Boa Safra,OPEA SECURITIZADORA S/A,4ª,2035-01-15,"IPCA + 8,9518%",,,,,,,,2026-09-25
CRA02300796,CRA,FS INDÚSTRIA DE BIOCOMBUSTÍVEIS LTDA.,ECO SECURITIZADORA DE DIREITOS CREDITÓRIOS DO AGRONEGÓCIO S.A.,2ª,2029-10-15,"IPCA + 8,9555%",12.0123,12.817,11.4611,0.06,1075.30060937,92.91,667.45,2026-09-25
CRA023003JY,CRA,OLFAR S.A.,RIZA SECURITIZADORA S.A.,2ª,2030-03-15,"IPCA + 8,9738%",9.5576,10.9048,8.3765,0.28,1152.59109361,99.07,442.35,2026-09-25
23F2455004,CRI,SENDAS DISTRIBUIDORA S.A.,OPEA SECURITIZADORA S/A,2ª,2027-07-15,,16.4753,,15.5331,1.89,990.93177905,96.89,192.17,2026-09-25
23I1259644,CRI,JSL,OPEA SECURITIZADORA S/A,4ª,2030-09-15,,,,,,,,,2026-09-25
23J1141681,CRI,YDUQS PARTICIPAÇÕES S.A.,OPEA SECURITIZADORA S/A,1ª,2028-10-16,,14.9755,,,0.36,990.91687685,94.43,449.42,2026-09-25
23K0018801,CRI,MULTIPLAN EMPREENDIMENTOS IMOBILIÁRIOS S.A.,RIZA SECURITIZADORA S.A.,3ª,2031-01-15,,14.2714,,,0.05,947.54475585,92.75,685.37,2026-09-25
23K0022041,CRI,Cogna,TRUE SECURITIZADORA S/A,2ª,2028-11-15,,15.1655,,14.65,0.35,1009.72662949,96.68,362.52,2026-09-25
24A2715837,CRI,DIAGNÓSTICOS DA AMÉRICA S.A.,VERT COMPANHIA SECURITIZADORA,2ª,2029-01-15,,,,,,,,,2026-09-25
24A2721829,CRI,DIAGNÓSTICOS DA AMÉRICA S.A,VERT COMPANHIA SECURITIZADORA,4ª,2031-01-15,,19.748,,19.2375,0.25,858.15037115,83.74,742.17,2026-09-25
25A1946535,CRI,Cury,OPEA SECURITIZADORA S/A,3ª,2032-01-15,,14.9568,,,0.1,1032.69662339,100.37,808.8,2026-09-25
25D0271049,CRI,Log,OPEA SECURITIZADORA S/A,3ª,2032-04-15,,,,,,,,,2026-09-25
CRA02300G7D,CRA,MARFRIG GLOBAL FOODS S.A.,ECO SECURITIZADORA DE DIREITOS CREDITÓRIOS DO AGRONEGÓCIO S.A.,1ª,2027-08-16,,17.7846,,,0.27,961.80902803,95.07,214.56,2026-09-25
CRA02300HWK,CRA,BANCO BTG PACTUAL S.A.,OPEA SECURITIZADORA S/A,4ª,2033-09-15,,13.3712,13.5592,13.117,0.24,944.11669567,94.07,1223.87,2026-09-25
CRA02300JR7,CRA,RAÍZEN ENERGIA S.A.,OPEA SECURITIZADORA S/A,3ª,2033-10-17,,,,,,458.36035981,43.78,,2026-09-25
CRA02300NX8,CRA,BTG Pactual III,OPEA SECURITIZADORA S/A,4ª,2033-11-16,,13.4882,,,0.16,1004.79460096,96.23,1180.21,2026-09-25
CRA02300SPD,CRA,FS Agrisolutions Indústria de Biocombustíveis LTDA,ECO SECURITIZADORA DE DIREITOS CREDITÓRIOS DO AGRONEGÓCIO S.A.,3ª,2030-06-15,,18.6607,19.2452,17.8523,0.02,874.56515352,87.11,729.82,2026-09-25
CRA02300SUZ,CRA,"Vamos Locação de Caminhões, Máquinas e Equipamentos S.A.",ECO SECURITIZADORA DE DIREITOS CREDITÓRIOS DO AGRONEGÓCIO S.A.,1ª,2030-11-18,,19.9227,,17.6166,0.35,858.59268962,82.33,708.64,2026-09-25
CRA02300TSF,CRA,BTG PACTUAL IV,OPEA SECURITIZADORA S/A,4ª,2033-12-15,,,,,,,,,2026-09-25
CRA024000B8,CRA,FS Indústria De Biocombustíveis Ltda,ECO SECURITIZADORA DE DIREITOS CREDITÓRIOS DO AGRONEGÓCIO S.A.,3ª,2030-07-15,,18.8468,19.3025,17.9583,0.07,868.66665105,86.53,740.36,2026-09-25
CRA024001P5,CRA,JSL S.A.,ECO SECURITIZADORA DE DIREITOS CREDITÓRIOS DO AGRONEGÓCIO S.A.,1ª,2031-02-15,,,,,,,,,2026-09-25
CRA024001Q9,CRA,ZAMP S.A.,RIZA SECURITIZADORA S.A.,2ª,2029-02-15,,17.222,,16.712,0.68,939.15985238,92.65,522.9,2026-09-25
CRA0240020B,CRA,VICUNHA II,RIZA SECURITIZADORA S.A.,2ª,2031-02-15,,,,,,,,,2026-09-25
CRA024002MH,CRA,JF CITRUS AGROPECUÁRIA S.A.,ECO SECURITIZADORA DE DIREITOS CREDITÓRIOS DO AGRONEGÓCIO S.A.,1ª,2029-03-15,,,,,,,,,2026-09-25
CRA024002S2,CRA,Minerva VII,RIZA SECURITIZADORA S.A.,2ª,2029-03-15,,18.699,,,0.19,880.9264164,87.78,546.66,2026-09-25
CRA024002S3,CRA,MINERVA S.A.,RIZA SECURITIZADORA S.A.,3ª,2031-03-17,,18.5664,,,0.29,825.8362571,82.28,871.04,2026-09-25
CRA0240066D,CRA,FS Florestal S.A.,ECO SECURITIZADORA DE DIREITOS CREDITÓRIOS DO AGRONEGÓCIO S.A.,1ª,2030-06-15,,17.4618,18.1829,17.2991,1.14,954.65784462,95.03,715.91,2026-09-25
CRA0240066G,CRA,BRF S.A.,ECO SECURITIZADORA DE DIREITOS CREDITÓRIOS DO AGRONEGÓCIO S.A.,2ª,2031-06-16,,17.744,,16.7833,0.88,895.03397919,86.41,868.02,2026-09-25
CRA024007PT,CRA,Sorocaba Refrescos S.A,ECO SECURITIZADORA DE DIREITOS CREDITÓRIOS DO AGRONEGÓCIO S.A.,1ª,2031-08-15,,15.5924,16.1982,14.0524,0.25,921.82447644,90.99,856.6,2026-09-25
CRA024007Q3,CRA,SLC Maquinas,OPEA SECURITIZADORA S/A,1ª,2031-08-15,,16.5548,,16.2,0.26,928.05029933,91.57,681.06,2026-09-25
CRA024009Q3,CRA,MARFRIG GLOBAL FOODS S.A.,ECO SECURITIZADORA DE DIREITOS CREDITÓRIOS DO AGRONEGÓCIO S.A.,2ª,2031-10-15,,17.6806,,16.7833,0.72,925.15860219,87.46,884.88,2026-09-25
CRA02400AHY,CRA,REFRESCOS BANDEIRANTES INDÚSTRIA E COMÉRCIO LTDA.,RIZA SECURITIZADORA S.A.,1ª,2032-11-16,,17.3837,,,2.17,921.83885178,87.96,958.8,2026-09-25
CRA02400AYM,CRA,MINERVA S.A.,RIZA SECURITIZADORA S.A.,2ª,2029-11-16,,18.7243,,,0.21,951.85763245,90.65,623.33,2026-09-25
CRA02400AYP,CRA,MINERVA S.A.,RIZA SECURITIZADORA S.A.,5ª,2034-11-16,,18.8032,,,0.21,902.72446019,85.82,1059.69,2026-09-25
CRA02500001,CRA,BOA SAFRA SEMENTES S.A.,OPEA SECURITIZADORA S/A,1ª,2030-01-15,,16.203,,15.5061,0.19,986.78280273,98.23,656.35,2026-09-25
CRA0250012X,CRA,FS FLORESTAL S.A.,ECO SECURITIZADORA DE DIREITOS CREDITÓRIOS DO AGRONEGÓCIO S.A.,1ª,2030-03-15,,18.3575,19.0084,18.1283,0.62,994.10717524,98.89,660.29,2026-09-25
CRA0250018I,CRA,Marfrig Global Foods S.A,ECO SECURITIZADORA DE DIREITOS CREDITÓRIOS DO AGRONEGÓCIO S.A.,2ª,2032-04-15,,17.8329,,16.7833,0.72,959.9978074,90.3,921.62,2026-09-25
CRA025002S3,CRA,MINERVA S.A,RIZA SECURITIZADORA S.A.,2ª,2030-04-15,,18.744,,,0.22,996.55779911,93.35,663.13,2026-09-25
CRA025002S4,CRA,MINERVA S.A.,RIZA SECURITIZADORA S.A.,4ª,2032-04-15,,18.8421,,,0.19,968.76835436,90.74,899.41,2026-09-25
CRA0250040J,CRA,Natural One S.A,ECO SECURITIZADORA DE DIREITOS CREDITÓRIOS DO AGRONEGÓCIO S.A.,2ª,2029-06-15,,,,,,,,,2026-09-25
CRA025005EH,CRA,GDM GENÉTICA DO BRASIL S.A.,ECO SECURITIZADORA DE DIREITOS CREDITÓRIOS DO AGRONEGÓCIO S.A.,1ª,2032-07-15,,15.6342,16.4669,15.35,0.2,1012.23982456,98.38,960.95,2026-09-25
CRA025005V7,CRA,MINERVA S.A.,RIZA SECURITIZADORA S.A.,3ª,2033-07-15,,18.4658,,17.3333,0.76,897.80621341,87.33,1024.59,2026-09-25
CRA025005V8,CRA,MINERVA S.A,RIZA SECURITIZADORA S.A.,4ª,2035-07-16,,18.5243,,17.3833,0.74,892.07756028,86.73,1138.79,2026-09-25
CRA0250066A,CRA,BRF S.A.,ECO SECURITIZADORA DE DIREITOS CREDITÓRIOS DO AGRONEGÓCIO S.A.,2ª,2032-07-15,,18.1914,,,0.27,889.09540244,86.58,989.29,2026-09-25
CRA025006NB,CRA,LAR COOPERATIVA AGROINDUSTRIAL,ECO SECURITIZADORA DE DIREITOS CREDITÓRIOS DO AGRONEGÓCIO S.A.,2ª,2032-08-16,,16.1423,,,0.2,953.3439192,94.92,944.73,2026-09-25
CRA025007KE,CRA,Cereal Comércio Exportação e Representação Agropecuária S.A.,ECO SECURITIZADORA DE DIREITOS CREDITÓRIOS DO AGRONEGÓCIO S.A.,2ª,2032-09-15,,16.2837,,15.9616,0.38,944.50715794,94.05,982.89,2026-09-25
CRA025007KK,CRA,ELDORADO BRASIL CELULOSE S.A.,OPEA SECURITIZADORA S/A,1ª,2032-09-15,,,,,,,,,2026-09-25
CRA025008ND,CRA,São Salvador Alimentos S.A.,ECO SECURITIZADORA DE DIREITOS CREDITÓRIOS DO AGRONEGÓCIO S.A.,2ª,2033-10-15,,15.4784,16.1351,14.6789,0.09,1009.85648818,95.15,1101.72,2026-09-25
CRA02500A15,CRA,Açucareira Quatá S.A.,ECO SECURITIZADORA DE DIREITOS CREDITÓRIOS DO AGRONEGÓCIO S.A.,1ª,2032-11-15,,16.3364,,16.047,0.32,990.29364427,94.19,955.14,2026-09-25
CRA02500AHU,CRA,C. Vale - Cooperativa Agroindustrial,ECO SECURITIZADORA DE DIREITOS CREDITÓRIOS DO AGRONEGÓCIO S.A.,2ª,2030-11-15,,15.5391,16.2901,15.3328,0.29,1034.77819976,98.31,774.16,2026-09-25
CRA02500BVU,CRA,BRF S.A.,ECO SECURITIZADORA DE DIREITOS CREDITÓRIOS DO AGRONEGÓCIO S.A.,2ª,2032-12-15,,18.1374,,17.1051,0.28,880.64701691,84.88,1024.82,2026-09-25
CRA02500C1D,CRA,Alibem Alimentos S.A.,ECO SECURITIZADORA DE DIREITOS CREDITÓRIOS DO AGRONEGÓCIO S.A.,1ª,2030-12-18,,16.1485,16.9284,15.525,0.42,1015.60173785,97.69,503.05,2026-09-25
CRA026001JM,CRA,Lar Cooperativa Agroindustrial,ECO SECURITIZADORA DE DIREITOS CREDITÓRIOS DO AGRONEGÓCIO S.A.,2ª,2033-03-15,,16.3774,,16.1578,0.1,958.1126744,95.39,1001.22,2026-09-25
CRA026002BE,CRA,BRF S.A.,ECO SECURITIZADORA DE DIREITOS CREDITÓRIOS DO AGRONEGÓCIO S.A.,2ª,2033-04-15,,17.4966,,,0.8,933.47739398,88.61,1037.78,2026-09-25
25B0013406,CRI,Direcional,OPEA SECURITIZADORA S/A,1ª,2032-02-16,100% do DI,101.6488,,98.975,0.6,1005.44617603,99.16,987.53,2026-09-24
CRA019003V2,CRA,RAÍZEN ENERGIA S.A.,OPEA SECURITIZADORA S/A,1ª,2029-07-16,100% do DI,,,,,436.79906835,42.8,,2026-09-24
CRA024004H7,CRA,SÃO MARTINHO S.A.,RIZA SECURITIZADORA S.A.,3ª,2029-04-12,100% do DI,101.0057,102.89,98.565,1.19,1059.03480551,99.73,527.36,2026-09-24
CRA0250018H,CRA,Marfrig Global Foods S.A,ECO SECURITIZADORA DE DIREITOS CREDITÓRIOS DO AGRONEGÓCIO S.A.,1ª,2030-04-15,100% do DI,114.3611,,108.922,2.02,1007.68058643,95.0,686.51,2026-09-24
CRA02500BVT,CRA,BRF S.A.,ECO SECURITIZADORA DE DIREITOS CREDITÓRIOS DO AGRONEGÓCIO S.A.,1ª,2030-06-17,100% do DI,115.7621,,109.5983,1.91,1026.1299738,92.68,929.0,2026-09-24
24D2765715,CRI,CYRELA BRAZIL REALTY S.A.,COMPANHIA PROVÍNCIA DE SECURITIZAÇÃO,3ª,2031-04-15,101% do DI,99.543,101.7433,97.41,0.73,1067.5944002,100.58,764.33,2026-09-24
CRA023007VD,CRA,ENGELHART CTP,OPEA SECURITIZADORA S/A,1ª,2028-07-05,101% do DI,97.0752,98.37,93.38,0.29,1038.62388724,100.8,399.21,2026-09-24
25L2997442,CRI,Even Construtora e Incorporadora S/A,VERT COMPANHIA SECURITIZADORA,ª,2032-12-15,"101,5% do DI",,,,,,,,2026-09-24
CRA026002BD,CRA,BRF S.A.,ECO SECURITIZADORA DE DIREITOS CREDITÓRIOS DO AGRONEGÓCIO S.A.,1ª,2030-10-15,"101,5% do DI",,,,,,,,2026-09-24
24D3313768,CRI,CURY CONSTRUTORA E INCORPORADORA S.A.,TRUE SECURITIZADORA S/A,1ª,2027-05-31,102% do DI,99.0516,101.0933,96.745,0.6,1047.80258062,100.24,159.04,2026-09-24
CRA023003UX,CRA,ENGELHART CTP,OPEA SECURITIZADORA S/A,1ª,2027-03-15,102% do DI,94.4856,96.97,93.22,1.36,1008.03474908,100.44,115.0,2026-09-24
CRA02500669,CRA,BRF S.A,ECO SECURITIZADORA DE DIREITOS CREDITÓRIOS DO AGRONEGÓCIO S.A.,1ª,2029-07-16,102% do DI,114.8437,,108.956,2.63,1118.32233806,95.45,700.0,2026-09-24
CRA025008HM,CRA,Cocal Comercio Industria Canaa Acucar e Alcool S.A.,VERT COMPANHIA SECURITIZADORA,1ª,2031-09-15,102% do DI,,,,,,,,2026-09-24
24F1277566,CRI,DIRECIONAL ENGENHARIA S.A.,OPEA SECURITIZADORA S/A,1ª,2029-07-16,103% do DI,100.4883,102.73,98.875,0.89,1034.97736205,100.77,590.6,2026-09-24
CRA02300209,CRA,ENGELHART CTP,VERT COMPANHIA SECURITIZADORA,1ª,2027-01-15,103% do DI,93.4835,,,3.83,1030.82981309,100.37,76.0,2026-09-24
CRA0250073L,CRA,Mantiqueira Brasil,ECO SECURITIZADORA DE DIREITOS CREDITÓRIOS DO AGRONEGÓCIO S.A.,1ª,2030-08-15,"103,1% do DI",,,,,,,,2026-09-24
25G5313879,CRI,MOURA DUBEUX ENGENHARIA S.A.,VERT COMPANHIA SECURITIZADORA,1ª,2030-07-15,"103,75% do DI",105.5387,,103.004,2.64,996.82286489,99.31,744.41,2026-09-24
CRA025008N8,CRA,3Tentos,OPEA SECURITIZADORA S/A,1ª,2030-10-15,"103,75% do DI",109.7016,117.5442,102.7673,0.2,1038.48962623,97.68,757.86,2026-09-24
22J0346710,CRI,BANCO BTG PACTUAL S.A.,OPEA SECURITIZADORA S/A,1ª,2027-01-15,104% do DI,96.5555,,,0.29,1030.30131375,100.29,76.0,2026-09-24
CRA0240066A,CRA,CAMIL ALIMENTOS S.A.,ECO SECURITIZADORA DE DIREITOS CREDITÓRIOS DO AGRONEGÓCIO S.A.,1ª,2029-06-15,104% do DI,119.3036,,110.042,8.76,994.30923241,95.63,564.49,2026-09-24
CRA025006SR,CRA,Boa Safra II,OPEA SECURITIZADORA S/A,1ª,2032-02-16,104% do DI,110.038,,108.628,1.73,974.00378419,97.04,953.66,2026-09-24
CRA025007KD,CRA,CEREAL COMÉRCIO EXPORTAÇÃO E REPRESENTAÇÃO AGROPECUÁRIA S.A.,ECO SECURITIZADORA DE DIREITOS CREDITÓRIOS DO AGRONEGÓCIO S.A.,1ª,2030-09-16,104% do DI,,,,,,,,2026-09-24
CRA025002S1,CRA,MINERVA S.A.,RIZA SECURITIZADORA S.A.,1ª,2030-04-15,"104,5% do DI",128.9888,,124.348,0.35,975.71047682,91.74,674.11,2026-09-24
CRA025005V5,CRA,MINERVA S.A.,RIZA SECURITIZADORA S.A.,1ª,2030-07-15,"104,5% do DI",,,,,,,,2026-09-24
24D0006602,CRI,ALLOS S.A.,OPEA SECURITIZADORA S/A,2ª,2029-04-16,105% do DI,98.7981,101.7666,96.9666,0.66,1081.95419313,101.7,526.13,2026-09-24
25E0013305,CRI,JHSF IV,OPEA SECURITIZADORA S/A,2ª,2030-05-15,105% do DI,104.21,,,1.5,1055.01808987,100.29,705.64,2026-09-24
CRA02300TSB,CRA,BANCO BTG PACTUAL S.A.,OPEA SECURITIZADORA S/A,1ª,2033-12-15,105% do DI,96.7515,,,2.75,1093.06979704,105.09,1163.79,2026-09-24
CRA02400AYL,CRA,MINERVA S.A.,RIZA SECURITIZADORA S.A.,1ª,2029-11-16,105% do DI,124.8499,,118.8685,7.74,986.35074298,93.76,623.67,2026-09-24
CRA025008C3,CRA,Neomille S.A.,ECO SECURITIZADORA DE DIREITOS CREDITÓRIOS DO AGRONEGÓCIO S.A.,3ª,2032-12-15,105% do DI,115.3488,,113.98,1.38,986.60095883,94.85,974.79,2026-09-24
CRA02500AC9,CRA,,ECO SECURITIZADORA DE DIREITOS CREDITÓRIOS DO AGRONEGÓCIO S.A.,1ª,2030-11-15,105% do DI,,,,,,,,2026-09-24
CRA02500AHT,CRA,C. Vale - Cooperativa Agroindustrial,ECO SECURITIZADORA DE DIREITOS CREDITÓRIOS DO AGRONEGÓCIO S.A.,1ª,2030-11-15,"105,5% do DI",,,,,,,,2026-09-24
CRA025005EI,CRA,GDM Genética do Brasil S.A.,ECO SECURITIZADORA DE DIREITOS CREDITÓRIOS DO AGRONEGÓCIO S.A.,2ª,2032-07-15,"105,75% do DI",108.2392,116.0699,100.4453,0.35,1014.98167667,98.75,969.92,2026-09-24
23K0018802,CRI,MULTIPLAN EMPREENDIMENTOS IMOBILIÁRIOS S.A.,RIZA SECURITIZADORA S.A.,2ª,2031-01-15,106% do DI,98.9,101.1666,96.9333,0.33,1053.30873567,102.47,665.79,2026-09-24
CRA025006NA,CRA,Lar Cooperativa Agroindustrial,ECO SECURITIZADORA DE DIREITOS CREDITÓRIOS DO AGRONEGÓCIO S.A.,1ª,2030-08-15,106% do DI,111.6138,,109.0,0.24,984.29187458,98.06,674.5,2026-09-24
23K0019201,CRI,DIRECIONAL ENGENHARIA S.A.,TRUE SECURITIZADORA S/A,2ª,2028-11-16,"106,5% do DI",99.4422,,,0.35,1070.31655593,101.68,458.88,2026-09-24
CRA026001JL,CRA,Lar Cooperativa Agroindustrial,ECO SECURITIZADORA DE DIREITOS CREDITÓRIOS DO AGRONEGÓCIO S.A.,1ª,2031-03-15,"106,5% do DI",,,,,,,,2026-09-24
25H0243072,CRI,BTSA,RIZA SECURITIZADORA S.A.,2ª,2032-08-16,107% do DI,112.0833,,107.672,2.14,983.57902528,97.98,771.45,2026-09-24
CRA02300NRL,CRA,BANCO BTG PACTUAL S.A.,OPEA SECURITIZADORA S/A,1ª,2033-11-16,107% do DI,,,,,,,,2026-09-24
CRA025003UZ,CRA,COOXUPÉ - COOPERATIVA REGIONAL DE,VERT COMPANHIA SECURITIZADORA,2ª,2030-06-17,"107,5% do DI",110.1825,,108.505,1.27,1031.91243842,99.11,642.89,2026-09-24
CRA02300CYQ,CRA,BANCO BTG PACTUAL S.A.,OPEA SECURITIZADORA S/A,1ª,2033-07-15,109% do DI,96.3138,,,1.62,1107.29969066,107.65,1127.0,2026-09-24
CRA02300HWH,CRA,BANCO BTG PACTUAL S.A.,OPEA SECURITIZADORA S/A,1ª,2033-09-15,109% do DI,98.4983,100.9,96.4333,0.0,1069.42017534,106.53,1165.83,2026-09-24
24I1980390,CRI,MRV ENGENHARIA E PARTICIPAÇÕES S.A,OPEA SECURITIZADORA S/A,1ª,2029-10-15,110% do DI,129.891,,127.22,2.62,1003.24508412,94.02,595.62,2026-09-24
25B3099731,CRI,IGUATEMI PPPH PARTICIPAÇÕES LTDA.,OPEA SECURITIZADORA S/A,1ª,2030-02-18,96% do DI,98.7266,101.41,96.85,0.28,1003.41416792,99.01,705.04,2026-09-24
25D0012202,CRI,CYRELA BRAZIL REALTY S.A. EMPREENDIMENTOS,COMPANHIA PROVÍNCIA DE SECURITIZAÇÃO,1ª,2029-04-15,96% do DI,99.1822,,,0.35,1049.09877991,99.13,532.78,2026-09-24
25J4546988,CRI,CYRELA BRAZIL REALTY S.A. EMPREENDIMENTOS E,COMPANHIA PROVÍNCIA DE SECURITIZAÇÃO,1ª,2032-11-16,"96,5% do DI",100.3777,,97.5333,0.9,1025.60381274,97.89,1050.89,2026-09-24
25D0012203,CRI,CYRELA BRAZIL REALTY S.A. EMPREENDIMENTOS E PARTICIPAÇÕES,COMPANHIA PROVÍNCIA DE SECURITIZAÇÃO,2ª,2030-04-15,97% do DI,99.4933,,97.5,0.46,1049.44637443,99.1,696.92,2026-09-24
26C3164285,CRI,Allos VI,OPEA SECURITIZADORA S/A,1ª,2031-03-12,97% do DI,,,,,,,,2026-09-24
26G0012801,CRI,Cury III,OPEA SECURITIZADORA S/A,1ª,2032-07-06,97% do DI,,,,,,,,2026-09-24
CRA025003PD,CRA,SÃO MARTINHO S.A.,VERT COMPANHIA SECURITIZADORA,1ª,2032-06-15,97% do DI,103.6866,,102.225,0.21,1001.15366399,96.54,1007.84,2026-09-24
24H1684874,CRI,SOCIEDADE BENEFICENTE ISRAELITA BRASILEIRA HOSPITAL ALBERT EINSTEIN,RIZA SECURITIZADORA S.A.,1ª,2029-08-17,"97,5% do DI",97.6005,100.1633,95.8225,1.03,867.83027649,99.98,370.19,2026-09-24
24D2765586,CRI,CYRELA BRAZIL REALTY S.A.,COMPANHIA PROVÍNCIA DE SECURITIZAÇÃO,1ª,2028-04-15,98% do DI,98.3641,99.7333,96.8666,0.61,706.07014709,99.96,237.39,2026-09-24
25G3629974,CRI,PLANO E PLANO II,RIZA SECURITIZADORA S.A.,1ª,2030-07-15,98% do DI,103.9775,,103.1,0.53,1001.96376959,97.68,756.37,2026-09-24
25I0014209,CRI,Multiplan,OPEA SECURITIZADORA S/A,1ª,2035-09-19,98% do DI,,,,,,,,2026-09-24
CRA024004H5,CRA,SÃO MARTINHO S.A.,RIZA SECURITIZADORA S.A.,1ª,2027-04-12,98% do DI,98.8741,100.6766,96.21,1.23,1060.07026774,99.94,126.33,2026-09-24
25G3629975,CRI,PLANO E PLANO II,RIZA SECURITIZADORA S.A.,2ª,2031-07-15,99% do DI,104.7252,,102.7228,0.56,998.91105607,97.36,898.18,2026-09-24
24E1393588,CRI,MULTIPLAN EMPREENDIMENTOS IMOBILIÁRIOS S.A.,RIZA SECURITIZADORA S.A.,1ª,2029-05-17,"99,5% do DI",99.5122,101.74,97.2733,0.01,1048.04462456,100.0,458.92,2026-09-24
CRA025008NB,CRA,Bem Brasil Alimentos S.A.,ECO SECURITIZADORA DE DIREITOS CREDITÓRIOS DO AGRONEGÓCIO S.A.,ª,2032-10-15,"DI + 0,33%",1.5098,2.3542,0.3666,0.01,1019.52857786,95.97,881.51,2026-09-24
CRA024009Q2,CRA,MARFRIG GLOBAL FOODS S.A.,ECO SECURITIZADORA DE DIREITOS CREDITÓRIOS DO AGRONEGÓCIO S.A.,1ª,2031-10-15,"DI + 0,35%",3.0189,3.439,2.889,0.21,968.72716426,91.18,875.27,2026-09-24
22D1289009,CRI,CYRELA BRAZIL REALTY S.A.,OPEA SECURITIZADORA S/A,489ª,2027-06-15,"DI + 0,4%",0.3081,0.5256,0.2192,0.06,1040.09806951,100.06,169.99,2026-09-24
CRA02400AYN,CRA,MINERVA S.A.,RIZA SECURITIZADORA S.A.,3ª,2031-11-17,"DI + 0,4%",3.6953,4.4456,2.3895,0.24,935.93757858,89.06,890.85,2026-09-24
CRA02500003,CRA,BOA SAFRA SEMENTES S.A.,OPEA SECURITIZADORA S/A,2ª,2030-01-15,"DI + 0,4%",1.7025,,1.4592,0.19,992.45622428,96.62,669.9,2026-09-24
CRA0250018J,CRA,MARFRIG GLOBAL FOODS S.A.,ECO SECURITIZADORA DE DIREITOS CREDITÓRIOS DO AGRONEGÓCIO S.A.,3ª,2035-04-16,"DI + 0,4%",3.1284,,2.5595,0.46,942.44936628,88.69,1101.58,2026-09-24
CRA025007PT,CRA,SLC AGRÍCOLA S.A.,OPEA SECURITIZADORA S/A,1ª,2033-09-22,"DI + 0,4%",1.1771,1.7261,0.75,0.24,966.92810057,96.64,1111.83,2026-09-24
CRA02300Q2Y,CRA,,RIZA SECURITIZADORA S.A.,3ª,2028-11-06,"DI + 0,48%",,,,,,,,2026-09-24
CRA025002S2,CRA,MINERVA S.A.,RIZA SECURITIZADORA S.A.,3ª,2032-04-15,"DI + 0,5%",3.5428,,,0.27,951.4478026,89.49,922.46,2026-09-24
23J0019601,CRI,Iguatemi,OPEA SECURITIZADORA S/A,1ª,2028-10-16,"DI + 0,55%",,,,,,,,2026-09-24
23K0018602,CRI,MULTIPLAN EMPREENDIMENTOS IMOBILIÁRIOS S.A.,RIZA SECURITIZADORA S.A.,1ª,2031-01-15,"DI + 0,6%",0.4078,0.6456,0.2623,0.1,1032.73736248,100.51,665.02,2026-09-24
24B0013201,CRI,SOMA,RIZA SECURITIZADORA S.A.,1ª,2028-02-15,"DI + 0,6%",2.9852,,2.3238,0.82,984.47110851,97.02,324.88,2026-09-24
23H1188857,CRI,RAIA DROGASIL S.A.,OPEA SECURITIZADORA S/A,2ª,2027-09-15,"DI + 0,65%",0.1725,0.439,0.089,0.24,1008.25541682,100.45,234.99,2026-09-24
CRA02300RS5,CRA,CAMIL ALIMENTOS S.A.,ECO SECURITIZADORA DE DIREITOS CREDITÓRIOS DO AGRONEGÓCIO S.A.,1ª,2028-11-16,"DI + 0,65%",3.7035,4.3767,2.9952,0.72,996.30836974,94.72,456.13,2026-09-24
22C0023008,CRI,RAIA DROGASIL S.A.,OPEA SECURITIZADORA S/A,495ª,2027-03-08,"DI + 0,7%",0.2031,0.4323,0.0823,0.26,504.35343226,100.22,110.0,2026-09-24
23K0018401,CRI,DIRECIONAL ENGENHARIA S.A.,OPEA SECURITIZADORA S/A,1ª,2028-11-16,"DI + 0,7%",,,,,,,,2026-09-24
CRA02300GCY,CRA,IPIRANGA PRODUTOS DE PETRÓLEO S.A.,VERT COMPANHIA SECURITIZADORA,2ª,2027-07-16,"DI + 0,7%",0.4786,,,0.2,1028.80712662,100.17,188.89,2026-09-24
CRA025005V6,CRA,MINERVA S.A.,RIZA SECURITIZADORA S.A.,2ª,2033-07-15,"DI + 0,7%",3.524,,3.0545,0.41,916.12982126,89.14,1029.95,2026-09-24
22E1325261,CRI,HYPERA S.A.,OPEA SECURITIZADORA S/A,1ª,2027-08-16,"DI + 0,75%",0.5323,0.7373,0.354,0.03,1016.70051501,100.18,213.96,2026-09-24
22F0230096,CRI,RAIA DROGASIL S.A.,OPEA SECURITIZADORA S/A,1ª,2029-06-26,"DI + 0,75%",0.2269,0.4756,0.1256,0.22,1045.62753348,101.0,482.6,2026-09-24
22K0934871,CRI,BCBF PARTICIPAÇÕES S.A.,RIZA SECURITIZADORA S.A.,1ª,2027-12-15,"DI + 0,75%",14.8121,17.0311,11.9541,0.84,900.08212901,86.51,278.28,2026-09-24
22I0970801,CRI,NATURA COSMÉTICOS S.A.,RIZA SECURITIZADORA S.A.,1ª,2027-09-15,"DI + 0,8%",0.3873,0.5623,0.2123,0.04,1007.65825234,100.38,234.9,2026-09-24
22J0305579,CRI,DIAGNÓSTICOS DA AMÉRICA S.A.,VERT COMPANHIA SECURITIZADORA,1ª,2027-10-15,"DI + 0,8%",5.6019,7.3352,3.3164,0.73,1018.56740654,95.68,238.65,2026-09-24
CRA02300JG2,CRA,JBS S.A.,RIZA SECURITIZADORA S.A.,2ª,2028-09-15,"DI + 0,8%",0.5868,1.1703,0.137,0.09,1007.62028948,100.38,447.89,2026-09-24
CRA02300NRM,CRA,BANCO BTG PACTUAL S.A.,OPEA SECURITIZADORA S/A,2ª,2033-11-16,"DI + 0,8%",-0.0386,,,0.43,1091.87993092,103.81,1134.56,2026-09-24
CRA0240066F,CRA,BRF S.A.,ECO SECURITIZADORA DE DIREITOS CREDITÓRIOS DO AGRONEGÓCIO S.A.,1ª,2029-06-15,"DI + 0,8%",2.9764,3.1923,2.8067,0.61,992.03230267,95.33,562.19,2026-09-24
22E1315701,CRI,EVEN CONSTRUTORA E INCORPORADORA S.A.,OPEA SECURITIZADORA S/A,1ª,2028-09-18,"DI + 0,9%",1.1682,,,0.25,960.80283889,99.76,232.48,2026-09-24
23J1142031,CRI,YDUQS PARTICIPAÇÕES S.A.,OPEA SECURITIZADORA S/A,2ª,2028-10-13,"DI + 0,9%",0.9148,1.119,0.4795,0.07,1064.80836235,99.98,337.65,2026-09-24
CRA022008NC,CRA,SOROCABA REFRESCOS S.A.,ECO SECURITIZADORA DE DIREITOS CREDITÓRIOS DO AGRONEGÓCIO S.A.,1ª,2029-08-15,"DI + 0,9%",1.1165,1.9417,0.2917,0.08,758.55917717,99.65,415.76,2026-09-24
CRA023000GP,CRA,"VAMOS LOCAÇÃO DE CAMINHÕES, MÁQUINAS E EQUIPAMENTOS S.A.",ECO SECURITIZADORA DE DIREITOS CREDITÓRIOS DO AGRONEGÓCIO S.A.,1ª,2028-01-17,"DI + 0,9%",4.0311,4.4864,3.25,0.06,990.99037341,96.39,302.91,2026-09-24
CRA024007K9,CRA,COOXUPÉ - COOPERATIVA REGIONAL DE CAFEICULTORES EM GUAXUPÉ LTDA.,VERT COMPANHIA SECURITIZADORA,1ª,2029-07-16,"DI + 0,9%",1.4685,2.1064,0.8064,0.19,1016.82154746,98.9,494.6,2026-09-24
22F0315398,CRI,LOCALIZA RENT A CAR S.A.,RIZA SECURITIZADORA S.A.,1ª,2027-06-07,"DI + 0,95%",0.534,0.6923,0.3256,0.22,1047.39959967,100.27,163.67,2026-09-24
CRA024002MJ,CRA,MARFRIG GLOBAL FOODS S.A.,ECO SECURITIZADORA DE DIREITOS CREDITÓRIOS DO AGRONEGÓCIO S.A.,1ª,2029-03-15,"DI + 0,95%",2.9594,3.2523,2.569,0.59,962.47688953,95.88,537.24,2026-09-24
23H0027402,CRI,REDE D'OR SÃO LUIZ S.A.,OPEA SECURITIZADORA S/A,1ª,2028-08-15,DI + 1%,0.1548,0.339,-0.1166,0.08,1029.59279114,101.43,425.9,2026-09-24
CRA022006HJ,CRA,SÃO SALVADOR ALIMENTOS S.A.,ECO SECURITIZADORA DE DIREITOS CREDITÓRIOS DO AGRONEGÓCIO S.A.,1ª,2027-07-15,DI + 1%,1.0731,1.8042,0.2542,0.04,1027.76317156,99.95,191.7,2026-09-24
CRA022008C9,CRA,COMPANHIA DE LOCAÇÃO DAS AMÉRICAS,ECO SECURITIZADORA DE DIREITOS CREDITÓRIOS DO AGRONEGÓCIO S.A.,2ª,2028-09-15,DI + 1%,0.7873,1.2061,0.5108,0.12,1007.63018088,100.38,447.27,2026-09-24
CRA022008CB,CRA,JALLES MACHADO S.A.,ECO SECURITIZADORA DE DIREITOS CREDITÓRIOS DO AGRONEGÓCIO S.A.,1ª,2032-08-09,DI + 1%,1.43,,1.3395,0.14,990.81159915,98.43,939.31,2026-09-24
23H1191899,CRI,RAIA DROGASIL S.A.,OPEA SECURITIZADORA S/A,3ª,2030-09-16,"DI + 1,1%",0.3968,0.5867,0.2492,0.19,1023.81481496,101.98,709.52,2026-09-24
CRA024002S1,CRA,MINERVA S.A.,RIZA SECURITIZADORA S.A.,1ª,2029-03-15,"DI + 1,1%",3.2795,3.478,1.816,0.55,959.27275258,95.55,536.32,2026-09-24
CRA02400AHV,CRA,CEREAL COMÉRCIO EXPORTAÇÃO E REPRESENTAÇÃO AGROPECUÁRIA S.A.,RIZA SECURITIZADORA S.A.,1ª,2029-11-16,"DI + 1,1%",1.6398,2.3312,0.5666,0.07,1039.8121751,98.69,621.97,2026-09-24
23F2455020,CRI,Assai,TRUE SECURITIZADORA S/A,3ª,2028-07-15,"DI + 1,15%",,,,,,,,2026-09-24
CRA023000MC,CRA,"VAMOS LOCAÇÃO DE CAMINHÕES, MÁQUINAS E EQUIPAMENTOS S.A.",ECO SECURITIZADORA DE DIREITOS CREDITÓRIOS DO AGRONEGÓCIO S.A.,2ª,2030-01-15,"DI + 1,2%",4.9496,5.2803,4.0,0.7,1446.36484064,88.78,824.0,2026-09-24
CRA024001P7,CRA,JSL S.A.,ECO SECURITIZADORA DE DIREITOS CREDITÓRIOS DO AGRONEGÓCIO S.A.,3ª,2031-02-17,"DI + 1,2%",4.9359,5.75,4.125,0.0,921.38955858,90.75,668.31,2026-09-24
CRA024007Q4,CRA,SLC MÁQUINAS LTDA.,OPEA SECURITIZADORA S/A,2ª,2031-08-15,"DI + 1,2%",1.3654,2.0578,0.7578,0.16,1010.8952563,99.56,673.56,2026-09-24
23C0247388,CRI,LOCALIZA RENT A CAR S.A.,RIZA SECURITIZADORA S.A.,1ª,2028-03-10,"DI + 1,25%",0.6065,,,0.12,1014.32940893,100.87,340.51,2026-09-24
23G0009601,CRI,DIMED S.A.,OPEA SECURITIZADORA S/A,1ª,2028-07-27,"DI + 1,3%",,,,,,,,2026-09-24
23C0247702,CRI,LOCALIZA RENT A CAR S.A.,RIZA SECURITIZADORA S.A.,2ª,2030-03-11,"DI + 1,4%",0.524,,,0.22,1030.31518912,102.45,703.7,2026-09-24
CRA022008NF,CRA,IRANI PAPEL E EMBALAGEM S.A.,ECO SECURITIZADORA DE DIREITOS CREDITÓRIOS DO AGRONEGÓCIO S.A.,1ª,2027-08-16,"DI + 1,4%",1.0174,1.6745,0.5121,0.29,1018.79359244,100.32,213.6,2026-09-24
CRA023002GX,CRA,INTEGRADA COOPERATIVA AGROINDUSTRIAL,ECO SECURITIZADORA DE DIREITOS CREDITÓRIOS DO AGRONEGÓCIO S.A.,1ª,2028-05-15,"DI + 1,4%",1.45,2.9333,-0.0333,0.0,421.67042937,99.95,266.44,2026-09-24
23J1127308,CRI,MOVIDA PARTICIPAÇÕES S.A.,OPEA SECURITIZADORA S/A,1ª,2028-10-16,"DI + 1,45%",4.5096,4.75,,0.13,1014.51640833,95.03,431.01,2026-09-24
22C1235206,CRI,HAVAN S.A.,OPEA SECURITIZADORA S/A,463ª,2027-04-27,"DI + 1,5%",0.7949,0.9173,0.5506,0.06,1015.40690617,100.38,137.54,2026-09-24
23I1257218,CRI,JSL S.A.,OPEA SECURITIZADORA S/A,2ª,2030-09-16,"DI + 1,5%",4.7014,,,1.83,912.45491155,90.88,769.97,2026-09-24
CRA0220080Y,CRA,NEOMILLE S.A.,ECO SECURITIZADORA DE DIREITOS CREDITÓRIOS DO AGRONEGÓCIO S.A.,1ª,2028-04-03,"DI + 1,5%",1.7844,2.7134,0.8734,0.09,428.56582883,99.74,236.88,2026-09-24
CRA02300G7E,CRA,MARFRIG GLOBAL FOODS S.A.,ECO SECURITIZADORA DE DIREITOS CREDITÓRIOS DO AGRONEGÓCIO S.A.,2ª,2028-08-15,"DI + 1,5%",2.8035,3.289,2.331,0.48,994.0743092,97.88,423.33,2026-09-24
CRA02300MJ9,CRA,MINERVA S.A.,RIZA SECURITIZADORA S.A.,1ª,2028-09-15,"DI + 1,5%",2.6192,2.8456,1.0052,0.64,984.74769351,98.08,445.05,2026-09-24
CRA024003UY,CRA,LAR COOPERATIVA AGROINDUSTRIAL,ECO SECURITIZADORA DE DIREITOS CREDITÓRIOS DO AGRONEGÓCIO S.A.,2ª,2029-04-16,"DI + 1,55%",1.7011,2.174,1.174,0.07,1001.40585048,99.74,442.53,2026-09-24
CRA0240020A,CRA,VICUNHA TÊXTIL S.A.,RIZA SECURITIZADORA S.A.,1ª,2029-02-15,"DI + 1,6%",3.1336,3.9706,1.6224,0.24,985.11253327,96.98,514.41,2026-09-24
CRA0240099E,CRA,VALE DO TIJUCO AÇÚCAR E ÁLCOOL S.A.,ECO SECURITIZADORA DE DIREITOS CREDITÓRIOS DO AGRONEGÓCIO S.A.,1ª,2034-10-16,"DI + 1,6%",2.2761,,,0.73,1041.61864415,97.51,954.95,2026-09-24
CRA025009KJ,CRA,Salton,OPEA SECURITIZADORA S/A,1ª,2031-12-09,"DI + 1,6%",,,,,,,,2026-09-24
24A2720884,CRI,DIAGNÓSTICAS DA AMÉRICA S.A.,VERT COMPANHIA SECURITIZADORA,1ª,2029-01-15,"DI + 1,63%",4.9457,7.715,2.775,1.31,966.97364716,93.92,490.98,2026-09-24
22L1465644,CRI,ÂNIMA HOLDING S.A.,RIZA SECURITIZADORA S.A.,1ª,2027-12-15,"DI + 1,65%",2.313,2.5,1.9,0.14,996.82337361,99.28,280.35,2026-09-24
CRA0230073L,CRA,J. MACÊDO S.A.,RIZA SECURITIZADORA S.A.,1ª,2028-04-17,"DI + 1,65%",0.8114,1.3317,,0.16,805.69596472,100.61,184.74,2026-09-24
23F0012002,CRI,LOG COMMERCIAL PROPERTIES E PARTICIPAÇÕES S.A.,OPEA SECURITIZADORA S/A,1ª,2028-06-26,"DI + 1,7%",1.1298,,,0.05,696.09185516,100.62,276.98,2026-09-24
23L2043099,CRI,Unidas,OPEA SECURITIZADORA S/A,1ª,2028-12-15,"DI + 1,7%",,,,,,,,2026-09-24
CRA02300VBT,CRA,UNIDAS LOCAÇÕES E SERVIÇOS S.A.,OPEA SECURITIZADORA S/A,1ª,2028-12-15,"DI + 1,7%",1.3122,1.9361,0.4695,0.21,1050.8092779,100.72,474.29,2026-09-24
CRA022008NH,CRA,IRANI PAPEL E EMBALAGEM S.A.,ECO SECURITIZADORA DE DIREITOS CREDITÓRIOS DO AGRONEGÓCIO S.A.,2ª,2029-08-15,"DI + 1,75%",0.9937,1.4911,0.3745,0.07,1031.46989075,101.53,513.95,2026-09-24
CRA0230012X,CRA,VALE DO PONTAL AÇÚCAR E ETANOL S.A.,ECO SECURITIZADORA DE DIREITOS CREDITÓRIOS DO AGRONEGÓCIO S.A.,1ª,2031-02-17,"DI + 1,8%",2.215,,,0.23,1003.65117385,98.79,753.64,2026-09-24
CRA0240005N,CRA,CEREAL COMÉRCIO EXPORTAÇÃO E REPRESENTAÇÃO AGROPECUÁRIA S.A.,RIZA SECURITIZADORA S.A.,1ª,2029-01-15,"DI + 1,8%",1.5959,2.2544,0.7744,0.24,1032.34780014,100.23,290.74,2026-09-24
24K0003002,CRI,PATRIMAR ENGENHARIA S.A.,RIZA SECURITIZADORA S.A.,1ª,2029-11-23,"DI + 1,95%",4.5026,,4.3,1.57,999.56403391,94.87,534.37,2026-09-24
CRA02300Q8I,CRA,CAPAL COOPERATIVA AGROINDUSTRIAL,OPEA SECURITIZADORA S/A,1ª,2029-05-17,"DI + 1,95%",1.6657,2.4914,0.7,0.02,604.1434693,100.4,356.18,2026-09-24
23H1023846,CRI,BR PROPERTIES S.A.,OPEA SECURITIZADORA S/A,1ª,2031-08-15,DI + 2%,1.3261,,1.1502,0.1,938.042292,101.85,699.21,2026-09-24
23J1333602,CRI,PATRIMAR ENGENHARIA S.A.,RIZA SECURITIZADORA S.A.,1ª,2028-10-20,DI + 2%,5.2736,,,0.29,1038.05601292,97.18,225.96,2026-09-24
CRA022001P6,CRA,USINA BATATAIS S.A.,RIZA SECURITIZADORA S.A.,1ª,2028-04-20,DI + 2%,1.3345,2.2092,0.4592,0.05,1009.80588461,100.92,353.2,2026-09-24
CRA022008C2,CRA,VICUNHA TÊXTIL S.A.,RIZA SECURITIZADORA S.A.,2ª,2027-08-16,DI + 2%,3.6448,4.5323,2.5794,1.57,501.2639682,98.66,213.18,2026-09-24
CRA02300S8P,CRA,FS INDÚSTRIA DE BIOCOMBUSTÍVEIS LTDA.,ECO SECURITIZADORA DE DIREITOS CREDITÓRIOS DO AGRONEGÓCIO S.A.,2ª,2030-06-17,DI + 2%,3.9074,4.1823,3.4281,0.33,952.91150807,94.9,708.94,2026-09-24
CRA024000B7,CRA,FS INDÚSTRIA DE BIOCOMBUSTÍVEIS LTDA.,ECO SECURITIZADORA DE DIREITOS CREDITÓRIOS DO AGRONEGÓCIO S.A.,2ª,2030-07-15,DI + 2%,4.0517,4.75,3.34,0.06,948.39974711,94.45,718.9,2026-09-24
23D0005401,CRI,ORIGINAL HOLDING S.A,OPEA SECURITIZADORA S/A,1ª,2028-04-15,"DI + 2,05%",,,,,,,,2026-09-24
CRA02300BQD,CRA,GJA INDÚSTRIAS S.A.,RIZA SECURITIZADORA S.A.,1ª,2029-07-16,"DI + 2,25%",,,,,,,,2026-09-24
CRA025000MJ,CRA,Integrada Cooperativa Agroindustrial,ECO SECURITIZADORA DE DIREITOS CREDITÓRIOS DO AGRONEGÓCIO S.A.,2ª,2029-05-15,"DI + 2,35%",2.2513,2.9642,1.5392,0.0,794.79300996,100.13,346.13,2026-09-24
22L1212138,CRI,LAR COOPERATIVA AGROINDUSTRIAL,HABITASEC SECURITIZADORA S.A.,2ª,2034-12-19,"DI + 2,45%",1.8109,3.0117,,0.27,918.95614182,101.79,720.38,2026-09-24
CRA02300KZL,CRA,FLORA PRODUTOS DE HIGIENE E LIMPEZA S.A.,OPEA SECURITIZADORA S/A,1ª,2029-10-15,"DI + 2,5%",1.9029,3.0,1.0742,0.0,787.16607045,100.77,333.04,2026-09-24
CRA024005K1,CRA,Natural One S.A.,ECO SECURITIZADORA DE DIREITOS CREDITÓRIOS DO AGRONEGÓCIO S.A.,1ª,2029-05-25,"DI + 2,5%",,,,,,,,2026-09-24
CRA02300795,CRA,FS INDÚSTRIA DE BIOCOMBUSTÍVEIS LTDA.,ECO SECURITIZADORA DE DIREITOS CREDITÓRIOS DO AGRONEGÓCIO S.A.,1ª,2029-10-15,"DI + 2,9%",3.993,4.2711,3.4428,0.15,979.1646315,97.49,605.51,2026-09-24
CRA02300CCH,CRA,FS INDÚSTRIA DE BIOCOMBUSTÍVEIS LTDA.,ECO SECURITIZADORA DE DIREITOS CREDITÓRIOS DO AGRONEGÓCIO S.A.,1ª,2029-12-17,"DI + 2,9%",4.0227,4.4661,3.4428,0.07,977.42057879,97.31,630.73,2026-09-24
CRA0250040I,CRA,Natural One S.A,ECO SECURITIZADORA DE DIREITOS CREDITÓRIOS DO AGRONEGÓCIO S.A.,1ª,2029-06-15,"DI + 2,9%",,,,,,,,2026-09-24
CRA0220099D,CRA,CENTRAL CRESOL BASER,ECO SECURITIZADORA DE DIREITOS CREDITÓRIOS DO AGRONEGÓCIO S.A.,1ª,2027-12-15,"DI + 2,95%",1.1485,1.8694,0.4494,0.07,353.06371051,101.17,167.12,2026-09-24
CRA023003JX,CRA,OLFAR S.A.,RIZA SECURITIZADORA S.A.,1ª,2029-03-15,DI + 3%,2.1591,3.6,1.1694,0.03,724.98740523,101.05,322.12,2026-09-24
CRA0240086H,CRA,DISTRIBUIDORA DE PRODUTOS DE PETRÓLEO CHARRUA LTDA.,OPEA SECURITIZADORA S/A,1ª,2029-08-23,DI + 3%,3.0559,3.3773,,0.35,999.52625155,99.89,510.36,2026-09-24
CRA0250012Y,CRA,FS FLORESTAL S.A.,ECO SECURITIZADORA DE DIREITOS CREDITÓRIOS DO AGRONEGÓCIO S.A.,2ª,2031-03-17,DI + 3%,3.5871,,3.3495,0.25,986.43980031,98.21,799.2,2026-09-24
23F0012602,CRI,FARMACIA E DROGARIA NISSEI S.A.,OPEA SECURITIZADORA S/A,1ª,2028-06-22,"DI + 3,5%",,,,,,,,2026-09-24
CRA022000RU,CRA,MADERO INDÚSTRIA E COMÉRCIO S.A.,ECO SECURITIZADORA DE DIREITOS CREDITÓRIOS DO AGRONEGÓCIO S.A.,2ª,2027-03-15,"DI + 3,5%",3.6994,,,0.18,140.10221025,99.95,63.45,2026-09-24
CRA024002MM,CRA,USINA SANTA FÉ S.A.,ECO SECURITIZADORA DE DIREITOS CREDITÓRIOS DO AGRONEGÓCIO S.A.,1ª,2029-12-17,DI + 4%,3.168,4.7967,1.1666,0.52,889.37110068,101.17,365.57,2026-09-24
CRA02400ECU,CRA,USINA CORURIPE AÇÚCAR E ÁLCOOL S.A.,ECO SECURITIZADORA DE DIREITOS CREDITÓRIOS DO AGRONEGÓCIO S.A.,5ª,2030-11-25,"DI + 4,1%",4.6094,5.0306,4.5973,0.45,4974.07881796,99.17,430.11,2026-09-24
CRA023001JL,CRA,PISANI PLÁSTICOS S.A.,ECO SECURITIZADORA DE DIREITOS CREDITÓRIOS DO AGRONEGÓCIO S.A.,1ª,2029-02-20,DI + 5%,4.1155,,,0.15,543.08365796,100.91,271.36,2026-09-24
CRA02300KOH,CRA,TECSOIL AUTOMAÇÃO E SISTEMAS S.A.,OPEA SECURITIZADORA S/A,1ª,2028-10-16,"DI + 5,5%",3.0227,4.051,2.0795,0.08,713.60179814,102.24,236.0,2026-09-24
CRA02300JR6,CRA,RAÍZEN ENERGIA S.A.,TRUE SECURITIZADORA S/A,2ª,2033-10-17,IPCA + 0%,,,,,492.39890093,43.3,,2026-09-24
CRA019003JY,CRA,KLABIN S.A.,VERT COMPANHIA SECURITIZADORA,1ª,2029-06-15,"IPCA + 3,5%",7.3736,7.7221,7.1246,0.1,1393.55620261,94.13,412.11,2026-09-24
CRA019003V3,CRA,RAÍZEN ENERGIA S.A.,OPEA SECURITIZADORA S/A,2ª,2029-07-16,"IPCA + 3,602%",,,,,699.24458128,47.73,,2026-09-24
CRA021000MG,CRA,M. DIAS BRANCO S.A. INDÚSTRIA E COMÉRCIO DE ALIMENTOS,RIZA SECURITIZADORA S.A.,1ª,2028-03-15,"IPCA + 3,7992%",7.8904,8.1807,7.7696,0.14,1296.11222335,94.61,360.95,2026-09-24
CRA021000MH,CRA,M. DIAS BRANCO S.A. INDÚSTRIA E COMÉRCIO DE ALIMENTOS,RIZA SECURITIZADORA S.A.,2ª,2031-03-15,"IPCA + 4,1369%",8.4582,8.7012,8.1953,0.15,1202.64577971,87.78,802.73,2026-09-24
CRA02100002,CRA,COCAL COMÉRCIO INDÚSTRIA CANAÃ AÇÚCAR E ÁLCOOL LTDA.,RIZA SECURITIZADORA S.A.,2ª,2028-02-15,"IPCA + 4,2095%",8.3979,8.9373,7.0169,0.26,614.50148801,97.13,185.04,2026-09-24
CRA021000MB,CRA,COLOMBO AGROINDÚSTRIA S.A.,ECO SECURITIZADORA DE DIREITOS CREDITÓRIOS DO AGRONEGÓCIO S.A.,1ª,2027-03-15,"IPCA + 4,4474%",8.0346,9.1021,6.9939,0.12,667.95984529,98.47,115.0,2026-09-24
CRA021001PQ,CRA,MARFRIG GLOBAL FOODS S.A.,OPEA SECURITIZADORA S/A,1ª,2028-07-15,"IPCA + 4,5%",12.7067,12.972,12.1909,0.22,1164.72644499,87.76,434.51,2026-09-24
CRA019001E7,CRA,KLABIN S.A.,VERT COMPANHIA SECURITIZADORA,2ª,2029-03-15,"IPCA + 4,5081%",7.4046,7.7625,7.1204,0.09,1452.21082486,96.27,347.72,2026-09-24
CRA021001VA,CRA,MARFRIG GLOBAL FOODS S.A.,OPEA SECURITIZADORA S/A,2ª,2031-07-15,"IPCA + 4,6%",12.1534,12.6149,11.0605,1.07,1045.92571151,78.79,850.54,2026-09-24
21G0065100,CRI,ALIANSCE SONAE SHOPPING CENTERS S.A.,RB CAPITAL INVESTIMENTOS DTVM LTDA,347ª,2028-07-17,"IPCA + 4,6197%",8.2003,,8.0522,0.19,1255.05909821,94.37,433.78,2026-09-24
CRA0210013B,CRA,BRF S.A.,VERT COMPANHIA SECURITIZADORA,1ª,2031-05-15,"IPCA + 4,7843%",12.124,12.2579,11.1631,1.12,1032.76245447,75.95,1011.54,2026-09-24
CRA021001KB,CRA,COMPANHIA DE LOCAÇÃO DAS AMÉRICAS,ECO SECURITIZADORA DE DIREITOS CREDITÓRIOS DO AGRONEGÓCIO S.A.,1ª,2031-07-15,"IPCA + 4,825%",7.9877,8.8536,7.3831,0.22,1205.0532385,90.31,859.46,2026-09-24
CRA021002SO,CRA,IPIRANGA PRODUTOS DE PETRÓLEO S.A.,VERT COMPANHIA SECURITIZADORA,1ª,2028-09-15,"IPCA + 4,8287%",8.1956,8.9512,7.9124,0.39,1226.72506712,94.19,477.18,2026-09-24
21D0737500,CRI,DIRECIONAL ENGENHARIA S.A.,OPEA SECURITIZADORA S/A,371ª,2028-04-17,"IPCA + 4,8444%",7.2835,7.6996,7.1412,0.05,878.12764907,97.7,254.35,2026-09-24
21D0862572,CRI,REDE D'OR SÃO LUIZ S.A.,OPEA SECURITIZADORA S/A,324ª,2036-05-15,"IPCA + 4,9347%",8.4398,9.1781,8.2216,0.37,1092.3583877,79.84,1693.63,2026-09-24
21H1078699,CRI,SENDAS DISTRIBUIDORA S.A.,OPEA SECURITIZADORA S/A,428ª,2028-10-16,"IPCA + 5,1531%",10.7143,11.2389,10.4885,0.2,1186.51752732,90.58,482.55,2026-09-24
21H1078700,CRI,SENDAS DISTRIBUIDORA S.A.,OPEA SECURITIZADORA S/A,429ª,2031-10-15,"IPCA + 5,2662%",12.0075,12.3668,10.896,0.13,1052.21094221,80.29,878.46,2026-09-24
CRA020002GZ,CRA,BRF S.A.,VERT COMPANHIA SECURITIZADORA,1ª,2027-07-15,"IPCA + 5,3%",9.9111,10.5969,8.3782,0.52,1402.61149348,96.71,196.77,2026-09-24
21D0694886,CRI,CONSTRUTORA TENDA S.A.,OPEA SECURITIZADORA S/A,378ª,2028-04-17,"IPCA + 5,3621%",9.1657,,,0.44,886.79799297,96.53,250.04,2026-09-24
CRA021002NF,CRA,PETROBRAS DISTRIBUIDORA S.A.,RIZA SECURITIZADORA S.A.,1ª,2031-09-15,"IPCA + 5,3995%",8.9995,9.536,8.6938,0.31,1158.93612255,88.57,906.27,2026-09-24
CRA020001P7,CRA,RAÍZEN ENERGIA S.A.,OPEA SECURITIZADORA S/A,1ª,2027-06-15,"IPCA + 5,4%",,,,,620.71323521,43.62,,2026-09-24
CRA021000RX,CRA,MINERVA S.A.,RIZA SECURITIZADORA S.A.,1ª,2028-04-17,"IPCA + 5,5034%",12.3687,12.5835,11.1486,1.0,1257.96260717,91.16,369.13,2026-09-24
21I0278118,CRI,LOG COMMERCIAL PROPERTIES E PARTICIPAÇÕES S.A.,RIZA SECURITIZADORA S.A.,362ª,2028-09-15,"IPCA + 5,5212%",11.7595,11.8934,11.3148,1.28,603.85484401,92.21,353.76,2026-09-24
21K0001806,CRI,REDE D'OR SÃO LUIZ S.A.,OPEA SECURITIZADORA S/A,396ª,2031-12-15,"IPCA + 5,5758%",8.4766,8.7112,8.2705,0.09,1160.35619657,90.44,928.36,2026-09-24
CRA021000RY,CRA,MINERVA S.A.,RIZA SECURITIZADORA S.A.,39ª,2031-04-15,"IPCA + 5,578%",11.1803,12.3824,10.8966,0.2,1174.62378202,85.1,777.98,2026-09-24
CRA020002H1,CRA,BRF S.A.,VERT COMPANHIA SECURITIZADORA,2ª,2030-07-15,"IPCA + 5,6%",11.5155,12.6139,10.7103,1.89,1263.04144785,87.04,635.96,2026-09-24
CRA022002Y1,CRA,NORSA REFRIGERANTES S.A.,RIZA SECURITIZADORA S.A.,1ª,2027-03-15,"IPCA + 5,685%",7.0867,7.5122,6.989,0.2,602.37101732,99.4,115.0,2026-09-24
CRA020003PY,CRA,"VAMOS LOCAÇÃO DE CAMINHÕES, MÁQUINAS E EQUIPAMENTOS S.A.",ECO SECURITIZADORA DE DIREITOS CREDITÓRIOS DO AGRONEGÓCIO S.A.,1ª,2030-11-18,"IPCA + 5,7315%",11.5975,13.3366,10.5843,0.72,1229.54420868,85.96,698.59,2026-09-24
21K0001812,CRI,ULTRA SOM SERVIÇOS MÉDICOS S.A.,RIZA SECURITIZADORA S.A.,378ª,2031-12-15,"IPCA + 5,7505%",20.8244,23.0566,18.5419,1.56,750.74114686,58.77,971.15,2026-09-24
CRA021002YA,CRA,CARAMURU ALIMENTOS S.A.,ECO SECURITIZADORA DE DIREITOS CREDITÓRIOS DO AGRONEGÓCIO S.A.,1ª,2027-09-15,"IPCA + 5,7641%",9.6363,11.1127,7.8503,0.12,247.50684001,96.64,239.51,2026-09-24
CRA020001P8,CRA,RAÍZEN ENERGIA S.A.,TRUE SECURITIZADORA S/A,2ª,2030-06-17,"IPCA + 5,8%",,,,,647.34811175,45.45,,2026-09-24
22D1289007,CRI,REDE D'OR SÃO LUIZ S.A.,OPEA SECURITIZADORA S/A,508ª,2029-06-15,"IPCA + 5,83%",8.244,,7.9237,0.22,1145.08715026,94.54,626.89,2026-09-24
22D1289010,CRI,CYRELA BRAZIL REALTY S.A.,OPEA SECURITIZADORA S/A,490ª,2027-06-15,"IPCA + 5,9068%",6.5486,,6.211,0.28,1227.53545306,99.58,174.48,2026-09-24
CRA022002Y2,CRA,NORSA REFRIGERANTES S.A.,RIZA SECURITIZADORA S.A.,2ª,2029-03-15,"IPCA + 5,9169%",8.5414,8.9848,8.4553,0.26,1158.12078009,95.55,467.91,2026-09-24
CRA022006N5,CRA,IPIRANGA PRODUTOS DE PETRÓLEO S.A.,VERT COMPANHIA SECURITIZADORA,1ª,2032-06-15,"IPCA + 6,0053%",8.499,9.2128,8.0604,0.31,1101.12944944,91.01,1014.44,2026-09-24
22D1289008,CRI,REDE D'OR SÃO LUIZ S.A.,OPEA SECURITIZADORA S/A,509ª,2032-06-15,"IPCA + 6,01%",8.4818,9.1984,,0.12,1103.86870717,91.09,1014.44,2026-09-24
CRA022002Y3,CRA,NORSA REFRIGERANTES S.A.,RIZA SECURITIZADORA S.A.,3ª,2032-03-15,"IPCA + 6,0392%",8.6104,,,0.28,1103.5134367,91.04,982.32,2026-09-24
21K0001807,CRI,REDE D'OR SÃO LUIZ S.A.,OPEA SECURITIZADORA S/A,397ª,2036-12-15,"IPCA + 6,1017%",8.5105,8.733,8.1701,0.09,1099.44231047,85.57,1721.29,2026-09-24
22K0001201,CRI,PETRÓLEO BRASILEIRO S.A. - PETROBRAS,OPEA SECURITIZADORA S/A,1ª,2030-04-15,"IPCA + 6,2%",7.3755,7.6623,7.2757,0.11,1183.5828145,96.56,800.88,2026-09-24
23H0027403,CRI,REDE D'OR SÃO LUIZ S.A.,OPEA SECURITIZADORA S/A,2ª,2030-08-15,"IPCA + 6,2%",8.4115,8.7171,8.1377,0.14,1074.05897257,93.12,869.97,2026-09-24
CRA022006MY,CRA,Dexco S.A.,ECO SECURITIZADORA DE DIREITOS CREDITÓRIOS DO AGRONEGÓCIO S.A.,2ª,2032-06-15,"IPCA + 6,2%",,,,,,,,2026-09-24
22K0001203,CRI,PETRÓLEO BRASILEIRO S.A. - PETROBRAS,OPEA SECURITIZADORA S/A,2ª,2032-11-16,"IPCA + 6,25%",7.489,7.7943,,0.19,1185.80297401,94.4,1247.77,2026-09-24
22E1325262,CRI,HYPERA S.A.,OPEA SECURITIZADORA S/A,2ª,2029-08-15,"IPCA + 6,279%",8.6477,8.8811,8.4373,0.24,1131.30054893,94.33,666.56,2026-09-24
CRA021002YF,CRA,J. MACÊDO S.A.,ECO SECURITIZADORA DE DIREITOS CREDITÓRIOS DO AGRONEGÓCIO S.A.,1ª,2026-11-16,"IPCA + 6,3071%",8.8732,11.4718,6.6962,1.49,61.1738488,99.77,24.44,2026-09-24
CRA02300S35,CRA,CAMIL ALIMENTOS S.A.,ECO SECURITIZADORA DE DIREITOS CREDITÓRIOS DO AGRONEGÓCIO S.A.,2ª,2030-11-18,"IPCA + 6,3416%",12.8514,13.2027,12.161,0.71,962.42345233,82.77,793.6,2026-09-24
22C1362141,CRI,MATEUS SUPERMERCADOS S.A.,OPEA SECURITIZADORA S/A,1ª,2034-07-17,"IPCA + 6,3423%",10.625,,10.1861,0.15,817.43142722,87.94,796.49,2026-09-24
22B0004808,CRI,CSN CIMENTOS S.A.,RIZA SECURITIZADORA S.A.,417ª,2032-02-16,"IPCA + 6,3893%",17.0278,19.3809,14.9579,0.3,869.36045463,69.92,924.47,2026-09-24
CRA022008N6,CRA,JBS S.A.,RIZA SECURITIZADORA S.A.,2ª,2032-09-15,"IPCA + 6,3919%",9.2305,11.0757,7.5821,0.17,1073.66839524,89.37,1068.51,2026-09-24
22K0001204,CRI,PETRÓLEO BRASILEIRO S.A. - PETROBRAS,OPEA SECURITIZADORA S/A,3ª,2037-11-16,"IPCA + 6,4%",,,,,,,,2026-09-24
24B0013203,CRI,CIDADE MARAVILHOSA INDÚSTRIA E COMÉRCIO DE ROUPAS S.A.,RIZA SECURITIZADORA S.A.,3ª,2030-02-15,"IPCA + 6,4%",11.1782,,10.5881,0.78,1003.26498266,89.1,659.23,2026-09-24
CRA02300CYS,CRA,BANCO BTG PACTUAL S.A.,OPEA SECURITIZADORA S/A,3ª,2033-07-15,"IPCA + 6,4338%",,,,,,,,2026-09-24
22E1325264,CRI,HYPERA S.A.,OPEA SECURITIZADORA S/A,3ª,2032-08-16,"IPCA + 6,4451%",8.8611,9.3199,,0.08,1092.00316375,91.04,1048.4,2026-09-24
CRA024001P6,CRA,JSL S.A.,ECO SECURITIZADORA DE DIREITOS CREDITÓRIOS DO AGRONEGÓCIO S.A.,2ª,2031-02-17,"IPCA + 6,4527%",13.6814,14.1454,,0.35,925.34164579,82.07,748.45,2026-09-24
22E1095384,CRI,MRV ENGENHARIA E PARTICIPAÇÕES S.A.,OPEA SECURITIZADORA S/A,1ª,2030-09-16,"IPCA + 6,4802%",12.6368,,,0.34,1026.74342928,85.97,671.52,2026-09-24
21J0001208,CRI,TENDA ATACADO S.A.,RIZA SECURITIZADORA S.A.,306ª,2026-10-15,"IPCA + 6,4803%",11.8763,,11.052,0.49,440.12444222,99.73,14.0,2026-09-24
22F0009804,CRI,DIRECIONAL ENGENHARIA S.A.,OPEA SECURITIZADORA S/A,1ª,2032-06-15,"IPCA + 6,4899%",8.8328,9.0373,8.4192,0.16,1108.48508927,91.65,1004.05,2026-09-24
22F0009409,CRI,GJA INDÚSTRIAS S.A.,RIZA SECURITIZADORA S.A.,1ª,2029-06-15,"IPCA + 6,5%",12.1686,,11.8953,0.87,1071.54292432,89.96,511.72,2026-09-24
CRA022003JT,CRA,BEM BRASIL ALIMENTOS S.A.,ECO SECURITIZADORA DE DIREITOS CREDITÓRIOS DO AGRONEGÓCIO S.A.,1ª,2029-05-15,"IPCA + 6,5348%",9.0582,10.2159,7.2595,0.03,1182.02191331,96.55,376.32,2026-09-24
CRA022004MS,CRA,"VAMOS LOCAÇÃO DE CAMINHÕES, MÁQUINAS E EQUIPAMENTOS S.A.",ECO SECURITIZADORA DE DIREITOS CREDITÓRIOS DO AGRONEGÓCIO S.A.,1ª,2032-05-17,"IPCA + 6,5473%",13.9152,14.0617,12.6746,0.44,944.03578766,77.2,956.12,2026-09-24
23H0027404,CRI,REDE D'OR SÃO LUIZ S.A.,OPEA SECURITIZADORA S/A,3ª,2033-08-15,"IPCA + 6,55%",8.469,8.8189,8.1888,0.26,1057.44821855,91.64,1224.7,2026-09-24
CRA022008NB,CRA,RAÍZEN ENERGIA S.A.,OPEA SECURITIZADORA S/A,1ª,2032-08-16,"IPCA + 6,5885%",,,,,585.32855848,48.34,,2026-09-24
22B0006022,CRI,MRV ENGENHARIA E PARTICIPAÇÕES S.A.,RIZA SECURITIZADORA S.A.,442ª,2029-02-15,"IPCA + 6,5954%",12.7384,,12.0261,1.27,1128.91195456,90.57,443.5,2026-09-24
CRA024004SA,CRA,JBS S.A.,RIZA SECURITIZADORA S.A.,2ª,2034-05-15,"IPCA + 6,5975%",9.1131,10.475,7.914,0.16,987.29888054,87.15,1467.72,2026-09-24
22J0306937,CRI,DIAGNÓSTICOS DA AMÉRICA S.A.,VERT COMPANHIA SECURITIZADORA,2ª,2029-10-15,"IPCA + 6,6%",13.4566,15.0146,11.8228,0.55,1038.20889957,84.51,675.59,2026-09-24
CRA02300G7F,CRA,MARFRIG GLOBAL FOODS S.A.,ECO SECURITIZADORA DE DIREITOS CREDITÓRIOS DO AGRONEGÓCIO S.A.,3ª,2030-08-15,"IPCA + 6,6%",12.7281,13.0244,12.3675,0.13,953.88045452,82.59,855.93,2026-09-24
CRA022008C7,CRA,COMPANHIA DE LOCAÇÃO DAS AMÉRICAS,ECO SECURITIZADORA DE DIREITOS CREDITÓRIOS DO AGRONEGÓCIO S.A.,1ª,2028-09-15,"IPCA + 6,6018%",8.476,8.951,8.1452,0.23,1161.92246247,96.79,471.45,2026-09-24
24E1835896,CRI,HSL,TRUE SECURITIZADORA S/A,1ª,2034-06-15,"IPCA + 6,6075%",,,,,,,,2026-09-24
CRA022007KI,CRA,COCAL COMÉRCIO INDÚSTRIA CANAÃ AÇÚCAR E ÁLCOOL LTDA.,RIZA SECURITIZADORA S.A.,1ª,2030-08-15,"IPCA + 6,6234%",11.341,11.8751,10.7875,0.43,1069.7934694,89.33,651.56,2026-09-24
CRA02300JG3,CRA,JBS S.A.,RIZA SECURITIZADORA S.A.,3ª,2030-09-16,"IPCA + 6,6441%",9.1248,11.0811,7.5758,0.09,1055.24968647,92.22,884.58,2026-09-24
CRA022008N7,CRA,JBS S.A.,RIZA SECURITIZADORA S.A.,3ª,2037-09-15,"IPCA + 6,6614%",9.7332,10.3763,9.2929,0.57,977.76531997,81.38,1787.57,2026-09-24
CRA022000XF,CRA,MARFRIG GLOBAL FOODS S.A.,ECO SECURITIZADORA DE DIREITOS CREDITÓRIOS DO AGRONEGÓCIO S.A.,3ª,2032-01-15,"IPCA + 6,663%",12.5141,12.521,11.3816,0.31,1036.23120725,82.15,916.03,2026-09-24
CRA02300JG4,CRA,JBS S.A.,RIZA SECURITIZADORA S.A.,4ª,2033-09-15,"IPCA + 6,6634%",9.2019,11.05,7.56,0.21,1018.51350491,89.01,1237.21,2026-09-24
24F1277567,CRI,DIRECIONAL ENGENHARIA S.A.,OPEA SECURITIZADORA S/A,2ª,2031-07-15,"IPCA + 6,6747%",8.772,9.0167,8.4099,0.16,1035.32688895,93.01,934.75,2026-09-24
23L1737622,CRI,REDE D'OR SÃO LUIZ S.A.,OPEA SECURITIZADORA S/A,1ª,2033-12-15,"IPCA + 6,6941%",8.3993,,7.959,0.2,1066.84665158,92.32,1261.85,2026-09-24
22G1414303,CRI,SENDAS DISTRIBUIDORA S.A.,OPEA SECURITIZADORA S/A,3ª,2029-09-17,"IPCA + 6,7%",11.5859,,,0.25,1083.68003204,90.26,574.51,2026-09-24
CRA022008ND,CRA,RAÍZEN ENERGIA S.A.,OPEA SECURITIZADORA S/A,2ª,2037-08-17,"IPCA + 6,7382%",,,,,522.09859399,43.08,,2026-09-24
CRA0240066J,CRA,SLC AGRICOLA II,RIZA SECURITIZADORA S.A.,3ª,2031-07-15,"IPCA + 6,7469%",9.1748,9.9143,8.0042,0.5,1024.82715675,91.86,948.04,2026-09-24
22J0306938,CRI,DIAGNÓSTICOS DA AMÉRICA S.A.,VERT COMPANHIA SECURITIZADORA,3ª,2032-10-15,"IPCA + 6,75%",13.2422,15.5787,10.7674,0.21,963.27629317,78.36,1019.91,2026-09-24
CRA0240020C,CRA,VICUNHA II,RIZA SECURITIZADORA S.A.,3ª,2031-02-15,"IPCA + 6,7641%",,,,,,,,2026-09-24
CRA022007EP,CRA,KLABIN S.A.,VERT COMPANHIA SECURITIZADORA,1ª,2034-05-15,"IPCA + 6,7694%",7.7731,8.1468,7.598,0.11,1148.01754716,94.62,1481.03,2026-09-24
CRA024004SB,CRA,JBS S.A.,RIZA SECURITIZADORA S.A.,3ª,2039-05-16,"IPCA + 6,7825%",8.7407,10.1001,7.3026,0.02,982.47244587,86.67,1944.66,2026-09-24
CRA0240086K,CRA,SEARA ALIMENTOS LTDA.,RIZA SECURITIZADORA S.A.,2ª,2034-09-15,"IPCA + 6,7931%",8.8887,10.2005,8.1116,0.07,972.05426529,88.63,1549.79,2026-09-24
CRA024002ML,CRA,MARFRIG GLOBAL FOODS S.A.,ECO SECURITIZADORA DE DIREITOS CREDITÓRIOS DO AGRONEGÓCIO S.A.,3ª,2034-03-15,"IPCA + 6,7996%",12.728,12.977,12.2128,0.32,843.36435565,75.53,1280.44,2026-09-24
22I0970804,CRI,NATURA COSMÉTICOS S.A.,RIZA SECURITIZADORA S.A.,2ª,2029-09-17,"IPCA + 6,8%",8.9832,,8.8936,0.04,1137.65654273,94.65,684.25,2026-09-24
CRA0240066B,CRA,CAMIL ALIMENTOS S.A.,ECO SECURITIZADORA DE DIREITOS CREDITÓRIOS DO AGRONEGÓCIO S.A.,2ª,2031-06-16,"IPCA + 6,8286%",12.4863,,11.4776,0.6,934.41255722,83.04,897.79,2026-09-24
CRA0220079D,CRA,BRF S.A.,VERT COMPANHIA SECURITIZADORA,2ª,2032-07-15,"IPCA + 6,8344%",12.7597,13.0489,12.2331,0.11,984.66057508,80.47,998.75,2026-09-24
CRA0240086L,CRA,SEARA ALIMENTOS LTDA.,RIZA SECURITIZADORA S.A.,3ª,2044-09-15,"IPCA + 6,8408%",9.3634,9.8995,8.9718,0.48,877.21794695,79.98,2316.54,2026-09-24
CRA022006HK,CRA,SÃO SALVADOR ALIMENTOS S.A.,ECO SECURITIZADORA DE DIREITOS CREDITÓRIOS DO AGRONEGÓCIO S.A.,2ª,2030-07-15,"IPCA + 6,8911%",8.7709,9.8965,7.5933,0.38,1150.98798647,95.7,633.12,2026-09-24
22I0970868,CRI,NATURA COSMÉTICOS S.A.,RIZA SECURITIZADORA S.A.,3ª,2032-09-15,"IPCA + 6,9%",9.0909,9.5647,,0.05,1103.18525072,91.78,1060.32,2026-09-24
23L1737623,CRI,REDE D'OR SÃO LUIZ S.A.,OPEA SECURITIZADORA S/A,2ª,2038-12-15,"IPCA + 6,9527%",8.4509,,8.1132,0.18,1038.79927268,89.83,1914.89,2026-09-24
CRA022004S9,CRA,"VAMOS LOCAÇÃO DE CAMINHÕES, MÁQUINAS E EQUIPAMENTOS S.A.",ECO SECURITIZADORA DE DIREITOS CREDITÓRIOS DO AGRONEGÓCIO S.A.,2ª,2037-05-15,"IPCA + 6,9739%",13.1102,,12.2409,1.1,844.51423089,68.96,1594.25,2026-09-24
CRA02300JG5,CRA,JBS S.A.,RIZA SECURITIZADORA S.A.,5ª,2038-09-15,"IPCA + 6,9938%",9.7653,10.374,9.3102,0.59,941.33596483,82.26,1877.67,2026-09-24
CRA024004SC,CRA,JBS S.A.,RIZA SECURITIZADORA S.A.,4ª,2044-05-16,"IPCA + 6,9947%",9.5815,10.4817,9.1593,0.48,912.04343576,80.4,2204.06,2026-09-24
CRA022004XY,CRA,USINA CERRADÃO S.A.,ECO SECURITIZADORA DE DIREITOS CREDITÓRIOS DO AGRONEGÓCIO S.A.,1ª,2028-05-15,"IPCA + 6,9949%",7.8113,,7.7415,0.19,809.68172972,99.19,268.34,2026-09-24
22F0009410,CRI,GJA INDÚSTRIAS S.A.,RIZA SECURITIZADORA S.A.,2ª,2032-06-15,IPCA + 7%,11.4311,,,0.07,1014.72029053,85.17,985.22,2026-09-24
23F1519397,CRI,MOVIDA PARTICIPAÇÕES S.A.,OPEA SECURITIZADORA S/A,3ª,2028-06-16,IPCA + 7%,13.277,13.8042,,0.35,1068.23948129,91.23,404.95,2026-09-24
24G1674104,CRI,JHSF PARTICIPAÇÕES S.A.,OPEA SECURITIZADORA S/A,4ª,2034-07-17,"IPCA + 7,0163%",8.9197,9.1324,8.5762,0.13,894.86770882,92.42,1110.87,2026-09-24
CRA02200C6Y,CRA,MARFRIG GLOBAL FOODS S.A.,ECO SECURITIZADORA DE DIREITOS CREDITÓRIOS DO AGRONEGÓCIO S.A.,1ª,2029-10-15,"IPCA + 7,0383%",12.7709,13.0559,11.0827,0.29,1061.96267487,86.93,672.2,2026-09-24
CRA024007PU,CRA,SOROCABA REFRESCOS S.A.,ECO SECURITIZADORA DE DIREITOS CREDITÓRIOS DO AGRONEGÓCIO S.A.,2ª,2034-08-15,"IPCA + 7,05%",9.8566,10.4045,9.6113,0.21,960.20769109,86.84,1357.41,2026-09-24
22K0934880,CRI,BCBF PARTICIPAÇÕES S.A.,RIZA SECURITIZADORA S.A.,2ª,2029-12-17,"IPCA + 7,0913%",20.8481,22.022,19.5239,3.89,859.4505862,71.09,700.76,2026-09-24
CRA022006HE,CRA,AÇO VERDE DO BRASIL S.A.,RIZA SECURITIZADORA S.A.,1ª,2029-06-15,"IPCA + 7,1543%",10.4037,11.033,9.8235,0.68,1156.71426504,95.4,394.25,2026-09-24
CRA023000RT,CRA,"VAMOS LOCAÇÃO DE CAMINHÕES, MÁQUINAS E EQUIPAMENTOS S.A.",ECO SECURITIZADORA DE DIREITOS CREDITÓRIOS DO AGRONEGÓCIO S.A.,3ª,2030-01-15,"IPCA + 7,1638%",14.1639,14.6537,12.8083,0.05,992.31036083,83.14,730.09,2026-09-24
CRA022006BU,CRA,CARAMURU ALIMENTOS S.A.,ECO SECURITIZADORA DE DIREITOS CREDITÓRIOS DO AGRONEGÓCIO S.A.,1ª,2029-07-16,"IPCA + 7,2043%",10.4285,11.5672,7.5299,1.45,686.60841493,95.25,411.36,2026-09-24
CRA0220073P,CRA,MINERVA S.A.,RIZA SECURITIZADORA S.A.,1ª,2029-07-16,"IPCA + 7,2063%",11.7981,12.4363,11.1367,0.92,1081.55617073,89.94,634.97,2026-09-24
CRA0240066K,CRA,BRF S.A.,ECO SECURITIZADORA DE DIREITOS CREDITÓRIOS DO AGRONEGÓCIO S.A.,3ª,2034-06-15,"IPCA + 7,2336%",12.1046,12.8313,11.3019,1.14,893.19334513,79.37,1281.85,2026-09-24
22K0934889,CRI,BCBF PARTICIPAÇÕES S.A.,RIZA SECURITIZADORA S.A.,3ª,2034-12-15,"IPCA + 7,2792%",20.8072,23.0546,17.8797,1.56,648.82986308,53.64,1222.87,2026-09-24
CRA024001QA,CRA,ZAMP S.A.,RIZA SECURITIZADORA S.A.,3ª,2029-02-15,"IPCA + 7,3%",9.6925,,9.6187,1.1,1081.90336317,95.27,553.55,2026-09-24
CRA024007Q5,CRA,SLC MÁQUINAS LTDA.,OPEA SECURITIZADORA S/A,3ª,2031-08-15,"IPCA + 7,31%",10.1476,10.3745,9.8527,0.43,1025.64083259,92.55,742.84,2026-09-24
CRA02200C6Z,CRA,MARFRIG GLOBAL FOODS S.A.,ECO SECURITIZADORA DE DIREITOS CREDITÓRIOS DO AGRONEGÓCIO S.A.,2ª,2032-10-15,"IPCA + 7,3352%",12.6843,,11.0173,0.13,1002.8227579,81.99,1011.19,2026-09-24
24A2721507,CRI,DASA,VERT COMPANHIA SECURITIZADORA,3ª,2031-01-15,"IPCA + 7,3402%",13.1095,13.956,12.2165,0.72,961.80288741,84.2,820.14,2026-09-24
CRA022006HF,CRA,AÇO VERDE DO BRASIL S.A.,RIZA SECURITIZADORA S.A.,2ª,2032-06-15,"IPCA + 7,3686%",10.5381,11.2791,10.0782,0.49,1082.28911038,89.22,980.11,2026-09-24
CRA024009Q4,CRA,MARFRIG GLOBAL FOODS S.A.,ECO SECURITIZADORA DE DIREITOS CREDITÓRIOS DO AGRONEGÓCIO S.A.,3ª,2034-10-16,"IPCA + 7,3693%",12.8732,13.1262,12.2873,0.16,862.49819435,76.78,1293.48,2026-09-24
22E1314836,CRI,SÃO CARLOS EMPREENDIMENTOS E PARTICIPAÇÕES S.A.,OPEA SECURITIZADORA S/A,1ª,2029-09-17,"IPCA + 7,3826%",9.7178,10.3981,,0.6,1161.07624178,96.19,452.47,2026-09-24
CRA022001E2,CRA,FS AGRISOLUTIONS INDÚSTRIA DE BIOCOMBUSTÍVEIS LTDA.,ECO SECURITIZADORA DE DIREITOS CREDITÓRIOS DO AGRONEGÓCIO S.A.,2ª,2029-02-15,"IPCA + 7,3913%",12.1044,12.7112,11.3307,0.38,1165.00952543,94.61,321.53,2026-09-24
CRA022004SD,CRA,FS AGRISOLUTIONS INDÚSTRIA DE BIOCOMBUSTÍVEIS LTDA.,ECO SECURITIZADORA DE DIREITOS CREDITÓRIOS DO AGRONEGÓCIO S.A.,2ª,2029-05-15,"IPCA + 7,3913%",11.8226,12.5203,11.3181,0.12,1160.5005549,94.18,370.13,2026-09-24
CRA02400AHZ,CRA,REFRESCOS BANDEIRANTES INDÚSTRIA E COMÉRCIO LTDA.,RIZA SECURITIZADORA S.A.,2ª,2034-11-16,"IPCA + 7,41%",10.409,12.1294,,1.19,959.34417023,86.12,1346.89,2026-09-24
24J2539865,CRI,JHSF PARTICIPAÇÕES S.A.,OPEA SECURITIZADORA S/A,1ª,2034-10-16,"IPCA + 7,4183%",8.9594,9.184,8.6431,0.05,1046.23353008,92.62,1346.45,2026-09-24
CRA0240005O,CRA,CEREAL COMÉRCIO EXPORTAÇÃO E REPRESENTAÇÃO AGROPECUÁRIA S.A.,RIZA SECURITIZADORA S.A.,2ª,2029-01-15,"IPCA + 7,4367%",8.9623,10.2237,8.0625,0.04,1121.7213168,98.3,305.62,2026-09-24
CRA022004H5,CRA,NARDINI AGROINDUSTRIAL LTDA.,OPEA SECURITIZADORA S/A,1ª,2028-04-15,"IPCA + 7,4986%",7.6973,,7.5281,0.46,823.33330449,99.82,248.19,2026-09-24
23L2043184,CRI,UNIDAS LOCADORA S.A.,OPEA SECURITIZADORA S/A,3ª,2030-12-16,"IPCA + 7,5%",10.1046,10.4588,9.5921,0.23,1072.00881765,92.6,806.24,2026-09-24
CRA024009Q5,CRA,MARFRIG GLOBAL FOODS S.A.,ECO SECURITIZADORA DE DIREITOS CREDITÓRIOS DO AGRONEGÓCIO S.A.,4ª,2039-10-17,"IPCA + 7,5395%",13.3662,13.4316,12.7751,0.49,762.29660841,67.81,1723.54,2026-09-24
CRA02300MOQ,CRA,MINERVA S.A.,RIZA SECURITIZADORA S.A.,3ª,2030-09-16,"IPCA + 7,5408%",12.7523,13.1693,10.1378,0.9,989.16903387,86.47,768.8,2026-09-24
23L0034761,CRI,FARO ENERGY PROJETOS SOLARES HOLDING S.A.,OPEA SECURITIZADORA S/A,1ª,2038-12-15,"IPCA + 7,5702%",,,,,,,,2026-09-24
CRA0250080Y,CRA,ELDORADO BRASIL CELULOSE S.A.,OPEA SECURITIZADORA S/A,3ª,2040-09-17,"IPCA + 7,6%",8.5964,,8.1681,0.5,963.34382667,92.25,2176.61,2026-09-24
25D0012204,CRI,CYRELA BRAZIL REALTY S.A.,COMPANHIA PROVÍNCIA DE SECURITIZAÇÃO,3ª,2032-04-15,"IPCA + 7,6693%",8.5151,,8.1644,0.06,1053.32283382,96.83,1034.16,2026-09-24
23J1127331,CRI,MOVIDA PARTICIPAÇÕES S.A.,OPEA SECURITIZADORA S/A,3ª,2033-10-17,"IPCA + 7,7279%",13.6498,,,0.43,918.900671,77.96,1142.25,2026-09-24
CRA0250080X,CRA,ELDORADO BRASIL CELULOSE S.A.,OPEA SECURITIZADORA S/A,2ª,2035-09-17,"IPCA + 7,7281%",8.752,,8.1679,0.42,981.22378551,93.96,1648.87,2026-09-24
CRA02400AYK,CRA,BEM BRASIL ALIMENTOS S.A.,ECO SECURITIZADORA DE DIREITOS CREDITÓRIOS DO AGRONEGÓCIO S.A.,ª,2031-11-17,"IPCA + 7,737%",9.4233,10.6039,7.5714,0.26,1035.21802903,94.69,882.66,2026-09-24
CRA0230073N,CRA,J. MACÊDO S.A.,RIZA SECURITIZADORA S.A.,2ª,2030-04-15,"IPCA + 7,8%",8.2102,9.3234,6.7763,0.42,1024.72960251,99.38,409.02,2026-09-24
CRA025003PJ,CRA,SEARA,RIZA SECURITIZADORA S.A.,3ª,2055-05-17,"IPCA + 7,8%",,,,,,,,2026-09-24
CRA024003UZ,CRA,LAR COOPERATIVA AGROINDUSTRIAL,ECO SECURITIZADORA DE DIREITOS CREDITÓRIOS DO AGRONEGÓCIO S.A.,3ª,2031-04-15,"IPCA + 7,8363%",9.4698,10.0863,9.2605,0.21,1062.9082156,95.5,769.73,2026-09-24
CRA021004NV,CRA,LAR COOPERATIVA AGROINDUSTRIAL,ECO SECURITIZADORA DE DIREITOS CREDITÓRIOS DO AGRONEGÓCIO S.A.,1ª,2026-11-15,"IPCA + 7,8749%",9.7267,9.8478,7.9213,0.53,432.32679728,99.73,35.0,2026-09-24
CRA0250066B,CRA,BRF S.A.,ECO SECURITIZADORA DE DIREITOS CREDITÓRIOS DO AGRONEGÓCIO S.A.,3ª,2035-07-16,"IPCA + 7,9064%",12.7162,,,0.18,808.23915088,76.26,1514.66,2026-09-24
22E1321749,CRI,COGNA EDUCAÇÃO S.A.,OPEA SECURITIZADORA S/A,2ª,2029-07-16,"IPCA + 7,9273%",9.2389,9.7096,8.9244,0.1,1177.13968523,97.5,527.84,2026-09-24
CRA0240005P,CRA,CEREAL COMÉRCIO EXPORTAÇÃO E REPRESENTAÇÃO AGROPECUÁRIA S.A.,RIZA SECURITIZADORA S.A.,3ª,2031-01-15,"IPCA + 7,9443%",9.2466,10.4645,7.9234,0.01,1098.21011368,96.15,823.66,2026-09-24
22E1321750,CRI,COGNA EDUCAÇÃO S.A.,OPEA SECURITIZADORA S/A,3ª,2032-07-15,"IPCA + 8,0031%",9.6501,,9.5788,0.68,1137.12284408,94.17,995.56,2026-09-24
CRA025009EZ,CRA,Seara Alimentos Ltda.,ECO SECURITIZADORA DE DIREITOS CREDITÓRIOS DO AGRONEGÓCIO S.A.,4ª,2065-10-15,"IPCA + 8,0313%",,,,,,,,2026-09-24
CRA0250020C,CRA,BRF S.A.,ECO SECURITIZADORA DE DIREITOS CREDITÓRIOS DO AGRONEGÓCIO S.A.,2ª,2035-04-16,"IPCA + 8,04%",11.9553,12.5259,9.2729,1.07,882.3594089,80.85,1463.47,2026-09-24
CRA02200795,CRA,ADUBOS ARAGUAIA INDÚSTRIA E COMÉRCIO LTDA.,ECO SECURITIZADORA DE DIREITOS CREDITÓRIOS DO AGRONEGÓCIO S.A.,1ª,2027-07-15,"IPCA + 8,1191%",9.4624,10.1773,,0.24,598.32845741,99.05,195.23,2026-09-24
CRA0250020D,CRA,BRF S.A.,ECO SECURITIZADORA DE DIREITOS CREDITÓRIOS DO AGRONEGÓCIO S.A.,3ª,2040-04-16,"IPCA + 8,2345%",12.0539,12.5101,10.4776,1.47,844.15110942,77.28,1779.59,2026-09-24
CRA0250018K,CRA,MARFRIG GLOBAL FOODS S.A.,ECO SECURITIZADORA DE DIREITOS CREDITÓRIOS DO AGRONEGÓCIO S.A.,4ª,2040-04-16,"IPCA + 8,2503%",13.3551,,12.4994,0.49,782.58405208,71.42,1716.58,2026-09-24
CRA0250018L,CRA,MARFRIG GLOBAL FOODS S.A,ECO SECURITIZADORA DE DIREITOS CREDITÓRIOS DO AGRONEGÓCIO S.A.,5ª,2045-04-17,"IPCA + 8,3405%",13.0246,,,0.86,767.30939627,70.0,1921.45,2026-09-24
CRA0240099F,CRA,VALE DO TIJUCO AÇÚCAR E ÁLCOOL S.A.,ECO SECURITIZADORA DE DIREITOS CREDITÓRIOS DO AGRONEGÓCIO S.A.,2ª,2034-10-16,"IPCA + 8,3558%",10.1264,,9.8056,0.37,1047.44385289,92.8,1151.45,2026-09-24
CRA0250020E,CRA,BRF S.A.,ECO SECURITIZADORA DE DIREITOS CREDITÓRIOS DO AGRONEGÓCIO S.A.,3ª,2045-04-17,"IPCA + 8,38%",10.1709,,10.044,0.08,944.57987924,86.43,2162.58,2026-09-24
CRA02500BVX,CRA,BRF S.A.,ECO SECURITIZADORA DE DIREITOS CREDITÓRIOS DO AGRONEGÓCIO S.A.,5ª,2055-12-15,"IPCA + 8,3857%",,,,,,,,2026-09-24
CRA025008C2,CRA,Neomille S.A.,ECO SECURITIZADORA DE DIREITOS CREDITÓRIOS DO AGRONEGÓCIO S.A.,2ª,2032-12-15,"IPCA + 8,4473%",9.1261,,9.0044,0.19,1036.634888,97.22,1137.92,2026-09-24
CRA02400AHX,CRA,CEREAL COMÉRCIO EXPORTAÇÃO E,RIZA SECURITIZADORA S.A.,3ª,2034-11-16,"IPCA + 8,4704%",9.8576,11.5991,8.0817,0.03,1053.12997487,93.5,1323.77,2026-09-24
CRA025008HR,CRA,Nardini II,OPEA SECURITIZADORA S/A,ª,2032-10-15,"IPCA + 8,4773%",,,,,,,,2026-09-24
CRA025006NC,CRA,LAR COOPERATIVA AGROINDUSTRIAL,ECO SECURITIZADORA DE DIREITOS CREDITÓRIOS DO AGRONEGÓCIO S.A.,3ª,2032-08-16,"IPCA + 8,7268%",9.7393,,9.4406,0.07,1004.82843696,96.09,1079.81,2026-09-24
CRA0250005M,CRA,Boa Safra,OPEA SECURITIZADORA S/A,3ª,2032-01-15,"IPCA + 8,7384%",,,,,,,,2026-09-24
CRA0250005L,CRA,Boa Safra,OPEA SECURITIZADORA S/A,4ª,2035-01-15,"IPCA + 8,9518%",,,,,,,,2026-09-24
CRA02300796,CRA,FS INDÚSTRIA DE BIOCOMBUSTÍVEIS LTDA.,ECO SECURITIZADORA DE DIREITOS CREDITÓRIOS DO AGRONEGÓCIO S.A.,2ª,2029-10-15,"IPCA + 8,9555%",11.9891,12.8471,11.5245,0.09,1075.12148316,92.95,668.49,2026-09-24
CRA023003JY,CRA,OLFAR S.A.,RIZA SECURITIZADORA S.A.,2ª,2030-03-15,"IPCA + 8,9738%",9.6076,10.9604,8.431,0.27,1150.94318344,98.98,443.23,2026-09-24
23F2455004,CRI,SENDAS DISTRIBUIDORA S.A.,OPEA SECURITIZADORA S/A,2ª,2027-07-15,,16.445,,15.5365,1.88,990.52978194,96.89,193.17,2026-09-24
23I1259644,CRI,JSL,OPEA SECURITIZADORA S/A,4ª,2030-09-15,,,,,,,,,2026-09-24
23J1141681,CRI,YDUQS PARTICIPAÇÕES S.A.,OPEA SECURITIZADORA S/A,1ª,2028-10-16,,14.9133,,14.4889,0.32,991.32669104,94.51,450.46,2026-09-24
23K0018801,CRI,MULTIPLAN EMPREENDIMENTOS IMOBILIÁRIOS S.A.,RIZA SECURITIZADORA S.A.,3ª,2031-01-15,,14.2435,,,0.05,947.67337467,92.8,686.44,2026-09-24
23K0022041,CRI,Cogna,TRUE SECURITIZADORA S/A,2ª,2028-11-15,,,,,,,,,2026-09-24
24A2715837,CRI,DIAGNÓSTICOS DA AMÉRICA S.A.,VERT COMPANHIA SECURITIZADORA,2ª,2029-01-15,,18.4185,,18.16,0.87,919.75422968,89.88,504.39,2026-09-24
24A2721829,CRI,DIAGNÓSTICOS DA AMÉRICA S.A,VERT COMPANHIA SECURITIZADORA,4ª,2031-01-15,,19.7378,,19.3289,0.28,857.75233221,83.74,743.2,2026-09-24
25A1946535,CRI,Cury,OPEA SECURITIZADORA S/A,3ª,2032-01-15,,14.9295,,,0.08,1032.91369427,100.45,809.94,2026-09-24
25D0271049,CRI,Log,OPEA SECURITIZADORA S/A,3ª,2032-04-15,,,,,,,,,2026-09-24
CRA02300G7D,CRA,MARFRIG GLOBAL FOODS S.A.,ECO SECURITIZADORA DE DIREITOS CREDITÓRIOS DO AGRONEGÓCIO S.A.,1ª,2027-08-16,,17.7309,,16.8423,0.33,961.55950169,95.09,215.56,2026-09-24
CRA02300HWK,CRA,BANCO BTG PACTUAL S.A.,OPEA SECURITIZADORA S/A,4ª,2033-09-15,,13.3481,13.5391,13.1584,0.32,944.58186945,94.16,1225.16,2026-09-24
CRA02300JR7,CRA,RAÍZEN ENERGIA S.A.,OPEA SECURITIZADORA S/A,3ª,2033-10-17,,,,,,469.61395552,44.85,,2026-09-24
CRA02300NX8,CRA,BTG Pactual III,OPEA SECURITIZADORA S/A,4ª,2033-11-16,,,,,,,,,2026-09-24
CRA02300SPD,CRA,FS Agrisolutions Indústria de Biocombustíveis LTDA,ECO SECURITIZADORA DE DIREITOS CREDITÓRIOS DO AGRONEGÓCIO S.A.,3ª,2030-06-15,,18.6727,,17.862,0.79,873.71529902,87.07,730.78,2026-09-24
CRA02300SUZ,CRA,"Vamos Locação de Caminhões, Máquinas e Equipamentos S.A.",ECO SECURITIZADORA DE DIREITOS CREDITÓRIOS DO AGRONEGÓCIO S.A.,1ª,2030-11-18,,19.8579,,18.163,0.38,859.28098058,82.43,709.85,2026-09-24
CRA02300TSF,CRA,BTG PACTUAL IV,OPEA SECURITIZADORA S/A,4ª,2033-12-15,,,,,,,,,2026-09-24
CRA024000B8,CRA,FS Indústria De Biocombustíveis Ltda,ECO SECURITIZADORA DE DIREITOS CREDITÓRIOS DO AGRONEGÓCIO S.A.,3ª,2030-07-15,,18.8425,,17.8459,0.54,868.16406831,86.52,741.37,2026-09-24
CRA024001P5,CRA,JSL S.A.,ECO SECURITIZADORA DE DIREITOS CREDITÓRIOS DO AGRONEGÓCIO S.A.,1ª,2031-02-15,,,,,,,,,2026-09-24
CRA024001Q9,CRA,ZAMP S.A.,RIZA SECURITIZADORA S.A.,2ª,2029-02-15,,17.0587,,16.5856,0.62,941.2922779,92.9,524.03,2026-09-24
CRA0240020B,CRA,VICUNHA II,RIZA SECURITIZADORA S.A.,2ª,2031-02-15,,,,,,,,,2026-09-24
CRA024002MH,CRA,JF CITRUS AGROPECUÁRIA S.A.,ECO SECURITIZADORA DE DIREITOS CREDITÓRIOS DO AGRONEGÓCIO S.A.,1ª,2029-03-15,,,,,,,,,2026-09-24
CRA024002S2,CRA,Minerva VII,RIZA SECURITIZADORA S.A.,2ª,2029-03-15,,18.6603,,,0.24,880.95148232,87.82,547.69,2026-09-24
CRA024002S3,CRA,MINERVA S.A.,RIZA SECURITIZADORA S.A.,3ª,2031-03-17,,18.4757,,,0.56,827.46719198,82.48,872.41,2026-09-24
CRA0240066D,CRA,FS Florestal S.A.,ECO SECURITIZADORA DE DIREITOS CREDITÓRIOS DO AGRONEGÓCIO S.A.,1ª,2030-06-15,,17.5677,18.0031,17.3929,1.17,951.60612282,94.78,716.58,2026-09-24
CRA0240066G,CRA,BRF S.A.,ECO SECURITIZADORA DE DIREITOS CREDITÓRIOS DO AGRONEGÓCIO S.A.,2ª,2031-06-16,,17.5249,,16.49,0.91,900.22157592,86.95,870.22,2026-09-24
CRA024007PT,CRA,Sorocaba Refrescos S.A,ECO SECURITIZADORA DE DIREITOS CREDITÓRIOS DO AGRONEGÓCIO S.A.,1ª,2031-08-15,,15.5918,16.2362,13.9634,0.19,921.31085423,90.98,857.6,2026-09-24
CRA024007Q3,CRA,SLC Maquinas,OPEA SECURITIZADORA S/A,1ª,2031-08-15,,16.6046,,16.1242,0.26,926.41472733,91.45,681.87,2026-09-24
CRA024009Q3,CRA,MARFRIG GLOBAL FOODS S.A.,ECO SECURITIZADORA DE DIREITOS CREDITÓRIOS DO AGRONEGÓCIO S.A.,2ª,2031-10-15,,17.5317,,16.7657,0.66,928.6877843,87.84,886.94,2026-09-24
CRA02400AHY,CRA,REFRESCOS BANDEIRANTES INDÚSTRIA E COMÉRCIO LTDA.,RIZA SECURITIZADORA S.A.,1ª,2032-11-16,,17.3273,,,2.2,922.9410192,88.11,960.31,2026-09-24
CRA02400AYM,CRA,MINERVA S.A.,RIZA SECURITIZADORA S.A.,2ª,2029-11-16,,18.6848,,,0.27,951.99411397,90.71,624.41,2026-09-24
CRA02400AYP,CRA,MINERVA S.A.,RIZA SECURITIZADORA S.A.,5ª,2034-11-16,,18.7059,,,0.24,905.22599306,86.11,1062.12,2026-09-24
CRA02500001,CRA,BOA SAFRA SEMENTES S.A.,OPEA SECURITIZADORA S/A,1ª,2030-01-15,,16.1644,,15.4963,0.25,987.05004843,98.31,657.44,2026-09-24
CRA0250012X,CRA,FS FLORESTAL S.A.,ECO SECURITIZADORA DE DIREITOS CREDITÓRIOS DO AGRONEGÓCIO S.A.,1ª,2030-03-15,,18.2754,,18.0662,0.68,995.25344749,99.07,661.51,2026-09-24
CRA0250018I,CRA,Marfrig Global Foods S.A,ECO SECURITIZADORA DE DIREITOS CREDITÓRIOS DO AGRONEGÓCIO S.A.,2ª,2032-04-15,,17.6698,,16.9608,0.75,964.25419659,90.75,924.06,2026-09-24
CRA025002S3,CRA,MINERVA S.A,RIZA SECURITIZADORA S.A.,2ª,2030-04-15,,18.7088,,,0.28,996.65713179,93.41,664.24,2026-09-24
CRA025002S4,CRA,MINERVA S.A.,RIZA SECURITIZADORA S.A.,4ª,2032-04-15,,18.8172,,,0.24,968.83014766,90.8,900.63,2026-09-24
CRA0250040J,CRA,Natural One S.A,ECO SECURITIZADORA DE DIREITOS CREDITÓRIOS DO AGRONEGÓCIO S.A.,2ª,2029-06-15,,,,,,,,,2026-09-24
CRA025005EH,CRA,GDM GENÉTICA DO BRASIL S.A.,ECO SECURITIZADORA DE DIREITOS CREDITÓRIOS DO AGRONEGÓCIO S.A.,1ª,2032-07-15,,15.6173,16.4714,15.1332,0.06,1012.22113939,98.43,962.09,2026-09-24
CRA025005V7,CRA,MINERVA S.A.,RIZA SECURITIZADORA S.A.,3ª,2033-07-15,,18.4125,,17.4166,0.71,898.84788621,87.48,1026.16,2026-09-24
CRA025005V8,CRA,MINERVA S.A,RIZA SECURITIZADORA S.A.,4ª,2035-07-16,,18.4848,,17.4949,0.7,892.82154802,86.85,1140.46,2026-09-24
CRA0250066A,CRA,BRF S.A.,ECO SECURITIZADORA DE DIREITOS CREDITÓRIOS DO AGRONEGÓCIO S.A.,2ª,2032-07-15,,18.1579,,,0.32,889.4964074,86.67,990.59,2026-09-24
CRA025006NB,CRA,LAR COOPERATIVA AGROINDUSTRIAL,ECO SECURITIZADORA DE DIREITOS CREDITÓRIOS DO AGRONEGÓCIO S.A.,2ª,2032-08-16,,16.0782,,,0.38,954.75452649,95.12,946.23,2026-09-24
CRA025007KE,CRA,Cereal Comércio Exportação e Representação Agropecuária S.A.,ECO SECURITIZADORA DE DIREITOS CREDITÓRIOS DO AGRONEGÓCIO S.A.,2ª,2032-09-15,,16.2162,,15.8883,0.16,946.08480649,94.25,984.39,2026-09-24
CRA025007KK,CRA,ELDORADO BRASIL CELULOSE S.A.,OPEA SECURITIZADORA S/A,1ª,2032-09-15,,15.2046,,,0.51,963.69184363,96.02,1058.33,2026-09-24
CRA025008ND,CRA,São Salvador Alimentos S.A.,ECO SECURITIZADORA DE DIREITOS CREDITÓRIOS DO AGRONEGÓCIO S.A.,2ª,2033-10-15,,15.5009,16.1757,14.7189,0.2,1008.42000278,95.07,1102.39,2026-09-24
CRA02500A15,CRA,Açucareira Quatá S.A.,ECO SECURITIZADORA DE DIREITOS CREDITÓRIOS DO AGRONEGÓCIO S.A.,1ª,2032-11-15,,16.2668,,15.8983,0.32,991.94972201,94.4,956.77,2026-09-24
CRA02500AHU,CRA,C. Vale - Cooperativa Agroindustrial,ECO SECURITIZADORA DE DIREITOS CREDITÓRIOS DO AGRONEGÓCIO S.A.,2ª,2030-11-15,,15.4832,16.3211,15.2014,0.24,1035.72613894,98.45,775.4,2026-09-24
CRA02500BVU,CRA,BRF S.A.,ECO SECURITIZADORA DE DIREITOS CREDITÓRIOS DO AGRONEGÓCIO S.A.,2ª,2032-12-15,,18.0765,,16.8388,0.36,881.91450389,85.04,1026.46,2026-09-24
CRA02500C1D,CRA,Alibem Alimentos S.A.,ECO SECURITIZADORA DE DIREITOS CREDITÓRIOS DO AGRONEGÓCIO S.A.,1ª,2030-12-18,,16.0806,16.9353,15.43,0.22,1016.18673319,97.8,504.25,2026-09-24
CRA026001JM,CRA,Lar Cooperativa Agroindustrial,ECO SECURITIZADORA DE DIREITOS CREDITÓRIOS DO AGRONEGÓCIO S.A.,2ª,2033-03-15,,16.3647,,16.1257,0.14,957.95191615,95.42,1002.34,2026-09-24
CRA026002BE,CRA,BRF S.A.,ECO SECURITIZADORA DE DIREITOS CREDITÓRIOS DO AGRONEGÓCIO S.A.,2ª,2033-04-15,,17.3758,,,0.96,936.84718974,88.98,1040.28,2026-09-24
25B0013406,CRI,Direcional,OPEA SECURITIZADORA S/A,1ª,2032-02-16,100% do DI,101.5433,,99.0,0.35,1005.4893438,99.21,989.69,2026-09-23
CRA019003V2,CRA,RAÍZEN ENERGIA S.A.,OPEA SECURITIZADORA S/A,1ª,2029-07-16,100% do DI,,,,,435.62915583,42.68,,2026-09-23
CRA024004H7,CRA,SÃO MARTINHO S.A.,RIZA SECURITIZADORA S.A.,3ª,2029-04-12,100% do DI,100.9576,102.8975,98.5725,1.05,1058.64195094,99.74,528.73,2026-09-23
CRA0250018H,CRA,Marfrig Global Foods S.A,ECO SECURITIZADORA DE DIREITOS CREDITÓRIOS DO AGRONEGÓCIO S.A.,1ª,2030-04-15,100% do DI,113.61,,108.824,2.23,1009.95397235,95.26,688.51,2026-09-23
CRA02500BVT,CRA,BRF S.A.,ECO SECURITIZADORA DE DIREITOS CREDITÓRIOS DO AGRONEGÓCIO S.A.,1ª,2030-06-17,100% do DI,115.1887,,109.164,5.74,1028.62241603,92.95,930.0,2026-09-23
24D2765715,CRI,CYRELA BRAZIL REALTY S.A.,COMPANHIA PROVÍNCIA DE SECURITIZAÇÃO,3ª,2031-04-15,101% do DI,99.4297,101.5066,97.2066,0.18,1067.51779055,100.62,766.16,2026-09-23
CRA023007VD,CRA,ENGELHART CTP,OPEA SECURITIZADORA S/A,1ª,2028-07-05,101% do DI,96.9786,98.3325,93.3383,0.1,1038.26914326,100.82,400.38,2026-09-23
25L2997442,CRI,Even Construtora e Incorporadora S/A,VERT COMPANHIA SECURITIZADORA,ª,2032-12-15,"101,5% do DI",,,,,,,,2026-09-23
CRA026002BD,CRA,BRF S.A.,ECO SECURITIZADORA DE DIREITOS CREDITÓRIOS DO AGRONEGÓCIO S.A.,1ª,2030-10-15,"101,5% do DI",113.3816,,106.455,5.72,989.23164606,93.94,1015.0,2026-09-23
24D3313768,CRI,CURY CONSTRUTORA E INCORPORADORA S.A.,TRUE SECURITIZADORA S/A,1ª,2027-05-31,102% do DI,98.9775,101.08,96.8133,0.47,1047.32915452,100.24,160.04,2026-09-23
CRA023003UX,CRA,ENGELHART CTP,OPEA SECURITIZADORA S/A,1ª,2027-03-15,102% do DI,94.1833,95.98,92.38,2.37,1007.71650702,100.46,116.0,2026-09-23
CRA02500669,CRA,BRF S.A,ECO SECURITIZADORA DE DIREITOS CREDITÓRIOS DO AGRONEGÓCIO S.A.,1ª,2029-07-16,102% do DI,113.7768,,107.9666,5.7,1122.20066784,95.83,701.0,2026-09-23
CRA025008HM,CRA,Cocal Comercio Industria Canaa Acucar e Alcool S.A.,VERT COMPANHIA SECURITIZADORA,1ª,2031-09-15,102% do DI,,,,,,,,2026-09-23
24F1277566,CRI,DIRECIONAL ENGENHARIA S.A.,OPEA SECURITIZADORA S/A,1ª,2029-07-16,103% do DI,100.39,102.66,98.75,0.77,1034.7326677,100.8,592.05,2026-09-23
CRA02300209,CRA,ENGELHART CTP,VERT COMPANHIA SECURITIZADORA,1ª,2027-01-15,103% do DI,93.2146,95.9966,91.1966,3.68,1030.44316549,100.38,77.0,2026-09-23
CRA0250073L,CRA,Mantiqueira Brasil,ECO SECURITIZADORA DE DIREITOS CREDITÓRIOS DO AGRONEGÓCIO S.A.,1ª,2030-08-15,"103,1% do DI",,,,,,,,2026-09-23
25G5313879,CRI,MOURA DUBEUX ENGENHARIA S.A.,VERT COMPANHIA SECURITIZADORA,1ª,2030-07-15,"103,75% do DI",105.515,,102.5,2.82,996.40101329,99.32,746.21,2026-09-23
CRA025008N8,CRA,3Tentos,OPEA SECURITIZADORA S/A,1ª,2030-10-15,"103,75% do DI",109.56,117.4619,102.3265,0.42,1038.55198474,97.74,759.75,2026-09-23
22J0346710,CRI,BANCO BTG PACTUAL S.A.,OPEA SECURITIZADORA S/A,1ª,2027-01-15,104% do DI,96.5,96.9,,0.5,1029.81557698,100.29,77.0,2026-09-23
CRA0240066A,CRA,CAMIL ALIMENTOS S.A.,ECO SECURITIZADORA DE DIREITOS CREDITÓRIOS DO AGRONEGÓCIO S.A.,1ª,2029-06-15,104% do DI,118.9085,120.97,112.575,9.52,995.00390143,95.74,566.02,2026-09-23
CRA025006SR,CRA,Boa Safra II,OPEA SECURITIZADORA S/A,1ª,2032-02-16,104% do DI,109.6399,,108.5,3.24,975.43648872,97.23,956.33,2026-09-23
CRA025007KD,CRA,CEREAL COMÉRCIO EXPORTAÇÃO E REPRESENTAÇÃO AGROPECUÁRIA S.A.,ECO SECURITIZADORA DE DIREITOS CREDITÓRIOS DO AGRONEGÓCIO S.A.,1ª,2030-09-16,104% do DI,,,,,,,,2026-09-23
CRA025002S1,CRA,MINERVA S.A.,RIZA SECURITIZADORA S.A.,1ª,2030-04-15,"104,5% do DI",128.8355,,124.4483,0.21,975.86278926,91.8,675.88,2026-09-23
CRA025005V5,CRA,MINERVA S.A.,RIZA SECURITIZADORA S.A.,1ª,2030-07-15,"104,5% do DI",127.9085,,124.3016,0.7,938.59551469,91.4,739.12,2026-09-23
24D0006602,CRI,ALLOS S.A.,OPEA SECURITIZADORA S/A,2ª,2029-04-16,105% do DI,98.5966,101.33,96.9733,1.35,1081.92719665,101.75,527.54,2026-09-23
25E0013305,CRI,JHSF IV,OPEA SECURITIZADORA S/A,2ª,2030-05-15,105% do DI,104.0955,,,1.24,1054.89080745,100.33,707.37,2026-09-23
CRA02300TSB,CRA,BANCO BTG PACTUAL S.A.,OPEA SECURITIZADORA S/A,1ª,2033-12-15,105% do DI,96.5533,99.2666,94.4666,2.06,1093.77774413,105.21,1166.62,2026-09-23
CRA02400AYL,CRA,MINERVA S.A.,RIZA SECURITIZADORA S.A.,1ª,2029-11-16,105% do DI,124.776,,120.87,7.64,986.17093347,93.8,625.28,2026-09-23
CRA025008C3,CRA,Neomille S.A.,ECO SECURITIZADORA DE DIREITOS CREDITÓRIOS DO AGRONEGÓCIO S.A.,3ª,2032-12-15,105% do DI,115.0668,,112.9757,1.66,987.51786814,94.99,977.38,2026-09-23
CRA02500AC9,CRA,,ECO SECURITIZADORA DE DIREITOS CREDITÓRIOS DO AGRONEGÓCIO S.A.,1ª,2030-11-15,105% do DI,,,,,,,,2026-09-23
CRA02500AHT,CRA,C. Vale - Cooperativa Agroindustrial,ECO SECURITIZADORA DE DIREITOS CREDITÓRIOS DO AGRONEGÓCIO S.A.,1ª,2030-11-15,"105,5% do DI",,,,,,,,2026-09-23
CRA025005EI,CRA,GDM Genética do Brasil S.A.,ECO SECURITIZADORA DE DIREITOS CREDITÓRIOS DO AGRONEGÓCIO S.A.,2ª,2032-07-15,"105,75% do DI",108.3306,116.0769,100.4279,0.38,1013.98360366,98.71,971.98,2026-09-23
23K0018802,CRI,MULTIPLAN EMPREENDIMENTOS IMOBILIÁRIOS S.A.,RIZA SECURITIZADORA S.A.,2ª,2031-01-15,106% do DI,98.8,101.1666,96.9333,0.05,1053.06643919,102.5,667.4,2026-09-23
CRA025006NA,CRA,Lar Cooperativa Agroindustrial,ECO SECURITIZADORA DE DIREITOS CREDITÓRIOS DO AGRONEGÓCIO S.A.,1ª,2030-08-15,106% do DI,111.566,,109.0,0.14,983.95352097,98.07,676.22,2026-09-23
23K0019201,CRI,DIRECIONAL ENGENHARIA S.A.,TRUE SECURITIZADORA S/A,2ª,2028-11-16,"106,5% do DI",99.3288,,,0.19,1069.97549896,101.7,460.17,2026-09-23
CRA026001JL,CRA,Lar Cooperativa Agroindustrial,ECO SECURITIZADORA DE DIREITOS CREDITÓRIOS DO AGRONEGÓCIO S.A.,1ª,2031-03-15,"106,5% do DI",112.7644,,110.46,0.43,978.80301356,97.56,761.57,2026-09-23
25H0243072,CRI,BTSA,RIZA SECURITIZADORA S.A.,2ª,2032-08-16,107% do DI,111.9644,,108.0,1.86,983.53483753,98.03,773.45,2026-09-23
CRA02300NRL,CRA,BANCO BTG PACTUAL S.A.,OPEA SECURITIZADORA S/A,1ª,2033-11-16,107% do DI,98.5,99.9,95.1,0.5,1105.46144641,105.11,1137.68,2026-09-23
CRA025003UZ,CRA,COOXUPÉ - COOPERATIVA REGIONAL DE,VERT COMPANHIA SECURITIZADORA,2ª,2030-06-17,"107,5% do DI",110.5203,,108.5,1.68,1030.20721401,99.0,644.32,2026-09-23
CRA02300CYQ,CRA,BANCO BTG PACTUAL S.A.,OPEA SECURITIZADORA S/A,1ª,2033-07-15,109% do DI,96.1341,98.1166,92.9166,1.33,1107.82100522,107.76,1129.73,2026-09-23
CRA02300HWH,CRA,BANCO BTG PACTUAL S.A.,OPEA SECURITIZADORA S/A,1ª,2033-09-15,109% do DI,98.4966,99.9225,95.5725,0.41,1068.81063013,106.52,1168.3,2026-09-23
24I1980390,CRI,MRV ENGENHARIA E PARTICIPAÇÕES S.A,OPEA SECURITIZADORA S/A,1ª,2029-10-15,110% do DI,129.961,138.7366,,1.53,1002.57257629,94.01,597.16,2026-09-23
25B3099731,CRI,IGUATEMI PPPH PARTICIPAÇÕES LTDA.,OPEA SECURITIZADORA S/A,1ª,2030-02-18,96% do DI,98.7266,101.41,96.58,0.28,1002.94115572,99.01,706.61,2026-09-23
25D0012202,CRI,CYRELA BRAZIL REALTY S.A. EMPREENDIMENTOS,COMPANHIA PROVÍNCIA DE SECURITIZAÇÃO,1ª,2029-04-15,96% do DI,99.0766,,,0.15,1048.91224821,99.16,534.16,2026-09-23
25J4546988,CRI,CYRELA BRAZIL REALTY S.A. EMPREENDIMENTOS E,COMPANHIA PROVÍNCIA DE SECURITIZAÇÃO,1ª,2032-11-16,"96,5% do DI",100.1855,,97.6,0.92,1026.19012337,98.0,1053.44,2026-09-23
25D0012203,CRI,CYRELA BRAZIL REALTY S.A. EMPREENDIMENTOS E PARTICIPAÇÕES,COMPANHIA PROVÍNCIA DE SECURITIZAÇÃO,2ª,2030-04-15,97% do DI,99.3666,,97.5,0.32,1049.4266586,99.15,698.59,2026-09-23
26C3164285,CRI,Allos VI,OPEA SECURITIZADORA S/A,1ª,2031-03-12,97% do DI,98.6722,100.89,,0.18,996.09574567,99.26,855.75,2026-09-23
26G0012801,CRI,Cury III,OPEA SECURITIZADORA S/A,1ª,2032-07-06,97% do DI,99.7198,,97.4,0.69,1007.44609052,98.64,971.77,2026-09-23
CRA025003PD,CRA,SÃO MARTINHO S.A.,VERT COMPANHIA SECURITIZADORA,1ª,2032-06-15,97% do DI,103.578,,101.9833,0.16,1001.26336844,96.59,1010.12,2026-09-23
24H1684874,CRI,SOCIEDADE BENEFICENTE ISRAELITA BRASILEIRA HOSPITAL ALBERT EINSTEIN,RIZA SECURITIZADORA S.A.,1ª,2029-08-17,"97,5% do DI",97.3888,99.8775,95.9366,0.13,867.75176109,100.02,371.41,2026-09-23
24D2765586,CRI,CYRELA BRAZIL REALTY S.A.,COMPANHIA PROVÍNCIA DE SECURITIZAÇÃO,1ª,2028-04-15,98% do DI,98.198,99.6,96.535,0.26,705.86064545,99.98,238.46,2026-09-23
25G3629974,CRI,PLANO E PLANO II,RIZA SECURITIZADORA S.A.,1ª,2030-07-15,98% do DI,103.6416,,102.0,1.26,1002.82969912,97.81,758.19,2026-09-23
25I0014209,CRI,Multiplan,OPEA SECURITIZADORA S/A,1ª,2035-09-19,98% do DI,,,,,,,,2026-09-23
CRA024004H5,CRA,SÃO MARTINHO S.A.,RIZA SECURITIZADORA S.A.,1ª,2027-04-12,98% do DI,98.8325,101.7575,96.21,1.03,1059.56851888,99.95,127.33,2026-09-23
25G3629975,CRI,PLANO E PLANO II,RIZA SECURITIZADORA S.A.,2ª,2031-07-15,99% do DI,104.66,,102.0,0.31,998.75166836,97.39,900.19,2026-09-23
24E1393588,CRI,MULTIPLAN EMPREENDIMENTOS IMOBILIÁRIOS S.A.,RIZA SECURITIZADORA S.A.,1ª,2029-05-17,"99,5% do DI",99.52,101.7433,97.2766,0.02,1047.49721331,100.0,460.18,2026-09-23
CRA025008NB,CRA,Bem Brasil Alimentos S.A.,ECO SECURITIZADORA DE DIREITOS CREDITÓRIOS DO AGRONEGÓCIO S.A.,ª,2032-10-15,"DI + 0,33%",1.5056,2.3599,0.6879,0.02,1019.05251756,95.98,883.52,2026-09-23
CRA024009Q2,CRA,MARFRIG GLOBAL FOODS S.A.,ECO SECURITIZADORA DE DIREITOS CREDITÓRIOS DO AGRONEGÓCIO S.A.,1ª,2031-10-15,"DI + 0,35%",3.0094,3.4232,2.7399,0.21,968.33244833,91.19,877.35,2026-09-23
22D1289009,CRI,CYRELA BRAZIL REALTY S.A.,OPEA SECURITIZADORA S/A,489ª,2027-06-15,"DI + 0,4%",0.3189,0.5232,0.2174,0.08,1039.48219305,100.06,171.0,2026-09-23
CRA02400AYN,CRA,MINERVA S.A.,RIZA SECURITIZADORA S.A.,3ª,2031-11-17,"DI + 0,4%",3.6255,4.4199,2.0656,0.27,937.43500575,89.25,893.5,2026-09-23
CRA02500003,CRA,BOA SAFRA SEMENTES S.A.,OPEA SECURITIZADORA S/A,2ª,2030-01-15,"DI + 0,4%",1.6783,,1.4539,0.21,992.48932361,96.68,671.52,2026-09-23
CRA0250018J,CRA,MARFRIG GLOBAL FOODS S.A.,ECO SECURITIZADORA DE DIREITOS CREDITÓRIOS DO AGRONEGÓCIO S.A.,3ª,2035-04-16,"DI + 0,4%",3.0472,,2.5449,0.34,944.97312234,88.97,1105.55,2026-09-23
CRA025007PT,CRA,SLC AGRÍCOLA S.A.,OPEA SECURITIZADORA S/A,1ª,2033-09-22,"DI + 0,4%",1.1466,1.7282,0.75,0.24,967.64551154,96.76,1114.61,2026-09-23
CRA02300Q2Y,CRA,,RIZA SECURITIZADORA S.A.,3ª,2028-11-06,"DI + 0,48%",,,,,,,,2026-09-23
CRA025002S2,CRA,MINERVA S.A.,RIZA SECURITIZADORA S.A.,3ª,2032-04-15,"DI + 0,5%",3.4952,,,0.5,952.31649271,89.62,925.04,2026-09-23
23J0019601,CRI,Iguatemi,OPEA SECURITIZADORA S/A,1ª,2028-10-16,"DI + 0,55%",,,,,,,,2026-09-23
23K0018602,CRI,MULTIPLAN EMPREENDIMENTOS IMOBILIÁRIOS S.A.,RIZA SECURITIZADORA S.A.,1ª,2031-01-15,"DI + 0,6%",0.3827,0.6465,0.2632,0.01,1032.88578176,100.57,666.66,2026-09-23
24B0013201,CRI,SOMA,RIZA SECURITIZADORA S.A.,1ª,2028-02-15,"DI + 0,6%",,,,,,,,2026-09-23
23H1188857,CRI,RAIA DROGASIL S.A.,OPEA SECURITIZADORA S/A,2ª,2027-09-15,"DI + 0,65%",0.1634,0.4399,0.0899,0.09,1007.82704214,100.46,236.01,2026-09-23
CRA02300RS5,CRA,CAMIL ALIMENTOS S.A.,ECO SECURITIZADORA DE DIREITOS CREDITÓRIOS DO AGRONEGÓCIO S.A.,1ª,2028-11-16,"DI + 0,65%",3.6535,4.3949,2.8029,0.83,996.49981304,94.79,457.44,2026-09-23
22C0023008,CRI,RAIA DROGASIL S.A.,OPEA SECURITIZADORA S/A,495ª,2027-03-08,"DI + 0,7%",0.1932,0.4332,0.0832,0.13,504.11669842,100.22,111.0,2026-09-23
23K0018401,CRI,DIRECIONAL ENGENHARIA S.A.,OPEA SECURITIZADORA S/A,1ª,2028-11-16,"DI + 0,7%",0.4344,,,0.2,1056.57972077,100.48,460.25,2026-09-23
CRA02300GCY,CRA,IPIRANGA PRODUTOS DE PETRÓLEO S.A.,VERT COMPANHIA SECURITIZADORA,2ª,2027-07-16,"DI + 0,7%",0.461,,,0.23,1028.40130647,100.18,189.91,2026-09-23
CRA025005V6,CRA,MINERVA S.A.,RIZA SECURITIZADORA S.A.,2ª,2033-07-15,"DI + 0,7%",3.5249,,3.0,0.41,915.37874742,89.12,1032.24,2026-09-23
22E1325261,CRI,HYPERA S.A.,OPEA SECURITIZADORA S/A,1ª,2027-08-16,"DI + 0,75%",0.5258,0.7382,0.3549,0.05,1016.22130219,100.19,214.97,2026-09-23
22F0230096,CRI,RAIA DROGASIL S.A.,OPEA SECURITIZADORA S/A,1ª,2029-06-26,"DI + 0,75%",0.2195,0.4865,0.1365,0.1,1045.24306105,101.02,483.89,2026-09-23
22K0934871,CRI,BCBF PARTICIPAÇÕES S.A.,RIZA SECURITIZADORA S.A.,1ª,2027-12-15,"DI + 0,75%",14.9349,,11.4959,0.82,898.04669255,86.36,279.31,2026-09-23
22I0970801,CRI,NATURA COSMÉTICOS S.A.,RIZA SECURITIZADORA S.A.,1ª,2027-09-15,"DI + 0,8%",0.3808,0.5632,0.2132,0.03,1007.1940807,100.39,235.92,2026-09-23
22J0305579,CRI,DIAGNÓSTICOS DA AMÉRICA S.A.,VERT COMPANHIA SECURITIZADORA,1ª,2027-10-15,"DI + 0,8%",5.5174,8.4557,3.1224,0.82,1018.60032115,95.74,239.7,2026-09-23
CRA02300JG2,CRA,JBS S.A.,RIZA SECURITIZADORA S.A.,2ª,2028-09-15,"DI + 0,8%",0.6154,1.1691,0.146,0.19,1006.58132424,100.33,449.09,2026-09-23
CRA02300NRM,CRA,BANCO BTG PACTUAL S.A.,OPEA SECURITIZADORA S/A,2ª,2033-11-16,"DI + 0,8%",-0.0704,,,0.46,1092.94512214,103.97,1137.45,2026-09-23
CRA0240066F,CRA,BRF S.A.,ECO SECURITIZADORA DE DIREITOS CREDITÓRIOS DO AGRONEGÓCIO S.A.,1ª,2029-06-15,"DI + 0,8%",2.7224,3.1732,,0.61,996.8726034,95.85,564.01,2026-09-23
22E1315701,CRI,EVEN CONSTRUTORA E INCORPORADORA S.A.,OPEA SECURITIZADORA S/A,1ª,2028-09-18,"DI + 0,9%",1.0637,,,0.29,961.19037945,99.85,233.65,2026-09-23
23J1142031,CRI,YDUQS PARTICIPAÇÕES S.A.,OPEA SECURITIZADORA S/A,2ª,2028-10-13,"DI + 0,9%",0.9482,1.1299,0.4237,0.09,1063.75598881,99.94,338.74,2026-09-23
CRA022008NC,CRA,SOROCABA REFRESCOS S.A.,ECO SECURITIZADORA DE DIREITOS CREDITÓRIOS DO AGRONEGÓCIO S.A.,1ª,2029-08-15,"DI + 0,9%",1.158,1.9424,0.2924,0.08,757.62636591,99.58,416.9,2026-09-23
CRA023000GP,CRA,"VAMOS LOCAÇÃO DE CAMINHÕES, MÁQUINAS E EQUIPAMENTOS S.A.",ECO SECURITIZADORA DE DIREITOS CREDITÓRIOS DO AGRONEGÓCIO S.A.,1ª,2028-01-17,"DI + 0,9%",3.9992,4.8682,3.0,0.0,990.69168255,96.41,303.98,2026-09-23
CRA024007K9,CRA,COOXUPÉ - COOPERATIVA REGIONAL DE CAFEICULTORES EM GUAXUPÉ LTDA.,VERT COMPANHIA SECURITIZADORA,1ª,2029-07-16,"DI + 0,9%",1.5023,2.1069,0.8069,0.06,1015.57483939,98.84,495.85,2026-09-23
22F0315398,CRI,LOCALIZA RENT A CAR S.A.,RIZA SECURITIZADORA S.A.,1ª,2027-06-07,"DI + 0,95%",0.5249,0.6932,0.3265,0.21,1046.90775901,100.28,164.68,2026-09-23
CRA024002MJ,CRA,MARFRIG GLOBAL FOODS S.A.,ECO SECURITIZADORA DE DIREITOS CREDITÓRIOS DO AGRONEGÓCIO S.A.,1ª,2029-03-15,"DI + 0,95%",2.8994,3.2465,2.5632,0.59,963.05168793,95.99,538.65,2026-09-23
23H0027402,CRI,REDE D'OR SÃO LUIZ S.A.,OPEA SECURITIZADORA S/A,1ª,2028-08-15,DI + 1%,0.1583,0.3532,-0.1771,0.09,1029.00959909,101.43,427.1,2026-09-23
CRA022006HJ,CRA,SÃO SALVADOR ALIMENTOS S.A.,ECO SECURITIZADORA DE DIREITOS CREDITÓRIOS DO AGRONEGÓCIO S.A.,1ª,2027-07-15,DI + 1%,1.11,1.8049,0.2549,0.04,1026.91268118,99.92,192.7,2026-09-23
CRA022008C9,CRA,COMPANHIA DE LOCAÇÃO DAS AMÉRICAS,ECO SECURITIZADORA DE DIREITOS CREDITÓRIOS DO AGRONEGÓCIO S.A.,2ª,2028-09-15,DI + 1%,0.779,1.2066,0.5044,0.17,1007.23816861,100.39,448.48,2026-09-23
CRA022008CB,CRA,JALLES MACHADO S.A.,ECO SECURITIZADORA DE DIREITOS CREDITÓRIOS DO AGRONEGÓCIO S.A.,1ª,2032-08-09,DI + 1%,1.4275,,1.3,0.13,990.32524432,98.43,941.46,2026-09-23
23H1191899,CRI,RAIA DROGASIL S.A.,OPEA SECURITIZADORA S/A,3ª,2030-09-16,"DI + 1,1%",0.3923,0.5874,0.2499,0.19,1023.42983061,102.0,711.14,2026-09-23
CRA024002S1,CRA,MINERVA S.A.,RIZA SECURITIZADORA S.A.,1ª,2029-03-15,"DI + 1,1%",3.1825,3.4736,2.5,0.61,960.56198477,95.74,537.76,2026-09-23
CRA02400AHV,CRA,CEREAL COMÉRCIO EXPORTAÇÃO E REPRESENTAÇÃO AGROPECUÁRIA S.A.,RIZA SECURITIZADORA S.A.,1ª,2029-11-16,"DI + 1,1%",1.6348,2.2329,0.9329,0.06,1039.33391692,98.7,623.5,2026-09-23
23F2455020,CRI,Assai,TRUE SECURITIZADORA S/A,3ª,2028-07-15,"DI + 1,15%",,,,,,,,2026-09-23
CRA023000MC,CRA,"VAMOS LOCAÇÃO DE CAMINHÕES, MÁQUINAS E EQUIPAMENTOS S.A.",ECO SECURITIZADORA DE DIREITOS CREDITÓRIOS DO AGRONEGÓCIO S.A.,2ª,2030-01-15,"DI + 1,2%",4.8003,5.3399,4.0,0.35,1452.10798045,89.19,825.0,2026-09-23
CRA024001P7,CRA,JSL S.A.,ECO SECURITIZADORA DE DIREITOS CREDITÓRIOS DO AGRONEGÓCIO S.A.,3ª,2031-02-17,"DI + 1,2%",4.9014,5.5899,4.0285,0.0,921.47534835,90.81,670.0,2026-09-23
CRA024007Q4,CRA,SLC MÁQUINAS LTDA.,OPEA SECURITIZADORA S/A,2ª,2031-08-15,"DI + 1,2%",1.3442,2.0582,0.7582,0.16,1010.89256294,99.62,675.2,2026-09-23
23C0247388,CRI,LOCALIZA RENT A CAR S.A.,RIZA SECURITIZADORA S.A.,1ª,2028-03-10,"DI + 1,25%",0.6008,0.8565,,0.12,1013.87043155,100.88,341.6,2026-09-23
23G0009601,CRI,DIMED S.A.,OPEA SECURITIZADORA S/A,1ª,2028-07-27,"DI + 1,3%",0.2755,,-0.0017,0.01,826.35979577,101.03,253.66,2026-09-23
23C0247702,CRI,LOCALIZA RENT A CAR S.A.,RIZA SECURITIZADORA S.A.,2ª,2030-03-11,"DI + 1,4%",0.5183,,,0.2,1029.95607582,102.47,705.33,2026-09-23
CRA022008NF,CRA,IRANI PAPEL E EMBALAGEM S.A.,ECO SECURITIZADORA DE DIREITOS CREDITÓRIOS DO AGRONEGÓCIO S.A.,1ª,2027-08-16,"DI + 1,4%",1.0432,1.6716,0.3477,0.18,1018.0164322,100.3,214.61,2026-09-23
CRA023002GX,CRA,INTEGRADA COOPERATIVA AGROINDUSTRIAL,ECO SECURITIZADORA DE DIREITOS CREDITÓRIOS DO AGRONEGÓCIO S.A.,1ª,2028-05-15,"DI + 1,4%",1.45,2.9333,-0.0333,0.0,421.43301577,99.95,267.47,2026-09-23
23J1127308,CRI,MOVIDA PARTICIPAÇÕES S.A.,OPEA SECURITIZADORA S/A,1ª,2028-10-16,"DI + 1,45%",4.4222,4.5,,0.25,1015.25229455,95.15,432.33,2026-09-23
22C1235206,CRI,HAVAN S.A.,OPEA SECURITIZADORA S/A,463ª,2027-04-27,"DI + 1,5%",0.7862,0.9182,0.5515,0.17,1014.90800304,100.39,138.55,2026-09-23
23I1257218,CRI,JSL S.A.,OPEA SECURITIZADORA S/A,2ª,2030-09-16,"DI + 1,5%",4.6927,,,1.8,911.97376873,90.89,771.76,2026-09-23
CRA0220080Y,CRA,NEOMILLE S.A.,ECO SECURITIZADORA DE DIREITOS CREDITÓRIOS DO AGRONEGÓCIO S.A.,1ª,2028-04-03,"DI + 1,5%",1.764,2.7139,0.8739,0.04,428.39990729,99.76,237.91,2026-09-23
CRA02300G7E,CRA,MARFRIG GLOBAL FOODS S.A.,ECO SECURITIZADORA DE DIREITOS CREDITÓRIOS DO AGRONEGÓCIO S.A.,2ª,2028-08-15,"DI + 1,5%",2.6106,3.2432,2.0971,0.63,996.60045879,98.18,424.61,2026-09-23
CRA02300MJ9,CRA,MINERVA S.A.,RIZA SECURITIZADORA S.A.,1ª,2028-09-15,"DI + 1,5%",2.5794,2.8465,1.0056,0.62,984.81679029,98.14,446.28,2026-09-23
CRA024003UY,CRA,LAR COOPERATIVA AGROINDUSTRIAL,ECO SECURITIZADORA DE DIREITOS CREDITÓRIOS DO AGRONEGÓCIO S.A.,2ª,2029-04-16,"DI + 1,55%",1.6945,1.8749,1.1749,0.01,1000.94318635,99.75,443.83,2026-09-23
CRA0240020A,CRA,VICUNHA TÊXTIL S.A.,RIZA SECURITIZADORA S.A.,1ª,2029-02-15,"DI + 1,6%",3.1282,3.9682,1.6209,0.24,984.58092812,96.99,515.74,2026-09-23
CRA0240099E,CRA,VALE DO TIJUCO AÇÚCAR E ÁLCOOL S.A.,ECO SECURITIZADORA DE DIREITOS CREDITÓRIOS DO AGRONEGÓCIO S.A.,1ª,2034-10-16,"DI + 1,6%",2.1637,,,0.36,1045.32674713,97.91,958.55,2026-09-23
CRA025009KJ,CRA,Salton,OPEA SECURITIZADORA S/A,1ª,2031-12-09,"DI + 1,6%",,,,,,,,2026-09-23
24A2720884,CRI,DIAGNÓSTICAS DA AMÉRICA S.A.,VERT COMPANHIA SECURITIZADORA,1ª,2029-01-15,"DI + 1,63%",4.9132,7.6378,2.9235,1.23,966.8472355,93.96,492.31,2026-09-23
22L1465644,CRI,ÂNIMA HOLDING S.A.,RIZA SECURITIZADORA S.A.,1ª,2027-12-15,"DI + 1,65%",2.2884,2.5,1.9,0.2,996.49234613,99.3,281.44,2026-09-23
CRA0230073L,CRA,J. MACÊDO S.A.,RIZA SECURITIZADORA S.A.,1ª,2028-04-17,"DI + 1,65%",0.8234,1.3274,,0.16,805.19157228,100.6,185.77,2026-09-23
23F0012002,CRI,LOG COMMERCIAL PROPERTIES E PARTICIPAÇÕES S.A.,OPEA SECURITIZADORA S/A,1ª,2028-06-26,"DI + 1,7%",1.121,,,0.08,695.77379351,100.63,278.09,2026-09-23
23L2043099,CRI,Unidas,OPEA SECURITIZADORA S/A,1ª,2028-12-15,"DI + 1,7%",,,,,,,,2026-09-23
CRA02300VBT,CRA,UNIDAS LOCAÇÕES E SERVIÇOS S.A.,OPEA SECURITIZADORA S/A,1ª,2028-12-15,"DI + 1,7%",1.3095,1.9366,0.4699,0.19,1050.27951417,100.73,475.57,2026-09-23
CRA022008NH,CRA,IRANI PAPEL E EMBALAGEM S.A.,ECO SECURITIZADORA DE DIREITOS CREDITÓRIOS DO AGRONEGÓCIO S.A.,2ª,2029-08-15,"DI + 1,75%",0.9883,1.4916,0.3749,0.07,1031.03040421,101.55,515.28,2026-09-23
CRA0230012X,CRA,VALE DO PONTAL AÇÚCAR E ETANOL S.A.,ECO SECURITIZADORA DE DIREITOS CREDITÓRIOS DO AGRONEGÓCIO S.A.,1ª,2031-02-17,"DI + 1,8%",2.1766,,,0.13,1004.17497127,98.9,755.47,2026-09-23
CRA0240005N,CRA,CEREAL COMÉRCIO EXPORTAÇÃO E REPRESENTAÇÃO AGROPECUÁRIA S.A.,RIZA SECURITIZADORA S.A.,1ª,2029-01-15,"DI + 1,8%",1.6413,2.2549,0.7749,0.37,1031.22840603,100.18,291.78,2026-09-23
24K0003002,CRI,PATRIMAR ENGENHARIA S.A.,RIZA SECURITIZADORA S.A.,1ª,2029-11-23,"DI + 1,95%",4.4067,4.8765,4.3382,1.29,1000.79892408,95.04,535.93,2026-09-23
CRA02300Q8I,CRA,CAPAL COOPERATIVA AGROINDUSTRIAL,OPEA SECURITIZADORA S/A,1ª,2029-05-17,"DI + 1,95%",1.6548,2.4859,0.7,0.03,603.89047461,100.41,357.41,2026-09-23
23H1023846,CRI,BR PROPERTIES S.A.,OPEA SECURITIZADORA S/A,1ª,2031-08-15,DI + 2%,1.3378,1.5849,1.1,0.05,937.23369135,101.82,700.85,2026-09-23
23J1333602,CRI,PATRIMAR ENGENHARIA S.A.,RIZA SECURITIZADORA S.A.,1ª,2028-10-20,DI + 2%,,,,,,,,2026-09-23
CRA022001P6,CRA,USINA BATATAIS S.A.,RIZA SECURITIZADORA S.A.,1ª,2028-04-20,DI + 2%,1.3349,2.2099,0.4599,0.05,1009.23903148,100.92,354.37,2026-09-23
CRA022008C2,CRA,VICUNHA TÊXTIL S.A.,RIZA SECURITIZADORA S.A.,2ª,2027-08-16,DI + 2%,3.4351,4.4399,1.7674,1.62,501.80263775,98.82,214.2,2026-09-23
CRA02300S8P,CRA,FS INDÚSTRIA DE BIOCOMBUSTÍVEIS LTDA.,ECO SECURITIZADORA DE DIREITOS CREDITÓRIOS DO AGRONEGÓCIO S.A.,2ª,2030-06-17,DI + 2%,3.9921,4.1765,3.3474,0.51,950.04743716,94.67,710.36,2026-09-23
CRA024000B7,CRA,FS INDÚSTRIA DE BIOCOMBUSTÍVEIS LTDA.,ECO SECURITIZADORA DE DIREITOS CREDITÓRIOS DO AGRONEGÓCIO S.A.,2ª,2030-07-15,DI + 2%,4.0238,4.5479,3.25,0.08,948.44079565,94.51,720.75,2026-09-23
23D0005401,CRI,ORIGINAL HOLDING S.A,OPEA SECURITIZADORA S/A,1ª,2028-04-15,"DI + 2,05%",,,,,,,,2026-09-23
CRA02300BQD,CRA,GJA INDÚSTRIAS S.A.,RIZA SECURITIZADORA S.A.,1ª,2029-07-16,"DI + 2,25%",,,,,,,,2026-09-23
CRA025000MJ,CRA,Integrada Cooperativa Agroindustrial,ECO SECURITIZADORA DE DIREITOS CREDITÓRIOS DO AGRONEGÓCIO S.A.,2ª,2029-05-15,"DI + 2,35%",2.2508,2.9649,1.5399,0.0,794.32523289,100.13,347.3,2026-09-23
22L1212138,CRI,LAR COOPERATIVA AGROINDUSTRIAL,HABITASEC SECURITIZADORA S.A.,2ª,2034-12-19,"DI + 2,45%",1.9362,3.1499,1.8499,0.26,915.21406839,101.44,720.59,2026-09-23
CRA02300KZL,CRA,FLORA PRODUTOS DE HIGIENE E LIMPEZA S.A.,OPEA SECURITIZADORA S/A,1ª,2029-10-15,"DI + 2,5%",1.8873,3.0,1.0574,0.04,786.87126896,100.8,334.29,2026-09-23
CRA024005K1,CRA,Natural One S.A.,ECO SECURITIZADORA DE DIREITOS CREDITÓRIOS DO AGRONEGÓCIO S.A.,1ª,2029-05-25,"DI + 2,5%",,,,,,,,2026-09-23
CRA02300795,CRA,FS INDÚSTRIA DE BIOCOMBUSTÍVEIS LTDA.,ECO SECURITIZADORA DE DIREITOS CREDITÓRIOS DO AGRONEGÓCIO S.A.,1ª,2029-10-15,"DI + 2,9%",3.9713,4.2449,3.3312,0.02,978.98549514,97.53,607.1,2026-09-23
CRA02300CCH,CRA,FS INDÚSTRIA DE BIOCOMBUSTÍVEIS LTDA.,ECO SECURITIZADORA DE DIREITOS CREDITÓRIOS DO AGRONEGÓCIO S.A.,1ª,2029-12-17,"DI + 2,9%",3.9927,4.4416,3.3375,0.03,977.45434885,97.38,632.39,2026-09-23
CRA0250040I,CRA,Natural One S.A,ECO SECURITIZADORA DE DIREITOS CREDITÓRIOS DO AGRONEGÓCIO S.A.,1ª,2029-06-15,"DI + 2,9%",5.3833,,3.5,2.0,1010.35576185,96.58,366.05,2026-09-23
CRA0220099D,CRA,CENTRAL CRESOL BASER,ECO SECURITIZADORA DE DIREITOS CREDITÓRIOS DO AGRONEGÓCIO S.A.,1ª,2027-12-15,"DI + 2,95%",1.1399,1.8699,0.4499,0.07,352.88918038,101.19,168.15,2026-09-23
CRA023003JX,CRA,OLFAR S.A.,RIZA SECURITIZADORA S.A.,1ª,2029-03-15,DI + 3%,2.14,3.6,1.1639,0.04,724.73579859,101.08,323.31,2026-09-23
CRA0240086H,CRA,DISTRIBUIDORA DE PRODUTOS DE PETRÓLEO CHARRUA LTDA.,OPEA SECURITIZADORA S/A,1ª,2029-08-23,DI + 3%,2.9965,3.6411,,0.3,1000.06901921,100.01,511.83,2026-09-23
CRA0250012Y,CRA,FS FLORESTAL S.A.,ECO SECURITIZADORA DE DIREITOS CREDITÓRIOS DO AGRONEGÓCIO S.A.,2ª,2031-03-17,DI + 3%,3.5915,4.2632,3.25,0.38,985.64853622,98.19,801.05,2026-09-23
23F0012602,CRI,FARMACIA E DROGARIA NISSEI S.A.,OPEA SECURITIZADORA S/A,1ª,2028-06-22,"DI + 3,5%",,,,,,,,2026-09-23
CRA022000RU,CRA,MADERO INDÚSTRIA E COMÉRCIO S.A.,ECO SECURITIZADORA DE DIREITOS CREDITÓRIOS DO AGRONEGÓCIO S.A.,2ª,2027-03-15,"DI + 3,5%",3.6951,4.0582,,0.18,140.01239049,99.95,64.45,2026-09-23
CRA024002MM,CRA,USINA SANTA FÉ S.A.,ECO SECURITIZADORA DE DIREITOS CREDITÓRIOS DO AGRONEGÓCIO S.A.,1ª,2029-12-17,DI + 4%,3.0821,4.7974,1.1666,0.52,889.89508262,101.3,367.01,2026-09-23
CRA02400ECU,CRA,USINA CORURIPE AÇÚCAR E ÁLCOOL S.A.,ECO SECURITIZADORA DE DIREITOS CREDITÓRIOS DO AGRONEGÓCIO S.A.,5ª,2030-11-25,"DI + 4,1%",4.607,5.0315,4.5982,0.45,4970.83302881,99.17,431.44,2026-09-23
CRA023001JL,CRA,PISANI PLÁSTICOS S.A.,ECO SECURITIZADORA DE DIREITOS CREDITÓRIOS DO AGRONEGÓCIO S.A.,1ª,2029-02-20,DI + 5%,4.0814,,,0.16,542.91570371,100.95,272.52,2026-09-23
CRA02300KOH,CRA,TECSOIL AUTOMAÇÃO E SISTEMAS S.A.,OPEA SECURITIZADORA S/A,1ª,2028-10-16,"DI + 5,5%",2.9994,4.0137,1.875,0.14,713.31311154,102.27,237.11,2026-09-23
CRA02300JR6,CRA,RAÍZEN ENERGIA S.A.,TRUE SECURITIZADORA S/A,2ª,2033-10-17,IPCA + 0%,,,,,492.49999139,43.31,,2026-09-23
CRA019003JY,CRA,KLABIN S.A.,VERT COMPANHIA SECURITIZADORA,1ª,2029-06-15,"IPCA + 3,5%",7.2951,7.6972,7.1034,0.12,1394.4635298,94.23,413.23,2026-09-23
CRA019003V3,CRA,RAÍZEN ENERGIA S.A.,OPEA SECURITIZADORA S/A,2ª,2029-07-16,"IPCA + 3,602%",,,,,699.92820033,47.78,,2026-09-23
CRA021000MG,CRA,M. DIAS BRANCO S.A. INDÚSTRIA E COMÉRCIO DE ALIMENTOS,RIZA SECURITIZADORA S.A.,1ª,2028-03-15,"IPCA + 3,7992%",7.8372,8.1679,7.6995,0.17,1296.83778333,94.66,361.96,2026-09-23
CRA021000MH,CRA,M. DIAS BRANCO S.A. INDÚSTRIA E COMÉRCIO DE ALIMENTOS,RIZA SECURITIZADORA S.A.,2ª,2031-03-15,"IPCA + 4,1369%",8.4096,8.7038,8.281,0.12,1204.16204986,87.89,803.84,2026-09-23
CRA02100002,CRA,COCAL COMÉRCIO INDÚSTRIA CANAÃ AÇÚCAR E ÁLCOOL LTDA.,RIZA SECURITIZADORA S.A.,2ª,2028-02-15,"IPCA + 4,2095%",8.4567,8.9817,7.0635,0.28,613.89573424,97.08,186.02,2026-09-23
CRA021000MB,CRA,COLOMBO AGROINDÚSTRIA S.A.,ECO SECURITIZADORA DE DIREITOS CREDITÓRIOS DO AGRONEGÓCIO S.A.,1ª,2027-03-15,"IPCA + 4,4474%",8.0908,9.1671,7.0569,0.36,667.41769002,98.43,116.0,2026-09-23
CRA021001PQ,CRA,MARFRIG GLOBAL FOODS S.A.,OPEA SECURITIZADORA S/A,1ª,2028-07-15,"IPCA + 4,5%",12.6003,12.9262,12.1635,0.29,1165.76550161,87.88,435.52,2026-09-23
CRA019001E7,CRA,KLABIN S.A.,VERT COMPANHIA SECURITIZADORA,2ª,2029-03-15,"IPCA + 4,5081%",7.3771,7.7416,7.0893,0.1,1451.92766508,96.3,348.76,2026-09-23
CRA021001VA,CRA,MARFRIG GLOBAL FOODS S.A.,OPEA SECURITIZADORA S/A,2ª,2031-07-15,"IPCA + 4,6%",11.9134,12.6539,11.0651,1.07,1052.76815828,79.34,852.22,2026-09-23
21G0065100,CRI,ALIANSCE SONAE SHOPPING CENTERS S.A.,RB CAPITAL INVESTIMENTOS DTVM LTDA,347ª,2028-07-17,"IPCA + 4,6197%",8.1959,,7.9171,0.21,1254.94614445,94.36,434.78,2026-09-23
CRA0210013B,CRA,BRF S.A.,VERT COMPANHIA SECURITIZADORA,1ª,2031-05-15,"IPCA + 4,7843%",11.9817,12.2528,11.1542,1.12,1037.29984322,76.32,1013.03,2026-09-23
CRA021001KB,CRA,COMPANHIA DE LOCAÇÃO DAS AMÉRICAS,ECO SECURITIZADORA DE DIREITOS CREDITÓRIOS DO AGRONEGÓCIO S.A.,1ª,2031-07-15,"IPCA + 4,825%",7.9463,8.822,7.2779,0.23,1205.94352565,90.42,860.58,2026-09-23
CRA021002SO,CRA,IPIRANGA PRODUTOS DE PETRÓLEO S.A.,VERT COMPANHIA SECURITIZADORA,1ª,2028-09-15,"IPCA + 4,8287%",8.119,8.8755,7.6841,0.4,1227.66436795,94.3,478.19,2026-09-23
21D0737500,CRI,DIRECIONAL ENGENHARIA S.A.,OPEA SECURITIZADORA S/A,371ª,2028-04-17,"IPCA + 4,8444%",7.3763,7.7263,7.1678,0.05,876.88078135,97.6,255.29,2026-09-23
21D0862572,CRI,REDE D'OR SÃO LUIZ S.A.,OPEA SECURITIZADORA S/A,324ª,2036-05-15,"IPCA + 4,9347%",8.3605,,8.2311,0.17,1097.10316615,80.23,1696.14,2026-09-23
21H1078699,CRI,SENDAS DISTRIBUIDORA S.A.,OPEA SECURITIZADORA S/A,428ª,2028-10-16,"IPCA + 5,1531%",10.6474,11.1185,10.3413,0.27,1187.09912118,90.67,483.58,2026-09-23
21H1078700,CRI,SENDAS DISTRIBUIDORA S.A.,OPEA SECURITIZADORA S/A,429ª,2031-10-15,"IPCA + 5,2662%",11.9161,12.2594,10.7387,0.17,1054.4583789,80.5,879.8,2026-09-23
CRA020002GZ,CRA,BRF S.A.,VERT COMPANHIA SECURITIZADORA,1ª,2027-07-15,"IPCA + 5,3%",9.8599,10.6365,8.3979,0.53,1402.22547424,96.73,197.77,2026-09-23
21D0694886,CRI,CONSTRUTORA TENDA S.A.,OPEA SECURITIZADORA S/A,378ª,2028-04-17,"IPCA + 5,3621%",9.2409,9.8291,8.9522,0.57,885.6460319,96.45,250.99,2026-09-23
CRA021002NF,CRA,PETROBRAS DISTRIBUIDORA S.A.,RIZA SECURITIZADORA S.A.,1ª,2031-09-15,"IPCA + 5,3995%",8.9756,9.5172,8.5337,0.29,1159.63189288,88.62,907.34,2026-09-23
CRA020001P7,CRA,RAÍZEN ENERGIA S.A.,OPEA SECURITIZADORA S/A,1ª,2027-06-15,"IPCA + 5,4%",,,,,615.73126523,43.27,,2026-09-23
CRA021000RX,CRA,MINERVA S.A.,RIZA SECURITIZADORA S.A.,1ª,2028-04-17,"IPCA + 5,5034%",12.2418,12.5243,11.0473,1.06,1259.1343459,91.29,370.16,2026-09-23
21I0278118,CRI,LOG COMMERCIAL PROPERTIES E PARTICIPAÇÕES S.A.,RIZA SECURITIZADORA S.A.,362ª,2028-09-15,"IPCA + 5,5212%",11.7958,,10.6153,1.42,603.40467751,92.15,354.74,2026-09-23
21K0001806,CRI,REDE D'OR SÃO LUIZ S.A.,OPEA SECURITIZADORA S/A,396ª,2031-12-15,"IPCA + 5,5758%",8.444,8.6673,8.2226,0.11,1160.9594654,90.53,929.49,2026-09-23
CRA021000RY,CRA,MINERVA S.A.,RIZA SECURITIZADORA S.A.,39ª,2031-04-15,"IPCA + 5,578%",11.1307,12.3961,10.7745,0.31,1175.43807529,85.2,779.13,2026-09-23
CRA020002H1,CRA,BRF S.A.,VERT COMPANHIA SECURITIZADORA,2ª,2030-07-15,"IPCA + 5,6%",11.4609,12.6047,10.7083,1.9,1263.7231022,87.12,637.07,2026-09-23
CRA022002Y1,CRA,NORSA REFRIGERANTES S.A.,RIZA SECURITIZADORA S.A.,1ª,2027-03-15,"IPCA + 5,685%",7.071,7.5257,7.0025,0.26,602.08789185,99.4,116.0,2026-09-23
CRA020003PY,CRA,"VAMOS LOCAÇÃO DE CAMINHÕES, MÁQUINAS E EQUIPAMENTOS S.A.",ECO SECURITIZADORA DE DIREITOS CREDITÓRIOS DO AGRONEGÓCIO S.A.,1ª,2030-11-18,"IPCA + 5,7315%",11.7968,13.3163,10.5611,0.72,1222.61309739,85.52,699.1,2026-09-23
21K0001812,CRI,ULTRA SOM SERVIÇOS MÉDICOS S.A.,RIZA SECURITIZADORA S.A.,378ª,2031-12-15,"IPCA + 5,7505%",20.7269,23.1199,18.3278,1.46,752.3181696,58.93,972.6,2026-09-23
CRA021002YA,CRA,CARAMURU ALIMENTOS S.A.,ECO SECURITIZADORA DE DIREITOS CREDITÓRIOS DO AGRONEGÓCIO S.A.,1ª,2027-09-15,"IPCA + 5,7641%",9.6918,10.9663,7.8916,0.21,247.23126829,96.58,240.51,2026-09-23
CRA020001P8,CRA,RAÍZEN ENERGIA S.A.,TRUE SECURITIZADORA S/A,2ª,2030-06-17,"IPCA + 5,8%",,,,,618.5410852,43.43,,2026-09-23
22D1289007,CRI,REDE D'OR SÃO LUIZ S.A.,OPEA SECURITIZADORA S/A,508ª,2029-06-15,"IPCA + 5,83%",8.307,8.3921,7.8657,0.19,1142.76500326,94.39,627.84,2026-09-23
22D1289010,CRI,CYRELA BRAZIL REALTY S.A.,OPEA SECURITIZADORA S/A,490ª,2027-06-15,"IPCA + 5,9068%",6.6156,,6.1518,0.28,1226.36325215,99.54,175.48,2026-09-23
CRA022002Y2,CRA,NORSA REFRIGERANTES S.A.,RIZA SECURITIZADORA S.A.,2ª,2029-03-15,"IPCA + 5,9169%",8.4827,8.9694,8.4399,0.28,1158.60204035,95.64,468.95,2026-09-23
CRA022006N5,CRA,IPIRANGA PRODUTOS DE PETRÓLEO S.A.,VERT COMPANHIA SECURITIZADORA,1ª,2032-06-15,"IPCA + 6,0053%",8.5013,9.1643,8.0308,0.33,1100.38640001,91.0,1015.43,2026-09-23
22D1289008,CRI,REDE D'OR SÃO LUIZ S.A.,OPEA SECURITIZADORA S/A,509ª,2032-06-15,"IPCA + 6,01%",8.4114,8.6435,,0.08,1106.10882761,91.32,1015.78,2026-09-23
CRA022002Y3,CRA,NORSA REFRIGERANTES S.A.,RIZA SECURITIZADORA S.A.,3ª,2032-03-15,"IPCA + 6,0392%",8.6431,,,0.06,1101.56387367,90.92,983.19,2026-09-23
21K0001807,CRI,REDE D'OR SÃO LUIZ S.A.,OPEA SECURITIZADORA S/A,397ª,2036-12-15,"IPCA + 6,1017%",8.4886,8.6941,8.1102,0.12,1100.31084282,85.68,1722.79,2026-09-23
22K0001201,CRI,PETRÓLEO BRASILEIRO S.A. - PETROBRAS,OPEA SECURITIZADORA S/A,1ª,2030-04-15,"IPCA + 6,2%",7.3396,7.5218,7.2716,0.06,1184.19346904,96.66,801.94,2026-09-23
23H0027403,CRI,REDE D'OR SÃO LUIZ S.A.,OPEA SECURITIZADORA S/A,2ª,2030-08-15,"IPCA + 6,2%",8.3497,8.5301,8.0442,0.15,1075.54705317,93.29,871.09,2026-09-23
CRA022006MY,CRA,Dexco S.A.,ECO SECURITIZADORA DE DIREITOS CREDITÓRIOS DO AGRONEGÓCIO S.A.,2ª,2032-06-15,"IPCA + 6,2%",,,,,,,,2026-09-23
22K0001203,CRI,PETRÓLEO BRASILEIRO S.A. - PETROBRAS,OPEA SECURITIZADORA S/A,2ª,2032-11-16,"IPCA + 6,25%",7.4696,7.6863,7.3453,0.05,1186.20861379,94.48,1248.94,2026-09-23
22E1325262,CRI,HYPERA S.A.,OPEA SECURITIZADORA S/A,2ª,2029-08-15,"IPCA + 6,279%",8.6364,8.864,8.2471,0.25,1130.93913663,94.35,667.57,2026-09-23
CRA021002YF,CRA,J. MACÊDO S.A.,ECO SECURITIZADORA DE DIREITOS CREDITÓRIOS DO AGRONEGÓCIO S.A.,1ª,2026-11-16,"IPCA + 6,3071%",9.1692,11.5836,6.8053,1.48,61.14578845,99.73,25.44,2026-09-23
CRA02300S35,CRA,CAMIL ALIMENTOS S.A.,ECO SECURITIZADORA DE DIREITOS CREDITÓRIOS DO AGRONEGÓCIO S.A.,2ª,2030-11-18,"IPCA + 6,3416%",12.6484,13.195,12.0109,0.19,967.18305999,83.23,795.11,2026-09-23
22C1362141,CRI,MATEUS SUPERMERCADOS S.A.,OPEA SECURITIZADORA S/A,1ª,2034-07-17,"IPCA + 6,3423%",10.5684,,9.9486,0.14,818.21127471,88.07,798.1,2026-09-23
22B0004808,CRI,CSN CIMENTOS S.A.,RIZA SECURITIZADORA S.A.,417ª,2032-02-16,"IPCA + 6,3893%",16.9738,19.5765,12.3217,0.81,870.06082257,70.01,925.68,2026-09-23
CRA022008N6,CRA,JBS S.A.,RIZA SECURITIZADORA S.A.,2ª,2032-09-15,"IPCA + 6,3919%",9.2063,10.6206,7.6036,0.12,1074.01649105,89.44,1069.63,2026-09-23
22K0001204,CRI,PETRÓLEO BRASILEIRO S.A. - PETROBRAS,OPEA SECURITIZADORA S/A,3ª,2037-11-16,"IPCA + 6,4%",,,,,,,,2026-09-23
24B0013203,CRI,CIDADE MARAVILHOSA INDÚSTRIA E COMÉRCIO DE ROUPAS S.A.,RIZA SECURITIZADORA S.A.,3ª,2030-02-15,"IPCA + 6,4%",11.1196,,10.4658,0.76,1003.9624653,89.2,660.31,2026-09-23
CRA02300CYS,CRA,BANCO BTG PACTUAL S.A.,OPEA SECURITIZADORA S/A,3ª,2033-07-15,"IPCA + 6,4338%",7.3489,7.6216,7.1473,0.18,1107.8488257,95.38,1387.68,2026-09-23
22E1325264,CRI,HYPERA S.A.,OPEA SECURITIZADORA S/A,3ª,2032-08-16,"IPCA + 6,4451%",8.8308,9.3391,,0.07,1092.61101572,91.13,1049.56,2026-09-23
CRA024001P6,CRA,JSL S.A.,ECO SECURITIZADORA DE DIREITOS CREDITÓRIOS DO AGRONEGÓCIO S.A.,2ª,2031-02-17,"IPCA + 6,4527%",13.2458,14.1413,12.1976,0.06,935.25024593,83.0,750.54,2026-09-23
22E1095384,CRI,MRV ENGENHARIA E PARTICIPAÇÕES S.A.,OPEA SECURITIZADORA S/A,1ª,2030-09-16,"IPCA + 6,4802%",12.5709,,11.7451,0.32,1028.0198232,86.08,672.66,2026-09-23
21J0001208,CRI,TENDA ATACADO S.A.,RIZA SECURITIZADORA S.A.,306ª,2026-10-15,"IPCA + 6,4803%",11.9131,,10.8627,0.7,439.98700328,99.7,15.0,2026-09-23
22F0009804,CRI,DIRECIONAL ENGENHARIA S.A.,OPEA SECURITIZADORA S/A,1ª,2032-06-15,"IPCA + 6,4899%",8.7912,9.0346,8.3369,0.14,1109.50883586,91.78,1005.26,2026-09-23
22F0009409,CRI,GJA INDÚSTRIAS S.A.,RIZA SECURITIZADORA S.A.,1ª,2029-06-15,"IPCA + 6,5%",12.1019,,11.8557,0.51,1072.0666883,90.05,512.78,2026-09-23
CRA022003JT,CRA,BEM BRASIL ALIMENTOS S.A.,ECO SECURITIZADORA DE DIREITOS CREDITÓRIOS DO AGRONEGÓCIO S.A.,1ª,2029-05-15,"IPCA + 6,5348%",9.1047,10.2363,7.2658,0.06,1180.54740524,96.48,377.25,2026-09-23
CRA022004MS,CRA,"VAMOS LOCAÇÃO DE CAMINHÕES, MÁQUINAS E EQUIPAMENTOS S.A.",ECO SECURITIZADORA DE DIREITOS CREDITÓRIOS DO AGRONEGÓCIO S.A.,1ª,2032-05-17,"IPCA + 6,5473%",13.7369,14.0488,12.7006,0.43,948.92848002,77.64,958.03,2026-09-23
23H0027404,CRI,REDE D'OR SÃO LUIZ S.A.,OPEA SECURITIZADORA S/A,3ª,2033-08-15,"IPCA + 6,55%",8.3947,8.7544,8.1798,0.27,1060.35500326,91.94,1226.27,2026-09-23
CRA022008NB,CRA,RAÍZEN ENERGIA S.A.,OPEA SECURITIZADORA S/A,1ª,2032-08-16,"IPCA + 6,5885%",,,,,583.00684297,48.15,,2026-09-23
22B0006022,CRI,MRV ENGENHARIA E PARTICIPAÇÕES S.A.,RIZA SECURITIZADORA S.A.,442ª,2029-02-15,"IPCA + 6,5954%",12.5485,,11.3415,1.3,1131.43491934,90.81,444.63,2026-09-23
CRA024004SA,CRA,JBS S.A.,RIZA SECURITIZADORA S.A.,2ª,2034-05-15,"IPCA + 6,5975%",9.1747,10.457,7.9348,0.18,983.45549918,86.85,1467.81,2026-09-23
22J0306937,CRI,DIAGNÓSTICOS DA AMÉRICA S.A.,VERT COMPANHIA SECURITIZADORA,2ª,2029-10-15,"IPCA + 6,6%",13.4219,15.1877,11.7432,0.6,1038.26538013,84.56,676.64,2026-09-23
CRA02300G7F,CRA,MARFRIG GLOBAL FOODS S.A.,ECO SECURITIZADORA DE DIREITOS CREDITÓRIOS DO AGRONEGÓCIO S.A.,3ª,2030-08-15,"IPCA + 6,6%",12.6025,13.0144,12.3574,0.15,956.79439327,82.88,857.2,2026-09-23
CRA022008C7,CRA,COMPANHIA DE LOCAÇÃO DAS AMÉRICAS,ECO SECURITIZADORA DE DIREITOS CREDITÓRIOS DO AGRONEGÓCIO S.A.,1ª,2028-09-15,"IPCA + 6,6018%",8.4104,8.9494,7.9585,0.49,1162.55631199,96.89,472.47,2026-09-23
24E1835896,CRI,HSL,TRUE SECURITIZADORA S/A,1ª,2034-06-15,"IPCA + 6,6075%",,,,,,,,2026-09-23
CRA022007KI,CRA,COCAL COMÉRCIO INDÚSTRIA CANAÃ AÇÚCAR E ÁLCOOL LTDA.,RIZA SECURITIZADORA S.A.,1ª,2030-08-15,"IPCA + 6,6234%",11.2498,11.8751,10.5749,0.43,1071.77286665,89.51,652.74,2026-09-23
CRA02300JG3,CRA,JBS S.A.,RIZA SECURITIZADORA S.A.,3ª,2030-09-16,"IPCA + 6,6441%",9.1342,10.4642,7.6088,0.09,1054.28443441,92.19,885.56,2026-09-23
CRA022008N7,CRA,JBS S.A.,RIZA SECURITIZADORA S.A.,3ª,2037-09-15,"IPCA + 6,6614%",9.6943,10.3568,8.9595,0.58,979.60791348,81.58,1789.62,2026-09-23
CRA022000XF,CRA,MARFRIG GLOBAL FOODS S.A.,ECO SECURITIZADORA DE DIREITOS CREDITÓRIOS DO AGRONEGÓCIO S.A.,3ª,2032-01-15,"IPCA + 6,663%",12.3562,12.4834,11.3535,0.32,1040.77827549,82.55,917.67,2026-09-23
CRA02300JG4,CRA,JBS S.A.,RIZA SECURITIZADORA S.A.,4ª,2033-09-15,"IPCA + 6,6634%",9.1847,10.4431,7.8691,0.18,1018.67523734,89.07,1238.35,2026-09-23
24F1277567,CRI,DIRECIONAL ENGENHARIA S.A.,OPEA SECURITIZADORA S/A,2ª,2031-07-15,"IPCA + 6,6747%",8.7073,9.0092,8.3245,0.15,1036.99518315,93.21,935.96,2026-09-23
23L1737622,CRI,REDE D'OR SÃO LUIZ S.A.,OPEA SECURITIZADORA S/A,1ª,2033-12-15,"IPCA + 6,6941%",8.3542,,7.9384,0.18,1068.44790173,92.51,1263.27,2026-09-23
22G1414303,CRI,SENDAS DISTRIBUIDORA S.A.,OPEA SECURITIZADORA S/A,3ª,2029-09-17,"IPCA + 6,7%",11.4727,,,0.29,1085.43407199,90.45,575.62,2026-09-23
CRA022008ND,CRA,RAÍZEN ENERGIA S.A.,OPEA SECURITIZADORA S/A,2ª,2037-08-17,"IPCA + 6,7382%",,,,,533.1046942,43.99,,2026-09-23
CRA0240066J,CRA,SLC AGRICOLA II,RIZA SECURITIZADORA S.A.,3ª,2031-07-15,"IPCA + 6,7469%",9.3394,9.9768,8.068,0.5,1018.4048036,91.33,948.56,2026-09-23
22J0306938,CRI,DIAGNÓSTICOS DA AMÉRICA S.A.,VERT COMPANHIA SECURITIZADORA,3ª,2032-10-15,"IPCA + 6,75%",13.287,15.6985,10.5805,0.23,961.00413224,78.22,1020.62,2026-09-23
CRA0240020C,CRA,VICUNHA II,RIZA SECURITIZADORA S.A.,3ª,2031-02-15,"IPCA + 6,7641%",,,,,,,,2026-09-23
CRA022007EP,CRA,KLABIN S.A.,VERT COMPANHIA SECURITIZADORA,1ª,2034-05-15,"IPCA + 6,7694%",7.7534,8.143,7.5021,0.1,1148.60575794,94.72,1482.32,2026-09-23
CRA024004SB,CRA,JBS S.A.,RIZA SECURITIZADORA S.A.,3ª,2039-05-16,"IPCA + 6,7825%",8.7561,10.1291,7.3058,0.01,980.81186944,86.57,1945.03,2026-09-23
CRA0240086K,CRA,SEARA ALIMENTOS LTDA.,RIZA SECURITIZADORA S.A.,2ª,2034-09-15,"IPCA + 6,7931%",8.9588,10.141,8.1083,0.35,967.62889765,88.27,1549.74,2026-09-23
CRA024002ML,CRA,MARFRIG GLOBAL FOODS S.A.,ECO SECURITIZADORA DE DIREITOS CREDITÓRIOS DO AGRONEGÓCIO S.A.,3ª,2034-03-15,"IPCA + 6,7996%",12.4064,12.9597,11.6824,0.33,855.08710824,76.62,1284.56,2026-09-23
22I0970804,CRI,NATURA COSMÉTICOS S.A.,RIZA SECURITIZADORA S.A.,2ª,2029-09-17,"IPCA + 6,8%",8.9699,,8.8665,0.03,1137.34326191,94.67,685.26,2026-09-23
CRA0240066B,CRA,CAMIL ALIMENTOS S.A.,ECO SECURITIZADORA DE DIREITOS CREDITÓRIOS DO AGRONEGÓCIO S.A.,2ª,2031-06-16,"IPCA + 6,8286%",12.3469,,10.9533,0.33,937.86795476,83.39,899.28,2026-09-23
CRA0220079D,CRA,BRF S.A.,VERT COMPANHIA SECURITIZADORA,2ª,2032-07-15,"IPCA + 6,8344%",12.6403,13.0629,12.2474,0.07,988.07531389,80.8,1000.36,2026-09-23
CRA0240086L,CRA,SEARA ALIMENTOS LTDA.,RIZA SECURITIZADORA S.A.,3ª,2044-09-15,"IPCA + 6,8408%",9.372,9.9169,8.715,0.5,876.03961487,79.92,2316.89,2026-09-23
CRA022006HK,CRA,SÃO SALVADOR ALIMENTOS S.A.,ECO SECURITIZADORA DE DIREITOS CREDITÓRIOS DO AGRONEGÓCIO S.A.,2ª,2030-07-15,"IPCA + 6,8911%",8.7163,9.8978,7.5746,0.37,1151.75252239,95.82,634.24,2026-09-23
22I0970868,CRI,NATURA COSMÉTICOS S.A.,RIZA SECURITIZADORA S.A.,3ª,2032-09-15,"IPCA + 6,9%",9.0839,9.6107,,0.09,1102.80919108,91.79,1061.36,2026-09-23
23L1737623,CRI,REDE D'OR SÃO LUIZ S.A.,OPEA SECURITIZADORA S/A,2ª,2038-12-15,"IPCA + 6,9527%",8.4046,,8.026,0.18,1041.56622621,90.12,1917.6,2026-09-23
CRA022004S9,CRA,"VAMOS LOCAÇÃO DE CAMINHÕES, MÁQUINAS E EQUIPAMENTOS S.A.",ECO SECURITIZADORA DE DIREITOS CREDITÓRIOS DO AGRONEGÓCIO S.A.,2ª,2037-05-15,"IPCA + 6,9739%",12.896,,12.2502,1.07,854.08308472,69.78,1601.18,2026-09-23
CRA02300JG5,CRA,JBS S.A.,RIZA SECURITIZADORA S.A.,5ª,2038-09-15,"IPCA + 6,9938%",9.7383,10.3812,8.9957,0.61,942.46511291,82.4,1879.58,2026-09-23
CRA024004SC,CRA,JBS S.A.,RIZA SECURITIZADORA S.A.,4ª,2044-05-16,"IPCA + 6,9947%",9.5362,10.4967,8.7135,0.53,914.77615395,80.68,2208.45,2026-09-23
CRA022004XY,CRA,USINA CERRADÃO S.A.,ECO SECURITIZADORA DE DIREITOS CREDITÓRIOS DO AGRONEGÓCIO S.A.,1ª,2028-05-15,"IPCA + 6,9949%",7.8862,,7.7668,0.32,808.62449735,99.12,269.29,2026-09-23
22F0009410,CRI,GJA INDÚSTRIAS S.A.,RIZA SECURITIZADORA S.A.,2ª,2032-06-15,IPCA + 7%,11.4773,,,0.13,1012.37140939,85.02,985.98,2026-09-23
23F1519397,CRI,MOVIDA PARTICIPAÇÕES S.A.,OPEA SECURITIZADORA S/A,3ª,2028-06-16,IPCA + 7%,13.194,13.8087,,0.38,1069.13578597,91.32,405.97,2026-09-23
24G1674104,CRI,JHSF PARTICIPAÇÕES S.A.,OPEA SECURITIZADORA S/A,4ª,2034-07-17,"IPCA + 7,0163%",8.8553,9.1331,8.5175,0.1,897.03975555,92.66,1112.91,2026-09-23
CRA02200C6Y,CRA,MARFRIG GLOBAL FOODS S.A.,ECO SECURITIZADORA DE DIREITOS CREDITÓRIOS DO AGRONEGÓCIO S.A.,1ª,2029-10-15,"IPCA + 7,0383%",12.604,13.008,10.8574,0.32,1065.38183753,87.26,673.45,2026-09-23
CRA024007PU,CRA,SOROCABA REFRESCOS S.A.,ECO SECURITIZADORA DE DIREITOS CREDITÓRIOS DO AGRONEGÓCIO S.A.,2ª,2034-08-15,"IPCA + 7,05%",9.7961,10.4127,9.4279,0.41,962.44880854,87.09,1359.11,2026-09-23
22K0934880,CRI,BCBF PARTICIPAÇÕES S.A.,RIZA SECURITIZADORA S.A.,2ª,2029-12-17,"IPCA + 7,0913%",20.7316,21.8119,18.0491,3.84,860.8860701,71.24,701.94,2026-09-23
CRA022006HE,CRA,AÇO VERDE DO BRASIL S.A.,RIZA SECURITIZADORA S.A.,1ª,2029-06-15,"IPCA + 7,1543%",10.3026,11.0152,9.7576,0.54,1157.61520048,95.53,395.41,2026-09-23
CRA023000RT,CRA,"VAMOS LOCAÇÃO DE CAMINHÕES, MÁQUINAS E EQUIPAMENTOS S.A.",ECO SECURITIZADORA DE DIREITOS CREDITÓRIOS DO AGRONEGÓCIO S.A.,3ª,2030-01-15,"IPCA + 7,1638%",14.1402,14.6391,12.8355,0.06,992.12260839,83.17,731.12,2026-09-23
CRA022006BU,CRA,CARAMURU ALIMENTOS S.A.,ECO SECURITIZADORA DE DIREITOS CREDITÓRIOS DO AGRONEGÓCIO S.A.,1ª,2029-07-16,"IPCA + 7,2043%",10.4831,11.6262,8.6424,1.25,685.60097424,95.16,412.27,2026-09-23
CRA0220073P,CRA,MINERVA S.A.,RIZA SECURITIZADORA S.A.,1ª,2029-07-16,"IPCA + 7,2063%",11.8192,12.4281,10.8932,0.96,1080.27557865,89.88,635.95,2026-09-23
CRA0240066K,CRA,BRF S.A.,ECO SECURITIZADORA DE DIREITOS CREDITÓRIOS DO AGRONEGÓCIO S.A.,3ª,2034-06-15,"IPCA + 7,2336%",11.9703,12.8173,11.2912,1.14,898.01767214,79.84,1284.44,2026-09-23
22K0934889,CRI,BCBF PARTICIPAÇÕES S.A.,RIZA SECURITIZADORA S.A.,3ª,2034-12-15,"IPCA + 7,2792%",20.7129,23.1191,17.4534,1.46,650.63519682,53.82,1225.24,2026-09-23
CRA024001QA,CRA,ZAMP S.A.,RIZA SECURITIZADORA S.A.,3ª,2029-02-15,"IPCA + 7,3%",9.263,,,0.69,1091.05195488,96.08,554.77,2026-09-23
CRA024007Q5,CRA,SLC MÁQUINAS LTDA.,OPEA SECURITIZADORA S/A,3ª,2031-08-15,"IPCA + 7,31%",10.0632,10.3866,9.3579,0.64,1027.72719211,92.75,744.14,2026-09-23
CRA02200C6Z,CRA,MARFRIG GLOBAL FOODS S.A.,ECO SECURITIZADORA DE DIREITOS CREDITÓRIOS DO AGRONEGÓCIO S.A.,2ª,2032-10-15,"IPCA + 7,3352%",12.5557,,11.0021,0.12,1006.68976518,82.35,1013.05,2026-09-23
24A2721507,CRI,DASA,VERT COMPANHIA SECURITIZADORA,3ª,2031-01-15,"IPCA + 7,3402%",13.0822,13.9324,12.0182,1.65,961.83351234,84.25,821.21,2026-09-23
CRA022006HF,CRA,AÇO VERDE DO BRASIL S.A.,RIZA SECURITIZADORA S.A.,2ª,2032-06-15,"IPCA + 7,3686%",10.4912,11.3045,10.0197,0.5,1083.35995612,89.35,981.36,2026-09-23
CRA024009Q4,CRA,MARFRIG GLOBAL FOODS S.A.,ECO SECURITIZADORA DE DIREITOS CREDITÓRIOS DO AGRONEGÓCIO S.A.,3ª,2034-10-16,"IPCA + 7,3693%",12.752,13.0964,12.2701,0.18,866.62729498,77.19,1296.19,2026-09-23
22E1314836,CRI,SÃO CARLOS EMPREENDIMENTOS E PARTICIPAÇÕES S.A.,OPEA SECURITIZADORA S/A,1ª,2029-09-17,"IPCA + 7,3826%",9.1181,,,0.27,1172.16543686,97.14,454.46,2026-09-23
CRA022001E2,CRA,FS AGRISOLUTIONS INDÚSTRIA DE BIOCOMBUSTÍVEIS LTDA.,ECO SECURITIZADORA DE DIREITOS CREDITÓRIOS DO AGRONEGÓCIO S.A.,2ª,2029-02-15,"IPCA + 7,3913%",11.9596,12.5184,10.9054,0.45,1166.099808,94.75,322.74,2026-09-23
CRA022004SD,CRA,FS AGRISOLUTIONS INDÚSTRIA DE BIOCOMBUSTÍVEIS LTDA.,ECO SECURITIZADORA DE DIREITOS CREDITÓRIOS DO AGRONEGÓCIO S.A.,2ª,2029-05-15,"IPCA + 7,3913%",11.734,12.4725,11.1511,0.17,1161.03242313,94.28,371.26,2026-09-23
CRA02400AHZ,CRA,REFRESCOS BANDEIRANTES INDÚSTRIA E COMÉRCIO LTDA.,RIZA SECURITIZADORA S.A.,2ª,2034-11-16,"IPCA + 7,41%",10.375,12.1565,,0.68,960.29324838,86.25,1348.36,2026-09-23
24J2539865,CRI,JHSF PARTICIPAÇÕES S.A.,OPEA SECURITIZADORA S/A,1ª,2034-10-16,"IPCA + 7,4183%",8.9224,9.1702,8.5723,0.05,1047.93867816,92.78,1347.96,2026-09-23
CRA0240005O,CRA,CEREAL COMÉRCIO EXPORTAÇÃO E REPRESENTAÇÃO AGROPECUÁRIA S.A.,RIZA SECURITIZADORA S.A.,2ª,2029-01-15,"IPCA + 7,4367%",8.9516,10.2186,8.0572,0.08,1121.17514393,98.3,306.64,2026-09-23
CRA022004H5,CRA,NARDINI AGROINDUSTRIAL LTDA.,OPEA SECURITIZADORA S/A,1ª,2028-04-15,"IPCA + 7,4986%",7.8002,,,0.63,822.09562044,99.72,249.12,2026-09-23
23L2043184,CRI,UNIDAS LOCADORA S.A.,OPEA SECURITIZADORA S/A,3ª,2030-12-16,"IPCA + 7,5%",10.0204,10.4679,9.3772,0.12,1073.94345981,92.81,807.47,2026-09-23
CRA024009Q5,CRA,MARFRIG GLOBAL FOODS S.A.,ECO SECURITIZADORA DE DIREITOS CREDITÓRIOS DO AGRONEGÓCIO S.A.,4ª,2039-10-17,"IPCA + 7,5395%",13.328,13.4211,12.7645,0.5,763.47431202,67.95,1726.24,2026-09-23
CRA02300MOQ,CRA,MINERVA S.A.,RIZA SECURITIZADORA S.A.,3ª,2030-09-16,"IPCA + 7,5408%",12.6542,12.8759,10.1899,0.89,991.06717045,86.69,769.99,2026-09-23
23L0034761,CRI,FARO ENERGY PROJETOS SOLARES HOLDING S.A.,OPEA SECURITIZADORA S/A,1ª,2038-12-15,"IPCA + 7,5702%",,,,,,,,2026-09-23
CRA0250080Y,CRA,ELDORADO BRASIL CELULOSE S.A.,OPEA SECURITIZADORA S/A,3ª,2040-09-17,"IPCA + 7,6%",8.4902,,8.1708,0.48,970.95844093,93.03,2183.63,2026-09-23
25D0012204,CRI,CYRELA BRAZIL REALTY S.A.,COMPANHIA PROVÍNCIA DE SECURITIZAÇÃO,3ª,2032-04-15,"IPCA + 7,6693%",8.4768,,8.2008,0.01,1054.2291166,96.97,1035.39,2026-09-23
23J1127331,CRI,MOVIDA PARTICIPAÇÕES S.A.,OPEA SECURITIZADORA S/A,3ª,2033-10-17,"IPCA + 7,7279%",13.6163,,,0.45,919.41907101,78.05,1143.59,2026-09-23
CRA0250080X,CRA,ELDORADO BRASIL CELULOSE S.A.,OPEA SECURITIZADORA S/A,2ª,2035-09-17,"IPCA + 7,7281%",8.6908,,8.1907,0.4,984.25846572,94.3,1651.14,2026-09-23
CRA02400AYK,CRA,BEM BRASIL ALIMENTOS S.A.,ECO SECURITIZADORA DE DIREITOS CREDITÓRIOS DO AGRONEGÓCIO S.A.,ª,2031-11-17,"IPCA + 7,737%",9.6955,10.6842,7.5691,0.4,1025.60438625,93.86,882.56,2026-09-23
CRA0230073N,CRA,J. MACÊDO S.A.,RIZA SECURITIZADORA S.A.,2ª,2030-04-15,"IPCA + 7,8%",8.1984,9.3124,6.7651,0.43,1024.31816435,99.4,410.05,2026-09-23
CRA025003PJ,CRA,SEARA,RIZA SECURITIZADORA S.A.,3ª,2055-05-17,"IPCA + 7,8%",,,,,,,,2026-09-23
CRA024003UZ,CRA,LAR COOPERATIVA AGROINDUSTRIAL,ECO SECURITIZADORA DE DIREITOS CREDITÓRIOS DO AGRONEGÓCIO S.A.,3ª,2031-04-15,"IPCA + 7,8363%",9.4075,10.0787,9.2845,0.21,1064.09545082,95.66,770.92,2026-09-23
CRA021004NV,CRA,LAR COOPERATIVA AGROINDUSTRIAL,ECO SECURITIZADORA DE DIREITOS CREDITÓRIOS DO AGRONEGÓCIO S.A.,1ª,2026-11-15,"IPCA + 7,8749%",9.9338,9.9386,7.9986,0.4,431.9363058,99.7,36.0,2026-09-23
CRA0250066B,CRA,BRF S.A.,ECO SECURITIZADORA DE DIREITOS CREDITÓRIOS DO AGRONEGÓCIO S.A.,3ª,2035-07-16,"IPCA + 7,9064%",12.6099,,,0.23,812.24026352,76.68,1517.95,2026-09-23
22E1321749,CRI,COGNA EDUCAÇÃO S.A.,OPEA SECURITIZADORA S/A,2ª,2029-07-16,"IPCA + 7,9273%",9.2146,9.5727,8.9131,0.12,1176.96348592,97.54,528.86,2026-09-23
CRA0240005P,CRA,CEREAL COMÉRCIO EXPORTAÇÃO E REPRESENTAÇÃO AGROPECUÁRIA S.A.,RIZA SECURITIZADORA S.A.,3ª,2031-01-15,"IPCA + 7,9443%",9.231,10.4878,7.9442,0.07,1098.04592136,96.19,824.7,2026-09-23
22E1321750,CRI,COGNA EDUCAÇÃO S.A.,OPEA SECURITIZADORA S/A,3ª,2032-07-15,"IPCA + 8,0031%",9.6123,10.4029,9.2118,0.66,1137.95571241,94.29,996.77,2026-09-23
CRA025009EZ,CRA,Seara Alimentos Ltda.,ECO SECURITIZADORA DE DIREITOS CREDITÓRIOS DO AGRONEGÓCIO S.A.,4ª,2065-10-15,"IPCA + 8,0313%",,,,,,,,2026-09-23
CRA0250020C,CRA,BRF S.A.,ECO SECURITIZADORA DE DIREITOS CREDITÓRIOS DO AGRONEGÓCIO S.A.,2ª,2035-04-16,"IPCA + 8,04%",11.8333,12.5744,9.3037,1.07,887.33919854,81.35,1467.09,2026-09-23
CRA02200795,CRA,ADUBOS ARAGUAIA INDÚSTRIA E COMÉRCIO LTDA.,ECO SECURITIZADORA DE DIREITOS CREDITÓRIOS DO AGRONEGÓCIO S.A.,1ª,2027-07-15,"IPCA + 8,1191%",9.4376,10.1709,,0.29,598.06031531,99.06,196.23,2026-09-23
CRA0250020D,CRA,BRF S.A.,ECO SECURITIZADORA DE DIREITOS CREDITÓRIOS DO AGRONEGÓCIO S.A.,3ª,2040-04-16,"IPCA + 8,2345%",11.7325,12.4938,10.5164,1.47,860.9168884,78.86,1796.07,2026-09-23
CRA0250018K,CRA,MARFRIG GLOBAL FOODS S.A.,ECO SECURITIZADORA DE DIREITOS CREDITÓRIOS DO AGRONEGÓCIO S.A.,4ª,2040-04-16,"IPCA + 8,2503%",13.3146,,12.3602,0.5,783.89489006,71.59,1719.5,2026-09-23
CRA0250018L,CRA,MARFRIG GLOBAL FOODS S.A,ECO SECURITIZADORA DE DIREITOS CREDITÓRIOS DO AGRONEGÓCIO S.A.,5ª,2045-04-17,"IPCA + 8,3405%",12.5655,,,1.0,791.15420925,72.22,1960.15,2026-09-23
CRA0240099F,CRA,VALE DO TIJUCO AÇÚCAR E ÁLCOOL S.A.,ECO SECURITIZADORA DE DIREITOS CREDITÓRIOS DO AGRONEGÓCIO S.A.,2ª,2034-10-16,"IPCA + 8,3558%",10.0188,,9.7353,0.36,1051.45717971,93.21,1153.7,2026-09-23
CRA0250020E,CRA,BRF S.A.,ECO SECURITIZADORA DE DIREITOS CREDITÓRIOS DO AGRONEGÓCIO S.A.,3ª,2045-04-17,"IPCA + 8,38%",10.1891,,10.0963,0.06,942.6285231,86.3,2161.97,2026-09-23
CRA02500BVX,CRA,BRF S.A.,ECO SECURITIZADORA DE DIREITOS CREDITÓRIOS DO AGRONEGÓCIO S.A.,5ª,2055-12-15,"IPCA + 8,3857%",,,,,,,,2026-09-23
CRA025008C2,CRA,Neomille S.A.,ECO SECURITIZADORA DE DIREITOS CREDITÓRIOS DO AGRONEGÓCIO S.A.,2ª,2032-12-15,"IPCA + 8,4473%",9.1411,,,0.39,1035.35684555,97.15,1138.8,2026-09-23
CRA02400AHX,CRA,CEREAL COMÉRCIO EXPORTAÇÃO E,RIZA SECURITIZADORA S.A.,3ª,2034-11-16,"IPCA + 8,4704%",9.8539,11.6081,8.0871,0.03,1053.08424575,93.51,1324.83,2026-09-23
CRA025008HR,CRA,Nardini II,OPEA SECURITIZADORA S/A,ª,2032-10-15,"IPCA + 8,4773%",,,,,,,,2026-09-23
CRA025006NC,CRA,LAR COOPERATIVA AGROINDUSTRIAL,ECO SECURITIZADORA DE DIREITOS CREDITÓRIOS DO AGRONEGÓCIO S.A.,3ª,2032-08-16,"IPCA + 8,7268%",9.697,,9.4286,0.06,1005.85290995,96.25,1081.1,2026-09-23
CRA0250005M,CRA,Boa Safra,OPEA SECURITIZADORA S/A,3ª,2032-01-15,"IPCA + 8,7384%",,,,,,,,2026-09-23
CRA0250005L,CRA,Boa Safra,OPEA SECURITIZADORA S/A,4ª,2035-01-15,"IPCA + 8,9518%",,,,,,,,2026-09-23
CRA02300796,CRA,FS INDÚSTRIA DE BIOCOMBUSTÍVEIS LTDA.,ECO SECURITIZADORA DE DIREITOS CREDITÓRIOS DO AGRONEGÓCIO S.A.,2ª,2029-10-15,"IPCA + 8,9555%",11.9205,12.6264,11.3608,0.16,1076.10324419,93.09,669.58,2026-09-23
CRA023003JY,CRA,OLFAR S.A.,RIZA SECURITIZADORA S.A.,2ª,2030-03-15,"IPCA + 8,9738%",9.6888,10.9677,8.4377,0.27,1148.7180963,98.85,444.04,2026-09-23
23F2455004,CRI,SENDAS DISTRIBUIDORA S.A.,OPEA SECURITIZADORA S/A,2ª,2027-07-15,,16.4223,,15.5069,1.85,990.08024171,96.89,194.17,2026-09-23
23I1259644,CRI,JSL,OPEA SECURITIZADORA S/A,4ª,2030-09-15,,,,,,,,,2026-09-23
23J1141681,CRI,YDUQS PARTICIPAÇÕES S.A.,OPEA SECURITIZADORA S/A,1ª,2028-10-16,,14.8717,,14.3617,0.66,991.42292515,94.56,451.49,2026-09-23
23K0018801,CRI,MULTIPLAN EMPREENDIMENTOS IMOBILIÁRIOS S.A.,RIZA SECURITIZADORA S.A.,3ª,2031-01-15,,14.2252,,,0.03,947.58676752,92.83,687.5,2026-09-23
23K0022041,CRI,Cogna,TRUE SECURITIZADORA S/A,2ª,2028-11-15,,15.0447,,14.35,0.43,1010.1282348,96.81,364.62,2026-09-23
24A2715837,CRI,DIAGNÓSTICOS DA AMÉRICA S.A.,VERT COMPANHIA SECURITIZADORA,2ª,2029-01-15,,18.6436,,17.662,0.89,915.64400343,89.52,505.22,2026-09-23
24A2721829,CRI,DIAGNÓSTICOS DA AMÉRICA S.A,VERT COMPANHIA SECURITIZADORA,4ª,2031-01-15,,19.6868,,19.2801,0.31,858.21859531,83.83,744.37,2026-09-23
25A1946535,CRI,Cury,OPEA SECURITIZADORA S/A,3ª,2032-01-15,,14.9117,,,0.07,1032.85821227,100.5,811.03,2026-09-23
25D0271049,CRI,Log,OPEA SECURITIZADORA S/A,3ª,2032-04-15,,,,,,,,,2026-09-23
CRA02300G7D,CRA,MARFRIG GLOBAL FOODS S.A.,ECO SECURITIZADORA DE DIREITOS CREDITÓRIOS DO AGRONEGÓCIO S.A.,1ª,2027-08-16,,17.6428,,,0.3,961.55526125,95.13,216.57,2026-09-23
CRA02300HWK,CRA,BANCO BTG PACTUAL S.A.,OPEA SECURITIZADORA S/A,4ª,2033-09-15,,13.3477,13.5305,13.0885,0.28,944.12855514,94.16,1226.16,2026-09-23
CRA02300JR7,CRA,RAÍZEN ENERGIA S.A.,OPEA SECURITIZADORA S/A,3ª,2033-10-17,,,,,,477.00951762,45.56,,2026-09-23
CRA02300NX8,CRA,BTG Pactual III,OPEA SECURITIZADORA S/A,4ª,2033-11-16,,13.4671,,,0.24,1004.66219585,96.31,1182.52,2026-09-23
CRA02300SPD,CRA,FS Agrisolutions Indústria de Biocombustíveis LTDA,ECO SECURITIZADORA DE DIREITOS CREDITÓRIOS DO AGRONEGÓCIO S.A.,3ª,2030-06-15,,18.589,19.0408,18.0449,0.09,874.91295748,87.23,732.03,2026-09-23
CRA02300SUZ,CRA,"Vamos Locação de Caminhões, Máquinas e Equipamentos S.A.",ECO SECURITIZADORA DE DIREITOS CREDITÓRIOS DO AGRONEGÓCIO S.A.,1ª,2030-11-18,,19.6389,,17.5,0.4,863.10694764,82.84,711.57,2026-09-23
CRA02300TSF,CRA,BTG PACTUAL IV,OPEA SECURITIZADORA S/A,4ª,2033-12-15,,,,,,,,,2026-09-23
CRA024000B8,CRA,FS Indústria De Biocombustíveis Ltda,ECO SECURITIZADORA DE DIREITOS CREDITÓRIOS DO AGRONEGÓCIO S.A.,3ª,2030-07-15,,18.6629,19.0621,17.8699,0.42,871.44497962,86.89,742.93,2026-09-23
CRA024001P5,CRA,JSL S.A.,ECO SECURITIZADORA DE DIREITOS CREDITÓRIOS DO AGRONEGÓCIO S.A.,1ª,2031-02-15,,18.9982,,17.65,1.07,839.02826074,82.98,695.21,2026-09-23
CRA024001Q9,CRA,ZAMP S.A.,RIZA SECURITIZADORA S.A.,2ª,2029-02-15,,17.0295,,16.1083,0.91,941.19322361,92.94,525.05,2026-09-23
CRA0240020B,CRA,VICUNHA II,RIZA SECURITIZADORA S.A.,2ª,2031-02-15,,,,,,,,,2026-09-23
CRA024002MH,CRA,JF CITRUS AGROPECUÁRIA S.A.,ECO SECURITIZADORA DE DIREITOS CREDITÓRIOS DO AGRONEGÓCIO S.A.,1ª,2029-03-15,,,,,,,,,2026-09-23
CRA024002S2,CRA,Minerva VII,RIZA SECURITIZADORA S.A.,2ª,2029-03-15,,18.6389,,,0.21,880.69936502,87.84,548.71,2026-09-23
CRA024002S3,CRA,MINERVA S.A.,RIZA SECURITIZADORA S.A.,3ª,2031-03-17,,18.4718,,,0.56,827.00503675,82.47,873.43,2026-09-23
CRA0240066D,CRA,FS Florestal S.A.,ECO SECURITIZADORA DE DIREITOS CREDITÓRIOS DO AGRONEGÓCIO S.A.,1ª,2030-06-15,,17.7909,18.215,17.4116,1.15,945.87525014,94.27,716.89,2026-09-23
CRA0240066G,CRA,BRF S.A.,ECO SECURITIZADORA DE DIREITOS CREDITÓRIOS DO AGRONEGÓCIO S.A.,2ª,2031-06-16,,17.3743,,16.1,1.02,903.6438359,87.32,872.05,2026-09-23
CRA024007PT,CRA,Sorocaba Refrescos S.A,ECO SECURITIZADORA DE DIREITOS CREDITÓRIOS DO AGRONEGÓCIO S.A.,1ª,2031-08-15,,15.6482,16.2272,13.9519,0.22,919.25239985,90.82,858.36,2026-09-23
CRA024007Q3,CRA,SLC Maquinas,OPEA SECURITIZADORA S/A,1ª,2031-08-15,,16.5671,,15.85,0.7,926.65757862,91.52,683.01,2026-09-23
CRA024009Q3,CRA,MARFRIG GLOBAL FOODS S.A.,ECO SECURITIZADORA DE DIREITOS CREDITÓRIOS DO AGRONEGÓCIO S.A.,2ª,2031-10-15,,17.4488,,16.1,0.88,930.40371326,88.04,888.52,2026-09-23
CRA02400AHY,CRA,REFRESCOS BANDEIRANTES INDÚSTRIA E COMÉRCIO LTDA.,RIZA SECURITIZADORA S.A.,1ª,2032-11-16,,16.9961,17.4505,,0.4,932.37169027,89.05,964.28,2026-09-23
CRA02400AYM,CRA,MINERVA S.A.,RIZA SECURITIZADORA S.A.,2ª,2029-11-16,,18.6608,,,0.24,951.82483019,90.74,625.46,2026-09-23
CRA02400AYP,CRA,MINERVA S.A.,RIZA SECURITIZADORA S.A.,5ª,2034-11-16,,18.5994,,,0.24,908.04469417,86.42,1064.69,2026-09-23
CRA02500001,CRA,BOA SAFRA SEMENTES S.A.,OPEA SECURITIZADORA S/A,1ª,2030-01-15,,16.1287,,15.3956,0.22,987.2559412,98.39,658.52,2026-09-23
CRA0250012X,CRA,FS FLORESTAL S.A.,ECO SECURITIZADORA DE DIREITOS CREDITÓRIOS DO AGRONEGÓCIO S.A.,1ª,2030-03-15,,18.289,18.9311,18.102,0.69,994.29018363,99.04,662.47,2026-09-23
CRA0250018I,CRA,Marfrig Global Foods S.A,ECO SECURITIZADORA DE DIREITOS CREDITÓRIOS DO AGRONEGÓCIO S.A.,2ª,2032-04-15,,17.5656,,17.3801,1.02,966.77227465,91.03,925.98,2026-09-23
CRA025002S3,CRA,MINERVA S.A,RIZA SECURITIZADORA S.A.,2ª,2030-04-15,,18.6922,,,0.25,996.34684251,93.44,665.29,2026-09-23
CRA025002S4,CRA,MINERVA S.A.,RIZA SECURITIZADORA S.A.,4ª,2032-04-15,,18.8013,,,0.22,968.63123969,90.84,901.77,2026-09-23
CRA0250040J,CRA,Natural One S.A,ECO SECURITIZADORA DE DIREITOS CREDITÓRIOS DO AGRONEGÓCIO S.A.,2ª,2029-06-15,,,,,,,,,2026-09-23
CRA025005EH,CRA,GDM GENÉTICA DO BRASIL S.A.,ECO SECURITIZADORA DE DIREITOS CREDITÓRIOS DO AGRONEGÓCIO S.A.,1ª,2032-07-15,,15.6267,16.4461,14.95,0.06,1011.32415205,98.4,963.01,2026-09-23
CRA025005V7,CRA,MINERVA S.A.,RIZA SECURITIZADORA S.A.,3ª,2033-07-15,,18.3752,,16.65,0.52,899.39973272,87.58,1027.57,2026-09-23
CRA025005V8,CRA,MINERVA S.A,RIZA SECURITIZADORA S.A.,4ª,2035-07-16,,18.5552,,16.75,0.49,889.82472374,86.61,1140.28,2026-09-23
CRA0250066A,CRA,BRF S.A.,ECO SECURITIZADORA DE DIREITOS CREDITÓRIOS DO AGRONEGÓCIO S.A.,2ª,2032-07-15,,18.0818,,,0.29,891.16473187,86.87,992.26,2026-09-23
CRA025006NB,CRA,LAR COOPERATIVA AGROINDUSTRIAL,ECO SECURITIZADORA DE DIREITOS CREDITÓRIOS DO AGRONEGÓCIO S.A.,2ª,2032-08-16,,16.0698,,,0.37,954.44942218,95.14,947.3,2026-09-23
CRA025007KE,CRA,Cereal Comércio Exportação e Representação Agropecuária S.A.,ECO SECURITIZADORA DE DIREITOS CREDITÓRIOS DO AGRONEGÓCIO S.A.,2ª,2032-09-15,,16.2599,,15.8428,0.13,944.1320276,94.11,985.07,2026-09-23
CRA025007KK,CRA,ELDORADO BRASIL CELULOSE S.A.,OPEA SECURITIZADORA S/A,1ª,2032-09-15,,15.2179,,,0.51,962.68346883,95.97,1059.22,2026-09-23
CRA025008ND,CRA,São Salvador Alimentos S.A.,ECO SECURITIZADORA DE DIREITOS CREDITÓRIOS DO AGRONEGÓCIO S.A.,2ª,2033-10-15,,15.5138,16.1754,14.7184,0.07,1007.35082197,95.02,1103.2,2026-09-23
CRA02500A15,CRA,Açucareira Quatá S.A.,ECO SECURITIZADORA DE DIREITOS CREDITÓRIOS DO AGRONEGÓCIO S.A.,1ª,2032-11-15,,16.2867,,15.65,0.49,990.71206083,94.33,957.59,2026-09-23
CRA02500AHU,CRA,C. Vale - Cooperativa Agroindustrial,ECO SECURITIZADORA DE DIREITOS CREDITÓRIOS DO AGRONEGÓCIO S.A.,2ª,2030-11-15,,15.4094,16.2987,15.0,0.29,1037.17580291,98.64,776.72,2026-09-23
CRA02500BVU,CRA,BRF S.A.,ECO SECURITIZADORA DE DIREITOS CREDITÓRIOS DO AGRONEGÓCIO S.A.,2ª,2032-12-15,,17.9439,,16.5256,0.39,885.38289391,85.42,1028.87,2026-09-23
CRA02500C1D,CRA,Alibem Alimentos S.A.,ECO SECURITIZADORA DE DIREITOS CREDITÓRIOS DO AGRONEGÓCIO S.A.,1ª,2030-12-18,,16.0156,16.917,15.4,0.41,1016.72698065,97.9,505.45,2026-09-23
CRA026001JM,CRA,Lar Cooperativa Agroindustrial,ECO SECURITIZADORA DE DIREITOS CREDITÓRIOS DO AGRONEGÓCIO S.A.,2ª,2033-03-15,,16.3557,,16.0853,0.12,957.6708397,95.45,1003.43,2026-09-23
CRA026002BE,CRA,BRF S.A.,ECO SECURITIZADORA DE DIREITOS CREDITÓRIOS DO AGRONEGÓCIO S.A.,2ª,2033-04-15,,16.8935,,16.2264,0.95,952.36375033,90.5,1047.26,2026-09-23
25B0013406,CRI,Direcional,OPEA SECURITIZADORA S/A,1ª,2032-02-16,100% do DI,101.3922,,99.0,0.4,1005.7839755,99.29,992.78,2026-09-22
CRA019003V2,CRA,RAÍZEN ENERGIA S.A.,OPEA SECURITIZADORA S/A,1ª,2029-07-16,100% do DI,,,,,435.56383729,42.68,,2026-09-22
CRA024004H7,CRA,SÃO MARTINHO S.A.,RIZA SECURITIZADORA S.A.,3ª,2029-04-12,100% do DI,100.985,102.89,98.565,1.05,1058.04073188,99.73,530.12,2026-09-22
CRA0250018H,CRA,Marfrig Global Foods S.A,ECO SECURITIZADORA DE DIREITOS CREDITÓRIOS DO AGRONEGÓCIO S.A.,1ª,2030-04-15,100% do DI,113.12,,108.845,1.46,1011.41770639,95.45,690.66,2026-09-22
CRA02500BVT,CRA,BRF S.A.,ECO SECURITIZADORA DE DIREITOS CREDITÓRIOS DO AGRONEGÓCIO S.A.,1ª,2030-06-17,100% do DI,114.8225,,109.2066,5.17,1030.3329071,93.15,931.0,2026-09-22
24D2765715,CRI,CYRELA BRAZIL REALTY S.A.,COMPANHIA PROVÍNCIA DE SECURITIZAÇÃO,3ª,2031-04-15,101% do DI,99.42,101.49,97.19,0.18,1066.98112756,100.62,768.3,2026-09-22
CRA023007VD,CRA,ENGELHART CTP,OPEA SECURITIZADORA S/A,1ª,2028-07-05,101% do DI,96.8295,98.2875,93.2642,0.35,1038.01783764,100.85,401.53,2026-09-22
25L2997442,CRI,Even Construtora e Incorporadora S/A,VERT COMPANHIA SECURITIZADORA,ª,2032-12-15,"101,5% do DI",,,,,,,,2026-09-22
CRA026002BD,CRA,BRF S.A.,ECO SECURITIZADORA DE DIREITOS CREDITÓRIOS DO AGRONEGÓCIO S.A.,1ª,2030-10-15,"101,5% do DI",113.7341,,107.015,5.46,987.30230391,93.81,1016.0,2026-09-22
24D3313768,CRI,CURY CONSTRUTORA E INCORPORADORA S.A.,TRUE SECURITIZADORA S/A,1ª,2027-05-31,102% do DI,98.9358,101.0166,96.75,0.49,1046.83112456,100.25,161.04,2026-09-22
25G5109813,CRI,MRV,VERT COMPANHIA SECURITIZADORA,1ª,2030-07-15,102% do DI,,,,,,,,2026-09-22
CRA023003UX,CRA,ENGELHART CTP,OPEA SECURITIZADORA S/A,1ª,2027-03-15,102% do DI,94.196,95.982,92.382,2.37,1007.22039423,100.46,117.0,2026-09-22
CRA02500669,CRA,BRF S.A,ECO SECURITIZADORA DE DIREITOS CREDITÓRIOS DO AGRONEGÓCIO S.A.,1ª,2029-07-16,102% do DI,113.7987,,109.0433,4.96,1121.85586097,95.85,702.0,2026-09-22
CRA025008HM,CRA,Cocal Comercio Industria Canaa Acucar e Alcool S.A.,VERT COMPANHIA SECURITIZADORA,1ª,2031-09-15,102% do DI,,,,,,,,2026-09-22
24F1277566,CRI,DIRECIONAL ENGENHARIA S.A.,OPEA SECURITIZADORA S/A,1ª,2029-07-16,103% do DI,100.1763,102.48,97.8466,0.73,1034.81893521,100.86,593.64,2026-09-22
CRA02300209,CRA,ENGELHART CTP,VERT COMPANHIA SECURITIZADORA,1ª,2027-01-15,103% do DI,93.294,96.1333,91.3333,3.69,1029.91832106,100.38,78.0,2026-09-22
CRA0250073L,CRA,Mantiqueira Brasil,ECO SECURITIZADORA DE DIREITOS CREDITÓRIOS DO AGRONEGÓCIO S.A.,1ª,2030-08-15,"103,1% do DI",,,,,,,,2026-09-22
25G5313879,CRI,MOURA DUBEUX ENGENHARIA S.A.,VERT COMPANHIA SECURITIZADORA,1ª,2030-07-15,"103,75% do DI",105.5091,,102.5,2.82,995.92504558,99.33,748.4,2026-09-22
CRA025008N8,CRA,3Tentos,OPEA SECURITIZADORA S/A,1ª,2030-10-15,"103,75% do DI",109.1008,117.3199,101.8582,0.67,1039.97671991,97.92,762.23,2026-09-22
22J0346710,CRI,BANCO BTG PACTUAL S.A.,OPEA SECURITIZADORA S/A,1ª,2027-01-15,104% do DI,96.5,96.9,,0.5,1029.30807646,100.3,78.0,2026-09-22
CRA0240066A,CRA,CAMIL ALIMENTOS S.A.,ECO SECURITIZADORA DE DIREITOS CREDITÓRIOS DO AGRONEGÓCIO S.A.,1ª,2029-06-15,104% do DI,,,,,,,,2026-09-22
CRA025006SR,CRA,Boa Safra II,OPEA SECURITIZADORA S/A,1ª,2032-02-16,104% do DI,109.6655,,108.5,3.06,974.88201272,97.23,959.43,2026-09-22
CRA025007KD,CRA,CEREAL COMÉRCIO EXPORTAÇÃO E REPRESENTAÇÃO AGROPECUÁRIA S.A.,ECO SECURITIZADORA DE DIREITOS CREDITÓRIOS DO AGRONEGÓCIO S.A.,1ª,2030-09-16,104% do DI,,,,,,,,2026-09-22
CRA025002S1,CRA,MINERVA S.A.,RIZA SECURITIZADORA S.A.,1ª,2030-04-15,"104,5% do DI",128.6911,,123.904,0.39,976.20826151,91.88,677.95,2026-09-22
CRA025005V5,CRA,MINERVA S.A.,RIZA SECURITIZADORA S.A.,1ª,2030-07-15,"104,5% do DI",127.8062,,123.718,0.91,938.79904514,91.47,741.36,2026-09-22
24D0006602,CRI,ALLOS S.A.,OPEA SECURITIZADORA S/A,2ª,2029-04-16,105% do DI,98.618,101.3725,97.03,1.35,1081.19064289,101.73,528.93,2026-09-22
25E0013305,CRI,JHSF IV,OPEA SECURITIZADORA S/A,2ª,2030-05-15,105% do DI,103.8877,,,1.25,1055.11224103,100.41,709.38,2026-09-22
CRA02300TSB,CRA,BANCO BTG PACTUAL S.A.,OPEA SECURITIZADORA S/A,1ª,2033-12-15,105% do DI,96.5973,99.3466,94.5466,2.07,1092.76348506,105.17,1170.22,2026-09-22
CRA02400AYL,CRA,MINERVA S.A.,RIZA SECURITIZADORA S.A.,1ª,2029-11-16,105% do DI,124.5567,,120.6087,7.69,986.62737379,93.89,627.09,2026-09-22
CRA025008C3,CRA,Neomille S.A.,ECO SECURITIZADORA DE DIREITOS CREDITÓRIOS DO AGRONEGÓCIO S.A.,3ª,2032-12-15,105% do DI,114.9319,,112.6828,1.7,987.823012,95.07,980.71,2026-09-22
CRA02500AC9,CRA,,ECO SECURITIZADORA DE DIREITOS CREDITÓRIOS DO AGRONEGÓCIO S.A.,1ª,2030-11-15,105% do DI,,,,,,,,2026-09-22
CRA02500AHT,CRA,C. Vale - Cooperativa Agroindustrial,ECO SECURITIZADORA DE DIREITOS CREDITÓRIOS DO AGRONEGÓCIO S.A.,1ª,2030-11-15,"105,5% do DI",,,,,,,,2026-09-22
CRA025005EI,CRA,GDM Genética do Brasil S.A.,ECO SECURITIZADORA DE DIREITOS CREDITÓRIOS DO AGRONEGÓCIO S.A.,2ª,2032-07-15,"105,75% do DI",108.2453,116.0259,100.3891,0.37,1013.91767855,98.75,975.08,2026-09-22
23K0018802,CRI,MULTIPLAN EMPREENDIMENTOS IMOBILIÁRIOS S.A.,RIZA SECURITIZADORA S.A.,2ª,2031-01-15,106% do DI,98.8,101.1666,96.9333,0.05,1052.37966829,102.49,669.21,2026-09-22
CRA025006NA,CRA,Lar Cooperativa Agroindustrial,ECO SECURITIZADORA DE DIREITOS CREDITÓRIOS DO AGRONEGÓCIO S.A.,1ª,2030-08-15,106% do DI,111.5755,,109.0,0.13,983.47442228,98.08,678.22,2026-09-22
23K0019201,CRI,DIRECIONAL ENGENHARIA S.A.,TRUE SECURITIZADORA S/A,2ª,2028-11-16,"106,5% do DI",99.1711,,,0.3,1069.71023162,101.73,461.44,2026-09-22
CRA024004MP,CRA,SÃO SALVADOR ALIMENTOS S.A.,ECO SECURITIZADORA DE DIREITOS CREDITÓRIOS DO AGRONEGÓCIO S.A.,1ª,2030-04-15,"106,5% do DI",,,,,,,,2026-09-22
CRA026001JL,CRA,Lar Cooperativa Agroindustrial,ECO SECURITIZADORA DE DIREITOS CREDITÓRIOS DO AGRONEGÓCIO S.A.,1ª,2031-03-15,"106,5% do DI",112.72,,110.3166,0.39,978.54712782,97.59,763.94,2026-09-22
25H0243072,CRI,BTSA,RIZA SECURITIZADORA S.A.,2ª,2032-08-16,107% do DI,111.7744,,107.5,1.84,983.81847932,98.11,776.04,2026-09-22
CRA02300NRL,CRA,BANCO BTG PACTUAL S.A.,OPEA SECURITIZADORA S/A,1ª,2033-11-16,107% do DI,98.5,99.9,95.1,0.5,1104.72336194,105.1,1141.34,2026-09-22
CRA025003UZ,CRA,COOXUPÉ - COOPERATIVA REGIONAL DE,VERT COMPANHIA SECURITIZADORA,2ª,2030-06-17,"107,5% do DI",110.9511,,108.5,2.17,1028.22729789,98.87,645.94,2026-09-22
CRA02300CYQ,CRA,BANCO BTG PACTUAL S.A.,OPEA SECURITIZADORA S/A,1ª,2033-07-15,109% do DI,96.1458,98.0866,92.92,1.34,1106.91965238,107.73,1133.24,2026-09-22
CRA02300HWH,CRA,BANCO BTG PACTUAL S.A.,OPEA SECURITIZADORA S/A,1ª,2033-09-15,109% do DI,98.4933,99.9225,95.5725,0.41,1068.06892241,106.51,1172.0,2026-09-22
24I1980390,CRI,MRV ENGENHARIA E PARTICIPAÇÕES S.A,OPEA SECURITIZADORA S/A,1ª,2029-10-15,110% do DI,129.9093,138.38,,3.29,1002.48255735,94.06,598.91,2026-09-22
25B3099731,CRI,IGUATEMI PPPH PARTICIPAÇÕES LTDA.,OPEA SECURITIZADORA S/A,1ª,2030-02-18,96% do DI,98.7266,101.41,96.58,0.28,1002.50139111,99.02,708.43,2026-09-22
25D0012202,CRI,CYRELA BRAZIL REALTY S.A. EMPREENDIMENTOS,COMPANHIA PROVÍNCIA DE SECURITIZAÇÃO,1ª,2029-04-15,96% do DI,98.9622,,,0.2,1048.77522688,99.19,535.57,2026-09-22
25J4546988,CRI,CYRELA BRAZIL REALTY S.A. EMPREENDIMENTOS E,COMPANHIA PROVÍNCIA DE SECURITIZAÇÃO,1ª,2032-11-16,"96,5% do DI",100.0122,,97.5,0.95,1026.72565114,98.1,1056.91,2026-09-22
25D0012203,CRI,CYRELA BRAZIL REALTY S.A. EMPREENDIMENTOS E PARTICIPAÇÕES,COMPANHIA PROVÍNCIA DE SECURITIZAÇÃO,2ª,2030-04-15,97% do DI,99.2711,,97.5,0.33,1049.31137645,99.19,700.49,2026-09-22
26C3164285,CRI,Allos VI,OPEA SECURITIZADORA S/A,1ª,2031-03-12,97% do DI,98.67,100.89,,0.18,995.647301,99.27,858.25,2026-09-22
26G0012801,CRI,Cury III,OPEA SECURITIZADORA S/A,1ª,2032-07-06,97% do DI,99.5637,,97.5,0.68,1007.79200902,98.72,974.72,2026-09-22
CRA025003PD,CRA,SÃO MARTINHO S.A.,VERT COMPANHIA SECURITIZADORA,1ª,2032-06-15,97% do DI,103.5758,,,0.19,1000.8961077,96.61,1013.17,2026-09-22
24H1684874,CRI,SOCIEDADE BENEFICENTE ISRAELITA BRASILEIRA HOSPITAL ALBERT EINSTEIN,RIZA SECURITIZADORA S.A.,1ª,2029-08-17,"97,5% do DI",97.4144,99.885,95.9133,0.16,867.28145894,100.02,372.59,2026-09-22
24D2765586,CRI,CYRELA BRAZIL REALTY S.A.,COMPANHIA PROVÍNCIA DE SECURITIZAÇÃO,1ª,2028-04-15,98% do DI,98.1383,99.6,96.5,0.23,705.56039788,99.98,239.5,2026-09-22
25G3629974,CRI,PLANO E PLANO II,RIZA SECURITIZADORA S.A.,1ª,2030-07-15,98% do DI,103.5925,,102.0,1.13,1002.61573886,97.84,760.28,2026-09-22
25I0014209,CRI,Multiplan,OPEA SECURITIZADORA S/A,1ª,2035-09-19,98% do DI,,,,,,,,2026-09-22
CRA024004H5,CRA,SÃO MARTINHO S.A.,RIZA SECURITIZADORA S.A.,1ª,2027-04-12,98% do DI,98.8325,101.7575,96.21,1.03,1059.03815008,99.95,128.33,2026-09-22
25G3629975,CRI,PLANO E PLANO II,RIZA SECURITIZADORA S.A.,2ª,2031-07-15,99% do DI,104.5444,,102.0,0.16,998.87836055,97.45,902.88,2026-09-22
24E1393588,CRI,MULTIPLAN EMPREENDIMENTOS IMOBILIÁRIOS S.A.,RIZA SECURITIZADORA S.A.,1ª,2029-05-17,"99,5% do DI",99.53,101.7533,97.2866,0.03,1046.94384936,99.99,461.45,2026-09-22
CRA025008NB,CRA,Bem Brasil Alimentos S.A.,ECO SECURITIZADORA DE DIREITOS CREDITÓRIOS DO AGRONEGÓCIO S.A.,ª,2032-10-15,"DI + 0,33%",1.5338,2.3578,0.3666,0.02,1017.4025756,95.87,885.93,2026-09-22
CRA024009Q2,CRA,MARFRIG GLOBAL FOODS S.A.,ECO SECURITIZADORA DE DIREITOS CREDITÓRIOS DO AGRONEGÓCIO S.A.,1ª,2031-10-15,"DI + 0,35%",2.9611,3.4005,2.8203,0.38,969.1450633,91.32,880.42,2026-09-22
22D1289009,CRI,CYRELA BRAZIL REALTY S.A.,OPEA SECURITIZADORA S/A,489ª,2027-06-15,"DI + 0,4%",0.3108,0.5171,0.2128,0.08,1038.99939434,100.06,172.0,2026-09-22
CRA02400AYN,CRA,MINERVA S.A.,RIZA SECURITIZADORA S.A.,3ª,2031-11-17,"DI + 0,4%",3.5468,4.4038,1.5223,0.29,939.16691675,89.46,896.81,2026-09-22
CRA02500003,CRA,BOA SAFRA SEMENTES S.A.,OPEA SECURITIZADORA S/A,2ª,2030-01-15,"DI + 0,4%",1.6641,,1.45,0.22,992.25342316,96.71,673.33,2026-09-22
CRA0250018J,CRA,MARFRIG GLOBAL FOODS S.A.,ECO SECURITIZADORA DE DIREITOS CREDITÓRIOS DO AGRONEGÓCIO S.A.,3ª,2035-04-16,"DI + 0,4%",2.9618,,2.5402,0.47,947.55630582,89.26,1111.05,2026-09-22
CRA025007PT,CRA,SLC AGRÍCOLA S.A.,OPEA SECURITIZADORA S/A,1ª,2033-09-22,"DI + 0,4%",1.156,1.7252,0.7083,0.24,1037.68260421,96.93,1041.48,2026-09-22
CRA02300Q2Y,CRA,,RIZA SECURITIZADORA S.A.,3ª,2028-11-06,"DI + 0,48%",,,,,,,,2026-09-22
CRA025002S2,CRA,MINERVA S.A.,RIZA SECURITIZADORA S.A.,3ª,2032-04-15,"DI + 0,5%",3.5574,,,0.5,949.38736955,89.39,927.35,2026-09-22
23J0019601,CRI,Iguatemi,OPEA SECURITIZADORA S/A,1ª,2028-10-16,"DI + 0,55%",,,,,,,,2026-09-22
23K0018602,CRI,MULTIPLAN EMPREENDIMENTOS IMOBILIÁRIOS S.A.,RIZA SECURITIZADORA S.A.,1ª,2031-01-15,"DI + 0,6%",0.3819,0.6405,0.2571,0.02,1032.37681878,100.58,668.45,2026-09-22
24B0013201,CRI,SOMA,RIZA SECURITIZADORA S.A.,1ª,2028-02-15,"DI + 0,6%",,,,,,,,2026-09-22
23H1188857,CRI,RAIA DROGASIL S.A.,OPEA SECURITIZADORA S/A,2ª,2027-09-15,"DI + 0,65%",0.1593,0.4338,0.0838,0.09,1007.35001494,100.46,237.02,2026-09-22
CRA02300RS5,CRA,CAMIL ALIMENTOS S.A.,ECO SECURITIZADORA DE DIREITOS CREDITÓRIOS DO AGRONEGÓCIO S.A.,1ª,2028-11-16,"DI + 0,65%",3.7159,4.3271,2.5,0.65,994.73325467,94.67,458.64,2026-09-22
22C0023008,CRI,RAIA DROGASIL S.A.,OPEA SECURITIZADORA S/A,495ª,2027-03-08,"DI + 0,7%",0.188,0.4138,0.0638,0.26,503.8692682,100.23,112.0,2026-09-22
23K0018401,CRI,DIRECIONAL ENGENHARIA S.A.,OPEA SECURITIZADORA S/A,1ª,2028-11-16,"DI + 0,7%",0.4191,,,0.2,1056.32301161,100.51,461.52,2026-09-22
CRA02300GCY,CRA,IPIRANGA PRODUTOS DE PETRÓLEO S.A.,VERT COMPANHIA SECURITIZADORA,2ª,2027-07-16,"DI + 0,7%",0.4491,,,0.22,1027.95288271,100.19,190.92,2026-09-22
CRA025005V6,CRA,MINERVA S.A.,RIZA SECURITIZADORA S.A.,2ª,2033-07-15,"DI + 0,7%",3.5766,,3.1316,0.41,912.6871151,88.9,1034.9,2026-09-22
22E1325261,CRI,HYPERA S.A.,OPEA SECURITIZADORA S/A,1ª,2027-08-16,"DI + 0,75%",0.5319,0.7321,0.3488,0.03,1015.63297898,100.19,215.98,2026-09-22
22F0230096,CRI,RAIA DROGASIL S.A.,OPEA SECURITIZADORA S/A,1ª,2029-06-26,"DI + 0,75%",0.2468,0.4771,0.1271,0.1,1044.1635168,100.97,485.18,2026-09-22
22K0934871,CRI,BCBF PARTICIPAÇÕES S.A.,RIZA SECURITIZADORA S.A.,1ª,2027-12-15,"DI + 0,75%",14.8502,,11.4541,4.34,897.81329732,86.38,280.36,2026-09-22
22I0970801,CRI,NATURA COSMÉTICOS S.A.,RIZA SECURITIZADORA S.A.,1ª,2027-09-15,"DI + 0,8%",0.3793,0.5571,0.2071,0.03,1006.68263618,100.39,236.93,2026-09-22
22J0305579,CRI,DIAGNÓSTICOS DA AMÉRICA S.A.,VERT COMPANHIA SECURITIZADORA,1ª,2027-10-15,"DI + 0,8%",5.3742,8.0433,3.2233,0.87,1019.18453387,95.84,240.74,2026-09-22
CRA02300JG2,CRA,JBS S.A.,RIZA SECURITIZADORA S.A.,2ª,2028-09-15,"DI + 0,8%",0.6074,1.1577,0.1495,0.19,1006.19257483,100.34,450.32,2026-09-22
CRA02300NRM,CRA,BANCO BTG PACTUAL S.A.,OPEA SECURITIZADORA S/A,2ª,2033-11-16,"DI + 0,8%",-0.1061,,,0.46,1094.26045456,104.15,1141.64,2026-09-22
CRA0240066F,CRA,BRF S.A.,ECO SECURITIZADORA DE DIREITOS CREDITÓRIOS DO AGRONEGÓCIO S.A.,1ª,2029-06-15,"DI + 0,8%",2.6618,3.1071,2.4238,0.65,997.54531751,95.97,565.58,2026-09-22
22E1315701,CRI,EVEN CONSTRUTORA E INCORPORADORA S.A.,OPEA SECURITIZADORA S/A,1ª,2028-09-18,"DI + 0,9%",0.981,,,0.32,961.39455194,99.93,234.79,2026-09-22
23J1142031,CRI,YDUQS PARTICIPAÇÕES S.A.,OPEA SECURITIZADORA S/A,2ª,2028-10-13,"DI + 0,9%",0.9763,1.1205,0.3873,0.08,1062.77697842,99.9,339.83,2026-09-22
CRA022008NC,CRA,SOROCABA REFRESCOS S.A.,ECO SECURITIZADORA DE DIREITOS CREDITÓRIOS DO AGRONEGÓCIO S.A.,1ª,2029-08-15,"DI + 0,9%",1.1574,1.9403,0.2903,0.08,757.21377763,99.58,418.15,2026-09-22
CRA023000GP,CRA,"VAMOS LOCAÇÃO DE CAMINHÕES, MÁQUINAS E EQUIPAMENTOS S.A.",ECO SECURITIZADORA DE DIREITOS CREDITÓRIOS DO AGRONEGÓCIO S.A.,1ª,2028-01-17,"DI + 0,9%",3.9994,4.4833,3.0,0.0,990.02753193,96.4,305.02,2026-09-22
CRA024007K9,CRA,COOXUPÉ - COOPERATIVA REGIONAL DE CAFEICULTORES EM GUAXUPÉ LTDA.,VERT COMPANHIA SECURITIZADORA,1ª,2029-07-16,"DI + 0,9%",1.5012,2.1013,0.8013,0.06,1015.01350059,98.83,497.2,2026-09-22
22F0315398,CRI,LOCALIZA RENT A CAR S.A.,RIZA SECURITIZADORA S.A.,1ª,2027-06-07,"DI + 0,95%",0.5201,0.6838,0.3171,0.21,1046.38747833,100.28,165.68,2026-09-22
CRA024002MJ,CRA,MARFRIG GLOBAL FOODS S.A.,ECO SECURITIZADORA DE DIREITOS CREDITÓRIOS DO AGRONEGÓCIO S.A.,1ª,2029-03-15,"DI + 0,95%",2.8772,3.2138,2.5305,0.6,962.86900597,96.02,540.09,2026-09-22
23H0027402,CRI,REDE D'OR SÃO LUIZ S.A.,OPEA SECURITIZADORA S/A,1ª,2028-08-15,DI + 1%,0.2005,0.3605,-0.0061,0.1,1027.75067152,101.36,428.25,2026-09-22
CRA022006HJ,CRA,SÃO SALVADOR ALIMENTOS S.A.,ECO SECURITIZADORA DE DIREITOS CREDITÓRIOS DO AGRONEGÓCIO S.A.,1ª,2027-07-15,DI + 1%,1.1103,1.8053,0.2553,0.04,1026.34549676,99.92,193.71,2026-09-22
CRA022008C9,CRA,COMPANHIA DE LOCAÇÃO DAS AMÉRICAS,ECO SECURITIZADORA DE DIREITOS CREDITÓRIOS DO AGRONEGÓCIO S.A.,2ª,2028-09-15,DI + 1%,0.7787,1.2035,0.5089,0.17,1006.7038734,100.39,449.71,2026-09-22
CRA022008CB,CRA,JALLES MACHADO S.A.,ECO SECURITIZADORA DE DIREITOS CREDITÓRIOS DO AGRONEGÓCIO S.A.,1ª,2032-08-09,DI + 1%,1.4236,,1.3,0.13,989.87709695,98.44,944.45,2026-09-22
23H1191899,CRI,RAIA DROGASIL S.A.,OPEA SECURITIZADORA S/A,3ª,2030-09-16,"DI + 1,1%",0.3924,0.5828,0.2453,0.19,1022.91846249,102.01,713.0,2026-09-22
CRA024002S1,CRA,MINERVA S.A.,RIZA SECURITIZADORA S.A.,1ª,2029-03-15,"DI + 1,1%",3.1633,3.4366,2.5643,0.57,960.30636211,95.76,539.2,2026-09-22
CRA02400AHV,CRA,CEREAL COMÉRCIO EXPORTAÇÃO E REPRESENTAÇÃO AGROPECUÁRIA S.A.,RIZA SECURITIZADORA S.A.,1ª,2029-11-16,"DI + 1,1%",1.6317,2.2293,0.9293,0.06,1038.80462657,98.7,625.15,2026-09-22
23F2455020,CRI,Assai,TRUE SECURITIZADORA S/A,3ª,2028-07-15,"DI + 1,15%",,,,,,,,2026-09-22
CRA023000MC,CRA,"VAMOS LOCAÇÃO DE CAMINHÕES, MÁQUINAS E EQUIPAMENTOS S.A.",ECO SECURITIZADORA DE DIREITOS CREDITÓRIOS DO AGRONEGÓCIO S.A.,2ª,2030-01-15,"DI + 1,2%",4.7377,5.1327,4.0,0.48,1453.95167765,89.35,826.0,2026-09-22
CRA024001P7,CRA,JSL S.A.,ECO SECURITIZADORA DE DIREITOS CREDITÓRIOS DO AGRONEGÓCIO S.A.,3ª,2031-02-17,"DI + 1,2%",4.9,5.5928,4.0214,0.01,920.7575466,90.79,671.83,2026-09-22
CRA024007Q4,CRA,SLC MÁQUINAS LTDA.,OPEA SECURITIZADORA S/A,2ª,2031-08-15,"DI + 1,2%",1.3427,2.0552,0.7552,0.16,1010.36265192,99.62,677.05,2026-09-22
23C0247388,CRI,LOCALIZA RENT A CAR S.A.,RIZA SECURITIZADORA S.A.,1ª,2028-03-10,"DI + 1,25%",0.6149,0.8505,,0.12,1013.14028494,100.86,342.66,2026-09-22
23G0009601,CRI,DIMED S.A.,OPEA SECURITIZADORA S/A,1ª,2028-07-27,"DI + 1,3%",0.2758,,-0.0047,0.0,825.931059,101.03,254.71,2026-09-22
23C0247702,CRI,LOCALIZA RENT A CAR S.A.,RIZA SECURITIZADORA S.A.,2ª,2030-03-11,"DI + 1,4%",0.5193,,,0.2,1029.41200876,102.47,707.13,2026-09-22
CRA022008NF,CRA,IRANI PAPEL E EMBALAGEM S.A.,ECO SECURITIZADORA DE DIREITOS CREDITÓRIOS DO AGRONEGÓCIO S.A.,1ª,2027-08-16,"DI + 1,4%",1.0181,1.6685,0.6528,0.17,1017.67560839,100.32,215.62,2026-09-22
CRA023002GX,CRA,INTEGRADA COOPERATIVA AGROINDUSTRIAL,ECO SECURITIZADORA DE DIREITOS CREDITÓRIOS DO AGRONEGÓCIO S.A.,1ª,2028-05-15,"DI + 1,4%",1.45,2.9333,-0.0333,0.0,421.19559359,99.95,268.5,2026-09-22
23J1127308,CRI,MOVIDA PARTICIPAÇÕES S.A.,OPEA SECURITIZADORA S/A,1ª,2028-10-16,"DI + 1,45%",4.2598,4.5,,0.27,1017.25871071,95.39,433.7,2026-09-22
22C1235206,CRI,HAVAN S.A.,OPEA SECURITIZADORA S/A,463ª,2027-04-27,"DI + 1,5%",0.7864,0.9121,0.5455,0.08,1014.36029982,100.39,139.56,2026-09-22
23I1257218,CRI,JSL S.A.,OPEA SECURITIZADORA S/A,2ª,2030-09-16,"DI + 1,5%",4.6908,,,1.8,911.27050965,90.87,773.89,2026-09-22
CRA0220080Y,CRA,NEOMILLE S.A.,ECO SECURITIZADORA DE DIREITOS CREDITÓRIOS DO AGRONEGÓCIO S.A.,1ª,2028-04-03,"DI + 1,5%",1.7561,2.7083,0.8683,0.05,428.18450225,99.76,238.93,2026-09-22
CRA02300G7E,CRA,MARFRIG GLOBAL FOODS S.A.,ECO SECURITIZADORA DE DIREITOS CREDITÓRIOS DO AGRONEGÓCIO S.A.,2ª,2028-08-15,"DI + 1,5%",2.4721,3.1938,2.0759,0.65,998.26174218,98.4,425.85,2026-09-22
CRA02300MJ9,CRA,MINERVA S.A.,RIZA SECURITIZADORA S.A.,1ª,2028-09-15,"DI + 1,5%",2.5769,2.8371,1.0016,0.62,984.25219571,98.14,447.5,2026-09-22
CRA024003UY,CRA,LAR COOPERATIVA AGROINDUSTRIAL,ECO SECURITIZADORA DE DIREITOS CREDITÓRIOS DO AGRONEGÓCIO S.A.,2ª,2029-04-16,"DI + 1,55%",1.6915,1.8688,1.1688,0.02,1000.41866293,99.75,445.16,2026-09-22
CRA0240020A,CRA,VICUNHA TÊXTIL S.A.,RIZA SECURITIZADORA S.A.,1ª,2029-02-15,"DI + 1,6%",3.123,3.9621,1.6173,0.24,984.04417032,96.99,517.08,2026-09-22
CRA0240099E,CRA,VALE DO TIJUCO AÇÚCAR E ÁLCOOL S.A.,ECO SECURITIZADORA DE DIREITOS CREDITÓRIOS DO AGRONEGÓCIO S.A.,1ª,2034-10-16,"DI + 1,6%",2.1668,,,0.36,1044.53977481,97.89,961.54,2026-09-22
CRA025009KJ,CRA,Salton,OPEA SECURITIZADORA S/A,1ª,2031-12-09,"DI + 1,6%",,,,,,,,2026-09-22
24A2720884,CRI,DIAGNÓSTICAS DA AMÉRICA S.A.,VERT COMPANHIA SECURITIZADORA,1ª,2029-01-15,"DI + 1,63%",4.4792,7.261,3.0777,1.16,974.01606635,94.71,494.04,2026-09-22
22L1465644,CRI,ÂNIMA HOLDING S.A.,RIZA SECURITIZADORA S.A.,1ª,2027-12-15,"DI + 1,65%",2.279,2.5,1.55,0.18,995.99795219,99.31,282.51,2026-09-22
CRA0230073L,CRA,J. MACÊDO S.A.,RIZA SECURITIZADORA S.A.,1ª,2028-04-17,"DI + 1,65%",0.7987,1.3228,,0.16,804.90369635,100.62,186.82,2026-09-22
22J0000801,CRI,TRISUL S.A.,TRUE SECURITIZADORA S/A,1ª,2027-12-15,"DI + 1,7%",,,,,,,,2026-09-22
23F0012002,CRI,LOG COMMERCIAL PROPERTIES E PARTICIPAÇÕES S.A.,OPEA SECURITIZADORA S/A,1ª,2028-06-26,"DI + 1,7%",1.1202,,,0.08,695.39733066,100.63,279.18,2026-09-22
23L2043099,CRI,Unidas,OPEA SECURITIZADORA S/A,1ª,2028-12-15,"DI + 1,7%",,,,,,,,2026-09-22
CRA02300VBT,CRA,UNIDAS LOCAÇÕES E SERVIÇOS S.A.,OPEA SECURITIZADORA S/A,1ª,2028-12-15,"DI + 1,7%",1.3105,1.9369,0.4702,0.19,1049.67756661,100.73,476.83,2026-09-22
CRA022008NH,CRA,IRANI PAPEL E EMBALAGEM S.A.,ECO SECURITIZADORA DE DIREITOS CREDITÓRIOS DO AGRONEGÓCIO S.A.,2ª,2029-08-15,"DI + 1,75%",0.9867,1.4852,0.3685,0.08,1030.51290604,101.56,516.64,2026-09-22
CRA0230012X,CRA,VALE DO PONTAL AÇÚCAR E ETANOL S.A.,ECO SECURITIZADORA DE DIREITOS CREDITÓRIOS DO AGRONEGÓCIO S.A.,1ª,2031-02-17,"DI + 1,8%",2.179,,,0.13,1003.4939833,98.89,757.5,2026-09-22
CRA0240005N,CRA,CEREAL COMÉRCIO EXPORTAÇÃO E REPRESENTAÇÃO AGROPECUÁRIA S.A.,RIZA SECURITIZADORA S.A.,1ª,2029-01-15,"DI + 1,8%",1.6425,2.2533,0.7733,0.37,1030.62711879,100.18,292.9,2026-09-22
24K0003002,CRI,PATRIMAR ENGENHARIA S.A.,RIZA SECURITIZADORA S.A.,1ª,2029-11-23,"DI + 1,95%",4.3195,4.8271,3.8763,1.28,1001.86022993,95.2,537.57,2026-09-22
CRA02300Q8I,CRA,CAPAL COOPERATIVA AGROINDUSTRIAL,OPEA SECURITIZADORA S/A,1ª,2029-05-17,"DI + 1,95%",1.6195,2.65,0.7,0.08,603.84471691,100.46,358.71,2026-09-22
23H1023846,CRI,BR PROPERTIES S.A.,OPEA SECURITIZADORA S/A,1ª,2031-08-15,DI + 2%,1.3381,1.5855,1.1008,0.13,936.7283201,101.83,702.98,2026-09-22
23J1333602,CRI,PATRIMAR ENGENHARIA S.A.,RIZA SECURITIZADORA S.A.,1ª,2028-10-20,DI + 2%,,,,,,,,2026-09-22
CRA022001P6,CRA,USINA BATATAIS S.A.,RIZA SECURITIZADORA S.A.,1ª,2028-04-20,DI + 2%,1.3293,2.2053,0.4553,0.05,1021.9170942,100.92,350.96,2026-09-22
CRA022008C2,CRA,VICUNHA TÊXTIL S.A.,RIZA SECURITIZADORA S.A.,2ª,2027-08-16,DI + 2%,3.1582,3.6121,2.0273,0.27,502.63087977,99.04,215.22,2026-09-22
CRA02300S8P,CRA,FS INDÚSTRIA DE BIOCOMBUSTÍVEIS LTDA.,ECO SECURITIZADORA DE DIREITOS CREDITÓRIOS DO AGRONEGÓCIO S.A.,2ª,2030-06-17,DI + 2%,3.9749,4.1638,3.4902,0.2,949.78375783,94.7,712.5,2026-09-22
CRA024000B7,CRA,FS INDÚSTRIA DE BIOCOMBUSTÍVEIS LTDA.,ECO SECURITIZADORA DE DIREITOS CREDITÓRIOS DO AGRONEGÓCIO S.A.,2ª,2030-07-15,DI + 2%,4.0827,4.5523,3.4445,0.08,946.19184807,94.34,722.65,2026-09-22
23D0005401,CRI,ORIGINAL HOLDING S.A,OPEA SECURITIZADORA S/A,1ª,2028-04-15,"DI + 2,05%",,,,,,,,2026-09-22
CRA02300BQD,CRA,GJA INDÚSTRIAS S.A.,RIZA SECURITIZADORA S.A.,1ª,2029-07-16,"DI + 2,25%",,,,,,,,2026-09-22
CRA025000MJ,CRA,Integrada Cooperativa Agroindustrial,ECO SECURITIZADORA DE DIREITOS CREDITÓRIOS DO AGRONEGÓCIO S.A.,2ª,2029-05-15,"DI + 2,35%",2.2491,2.9603,1.5353,0.0,793.87095109,100.14,348.47,2026-09-22
22L1212138,CRI,LAR COOPERATIVA AGROINDUSTRIAL,HABITASEC SECURITIZADORA S.A.,2ª,2034-12-19,"DI + 2,45%",1.9443,3.0253,,0.28,914.49639928,101.42,722.87,2026-09-22
CRA02300KZL,CRA,FLORA PRODUTOS DE HIGIENE E LIMPEZA S.A.,OPEA SECURITIZADORA S/A,1ª,2029-10-15,"DI + 2,5%",1.817,3.0,1.0303,0.06,787.14135348,100.89,335.69,2026-09-22
CRA024005K1,CRA,Natural One S.A.,ECO SECURITIZADORA DE DIREITOS CREDITÓRIOS DO AGRONEGÓCIO S.A.,1ª,2029-05-25,"DI + 2,5%",,,,,,,,2026-09-22
CRA02300795,CRA,FS INDÚSTRIA DE BIOCOMBUSTÍVEIS LTDA.,ECO SECURITIZADORA DE DIREITOS CREDITÓRIOS DO AGRONEGÓCIO S.A.,1ª,2029-10-15,"DI + 2,9%",3.9555,4.2402,3.3312,0.02,978.66740055,97.56,608.86,2026-09-22
CRA02300CCH,CRA,FS INDÚSTRIA DE BIOCOMBUSTÍVEIS LTDA.,ECO SECURITIZADORA DE DIREITOS CREDITÓRIOS DO AGRONEGÓCIO S.A.,1ª,2029-12-17,"DI + 2,9%",3.9914,4.4385,3.3375,0.01,976.80409888,97.37,634.2,2026-09-22
CRA0250040I,CRA,Natural One S.A,ECO SECURITIZADORA DE DIREITOS CREDITÓRIOS DO AGRONEGÓCIO S.A.,1ª,2029-06-15,"DI + 2,9%",5.3547,,3.5,2.0,1010.01625849,96.61,367.27,2026-09-22
CRA0220099D,CRA,CENTRAL CRESOL BASER,ECO SECURITIZADORA DE DIREITOS CREDITÓRIOS DO AGRONEGÓCIO S.A.,1ª,2027-12-15,"DI + 2,95%",1.1388,1.8663,0.4463,0.07,352.69734204,101.2,169.17,2026-09-22
CRA023003JX,CRA,OLFAR S.A.,RIZA SECURITIZADORA S.A.,1ª,2029-03-15,DI + 3%,2.1114,3.6,1.1603,0.09,724.5725989,101.12,324.53,2026-09-22
CRA0240086H,CRA,DISTRIBUIDORA DE PRODUTOS DE PETRÓLEO CHARRUA LTDA.,OPEA SECURITIZADORA S/A,1ª,2029-08-23,DI + 3%,2.8285,3.6366,1.9293,0.29,1016.14590674,100.34,506.77,2026-09-22
CRA0250012Y,CRA,FS FLORESTAL S.A.,ECO SECURITIZADORA DE DIREITOS CREDITÓRIOS DO AGRONEGÓCIO S.A.,2ª,2031-03-17,DI + 3%,3.6757,4.2805,3.275,0.28,982.43159974,97.93,802.97,2026-09-22
23F0012602,CRI,FARMACIA E DROGARIA NISSEI S.A.,OPEA SECURITIZADORA S/A,1ª,2028-06-22,"DI + 3,5%",,,,,,,,2026-09-22
CRA022000RU,CRA,MADERO INDÚSTRIA E COMÉRCIO S.A.,ECO SECURITIZADORA DE DIREITOS CREDITÓRIOS DO AGRONEGÓCIO S.A.,2ª,2027-03-15,"DI + 3,5%",3.6943,4.0755,,0.46,139.92144811,99.95,65.45,2026-09-22
CRA024002MM,CRA,USINA SANTA FÉ S.A.,ECO SECURITIZADORA DE DIREITOS CREDITÓRIOS DO AGRONEGÓCIO S.A.,1ª,2029-12-17,DI + 4%,3.0836,4.7878,1.1666,0.52,889.3264306,101.3,368.3,2026-09-22
CRA02400ECU,CRA,USINA CORURIPE AÇÚCAR E ÁLCOOL S.A.,ECO SECURITIZADORA DE DIREITOS CREDITÓRIOS DO AGRONEGÓCIO S.A.,5ª,2030-11-25,"DI + 4,1%",4.6056,5.0255,4.5921,0.45,4967.49551767,99.17,432.87,2026-09-22
CRA023001JL,CRA,PISANI PLÁSTICOS S.A.,ECO SECURITIZADORA DE DIREITOS CREDITÓRIOS DO AGRONEGÓCIO S.A.,1ª,2029-02-20,DI + 5%,4.0563,,,0.17,542.69845266,100.98,273.67,2026-09-22
CRA02300KOH,CRA,TECSOIL AUTOMAÇÃO E SISTEMAS S.A.,OPEA SECURITIZADORA S/A,1ª,2028-10-16,"DI + 5,5%",2.9987,4.0473,1.8333,0.14,712.87761325,102.28,238.19,2026-09-22
CRA02300JR6,CRA,RAÍZEN ENERGIA S.A.,TRUE SECURITIZADORA S/A,2ª,2033-10-17,IPCA + 0%,,,,,482.14664541,42.4,,2026-09-22
CRA019003JY,CRA,KLABIN S.A.,VERT COMPANHIA SECURITIZADORA,1ª,2029-06-15,"IPCA + 3,5%",7.2578,7.7224,7.0773,0.1,1394.50010749,94.27,414.29,2026-09-22
CRA019003V3,CRA,RAÍZEN ENERGIA S.A.,OPEA SECURITIZADORA S/A,2ª,2029-07-16,"IPCA + 3,602%",,,,,701.423617,47.88,,2026-09-22
CRA021000MG,CRA,M. DIAS BRANCO S.A. INDÚSTRIA E COMÉRCIO DE ALIMENTOS,RIZA SECURITIZADORA S.A.,1ª,2028-03-15,"IPCA + 3,7992%",7.8053,8.1807,7.7212,0.1,1297.20005845,94.69,362.96,2026-09-22
CRA021000MH,CRA,M. DIAS BRANCO S.A. INDÚSTRIA E COMÉRCIO DE ALIMENTOS,RIZA SECURITIZADORA S.A.,2ª,2031-03-15,"IPCA + 4,1369%",8.3083,8.6364,8.2138,0.05,1207.56061405,88.14,805.08,2026-09-22
CRA02100002,CRA,COCAL COMÉRCIO INDÚSTRIA CANAÃ AÇÚCAR E ÁLCOOL LTDA.,RIZA SECURITIZADORA S.A.,2ª,2028-02-15,"IPCA + 4,2095%",8.5304,9.0949,7.1328,0.21,613.22561898,97.02,186.99,2026-09-22
CRA021000MB,CRA,COLOMBO AGROINDÚSTRIA S.A.,ECO SECURITIZADORA DE DIREITOS CREDITÓRIOS DO AGRONEGÓCIO S.A.,1ª,2027-03-15,"IPCA + 4,4474%",8.1523,9.226,7.1191,0.12,666.85812507,98.39,117.0,2026-09-22
CRA021001PQ,CRA,MARFRIG GLOBAL FOODS S.A.,OPEA SECURITIZADORA S/A,1ª,2028-07-15,"IPCA + 4,5%",12.4728,12.9029,12.1901,0.33,1167.19531889,88.02,436.55,2026-09-22
CRA019001E7,CRA,KLABIN S.A.,VERT COMPANHIA SECURITIZADORA,2ª,2029-03-15,"IPCA + 4,5081%",7.3595,7.7667,7.0572,0.09,1451.46187596,96.31,349.79,2026-09-22
CRA021001VA,CRA,MARFRIG GLOBAL FOODS S.A.,OPEA SECURITIZADORA S/A,2ª,2031-07-15,"IPCA + 4,6%",11.9887,12.6325,10.9746,1.03,1049.62545748,79.14,853.01,2026-09-22
21G0065100,CRI,ALIANSCE SONAE SHOPPING CENTERS S.A.,RB CAPITAL INVESTIMENTOS DTVM LTDA,347ª,2028-07-17,"IPCA + 4,6197%",8.1961,,7.9477,0.28,1254.74136291,94.35,435.78,2026-09-22
CRA0210013B,CRA,BRF S.A.,VERT COMPANHIA SECURITIZADORA,1ª,2031-05-15,"IPCA + 4,7843%",11.8797,12.2104,11.2334,1.09,1040.36706833,76.58,1014.39,2026-09-22
CRA021001KB,CRA,COMPANHIA DE LOCAÇÃO DAS AMÉRICAS,ECO SECURITIZADORA DE DIREITOS CREDITÓRIOS DO AGRONEGÓCIO S.A.,1ª,2031-07-15,"IPCA + 4,825%",7.9291,8.8043,7.2625,0.21,1205.91395108,90.46,861.63,2026-09-22
CRA021002SO,CRA,IPIRANGA PRODUTOS DE PETRÓLEO S.A.,VERT COMPANHIA SECURITIZADORA,1ª,2028-09-15,"IPCA + 4,8287%",8.1284,8.8409,7.7817,0.41,1226.75498378,94.27,479.19,2026-09-22
21D0737500,CRI,DIRECIONAL ENGENHARIA S.A.,OPEA SECURITIZADORA S/A,371ª,2028-04-17,"IPCA + 4,8444%",7.5742,7.9148,7.3556,0.07,874.76073719,97.41,256.17,2026-09-22
21D0862572,CRI,REDE D'OR SÃO LUIZ S.A.,OPEA SECURITIZADORA S/A,324ª,2036-05-15,"IPCA + 4,9347%",8.3681,,7.8935,0.36,1095.94428917,80.18,1696.99,2026-09-22
21H1078699,CRI,SENDAS DISTRIBUIDORA S.A.,OPEA SECURITIZADORA S/A,428ª,2028-10-16,"IPCA + 5,1531%",10.6275,11.0808,9.9423,0.24,1186.71746019,90.68,484.59,2026-09-22
21H1078700,CRI,SENDAS DISTRIBUIDORA S.A.,OPEA SECURITIZADORA S/A,429ª,2031-10-15,"IPCA + 5,2662%",11.8334,12.1252,10.6843,0.22,1056.43367206,80.69,881.11,2026-09-22
CRA021000SC,CRA,COPERSUCAR S.A.,RIZA SECURITIZADORA S.A.,1ª,2028-05-15,"IPCA + 5,2893%",,,,,,,,2026-09-22
CRA020002GZ,CRA,BRF S.A.,VERT COMPANHIA SECURITIZADORA,1ª,2027-07-15,"IPCA + 5,3%",10.1496,10.8118,8.5401,1.11,1398.42169928,96.51,198.77,2026-09-22
21D0694886,CRI,CONSTRUTORA TENDA S.A.,OPEA SECURITIZADORA S/A,378ª,2028-04-17,"IPCA + 5,3621%",9.0808,9.7934,8.9159,0.54,886.39934129,96.57,252.09,2026-09-22
CRA021002NF,CRA,PETROBRAS DISTRIBUIDORA S.A.,RIZA SECURITIZADORA S.A.,1ª,2031-09-15,"IPCA + 5,3995%",8.9452,9.4804,8.4886,0.26,1160.57994985,88.7,908.42,2026-09-22
CRA020001P7,CRA,RAÍZEN ENERGIA S.A.,OPEA SECURITIZADORA S/A,1ª,2027-06-15,"IPCA + 5,4%",,,,,617.65285008,43.41,,2026-09-22
CRA021000RX,CRA,MINERVA S.A.,RIZA SECURITIZADORA S.A.,1ª,2028-04-17,"IPCA + 5,5034%",12.1265,12.6076,11.0256,1.04,1260.12893745,91.41,371.18,2026-09-22
21I0278118,CRI,LOG COMMERCIAL PROPERTIES E PARTICIPAÇÕES S.A.,RIZA SECURITIZADORA S.A.,362ª,2028-09-15,"IPCA + 5,5212%",11.4734,,10.3004,1.4,605.69478005,92.51,355.93,2026-09-22
21K0001806,CRI,REDE D'OR SÃO LUIZ S.A.,OPEA SECURITIZADORA S/A,396ª,2031-12-15,"IPCA + 5,5758%",8.3518,8.5355,8.1487,0.1,1163.92791823,90.81,930.84,2026-09-22
CRA021000RY,CRA,MINERVA S.A.,RIZA SECURITIZADORA S.A.,39ª,2031-04-15,"IPCA + 5,578%",11.1206,12.0722,10.8626,0.35,1174.96405237,85.2,780.16,2026-09-22
CRA020002H1,CRA,BRF S.A.,VERT COMPANHIA SECURITIZADORA,2ª,2030-07-15,"IPCA + 5,6%",11.4532,12.5979,10.6241,1.22,1263.06414902,87.12,638.09,2026-09-22
CRA022002Y1,CRA,NORSA REFRIGERANTES S.A.,RIZA SECURITIZADORA S.A.,1ª,2027-03-15,"IPCA + 5,685%",7.2193,7.7273,7.2033,0.25,601.37804453,99.33,117.0,2026-09-22
CRA020003PY,CRA,"VAMOS LOCAÇÃO DE CAMINHÕES, MÁQUINAS E EQUIPAMENTOS S.A.",ECO SECURITIZADORA DE DIREITOS CREDITÓRIOS DO AGRONEGÓCIO S.A.,1ª,2030-11-18,"IPCA + 5,7315%",11.7416,13.2803,10.4546,1.65,1223.42489631,85.62,700.24,2026-09-22
21K0001812,CRI,ULTRA SOM SERVIÇOS MÉDICOS S.A.,RIZA SECURITIZADORA S.A.,378ª,2031-12-15,"IPCA + 5,7505%",20.6722,23.0065,18.6721,1.47,752.87338255,59.0,973.85,2026-09-22
CRA021002YA,CRA,CARAMURU ALIMENTOS S.A.,ECO SECURITIZADORA DE DIREITOS CREDITÓRIOS DO AGRONEGÓCIO S.A.,1ª,2027-09-15,"IPCA + 5,7641%",9.7355,10.9969,7.9407,0.15,246.98051854,96.53,241.51,2026-09-22
CRA020001P8,CRA,RAÍZEN ENERGIA S.A.,TRUE SECURITIZADORA S/A,2ª,2030-06-17,"IPCA + 5,8%",,,,,630.85644227,44.3,,2026-09-22
22D1289007,CRI,REDE D'OR SÃO LUIZ S.A.,OPEA SECURITIZADORA S/A,508ª,2029-06-15,"IPCA + 5,83%",8.0393,8.3027,7.6359,0.24,1149.17547404,94.97,629.06,2026-09-22
22D1289010,CRI,CYRELA BRAZIL REALTY S.A.,OPEA SECURITIZADORA S/A,490ª,2027-06-15,"IPCA + 5,9068%",6.7802,,,0.19,1224.40202112,99.43,176.48,2026-09-22
CRA022002Y2,CRA,NORSA REFRIGERANTES S.A.,RIZA SECURITIZADORA S.A.,2ª,2029-03-15,"IPCA + 5,9169%",8.4967,9.021,8.4914,0.34,1157.64116725,95.6,469.94,2026-09-22
CRA022006N5,CRA,IPIRANGA PRODUTOS DE PETRÓLEO S.A.,VERT COMPANHIA SECURITIZADORA,1ª,2032-06-15,"IPCA + 6,0053%",8.3948,9.1548,8.0703,0.39,1104.10349067,91.35,1016.95,2026-09-22
22D1289008,CRI,REDE D'OR SÃO LUIZ S.A.,OPEA SECURITIZADORA S/A,509ª,2032-06-15,"IPCA + 6,01%",8.3106,8.5789,,0.09,1109.61831249,91.65,1017.27,2026-09-22
CRA022002Y3,CRA,NORSA REFRIGERANTES S.A.,RIZA SECURITIZADORA S.A.,3ª,2032-03-15,"IPCA + 6,0392%",8.5733,,,0.16,1103.67587825,91.14,984.46,2026-09-22
CRA022002XN,CRA,JBS S.A.,RIZA SECURITIZADORA S.A.,3ª,2037-04-15,"IPCA + 6,0953%",,,,,,,,2026-09-22
21K0001807,CRI,REDE D'OR SÃO LUIZ S.A.,OPEA SECURITIZADORA S/A,397ª,2036-12-15,"IPCA + 6,1017%",8.4213,8.6627,8.0522,0.1,1104.34249161,86.04,1725.35,2026-09-22
22D1289011,CRI,CYRELA BRAZIL REALTY S.A.,OPEA SECURITIZADORA S/A,491ª,2029-06-15,"IPCA + 6,128%",,,,,,,,2026-09-22
22K0001201,CRI,PETRÓLEO BRASILEIRO S.A. - PETROBRAS,OPEA SECURITIZADORA S/A,1ª,2030-04-15,"IPCA + 6,2%",7.2852,7.4949,7.2411,0.03,1185.45922085,96.81,803.02,2026-09-22
23H0027403,CRI,REDE D'OR SÃO LUIZ S.A.,OPEA SECURITIZADORA S/A,2ª,2030-08-15,"IPCA + 6,2%",8.2915,8.4893,8.0061,0.04,1076.9196405,93.46,872.21,2026-09-22
CRA022006MY,CRA,Dexco S.A.,ECO SECURITIZADORA DE DIREITOS CREDITÓRIOS DO AGRONEGÓCIO S.A.,2ª,2032-06-15,"IPCA + 6,2%",,,,,,,,2026-09-22
22K0001203,CRI,PETRÓLEO BRASILEIRO S.A. - PETROBRAS,OPEA SECURITIZADORA S/A,2ª,2032-11-16,"IPCA + 6,25%",7.4556,7.6788,7.3293,0.09,1186.32062364,94.53,1250.07,2026-09-22
22E1325262,CRI,HYPERA S.A.,OPEA SECURITIZADORA S/A,2ª,2029-08-15,"IPCA + 6,279%",8.5608,8.8221,8.224,0.3,1132.35635033,94.51,668.63,2026-09-22
CRA021002YF,CRA,J. MACÊDO S.A.,ECO SECURITIZADORA DE DIREITOS CREDITÓRIOS DO AGRONEGÓCIO S.A.,1ª,2026-11-16,"IPCA + 6,3071%",9.4727,11.6374,6.8623,0.73,61.1160327,99.69,26.43,2026-09-22
CRA02300S35,CRA,CAMIL ALIMENTOS S.A.,ECO SECURITIZADORA DE DIREITOS CREDITÓRIOS DO AGRONEGÓCIO S.A.,2ª,2030-11-18,"IPCA + 6,3416%",12.5871,13.1002,11.4986,0.27,968.13253076,83.35,796.27,2026-09-22
22C1362141,CRI,MATEUS SUPERMERCADOS S.A.,OPEA SECURITIZADORA S/A,1ª,2034-07-17,"IPCA + 6,3423%",10.4967,,9.8899,0.22,819.35213415,88.24,799.87,2026-09-22
22B0004808,CRI,CSN CIMENTOS S.A.,RIZA SECURITIZADORA S.A.,417ª,2032-02-16,"IPCA + 6,3893%",16.9275,19.3406,12.372,0.78,870.55507413,70.09,926.87,2026-09-22
CRA022008N6,CRA,JBS S.A.,RIZA SECURITIZADORA S.A.,2ª,2032-09-15,"IPCA + 6,3919%",9.1559,10.5764,7.577,0.08,1075.4631307,89.61,1070.89,2026-09-22
22K0001204,CRI,PETRÓLEO BRASILEIRO S.A. - PETROBRAS,OPEA SECURITIZADORA S/A,3ª,2037-11-16,"IPCA + 6,4%",,,,,,,,2026-09-22
24B0013203,CRI,CIDADE MARAVILHOSA INDÚSTRIA E COMÉRCIO DE ROUPAS S.A.,RIZA SECURITIZADORA S.A.,3ª,2030-02-15,"IPCA + 6,4%",11.0205,,10.4694,0.83,1005.62773306,89.4,661.44,2026-09-22
CRA02300CYS,CRA,BANCO BTG PACTUAL S.A.,OPEA SECURITIZADORA S/A,3ª,2033-07-15,"IPCA + 6,4338%",7.3106,7.5939,7.1197,0.13,1109.42239694,95.56,1389.07,2026-09-22
22E1325264,CRI,HYPERA S.A.,OPEA SECURITIZADORA S/A,3ª,2032-08-16,"IPCA + 6,4451%",8.7405,9.223,,0.08,1095.73978259,91.44,1051.01,2026-09-22
CRA024001P6,CRA,JSL S.A.,ECO SECURITIZADORA DE DIREITOS CREDITÓRIOS DO AGRONEGÓCIO S.A.,2ª,2031-02-17,"IPCA + 6,4527%",13.2404,14.1255,12.165,0.12,934.67306839,82.99,751.56,2026-09-22
22E1095384,CRI,MRV ENGENHARIA E PARTICIPAÇÕES S.A.,OPEA SECURITIZADORA S/A,1ª,2030-09-16,"IPCA + 6,4802%",12.4671,,,0.27,1030.23160545,86.28,673.87,2026-09-22
21J0001208,CRI,TENDA ATACADO S.A.,RIZA SECURITIZADORA S.A.,306ª,2026-10-15,"IPCA + 6,4803%",12.097,,11.6137,0.68,439.81179926,99.67,16.0,2026-09-22
22F0009804,CRI,DIRECIONAL ENGENHARIA S.A.,OPEA SECURITIZADORA S/A,1ª,2032-06-15,"IPCA + 6,4899%",8.7112,8.9843,8.2958,0.12,1112.10558229,92.04,1006.66,2026-09-22
22F0009409,CRI,GJA INDÚSTRIAS S.A.,RIZA SECURITIZADORA S.A.,1ª,2029-06-15,"IPCA + 6,5%",12.068,,,0.93,1071.95670084,90.08,513.81,2026-09-22
CRA022003JT,CRA,BEM BRASIL ALIMENTOS S.A.,ECO SECURITIZADORA DE DIREITOS CREDITÓRIOS DO AGRONEGÓCIO S.A.,1ª,2029-05-15,"IPCA + 6,5348%",9.1951,10.3229,7.258,0.37,1178.35996216,96.35,378.1,2026-09-22
CRA022004MS,CRA,"VAMOS LOCAÇÃO DE CAMINHÕES, MÁQUINAS E EQUIPAMENTOS S.A.",ECO SECURITIZADORA DE DIREITOS CREDITÓRIOS DO AGRONEGÓCIO S.A.,1ª,2032-05-17,"IPCA + 6,5473%",13.5455,14.2855,12.6086,1.06,954.29201605,78.12,960.01,2026-09-22
23H0027404,CRI,REDE D'OR SÃO LUIZ S.A.,OPEA SECURITIZADORA S/A,3ª,2033-08-15,"IPCA + 6,55%",8.3224,8.7148,7.8609,0.08,1063.18397028,92.24,1227.82,2026-09-22
CRA022008NB,CRA,RAÍZEN ENERGIA S.A.,OPEA SECURITIZADORA S/A,1ª,2032-08-16,"IPCA + 6,5885%",,,,,582.90977328,48.14,,2026-09-22
22B0006022,CRI,MRV ENGENHARIA E PARTICIPAÇÕES S.A.,RIZA SECURITIZADORA S.A.,442ª,2029-02-15,"IPCA + 6,5954%",12.2271,,11.3429,1.33,1136.33710479,91.26,445.86,2026-09-22
CRA024004SA,CRA,JBS S.A.,RIZA SECURITIZADORA S.A.,2ª,2034-05-15,"IPCA + 6,5975%",9.2282,10.4607,7.9372,0.33,980.04976194,86.6,1468.01,2026-09-22
22J0306937,CRI,DIAGNÓSTICOS DA AMÉRICA S.A.,VERT COMPANHIA SECURITIZADORA,2ª,2029-10-15,"IPCA + 6,6%",13.3203,14.9598,11.7452,0.55,1039.97411086,84.74,677.79,2026-09-22
CRA02300G7F,CRA,MARFRIG GLOBAL FOODS S.A.,ECO SECURITIZADORA DE DIREITOS CREDITÓRIOS DO AGRONEGÓCIO S.A.,3ª,2030-08-15,"IPCA + 6,6%",12.4628,12.9355,12.2787,0.15,960.14089325,83.22,858.5,2026-09-22
CRA022008C7,CRA,COMPANHIA DE LOCAÇÃO DAS AMÉRICAS,ECO SECURITIZADORA DE DIREITOS CREDITÓRIOS DO AGRONEGÓCIO S.A.,1ª,2028-09-15,"IPCA + 6,6018%",8.4092,8.9633,7.9352,0.27,1161.89896652,96.89,473.47,2026-09-22
24E1835896,CRI,HSL,TRUE SECURITIZADORA S/A,1ª,2034-06-15,"IPCA + 6,6075%",,,,,,,,2026-09-22
CRA022007KI,CRA,COCAL COMÉRCIO INDÚSTRIA CANAÃ AÇÚCAR E ÁLCOOL LTDA.,RIZA SECURITIZADORA S.A.,1ª,2030-08-15,"IPCA + 6,6234%",11.2051,11.8389,10.5936,0.45,1072.60079605,89.59,653.84,2026-09-22
CRA02300JG3,CRA,JBS S.A.,RIZA SECURITIZADORA S.A.,3ª,2030-09-16,"IPCA + 6,6441%",9.0834,10.4239,7.5802,0.13,1055.36595161,92.33,886.67,2026-09-22
CRA022008N7,CRA,JBS S.A.,RIZA SECURITIZADORA S.A.,3ª,2037-09-15,"IPCA + 6,6614%",9.6868,10.3531,8.9507,0.56,979.46369907,81.61,1790.82,2026-09-22
CRA022000XF,CRA,MARFRIG GLOBAL FOODS S.A.,ECO SECURITIZADORA DE DIREITOS CREDITÓRIOS DO AGRONEGÓCIO S.A.,3ª,2032-01-15,"IPCA + 6,663%",12.205,12.3654,11.1907,0.35,1045.14052129,82.94,919.29,2026-09-22
CRA02300JG4,CRA,JBS S.A.,RIZA SECURITIZADORA S.A.,4ª,2033-09-15,"IPCA + 6,6634%",9.1498,10.4242,7.8528,0.14,1019.65140677,89.21,1239.62,2026-09-22
24F1277567,CRI,DIRECIONAL ENGENHARIA S.A.,OPEA SECURITIZADORA S/A,2ª,2031-07-15,"IPCA + 6,6747%",8.6514,8.9685,8.2206,0.05,1038.36012842,93.38,937.14,2026-09-22
23L1737622,CRI,REDE D'OR SÃO LUIZ S.A.,OPEA SECURITIZADORA S/A,1ª,2033-12-15,"IPCA + 6,6941%",8.2871,,7.7758,0.12,1071.14831287,92.79,1264.9,2026-09-22
22G1414303,CRI,SENDAS DISTRIBUIDORA S.A.,OPEA SECURITIZADORA S/A,3ª,2029-09-17,"IPCA + 6,7%",11.361,,,0.33,1087.1692128,90.64,576.73,2026-09-22
CRA022008ND,CRA,RAÍZEN ENERGIA S.A.,OPEA SECURITIZADORA S/A,2ª,2037-08-17,"IPCA + 6,7382%",,,,,484.89520965,40.01,,2026-09-22
CRA0240066J,CRA,SLC AGRICOLA II,RIZA SECURITIZADORA S.A.,3ª,2031-07-15,"IPCA + 6,7469%",9.422,9.9415,8.0337,0.47,1014.88173573,91.06,949.32,2026-09-22
22J0306938,CRI,DIAGNÓSTICOS DA AMÉRICA S.A.,VERT COMPANHIA SECURITIZADORA,3ª,2032-10-15,"IPCA + 6,75%",13.2381,15.5652,10.7531,0.38,961.95558801,78.33,1021.93,2026-09-22
CRA0240020C,CRA,VICUNHA II,RIZA SECURITIZADORA S.A.,3ª,2031-02-15,"IPCA + 6,7641%",,,,,,,,2026-09-22
22G1136492,CRI,REDE D'OR SÃO LUIZ S.A.,OPEA SECURITIZADORA S/A,3ª,2037-07-15,"IPCA + 6,7692%",,,,,,,,2026-09-22
CRA022007EP,CRA,KLABIN S.A.,VERT COMPANHIA SECURITIZADORA,1ª,2034-05-15,"IPCA + 6,7694%",7.7069,8.1267,7.4731,0.14,1150.88110355,94.96,1484.0,2026-09-22
CRA024004SB,CRA,JBS S.A.,RIZA SECURITIZADORA S.A.,3ª,2039-05-16,"IPCA + 6,7825%",8.7584,10.1929,7.3392,0.13,980.06445692,86.55,1945.94,2026-09-22
CRA0240086K,CRA,SEARA ALIMENTOS LTDA.,RIZA SECURITIZADORA S.A.,2ª,2034-09-15,"IPCA + 6,7931%",8.9384,10.1376,8.1026,0.07,968.15732657,88.37,1551.05,2026-09-22
CRA024002ML,CRA,MARFRIG GLOBAL FOODS S.A.,ECO SECURITIZADORA DE DIREITOS CREDITÓRIOS DO AGRONEGÓCIO S.A.,3ª,2034-03-15,"IPCA + 6,7996%",12.3242,12.8806,11.0611,0.36,857.65883757,76.89,1286.36,2026-09-22
22I0970804,CRI,NATURA COSMÉTICOS S.A.,RIZA SECURITIZADORA S.A.,2ª,2029-09-17,"IPCA + 6,8%",8.9159,,8.8131,0.07,1138.18870607,94.79,686.31,2026-09-22
CRA0240066B,CRA,CAMIL ALIMENTOS S.A.,ECO SECURITIZADORA DE DIREITOS CREDITÓRIOS DO AGRONEGÓCIO S.A.,2ª,2031-06-16,"IPCA + 6,8286%",12.2154,,10.9318,0.34,941.11594833,83.72,900.74,2026-09-22
CRA0220079D,CRA,BRF S.A.,VERT COMPANHIA SECURITIZADORA,2ª,2032-07-15,"IPCA + 6,8344%",12.613,13.0038,12.2144,0.06,988.29764558,80.86,1001.51,2026-09-22
CRA0240086L,CRA,SEARA ALIMENTOS LTDA.,RIZA SECURITIZADORA S.A.,3ª,2044-09-15,"IPCA + 6,8408%",9.3773,9.9251,8.7365,0.49,875.10529102,79.87,2317.5,2026-09-22
CRA022006HK,CRA,SÃO SALVADOR ALIMENTOS S.A.,ECO SECURITIZADORA DE DIREITOS CREDITÓRIOS DO AGRONEGÓCIO S.A.,2ª,2030-07-15,"IPCA + 6,8911%",8.5925,9.8747,7.543,0.3,1154.37595424,96.09,635.5,2026-09-22
22I0970868,CRI,NATURA COSMÉTICOS S.A.,RIZA SECURITIZADORA S.A.,3ª,2032-09-15,"IPCA + 6,9%",9.0687,9.5483,,0.16,1102.78330946,91.84,1062.44,2026-09-22
23L1737623,CRI,REDE D'OR SÃO LUIZ S.A.,OPEA SECURITIZADORA S/A,2ª,2038-12-15,"IPCA + 6,9527%",8.3693,,7.8088,0.16,1043.54110789,90.34,1919.91,2026-09-22
CRA022004S9,CRA,"VAMOS LOCAÇÃO DE CAMINHÕES, MÁQUINAS E EQUIPAMENTOS S.A.",ECO SECURITIZADORA DE DIREITOS CREDITÓRIOS DO AGRONEGÓCIO S.A.,2ª,2037-05-15,"IPCA + 6,9739%",12.9024,,12.0941,1.04,853.13757371,69.74,1602.0,2026-09-22
CRA02300JG5,CRA,JBS S.A.,RIZA SECURITIZADORA S.A.,5ª,2038-09-15,"IPCA + 6,9938%",9.7323,10.3738,8.8759,0.59,942.25154057,82.43,1880.78,2026-09-22
CRA024004SC,CRA,JBS S.A.,RIZA SECURITIZADORA S.A.,4ª,2044-05-16,"IPCA + 6,9947%",9.5417,10.4969,8.7343,0.51,913.80009161,80.64,2209.03,2026-09-22
CRA022004XY,CRA,USINA CERRADÃO S.A.,ECO SECURITIZADORA DE DIREITOS CREDITÓRIOS DO AGRONEGÓCIO S.A.,1ª,2028-05-15,"IPCA + 6,9949%",7.9079,,,0.02,807.99170609,99.09,270.28,2026-09-22
22F0009410,CRI,GJA INDÚSTRIAS S.A.,RIZA SECURITIZADORA S.A.,2ª,2032-06-15,IPCA + 7%,11.465,,,0.28,1012.10326668,85.05,987.04,2026-09-22
23F1519397,CRI,MOVIDA PARTICIPAÇÕES S.A.,OPEA SECURITIZADORA S/A,3ª,2028-06-16,IPCA + 7%,13.1638,13.8249,,0.43,1069.23386442,91.34,406.98,2026-09-22
24G1674104,CRI,JHSF PARTICIPAÇÕES S.A.,OPEA SECURITIZADORA S/A,4ª,2034-07-17,"IPCA + 7,0163%",8.7858,9.0828,8.4548,0.01,899.41141603,92.91,1115.03,2026-09-22
CRA02200C6Y,CRA,MARFRIG GLOBAL FOODS S.A.,ECO SECURITIZADORA DE DIREITOS CREDITÓRIOS DO AGRONEGÓCIO S.A.,1ª,2029-10-15,"IPCA + 7,0383%",12.4359,12.922,10.6423,0.39,1068.86294035,87.59,674.7,2026-09-22
CRA024007PU,CRA,SOROCABA REFRESCOS S.A.,ECO SECURITIZADORA DE DIREITOS CREDITÓRIOS DO AGRONEGÓCIO S.A.,2ª,2034-08-15,"IPCA + 7,05%",9.7959,10.4003,9.4332,0.4,961.84559426,87.09,1360.11,2026-09-22
22K0934880,CRI,BCBF PARTICIPAÇÕES S.A.,RIZA SECURITIZADORA S.A.,2ª,2029-12-17,"IPCA + 7,0913%",20.6453,21.7563,18.4731,3.8,861.73125869,71.35,703.08,2026-09-22
CRA022006HE,CRA,AÇO VERDE DO BRASIL S.A.,RIZA SECURITIZADORA S.A.,1ª,2029-06-15,"IPCA + 7,1543%",10.2491,11.0136,9.7769,0.48,1157.74046514,95.59,396.5,2026-09-22
CRA023000RT,CRA,"VAMOS LOCAÇÃO DE CAMINHÕES, MÁQUINAS E EQUIPAMENTOS S.A.",ECO SECURITIZADORA DE DIREITOS CREDITÓRIOS DO AGRONEGÓCIO S.A.,3ª,2030-01-15,"IPCA + 7,1638%",14.0786,14.6672,12.6372,0.13,992.89446566,83.28,732.21,2026-09-22
CRA022006BU,CRA,CARAMURU ALIMENTOS S.A.,ECO SECURITIZADORA DE DIREITOS CREDITÓRIOS DO AGRONEGÓCIO S.A.,1ª,2029-07-16,"IPCA + 7,2043%",10.4733,11.6442,8.6603,1.22,685.24725657,95.16,413.29,2026-09-22
CRA0220073P,CRA,MINERVA S.A.,RIZA SECURITIZADORA S.A.,1ª,2029-07-16,"IPCA + 7,2063%",11.7899,12.4228,10.5213,0.94,1080.22499002,89.93,636.98,2026-09-22
CRA025000ME,CRA,SEARA ALIMENTOS LTDA.,RIZA SECURITIZADORA S.A.,2ª,2045-02-15,"IPCA + 7,2266%",,,,,,,,2026-09-22
CRA0240066K,CRA,BRF S.A.,ECO SECURITIZADORA DE DIREITOS CREDITÓRIOS DO AGRONEGÓCIO S.A.,3ª,2034-06-15,"IPCA + 7,2336%",11.8813,12.7579,11.3661,1.09,901.02494293,80.16,1286.49,2026-09-22
22K0934889,CRI,BCBF PARTICIPAÇÕES S.A.,RIZA SECURITIZADORA S.A.,3ª,2034-12-15,"IPCA + 7,2792%",20.6709,22.9706,17.7974,1.47,651.07832516,53.88,1226.85,2026-09-22
CRA024001QA,CRA,ZAMP S.A.,RIZA SECURITIZADORA S.A.,3ª,2029-02-15,"IPCA + 7,3%",8.9734,,,0.18,1097.23939989,96.64,555.92,2026-09-22
CRA024007Q5,CRA,SLC MÁQUINAS LTDA.,OPEA SECURITIZADORA S/A,3ª,2031-08-15,"IPCA + 7,31%",10.0277,10.3703,9.7221,0.62,1028.47366905,92.82,745.27,2026-09-22
CRA02200C6Z,CRA,MARFRIG GLOBAL FOODS S.A.,ECO SECURITIZADORA DE DIREITOS CREDITÓRIOS DO AGRONEGÓCIO S.A.,2ª,2032-10-15,"IPCA + 7,3352%",12.4307,,10.878,0.19,1010.4597258,82.7,1014.88,2026-09-22
24A2721507,CRI,DASA,VERT COMPANHIA SECURITIZADORA,3ª,2031-01-15,"IPCA + 7,3402%",13.1039,13.8989,12.0661,0.57,960.50725666,84.18,822.15,2026-09-22
CRA022006HF,CRA,AÇO VERDE DO BRASIL S.A.,RIZA SECURITIZADORA S.A.,2ª,2032-06-15,"IPCA + 7,3686%",10.4603,11.2758,10.0158,0.49,1083.82438514,89.44,982.52,2026-09-22
CRA024009Q4,CRA,MARFRIG GLOBAL FOODS S.A.,ECO SECURITIZADORA DE DIREITOS CREDITÓRIOS DO AGRONEGÓCIO S.A.,3ª,2034-10-16,"IPCA + 7,3693%",12.6648,13.0552,12.2396,0.16,869.44168713,77.48,1298.42,2026-09-22
22E1314836,CRI,SÃO CARLOS EMPREENDIMENTOS E PARTICIPAÇÕES S.A.,OPEA SECURITIZADORA S/A,1ª,2029-09-17,"IPCA + 7,3826%",10.054,,,0.33,1153.84167529,95.65,453.91,2026-09-22
CRA022001E2,CRA,FS AGRISOLUTIONS INDÚSTRIA DE BIOCOMBUSTÍVEIS LTDA.,ECO SECURITIZADORA DE DIREITOS CREDITÓRIOS DO AGRONEGÓCIO S.A.,2ª,2029-02-15,"IPCA + 7,3913%",11.8558,12.524,11.1394,0.37,1166.65693546,94.85,323.89,2026-09-22
CRA022004SD,CRA,FS AGRISOLUTIONS INDÚSTRIA DE BIOCOMBUSTÍVEIS LTDA.,ECO SECURITIZADORA DE DIREITOS CREDITÓRIOS DO AGRONEGÓCIO S.A.,2ª,2029-05-15,"IPCA + 7,3913%",11.7287,12.4902,11.2134,0.16,1160.29408081,94.27,372.27,2026-09-22
CRA02400AHZ,CRA,REFRESCOS BANDEIRANTES INDÚSTRIA E COMÉRCIO LTDA.,RIZA SECURITIZADORA S.A.,2ª,2034-11-16,"IPCA + 7,41%",10.444,11.5366,,0.82,956.45707057,85.95,1348.4,2026-09-22
24J2539865,CRI,JHSF PARTICIPAÇÕES S.A.,OPEA SECURITIZADORA S/A,1ª,2034-10-16,"IPCA + 7,4183%",8.8501,9.1199,8.528,0.08,1051.47527795,93.1,1349.95,2026-09-22
CRA0240005O,CRA,CEREAL COMÉRCIO EXPORTAÇÃO E REPRESENTAÇÃO AGROPECUÁRIA S.A.,RIZA SECURITIZADORA S.A.,2ª,2029-01-15,"IPCA + 7,4367%",8.954,10.2273,8.064,0.09,1120.46562237,98.3,307.64,2026-09-22
CRA022004H5,CRA,NARDINI AGROINDUSTRIAL LTDA.,OPEA SECURITIZADORA S/A,1ª,2028-04-15,"IPCA + 7,4986%",8.0018,,,0.96,820.11023134,99.54,249.99,2026-09-22
23L2043184,CRI,UNIDAS LOCADORA S.A.,OPEA SECURITIZADORA S/A,3ª,2030-12-16,"IPCA + 7,5%",10.0076,10.4236,9.3272,0.29,1073.65181276,92.84,808.5,2026-09-22
CRA024009Q5,CRA,MARFRIG GLOBAL FOODS S.A.,ECO SECURITIZADORA DE DIREITOS CREDITÓRIOS DO AGRONEGÓCIO S.A.,4ª,2039-10-17,"IPCA + 7,5395%",13.2122,13.2248,12.5683,0.6,768.26502003,68.42,1732.41,2026-09-22
CRA02300MOQ,CRA,MINERVA S.A.,RIZA SECURITIZADORA S.A.,3ª,2030-09-16,"IPCA + 7,5408%",12.5882,13.1243,10.1421,0.86,992.11265998,86.83,771.12,2026-09-22
23L0034761,CRI,FARO ENERGY PROJETOS SOLARES HOLDING S.A.,OPEA SECURITIZADORA S/A,1ª,2038-12-15,"IPCA + 7,5702%",,,,,,,,2026-09-22
CRA0250080Y,CRA,ELDORADO BRASIL CELULOSE S.A.,OPEA SECURITIZADORA S/A,3ª,2040-09-17,"IPCA + 7,6%",8.4848,,,0.44,970.8052681,93.07,2184.94,2026-09-22
25D0012204,CRI,CYRELA BRAZIL REALTY S.A.,COMPANHIA PROVÍNCIA DE SECURITIZAÇÃO,3ª,2032-04-15,"IPCA + 7,6693%",8.4343,,8.1616,0.09,1055.30813973,97.12,1036.64,2026-09-22
23J1127331,CRI,MOVIDA PARTICIPAÇÕES S.A.,OPEA SECURITIZADORA S/A,3ª,2033-10-17,"IPCA + 7,7279%",13.5454,,,0.51,921.31837079,78.26,1145.31,2026-09-22
CRA0250080X,CRA,ELDORADO BRASIL CELULOSE S.A.,OPEA SECURITIZADORA S/A,2ª,2035-09-17,"IPCA + 7,7281%",8.6695,,,0.36,984.93631197,94.42,1652.58,2026-09-22
CRA02400AYK,CRA,BEM BRASIL ALIMENTOS S.A.,ECO SECURITIZADORA DE DIREITOS CREDITÓRIOS DO AGRONEGÓCIO S.A.,ª,2031-11-17,"IPCA + 7,737%",9.9269,10.728,7.5707,0.48,1017.41431505,93.16,882.62,2026-09-22
CRA0230073N,CRA,J. MACÊDO S.A.,RIZA SECURITIZADORA S.A.,2ª,2030-04-15,"IPCA + 7,8%",8.1979,9.3368,6.792,0.37,1023.73336247,99.4,411.05,2026-09-22
CRA025003PJ,CRA,SEARA,RIZA SECURITIZADORA S.A.,3ª,2055-05-17,"IPCA + 7,8%",,,,,,,,2026-09-22
CRA024003UZ,CRA,LAR COOPERATIVA AGROINDUSTRIAL,ECO SECURITIZADORA DE DIREITOS CREDITÓRIOS DO AGRONEGÓCIO S.A.,3ª,2031-04-15,"IPCA + 7,8363%",9.3422,10.049,8.5819,0.36,1065.37988302,95.83,772.12,2026-09-22
CRA021004NV,CRA,LAR COOPERATIVA AGROINDUSTRIAL,ECO SECURITIZADORA DE DIREITOS CREDITÓRIOS DO AGRONEGÓCIO S.A.,1ª,2026-11-15,"IPCA + 7,8749%",10.0122,10.0571,8.0785,2.49,431.61401767,99.68,37.0,2026-09-22
CRA0250066B,CRA,BRF S.A.,ECO SECURITIZADORA DE DIREITOS CREDITÓRIOS DO AGRONEGÓCIO S.A.,3ª,2035-07-16,"IPCA + 7,9064%",12.5021,,,0.14,816.34436417,77.11,1521.27,2026-09-22
22E1321749,CRI,COGNA EDUCAÇÃO S.A.,OPEA SECURITIZADORA S/A,2ª,2029-07-16,"IPCA + 7,9273%",9.226,9.6442,8.6984,0.08,1175.98092724,97.51,529.85,2026-09-22
CRA0240005P,CRA,CEREAL COMÉRCIO EXPORTAÇÃO E REPRESENTAÇÃO AGROPECUÁRIA S.A.,RIZA SECURITIZADORA S.A.,3ª,2031-01-15,"IPCA + 7,9443%",9.2291,10.4692,7.9294,0.02,1097.43193958,96.19,825.71,2026-09-22
22E1321750,CRI,COGNA EDUCAÇÃO S.A.,OPEA SECURITIZADORA S/A,3ª,2032-07-15,"IPCA + 8,0031%",9.5557,10.3297,9.1712,0.17,1139.56728488,94.48,998.07,2026-09-22
CRA025009EZ,CRA,Seara Alimentos Ltda.,ECO SECURITIZADORA DE DIREITOS CREDITÓRIOS DO AGRONEGÓCIO S.A.,4ª,2065-10-15,"IPCA + 8,0313%",,,,,,,,2026-09-22
CRA0250020C,CRA,BRF S.A.,ECO SECURITIZADORA DE DIREITOS CREDITÓRIOS DO AGRONEGÓCIO S.A.,2ª,2035-04-16,"IPCA + 8,04%",11.9493,12.5512,9.2906,1.04,881.37486274,80.85,1465.6,2026-09-22
22L1469805,CRI,ÂNIMA HOLDING S.A.,RIZA SECURITIZADORA S.A.,2ª,2029-12-17,"IPCA + 8,0481%",,,,,,,,2026-09-22
CRA02200795,CRA,ADUBOS ARAGUAIA INDÚSTRIA E COMÉRCIO LTDA.,ECO SECURITIZADORA DE DIREITOS CREDITÓRIOS DO AGRONEGÓCIO S.A.,1ª,2027-07-15,"IPCA + 8,1191%",9.5252,10.3796,,0.12,597.31319455,98.99,197.22,2026-09-22
CRA0250020D,CRA,BRF S.A.,ECO SECURITIZADORA DE DIREITOS CREDITÓRIOS DO AGRONEGÓCIO S.A.,3ª,2040-04-16,"IPCA + 8,2345%",11.6735,12.3818,10.3083,1.41,863.55829915,79.15,1799.91,2026-09-22
CRA0250018K,CRA,MARFRIG GLOBAL FOODS S.A.,ECO SECURITIZADORA DE DIREITOS CREDITÓRIOS DO AGRONEGÓCIO S.A.,4ª,2040-04-16,"IPCA + 8,2503%",13.1922,,,0.61,789.10884982,72.1,1726.33,2026-09-22
CRA0250018L,CRA,MARFRIG GLOBAL FOODS S.A,ECO SECURITIZADORA DE DIREITOS CREDITÓRIOS DO AGRONEGÓCIO S.A.,5ª,2045-04-17,"IPCA + 8,3405%",12.316,,,1.19,804.416403,73.48,1981.88,2026-09-22
CRA0240099F,CRA,VALE DO TIJUCO AÇÚCAR E ÁLCOOL S.A.,ECO SECURITIZADORA DE DIREITOS CREDITÓRIOS DO AGRONEGÓCIO S.A.,2ª,2034-10-16,"IPCA + 8,3558%",9.9811,,9.5329,0.3,1052.43117673,93.35,1155.14,2026-09-22
CRA0250020E,CRA,BRF S.A.,ECO SECURITIZADORA DE DIREITOS CREDITÓRIOS DO AGRONEGÓCIO S.A.,3ª,2045-04-17,"IPCA + 8,38%",10.2078,,10.1167,0.06,940.64457164,86.17,2161.31,2026-09-22
CRA02500BVX,CRA,BRF S.A.,ECO SECURITIZADORA DE DIREITOS CREDITÓRIOS DO AGRONEGÓCIO S.A.,5ª,2055-12-15,"IPCA + 8,3857%",,,,,,,,2026-09-22
CRA025008C2,CRA,Neomille S.A.,ECO SECURITIZADORA DE DIREITOS CREDITÓRIOS DO AGRONEGÓCIO S.A.,2ª,2032-12-15,"IPCA + 8,4473%",9.1228,,,0.34,1035.50745562,97.22,1139.95,2026-09-22
CRA02400AHX,CRA,CEREAL COMÉRCIO EXPORTAÇÃO E,RIZA SECURITIZADORA S.A.,3ª,2034-11-16,"IPCA + 8,4704%",9.8498,11.6152,8.0913,0.02,1053.05900277,93.52,1325.88,2026-09-22
CRA025008HR,CRA,Nardini II,OPEA SECURITIZADORA S/A,ª,2032-10-15,"IPCA + 8,4773%",,,,,,,,2026-09-22
CRA025006NC,CRA,LAR COOPERATIVA AGROINDUSTRIAL,ECO SECURITIZADORA DE DIREITOS CREDITÓRIOS DO AGRONEGÓCIO S.A.,3ª,2032-08-16,"IPCA + 8,7268%",9.6434,,9.381,0.11,1007.32838186,96.45,1082.46,2026-09-22
CRA0250005M,CRA,Boa Safra,OPEA SECURITIZADORA S/A,3ª,2032-01-15,"IPCA + 8,7384%",,,,,,,,2026-09-22
CRA0250005L,CRA,Boa Safra,OPEA SECURITIZADORA S/A,4ª,2035-01-15,"IPCA + 8,9518%",,,,,,,,2026-09-22
CRA02300796,CRA,FS INDÚSTRIA DE BIOCOMBUSTÍVEIS LTDA.,ECO SECURITIZADORA DE DIREITOS CREDITÓRIOS DO AGRONEGÓCIO S.A.,2ª,2029-10-15,"IPCA + 8,9555%",11.8517,12.5879,11.4429,0.16,1077.09758758,93.24,670.68,2026-09-22
CRA023003JY,CRA,OLFAR S.A.,RIZA SECURITIZADORA S.A.,2ª,2030-03-15,"IPCA + 8,9738%",9.75,11.0084,8.4756,0.31,1146.86117599,98.75,444.9,2026-09-22
23F2455004,CRI,SENDAS DISTRIBUIDORA S.A.,OPEA SECURITIZADORA S/A,2ª,2027-07-15,,16.3975,,15.4854,1.81,989.64629456,96.89,195.17,2026-09-22
23I1259644,CRI,JSL,OPEA SECURITIZADORA S/A,4ª,2030-09-15,,,,,,,,,2026-09-22
23J1141681,CRI,YDUQS PARTICIPAÇÕES S.A.,OPEA SECURITIZADORA S/A,1ª,2028-10-16,,14.8796,,14.1468,0.63,990.75526405,94.53,452.49,2026-09-22
23K0018801,CRI,MULTIPLAN EMPREENDIMENTOS IMOBILIÁRIOS S.A.,RIZA SECURITIZADORA S.A.,3ª,2031-01-15,,14.2346,,,0.06,946.87387443,92.8,688.47,2026-09-22
23K0022041,CRI,Cogna,TRUE SECURITIZADORA S/A,2ª,2028-11-15,,14.9836,,14.15,0.41,1010.34509308,96.87,365.67,2026-09-22
24A2715837,CRI,DIAGNÓSTICOS DA AMÉRICA S.A.,VERT COMPANHIA SECURITIZADORA,2ª,2029-01-15,,19.0532,,,0.93,908.7119375,88.89,505.92,2026-09-22
24A2721829,CRI,DIAGNÓSTICOS DA AMÉRICA S.A,VERT COMPANHIA SECURITIZADORA,4ª,2031-01-15,,19.6425,,18.4919,0.22,858.54646743,83.9,745.51,2026-09-22
25A1946535,CRI,Cury,OPEA SECURITIZADORA S/A,3ª,2032-01-15,,14.92,,14.0851,0.09,1032.04846464,100.48,811.98,2026-09-22
25D0271049,CRI,Log,OPEA SECURITIZADORA S/A,3ª,2032-04-15,,,,,,,,,2026-09-22
CRA02300G7D,CRA,MARFRIG GLOBAL FOODS S.A.,ECO SECURITIZADORA DE DIREITOS CREDITÓRIOS DO AGRONEGÓCIO S.A.,1ª,2027-08-16,,17.5677,,16.2084,0.32,961.46540869,95.16,217.57,2026-09-22
CRA02300HWK,CRA,BANCO BTG PACTUAL S.A.,OPEA SECURITIZADORA S/A,4ª,2033-09-15,,13.3673,13.5265,13.0845,0.24,942.86512773,94.08,1226.92,2026-09-22
CRA02300JR7,CRA,RAÍZEN ENERGIA S.A.,OPEA SECURITIZADORA S/A,3ª,2033-10-17,,,,,,487.33016519,46.54,,2026-09-22
CRA02300NX8,CRA,BTG Pactual III,OPEA SECURITIZADORA S/A,4ª,2033-11-16,,13.4788,,,0.19,1003.67251568,96.26,1183.35,2026-09-22
CRA02300SPD,CRA,FS Agrisolutions Indústria de Biocombustíveis LTDA,ECO SECURITIZADORA DE DIREITOS CREDITÓRIOS DO AGRONEGÓCIO S.A.,3ª,2030-06-15,,18.5382,19.3758,17.7257,0.39,875.41171016,87.33,733.18,2026-09-22
CRA02300SUZ,CRA,"Vamos Locação de Caminhões, Máquinas e Equipamentos S.A.",ECO SECURITIZADORA DE DIREITOS CREDITÓRIOS DO AGRONEGÓCIO S.A.,1ª,2030-11-18,,19.5927,,,0.37,863.43560862,82.91,712.72,2026-09-22
CRA02300TSF,CRA,BTG PACTUAL IV,OPEA SECURITIZADORA S/A,4ª,2033-12-15,,,,,,,,,2026-09-22
CRA024000B8,CRA,FS Indústria De Biocombustíveis Ltda,ECO SECURITIZADORA DE DIREITOS CREDITÓRIOS DO AGRONEGÓCIO S.A.,3ª,2030-07-15,,18.5987,19.2819,17.614,0.3,872.24602624,87.01,744.14,2026-09-22
CRA024001P5,CRA,JSL S.A.,ECO SECURITIZADORA DE DIREITOS CREDITÓRIOS DO AGRONEGÓCIO S.A.,1ª,2031-02-15,,19.0029,,17.65,1.38,838.35785448,82.95,696.2,2026-09-22
CRA024001Q9,CRA,ZAMP S.A.,RIZA SECURITIZADORA S.A.,2ª,2029-02-15,,17.0959,,16.3002,0.87,939.49305017,92.82,526.0,2026-09-22
CRA0240020B,CRA,VICUNHA II,RIZA SECURITIZADORA S.A.,2ª,2031-02-15,,,,,,,,,2026-09-22
CRA024002MH,CRA,JF CITRUS AGROPECUÁRIA S.A.,ECO SECURITIZADORA DE DIREITOS CREDITÓRIOS DO AGRONEGÓCIO S.A.,1ª,2029-03-15,,17.04,,16.9,1.63,922.19761324,92.02,437.91,2026-09-22
CRA024002S2,CRA,Minerva VII,RIZA SECURITIZADORA S.A.,2ª,2029-03-15,,18.6435,,16.8277,0.21,880.02781668,87.81,549.7,2026-09-22
CRA024002S3,CRA,MINERVA S.A.,RIZA SECURITIZADORA S.A.,3ª,2031-03-17,,18.5029,,16.8901,0.51,825.69663532,82.38,874.3,2026-09-22
CRA0240066D,CRA,FS Florestal S.A.,ECO SECURITIZADORA DE DIREITOS CREDITÓRIOS DO AGRONEGÓCIO S.A.,1ª,2030-06-15,,17.907,18.1125,17.3148,1.02,942.6123756,93.99,717.53,2026-09-22
CRA0240066G,CRA,BRF S.A.,ECO SECURITIZADORA DE DIREITOS CREDITÓRIOS DO AGRONEGÓCIO S.A.,2ª,2031-06-16,,17.337,,16.2516,0.97,904.06464325,87.4,873.26,2026-09-22
CRA024007PT,CRA,Sorocaba Refrescos S.A,ECO SECURITIZADORA DE DIREITOS CREDITÓRIOS DO AGRONEGÓCIO S.A.,1ª,2031-08-15,,15.65,16.1968,14.0263,0.3,918.67346096,90.8,859.35,2026-09-22
CRA024007Q3,CRA,SLC Maquinas,OPEA SECURITIZADORA S/A,1ª,2031-08-15,,16.5758,,15.9083,0.66,925.90646306,91.49,683.98,2026-09-22
CRA024009Q3,CRA,MARFRIG GLOBAL FOODS S.A.,ECO SECURITIZADORA DE DIREITOS CREDITÓRIOS DO AGRONEGÓCIO S.A.,2ª,2031-10-15,,17.4305,,16.1,0.84,930.32170676,88.08,889.65,2026-09-22
CRA02400AHY,CRA,REFRESCOS BANDEIRANTES INDÚSTRIA E COMÉRCIO LTDA.,RIZA SECURITIZADORA S.A.,1ª,2032-11-16,,17.1019,,,0.48,928.57208487,88.73,964.33,2026-09-22
CRA02400AYM,CRA,MINERVA S.A.,RIZA SECURITIZADORA S.A.,2ª,2029-11-16,,18.6615,,,0.24,951.16484616,90.73,626.46,2026-09-22
CRA02400AYP,CRA,MINERVA S.A.,RIZA SECURITIZADORA S.A.,5ª,2034-11-16,,18.5435,,16.9307,0.12,909.24190218,86.58,1066.52,2026-09-22
CRA02500001,CRA,BOA SAFRA SEMENTES S.A.,OPEA SECURITIZADORA S/A,1ª,2030-01-15,,16.1488,,,0.24,986.2235179,98.34,659.47,2026-09-22
CRA0250012X,CRA,FS FLORESTAL S.A.,ECO SECURITIZADORA DE DIREITOS CREDITÓRIOS DO AGRONEGÓCIO S.A.,1ª,2030-03-15,,18.2684,18.77,18.0558,0.6,994.08344731,99.08,663.53,2026-09-22
CRA0250018I,CRA,Marfrig Global Foods S.A,ECO SECURITIZADORA DE DIREITOS CREDITÓRIOS DO AGRONEGÓCIO S.A.,2ª,2032-04-15,,17.5135,,16.4711,0.97,967.72863275,91.17,927.44,2026-09-22
CRA025002S3,CRA,MINERVA S.A,RIZA SECURITIZADORA S.A.,2ª,2030-04-15,,18.7008,,,0.26,995.47882662,93.41,666.26,2026-09-22
CRA025002S4,CRA,MINERVA S.A.,RIZA SECURITIZADORA S.A.,4ª,2032-04-15,,18.8113,,,0.23,967.67743283,90.8,902.69,2026-09-22
CRA0250040J,CRA,Natural One S.A,ECO SECURITIZADORA DE DIREITOS CREDITÓRIOS DO AGRONEGÓCIO S.A.,2ª,2029-06-15,,,,,,,,,2026-09-22
CRA025005EH,CRA,GDM GENÉTICA DO BRASIL S.A.,ECO SECURITIZADORA DE DIREITOS CREDITÓRIOS DO AGRONEGÓCIO S.A.,1ª,2032-07-15,,15.6514,16.4421,14.95,0.08,1009.91616505,98.32,963.81,2026-09-22
CRA025005V7,CRA,MINERVA S.A.,RIZA SECURITIZADORA S.A.,3ª,2033-07-15,,18.3078,,17.1236,0.45,900.89042091,87.77,1029.29,2026-09-22
CRA025005V8,CRA,MINERVA S.A,RIZA SECURITIZADORA S.A.,4ª,2035-07-16,,18.5667,,17.226,0.43,888.83340793,86.56,1141.08,2026-09-22
CRA0250066A,CRA,BRF S.A.,ECO SECURITIZADORA DE DIREITOS CREDITÓRIOS DO AGRONEGÓCIO S.A.,2ª,2032-07-15,,18.0302,,,0.27,892.11307214,87.01,993.71,2026-09-22
CRA025006NB,CRA,LAR COOPERATIVA AGROINDUSTRIAL,ECO SECURITIZADORA DE DIREITOS CREDITÓRIOS DO AGRONEGÓCIO S.A.,2ª,2032-08-16,,16.0961,,,0.32,953.07234981,95.05,948.09,2026-09-22
CRA025007KE,CRA,Cereal Comércio Exportação e Representação Agropecuária S.A.,ECO SECURITIZADORA DE DIREITOS CREDITÓRIOS DO AGRONEGÓCIO S.A.,2ª,2032-09-15,,16.2422,,15.7003,0.11,944.13010719,94.16,986.2,2026-09-22
CRA025007KK,CRA,ELDORADO BRASIL CELULOSE S.A.,OPEA SECURITIZADORA S/A,1ª,2032-09-15,,15.2256,,,0.45,961.87200715,95.94,1060.15,2026-09-22
CRA025008ND,CRA,São Salvador Alimentos S.A.,ECO SECURITIZADORA DE DIREITOS CREDITÓRIOS DO AGRONEGÓCIO S.A.,2ª,2033-10-15,,15.5426,16.1514,14.4665,0.2,1005.67556412,94.91,1103.78,2026-09-22
CRA025009VO,CRA,EUCATEX INDÚSTRIA E COMÉRCIO LTDA,VERT COMPANHIA SECURITIZADORA,3ª,2032-11-16,,,,,,,,,2026-09-22
CRA02500A15,CRA,Açucareira Quatá S.A.,ECO SECURITIZADORA DE DIREITOS CREDITÓRIOS DO AGRONEGÓCIO S.A.,1ª,2032-11-15,,16.3192,,15.65,0.47,989.06727793,94.23,958.3,2026-09-22
CRA02500AHU,CRA,C. Vale - Cooperativa Agroindustrial,ECO SECURITIZADORA DE DIREITOS CREDITÓRIOS DO AGRONEGÓCIO S.A.,2ª,2030-11-15,,15.4124,16.095,15.0,0.3,1036.50296176,98.63,777.71,2026-09-22
CRA02500BVU,CRA,BRF S.A.,ECO SECURITIZADORA DE DIREITOS CREDITÓRIOS DO AGRONEGÓCIO S.A.,2ª,2032-12-15,,17.7493,,16.4984,0.38,890.80059438,85.99,1031.94,2026-09-22
CRA02500C1D,CRA,Alibem Alimentos S.A.,ECO SECURITIZADORA DE DIREITOS CREDITÓRIOS DO AGRONEGÓCIO S.A.,1ª,2030-12-18,,16.0283,16.8781,15.4,0.42,1015.90429306,97.88,506.41,2026-09-22
CRA026001JM,CRA,Lar Cooperativa Agroindustrial,ECO SECURITIZADORA DE DIREITOS CREDITÓRIOS DO AGRONEGÓCIO S.A.,2ª,2033-03-15,,16.3924,,16.12,0.16,955.89325862,95.32,1004.07,2026-09-22
CRA026002BE,CRA,BRF S.A.,ECO SECURITIZADORA DE DIREITOS CREDITÓRIOS DO AGRONEGÓCIO S.A.,2ª,2033-04-15,,16.8099,,,1.04,954.61217928,90.76,1049.3,2026-09-22
