codigo,tipo,emissor,securitizadora,serie,vencimento,indexador,taxa_indicativa,taxa_compra,taxa_venda,desvio,pu,pct_pu_par,duration,referencia
25B0013406,CRI,Direcional,OPEA SECURITIZADORA S/A,1ª,2032-02-16,100% do DI,101.3922,,99.0,0.4,1005.7839755,99.29,992.78,2026-09-22
CRA019003V2,CRA,RAÍZEN ENERGIA S.A.,OPEA SECURITIZADORA S/A,1ª,2029-07-16,100% do DI,,,,,435.56383729,42.68,,2026-09-22
CRA024004H7,CRA,SÃO MARTINHO S.A.,RIZA SECURITIZADORA S.A.,3ª,2029-04-12,100% do DI,100.985,102.89,98.565,1.05,1058.04073188,99.73,530.12,2026-09-22
CRA0250018H,CRA,Marfrig Global Foods S.A,ECO SECURITIZADORA DE DIREITOS CREDITÓRIOS DO AGRONEGÓCIO S.A.,1ª,2030-04-15,100% do DI,113.12,,108.845,1.46,1011.41770639,95.45,690.66,2026-09-22
CRA02500BVT,CRA,BRF S.A.,ECO SECURITIZADORA DE DIREITOS CREDITÓRIOS DO AGRONEGÓCIO S.A.,1ª,2030-06-17,100% do DI,114.8225,,109.2066,5.17,1030.3329071,93.15,931.0,2026-09-22
24D2765715,CRI,CYRELA BRAZIL REALTY S.A.,COMPANHIA PROVÍNCIA DE SECURITIZAÇÃO,3ª,2031-04-15,101% do DI,99.42,101.49,97.19,0.18,1066.98112756,100.62,768.3,2026-09-22
CRA023007VD,CRA,ENGELHART CTP,OPEA SECURITIZADORA S/A,1ª,2028-07-05,101% do DI,96.8295,98.2875,93.2642,0.35,1038.01783764,100.85,401.53,2026-09-22
25L2997442,CRI,Even Construtora e Incorporadora S/A,VERT COMPANHIA SECURITIZADORA,ª,2032-12-15,"101,5% do DI",,,,,,,,2026-09-22
CRA026002BD,CRA,BRF S.A.,ECO SECURITIZADORA DE DIREITOS CREDITÓRIOS DO AGRONEGÓCIO S.A.,1ª,2030-10-15,"101,5% do DI",113.7341,,107.015,5.46,987.30230391,93.81,1016.0,2026-09-22
24D3313768,CRI,CURY CONSTRUTORA E INCORPORADORA S.A.,TRUE SECURITIZADORA S/A,1ª,2027-05-31,102% do DI,98.9358,101.0166,96.75,0.49,1046.83112456,100.25,161.04,2026-09-22
25G5109813,CRI,MRV,VERT COMPANHIA SECURITIZADORA,1ª,2030-07-15,102% do DI,,,,,,,,2026-09-22
CRA023003UX,CRA,ENGELHART CTP,OPEA SECURITIZADORA S/A,1ª,2027-03-15,102% do DI,94.196,95.982,92.382,2.37,1007.22039423,100.46,117.0,2026-09-22
CRA02500669,CRA,BRF S.A,ECO SECURITIZADORA DE DIREITOS CREDITÓRIOS DO AGRONEGÓCIO S.A.,1ª,2029-07-16,102% do DI,113.7987,,109.0433,4.96,1121.85586097,95.85,702.0,2026-09-22
CRA025008HM,CRA,Cocal Comercio Industria Canaa Acucar e Alcool S.A.,VERT COMPANHIA SECURITIZADORA,1ª,2031-09-15,102% do DI,,,,,,,,2026-09-22
24F1277566,CRI,DIRECIONAL ENGENHARIA S.A.,OPEA SECURITIZADORA S/A,1ª,2029-07-16,103% do DI,100.1763,102.48,97.8466,0.73,1034.81893521,100.86,593.64,2026-09-22
CRA02300209,CRA,ENGELHART CTP,VERT COMPANHIA SECURITIZADORA,1ª,2027-01-15,103% do DI,93.294,96.1333,91.3333,3.69,1029.91832106,100.38,78.0,2026-09-22
CRA0250073L,CRA,Mantiqueira Brasil,ECO SECURITIZADORA DE DIREITOS CREDITÓRIOS DO AGRONEGÓCIO S.A.,1ª,2030-08-15,"103,1% do DI",,,,,,,,2026-09-22
25G5313879,CRI,MOURA DUBEUX ENGENHARIA S.A.,VERT COMPANHIA SECURITIZADORA,1ª,2030-07-15,"103,75% do DI",105.5091,,102.5,2.82,995.92504558,99.33,748.4,2026-09-22
CRA025008N8,CRA,3Tentos,OPEA SECURITIZADORA S/A,1ª,2030-10-15,"103,75% do DI",109.1008,117.3199,101.8582,0.67,1039.97671991,97.92,762.23,2026-09-22
22J0346710,CRI,BANCO BTG PACTUAL S.A.,OPEA SECURITIZADORA S/A,1ª,2027-01-15,104% do DI,96.5,96.9,,0.5,1029.30807646,100.3,78.0,2026-09-22
CRA0240066A,CRA,CAMIL ALIMENTOS S.A.,ECO SECURITIZADORA DE DIREITOS CREDITÓRIOS DO AGRONEGÓCIO S.A.,1ª,2029-06-15,104% do DI,,,,,,,,2026-09-22
CRA025006SR,CRA,Boa Safra II,OPEA SECURITIZADORA S/A,1ª,2032-02-16,104% do DI,109.6655,,108.5,3.06,974.88201272,97.23,959.43,2026-09-22
CRA025007KD,CRA,CEREAL COMÉRCIO EXPORTAÇÃO E REPRESENTAÇÃO AGROPECUÁRIA S.A.,ECO SECURITIZADORA DE DIREITOS CREDITÓRIOS DO AGRONEGÓCIO S.A.,1ª,2030-09-16,104% do DI,,,,,,,,2026-09-22
CRA025002S1,CRA,MINERVA S.A.,RIZA SECURITIZADORA S.A.,1ª,2030-04-15,"104,5% do DI",128.6911,,123.904,0.39,976.20826151,91.88,677.95,2026-09-22
CRA025005V5,CRA,MINERVA S.A.,RIZA SECURITIZADORA S.A.,1ª,2030-07-15,"104,5% do DI",127.8062,,123.718,0.91,938.79904514,91.47,741.36,2026-09-22
24D0006602,CRI,ALLOS S.A.,OPEA SECURITIZADORA S/A,2ª,2029-04-16,105% do DI,98.618,101.3725,97.03,1.35,1081.19064289,101.73,528.93,2026-09-22
25E0013305,CRI,JHSF IV,OPEA SECURITIZADORA S/A,2ª,2030-05-15,105% do DI,103.8877,,,1.25,1055.11224103,100.41,709.38,2026-09-22
CRA02300TSB,CRA,BANCO BTG PACTUAL S.A.,OPEA SECURITIZADORA S/A,1ª,2033-12-15,105% do DI,96.5973,99.3466,94.5466,2.07,1092.76348506,105.17,1170.22,2026-09-22
CRA02400AYL,CRA,MINERVA S.A.,RIZA SECURITIZADORA S.A.,1ª,2029-11-16,105% do DI,124.5567,,120.6087,7.69,986.62737379,93.89,627.09,2026-09-22
CRA025008C3,CRA,Neomille S.A.,ECO SECURITIZADORA DE DIREITOS CREDITÓRIOS DO AGRONEGÓCIO S.A.,3ª,2032-12-15,105% do DI,114.9319,,112.6828,1.7,987.823012,95.07,980.71,2026-09-22
CRA02500AC9,CRA,,ECO SECURITIZADORA DE DIREITOS CREDITÓRIOS DO AGRONEGÓCIO S.A.,1ª,2030-11-15,105% do DI,,,,,,,,2026-09-22
CRA02500AHT,CRA,C. Vale - Cooperativa Agroindustrial,ECO SECURITIZADORA DE DIREITOS CREDITÓRIOS DO AGRONEGÓCIO S.A.,1ª,2030-11-15,"105,5% do DI",,,,,,,,2026-09-22
CRA025005EI,CRA,GDM Genética do Brasil S.A.,ECO SECURITIZADORA DE DIREITOS CREDITÓRIOS DO AGRONEGÓCIO S.A.,2ª,2032-07-15,"105,75% do DI",108.2453,116.0259,100.3891,0.37,1013.91767855,98.75,975.08,2026-09-22
23K0018802,CRI,MULTIPLAN EMPREENDIMENTOS IMOBILIÁRIOS S.A.,RIZA SECURITIZADORA S.A.,2ª,2031-01-15,106% do DI,98.8,101.1666,96.9333,0.05,1052.37966829,102.49,669.21,2026-09-22
CRA025006NA,CRA,Lar Cooperativa Agroindustrial,ECO SECURITIZADORA DE DIREITOS CREDITÓRIOS DO AGRONEGÓCIO S.A.,1ª,2030-08-15,106% do DI,111.5755,,109.0,0.13,983.47442228,98.08,678.22,2026-09-22
23K0019201,CRI,DIRECIONAL ENGENHARIA S.A.,TRUE SECURITIZADORA S/A,2ª,2028-11-16,"106,5% do DI",99.1711,,,0.3,1069.71023162,101.73,461.44,2026-09-22
CRA024004MP,CRA,SÃO SALVADOR ALIMENTOS S.A.,ECO SECURITIZADORA DE DIREITOS CREDITÓRIOS DO AGRONEGÓCIO S.A.,1ª,2030-04-15,"106,5% do DI",,,,,,,,2026-09-22
CRA026001JL,CRA,Lar Cooperativa Agroindustrial,ECO SECURITIZADORA DE DIREITOS CREDITÓRIOS DO AGRONEGÓCIO S.A.,1ª,2031-03-15,"106,5% do DI",112.72,,110.3166,0.39,978.54712782,97.59,763.94,2026-09-22
25H0243072,CRI,BTSA,RIZA SECURITIZADORA S.A.,2ª,2032-08-16,107% do DI,111.7744,,107.5,1.84,983.81847932,98.11,776.04,2026-09-22
CRA02300NRL,CRA,BANCO BTG PACTUAL S.A.,OPEA SECURITIZADORA S/A,1ª,2033-11-16,107% do DI,98.5,99.9,95.1,0.5,1104.72336194,105.1,1141.34,2026-09-22
CRA025003UZ,CRA,COOXUPÉ - COOPERATIVA REGIONAL DE,VERT COMPANHIA SECURITIZADORA,2ª,2030-06-17,"107,5% do DI",110.9511,,108.5,2.17,1028.22729789,98.87,645.94,2026-09-22
CRA02300CYQ,CRA,BANCO BTG PACTUAL S.A.,OPEA SECURITIZADORA S/A,1ª,2033-07-15,109% do DI,96.1458,98.0866,92.92,1.34,1106.91965238,107.73,1133.24,2026-09-22
CRA02300HWH,CRA,BANCO BTG PACTUAL S.A.,OPEA SECURITIZADORA S/A,1ª,2033-09-15,109% do DI,98.4933,99.9225,95.5725,0.41,1068.06892241,106.51,1172.0,2026-09-22
24I1980390,CRI,MRV ENGENHARIA E PARTICIPAÇÕES S.A,OPEA SECURITIZADORA S/A,1ª,2029-10-15,110% do DI,129.9093,138.38,,3.29,1002.48255735,94.06,598.91,2026-09-22
25B3099731,CRI,IGUATEMI PPPH PARTICIPAÇÕES LTDA.,OPEA SECURITIZADORA S/A,1ª,2030-02-18,96% do DI,98.7266,101.41,96.58,0.28,1002.50139111,99.02,708.43,2026-09-22
25D0012202,CRI,CYRELA BRAZIL REALTY S.A. EMPREENDIMENTOS,COMPANHIA PROVÍNCIA DE SECURITIZAÇÃO,1ª,2029-04-15,96% do DI,98.9622,,,0.2,1048.77522688,99.19,535.57,2026-09-22
25J4546988,CRI,CYRELA BRAZIL REALTY S.A. EMPREENDIMENTOS E,COMPANHIA PROVÍNCIA DE SECURITIZAÇÃO,1ª,2032-11-16,"96,5% do DI",100.0122,,97.5,0.95,1026.72565114,98.1,1056.91,2026-09-22
25D0012203,CRI,CYRELA BRAZIL REALTY S.A. EMPREENDIMENTOS E PARTICIPAÇÕES,COMPANHIA PROVÍNCIA DE SECURITIZAÇÃO,2ª,2030-04-15,97% do DI,99.2711,,97.5,0.33,1049.31137645,99.19,700.49,2026-09-22
26C3164285,CRI,Allos VI,OPEA SECURITIZADORA S/A,1ª,2031-03-12,97% do DI,98.67,100.89,,0.18,995.647301,99.27,858.25,2026-09-22
26G0012801,CRI,Cury III,OPEA SECURITIZADORA S/A,1ª,2032-07-06,97% do DI,99.5637,,97.5,0.68,1007.79200902,98.72,974.72,2026-09-22
CRA025003PD,CRA,SÃO MARTINHO S.A.,VERT COMPANHIA SECURITIZADORA,1ª,2032-06-15,97% do DI,103.5758,,,0.19,1000.8961077,96.61,1013.17,2026-09-22
24H1684874,CRI,SOCIEDADE BENEFICENTE ISRAELITA BRASILEIRA HOSPITAL ALBERT EINSTEIN,RIZA SECURITIZADORA S.A.,1ª,2029-08-17,"97,5% do DI",97.4144,99.885,95.9133,0.16,867.28145894,100.02,372.59,2026-09-22
24D2765586,CRI,CYRELA BRAZIL REALTY S.A.,COMPANHIA PROVÍNCIA DE SECURITIZAÇÃO,1ª,2028-04-15,98% do DI,98.1383,99.6,96.5,0.23,705.56039788,99.98,239.5,2026-09-22
25G3629974,CRI,PLANO E PLANO II,RIZA SECURITIZADORA S.A.,1ª,2030-07-15,98% do DI,103.5925,,102.0,1.13,1002.61573886,97.84,760.28,2026-09-22
25I0014209,CRI,Multiplan,OPEA SECURITIZADORA S/A,1ª,2035-09-19,98% do DI,,,,,,,,2026-09-22
CRA024004H5,CRA,SÃO MARTINHO S.A.,RIZA SECURITIZADORA S.A.,1ª,2027-04-12,98% do DI,98.8325,101.7575,96.21,1.03,1059.03815008,99.95,128.33,2026-09-22
25G3629975,CRI,PLANO E PLANO II,RIZA SECURITIZADORA S.A.,2ª,2031-07-15,99% do DI,104.5444,,102.0,0.16,998.87836055,97.45,902.88,2026-09-22
24E1393588,CRI,MULTIPLAN EMPREENDIMENTOS IMOBILIÁRIOS S.A.,RIZA SECURITIZADORA S.A.,1ª,2029-05-17,"99,5% do DI",99.53,101.7533,97.2866,0.03,1046.94384936,99.99,461.45,2026-09-22
CRA025008NB,CRA,Bem Brasil Alimentos S.A.,ECO SECURITIZADORA DE DIREITOS CREDITÓRIOS DO AGRONEGÓCIO S.A.,ª,2032-10-15,"DI + 0,33%",1.5338,2.3578,0.3666,0.02,1017.4025756,95.87,885.93,2026-09-22
CRA024009Q2,CRA,MARFRIG GLOBAL FOODS S.A.,ECO SECURITIZADORA DE DIREITOS CREDITÓRIOS DO AGRONEGÓCIO S.A.,1ª,2031-10-15,"DI + 0,35%",2.9611,3.4005,2.8203,0.38,969.1450633,91.32,880.42,2026-09-22
22D1289009,CRI,CYRELA BRAZIL REALTY S.A.,OPEA SECURITIZADORA S/A,489ª,2027-06-15,"DI + 0,4%",0.3108,0.5171,0.2128,0.08,1038.99939434,100.06,172.0,2026-09-22
CRA02400AYN,CRA,MINERVA S.A.,RIZA SECURITIZADORA S.A.,3ª,2031-11-17,"DI + 0,4%",3.5468,4.4038,1.5223,0.29,939.16691675,89.46,896.81,2026-09-22
CRA02500003,CRA,BOA SAFRA SEMENTES S.A.,OPEA SECURITIZADORA S/A,2ª,2030-01-15,"DI + 0,4%",1.6641,,1.45,0.22,992.25342316,96.71,673.33,2026-09-22
CRA0250018J,CRA,MARFRIG GLOBAL FOODS S.A.,ECO SECURITIZADORA DE DIREITOS CREDITÓRIOS DO AGRONEGÓCIO S.A.,3ª,2035-04-16,"DI + 0,4%",2.9618,,2.5402,0.47,947.55630582,89.26,1111.05,2026-09-22
CRA025007PT,CRA,SLC AGRÍCOLA S.A.,OPEA SECURITIZADORA S/A,1ª,2033-09-22,"DI + 0,4%",1.156,1.7252,0.7083,0.24,1037.68260421,96.93,1041.48,2026-09-22
CRA02300Q2Y,CRA,,RIZA SECURITIZADORA S.A.,3ª,2028-11-06,"DI + 0,48%",,,,,,,,2026-09-22
CRA025002S2,CRA,MINERVA S.A.,RIZA SECURITIZADORA S.A.,3ª,2032-04-15,"DI + 0,5%",3.5574,,,0.5,949.38736955,89.39,927.35,2026-09-22
23J0019601,CRI,Iguatemi,OPEA SECURITIZADORA S/A,1ª,2028-10-16,"DI + 0,55%",,,,,,,,2026-09-22
23K0018602,CRI,MULTIPLAN EMPREENDIMENTOS IMOBILIÁRIOS S.A.,RIZA SECURITIZADORA S.A.,1ª,2031-01-15,"DI + 0,6%",0.3819,0.6405,0.2571,0.02,1032.37681878,100.58,668.45,2026-09-22
24B0013201,CRI,SOMA,RIZA SECURITIZADORA S.A.,1ª,2028-02-15,"DI + 0,6%",,,,,,,,2026-09-22
23H1188857,CRI,RAIA DROGASIL S.A.,OPEA SECURITIZADORA S/A,2ª,2027-09-15,"DI + 0,65%",0.1593,0.4338,0.0838,0.09,1007.35001494,100.46,237.02,2026-09-22
CRA02300RS5,CRA,CAMIL ALIMENTOS S.A.,ECO SECURITIZADORA DE DIREITOS CREDITÓRIOS DO AGRONEGÓCIO S.A.,1ª,2028-11-16,"DI + 0,65%",3.7159,4.3271,2.5,0.65,994.73325467,94.67,458.64,2026-09-22
22C0023008,CRI,RAIA DROGASIL S.A.,OPEA SECURITIZADORA S/A,495ª,2027-03-08,"DI + 0,7%",0.188,0.4138,0.0638,0.26,503.8692682,100.23,112.0,2026-09-22
23K0018401,CRI,DIRECIONAL ENGENHARIA S.A.,OPEA SECURITIZADORA S/A,1ª,2028-11-16,"DI + 0,7%",0.4191,,,0.2,1056.32301161,100.51,461.52,2026-09-22
CRA02300GCY,CRA,IPIRANGA PRODUTOS DE PETRÓLEO S.A.,VERT COMPANHIA SECURITIZADORA,2ª,2027-07-16,"DI + 0,7%",0.4491,,,0.22,1027.95288271,100.19,190.92,2026-09-22
CRA025005V6,CRA,MINERVA S.A.,RIZA SECURITIZADORA S.A.,2ª,2033-07-15,"DI + 0,7%",3.5766,,3.1316,0.41,912.6871151,88.9,1034.9,2026-09-22
22E1325261,CRI,HYPERA S.A.,OPEA SECURITIZADORA S/A,1ª,2027-08-16,"DI + 0,75%",0.5319,0.7321,0.3488,0.03,1015.63297898,100.19,215.98,2026-09-22
22F0230096,CRI,RAIA DROGASIL S.A.,OPEA SECURITIZADORA S/A,1ª,2029-06-26,"DI + 0,75%",0.2468,0.4771,0.1271,0.1,1044.1635168,100.97,485.18,2026-09-22
22K0934871,CRI,BCBF PARTICIPAÇÕES S.A.,RIZA SECURITIZADORA S.A.,1ª,2027-12-15,"DI + 0,75%",14.8502,,11.4541,4.34,897.81329732,86.38,280.36,2026-09-22
22I0970801,CRI,NATURA COSMÉTICOS S.A.,RIZA SECURITIZADORA S.A.,1ª,2027-09-15,"DI + 0,8%",0.3793,0.5571,0.2071,0.03,1006.68263618,100.39,236.93,2026-09-22
22J0305579,CRI,DIAGNÓSTICOS DA AMÉRICA S.A.,VERT COMPANHIA SECURITIZADORA,1ª,2027-10-15,"DI + 0,8%",5.3742,8.0433,3.2233,0.87,1019.18453387,95.84,240.74,2026-09-22
CRA02300JG2,CRA,JBS S.A.,RIZA SECURITIZADORA S.A.,2ª,2028-09-15,"DI + 0,8%",0.6074,1.1577,0.1495,0.19,1006.19257483,100.34,450.32,2026-09-22
CRA02300NRM,CRA,BANCO BTG PACTUAL S.A.,OPEA SECURITIZADORA S/A,2ª,2033-11-16,"DI + 0,8%",-0.1061,,,0.46,1094.26045456,104.15,1141.64,2026-09-22
CRA0240066F,CRA,BRF S.A.,ECO SECURITIZADORA DE DIREITOS CREDITÓRIOS DO AGRONEGÓCIO S.A.,1ª,2029-06-15,"DI + 0,8%",2.6618,3.1071,2.4238,0.65,997.54531751,95.97,565.58,2026-09-22
22E1315701,CRI,EVEN CONSTRUTORA E INCORPORADORA S.A.,OPEA SECURITIZADORA S/A,1ª,2028-09-18,"DI + 0,9%",0.981,,,0.32,961.39455194,99.93,234.79,2026-09-22
23J1142031,CRI,YDUQS PARTICIPAÇÕES S.A.,OPEA SECURITIZADORA S/A,2ª,2028-10-13,"DI + 0,9%",0.9763,1.1205,0.3873,0.08,1062.77697842,99.9,339.83,2026-09-22
CRA022008NC,CRA,SOROCABA REFRESCOS S.A.,ECO SECURITIZADORA DE DIREITOS CREDITÓRIOS DO AGRONEGÓCIO S.A.,1ª,2029-08-15,"DI + 0,9%",1.1574,1.9403,0.2903,0.08,757.21377763,99.58,418.15,2026-09-22
CRA023000GP,CRA,"VAMOS LOCAÇÃO DE CAMINHÕES, MÁQUINAS E EQUIPAMENTOS S.A.",ECO SECURITIZADORA DE DIREITOS CREDITÓRIOS DO AGRONEGÓCIO S.A.,1ª,2028-01-17,"DI + 0,9%",3.9994,4.4833,3.0,0.0,990.02753193,96.4,305.02,2026-09-22
CRA024007K9,CRA,COOXUPÉ - COOPERATIVA REGIONAL DE CAFEICULTORES EM GUAXUPÉ LTDA.,VERT COMPANHIA SECURITIZADORA,1ª,2029-07-16,"DI + 0,9%",1.5012,2.1013,0.8013,0.06,1015.01350059,98.83,497.2,2026-09-22
22F0315398,CRI,LOCALIZA RENT A CAR S.A.,RIZA SECURITIZADORA S.A.,1ª,2027-06-07,"DI + 0,95%",0.5201,0.6838,0.3171,0.21,1046.38747833,100.28,165.68,2026-09-22
CRA024002MJ,CRA,MARFRIG GLOBAL FOODS S.A.,ECO SECURITIZADORA DE DIREITOS CREDITÓRIOS DO AGRONEGÓCIO S.A.,1ª,2029-03-15,"DI + 0,95%",2.8772,3.2138,2.5305,0.6,962.86900597,96.02,540.09,2026-09-22
23H0027402,CRI,REDE D'OR SÃO LUIZ S.A.,OPEA SECURITIZADORA S/A,1ª,2028-08-15,DI + 1%,0.2005,0.3605,-0.0061,0.1,1027.75067152,101.36,428.25,2026-09-22
CRA022006HJ,CRA,SÃO SALVADOR ALIMENTOS S.A.,ECO SECURITIZADORA DE DIREITOS CREDITÓRIOS DO AGRONEGÓCIO S.A.,1ª,2027-07-15,DI + 1%,1.1103,1.8053,0.2553,0.04,1026.34549676,99.92,193.71,2026-09-22
CRA022008C9,CRA,COMPANHIA DE LOCAÇÃO DAS AMÉRICAS,ECO SECURITIZADORA DE DIREITOS CREDITÓRIOS DO AGRONEGÓCIO S.A.,2ª,2028-09-15,DI + 1%,0.7787,1.2035,0.5089,0.17,1006.7038734,100.39,449.71,2026-09-22
CRA022008CB,CRA,JALLES MACHADO S.A.,ECO SECURITIZADORA DE DIREITOS CREDITÓRIOS DO AGRONEGÓCIO S.A.,1ª,2032-08-09,DI + 1%,1.4236,,1.3,0.13,989.87709695,98.44,944.45,2026-09-22
23H1191899,CRI,RAIA DROGASIL S.A.,OPEA SECURITIZADORA S/A,3ª,2030-09-16,"DI + 1,1%",0.3924,0.5828,0.2453,0.19,1022.91846249,102.01,713.0,2026-09-22
CRA024002S1,CRA,MINERVA S.A.,RIZA SECURITIZADORA S.A.,1ª,2029-03-15,"DI + 1,1%",3.1633,3.4366,2.5643,0.57,960.30636211,95.76,539.2,2026-09-22
CRA02400AHV,CRA,CEREAL COMÉRCIO EXPORTAÇÃO E REPRESENTAÇÃO AGROPECUÁRIA S.A.,RIZA SECURITIZADORA S.A.,1ª,2029-11-16,"DI + 1,1%",1.6317,2.2293,0.9293,0.06,1038.80462657,98.7,625.15,2026-09-22
23F2455020,CRI,Assai,TRUE SECURITIZADORA S/A,3ª,2028-07-15,"DI + 1,15%",,,,,,,,2026-09-22
CRA023000MC,CRA,"VAMOS LOCAÇÃO DE CAMINHÕES, MÁQUINAS E EQUIPAMENTOS S.A.",ECO SECURITIZADORA DE DIREITOS CREDITÓRIOS DO AGRONEGÓCIO S.A.,2ª,2030-01-15,"DI + 1,2%",4.7377,5.1327,4.0,0.48,1453.95167765,89.35,826.0,2026-09-22
CRA024001P7,CRA,JSL S.A.,ECO SECURITIZADORA DE DIREITOS CREDITÓRIOS DO AGRONEGÓCIO S.A.,3ª,2031-02-17,"DI + 1,2%",4.9,5.5928,4.0214,0.01,920.7575466,90.79,671.83,2026-09-22
CRA024007Q4,CRA,SLC MÁQUINAS LTDA.,OPEA SECURITIZADORA S/A,2ª,2031-08-15,"DI + 1,2%",1.3427,2.0552,0.7552,0.16,1010.36265192,99.62,677.05,2026-09-22
23C0247388,CRI,LOCALIZA RENT A CAR S.A.,RIZA SECURITIZADORA S.A.,1ª,2028-03-10,"DI + 1,25%",0.6149,0.8505,,0.12,1013.14028494,100.86,342.66,2026-09-22
23G0009601,CRI,DIMED S.A.,OPEA SECURITIZADORA S/A,1ª,2028-07-27,"DI + 1,3%",0.2758,,-0.0047,0.0,825.931059,101.03,254.71,2026-09-22
23C0247702,CRI,LOCALIZA RENT A CAR S.A.,RIZA SECURITIZADORA S.A.,2ª,2030-03-11,"DI + 1,4%",0.5193,,,0.2,1029.41200876,102.47,707.13,2026-09-22
CRA022008NF,CRA,IRANI PAPEL E EMBALAGEM S.A.,ECO SECURITIZADORA DE DIREITOS CREDITÓRIOS DO AGRONEGÓCIO S.A.,1ª,2027-08-16,"DI + 1,4%",1.0181,1.6685,0.6528,0.17,1017.67560839,100.32,215.62,2026-09-22
CRA023002GX,CRA,INTEGRADA COOPERATIVA AGROINDUSTRIAL,ECO SECURITIZADORA DE DIREITOS CREDITÓRIOS DO AGRONEGÓCIO S.A.,1ª,2028-05-15,"DI + 1,4%",1.45,2.9333,-0.0333,0.0,421.19559359,99.95,268.5,2026-09-22
23J1127308,CRI,MOVIDA PARTICIPAÇÕES S.A.,OPEA SECURITIZADORA S/A,1ª,2028-10-16,"DI + 1,45%",4.2598,4.5,,0.27,1017.25871071,95.39,433.7,2026-09-22
22C1235206,CRI,HAVAN S.A.,OPEA SECURITIZADORA S/A,463ª,2027-04-27,"DI + 1,5%",0.7864,0.9121,0.5455,0.08,1014.36029982,100.39,139.56,2026-09-22
23I1257218,CRI,JSL S.A.,OPEA SECURITIZADORA S/A,2ª,2030-09-16,"DI + 1,5%",4.6908,,,1.8,911.27050965,90.87,773.89,2026-09-22
CRA0220080Y,CRA,NEOMILLE S.A.,ECO SECURITIZADORA DE DIREITOS CREDITÓRIOS DO AGRONEGÓCIO S.A.,1ª,2028-04-03,"DI + 1,5%",1.7561,2.7083,0.8683,0.05,428.18450225,99.76,238.93,2026-09-22
CRA02300G7E,CRA,MARFRIG GLOBAL FOODS S.A.,ECO SECURITIZADORA DE DIREITOS CREDITÓRIOS DO AGRONEGÓCIO S.A.,2ª,2028-08-15,"DI + 1,5%",2.4721,3.1938,2.0759,0.65,998.26174218,98.4,425.85,2026-09-22
CRA02300MJ9,CRA,MINERVA S.A.,RIZA SECURITIZADORA S.A.,1ª,2028-09-15,"DI + 1,5%",2.5769,2.8371,1.0016,0.62,984.25219571,98.14,447.5,2026-09-22
CRA024003UY,CRA,LAR COOPERATIVA AGROINDUSTRIAL,ECO SECURITIZADORA DE DIREITOS CREDITÓRIOS DO AGRONEGÓCIO S.A.,2ª,2029-04-16,"DI + 1,55%",1.6915,1.8688,1.1688,0.02,1000.41866293,99.75,445.16,2026-09-22
CRA0240020A,CRA,VICUNHA TÊXTIL S.A.,RIZA SECURITIZADORA S.A.,1ª,2029-02-15,"DI + 1,6%",3.123,3.9621,1.6173,0.24,984.04417032,96.99,517.08,2026-09-22
CRA0240099E,CRA,VALE DO TIJUCO AÇÚCAR E ÁLCOOL S.A.,ECO SECURITIZADORA DE DIREITOS CREDITÓRIOS DO AGRONEGÓCIO S.A.,1ª,2034-10-16,"DI + 1,6%",2.1668,,,0.36,1044.53977481,97.89,961.54,2026-09-22
CRA025009KJ,CRA,Salton,OPEA SECURITIZADORA S/A,1ª,2031-12-09,"DI + 1,6%",,,,,,,,2026-09-22
24A2720884,CRI,DIAGNÓSTICAS DA AMÉRICA S.A.,VERT COMPANHIA SECURITIZADORA,1ª,2029-01-15,"DI + 1,63%",4.4792,7.261,3.0777,1.16,974.01606635,94.71,494.04,2026-09-22
22L1465644,CRI,ÂNIMA HOLDING S.A.,RIZA SECURITIZADORA S.A.,1ª,2027-12-15,"DI + 1,65%",2.279,2.5,1.55,0.18,995.99795219,99.31,282.51,2026-09-22
CRA0230073L,CRA,J. MACÊDO S.A.,RIZA SECURITIZADORA S.A.,1ª,2028-04-17,"DI + 1,65%",0.7987,1.3228,,0.16,804.90369635,100.62,186.82,2026-09-22
22J0000801,CRI,TRISUL S.A.,TRUE SECURITIZADORA S/A,1ª,2027-12-15,"DI + 1,7%",,,,,,,,2026-09-22
23F0012002,CRI,LOG COMMERCIAL PROPERTIES E PARTICIPAÇÕES S.A.,OPEA SECURITIZADORA S/A,1ª,2028-06-26,"DI + 1,7%",1.1202,,,0.08,695.39733066,100.63,279.18,2026-09-22
23L2043099,CRI,Unidas,OPEA SECURITIZADORA S/A,1ª,2028-12-15,"DI + 1,7%",,,,,,,,2026-09-22
CRA02300VBT,CRA,UNIDAS LOCAÇÕES E SERVIÇOS S.A.,OPEA SECURITIZADORA S/A,1ª,2028-12-15,"DI + 1,7%",1.3105,1.9369,0.4702,0.19,1049.67756661,100.73,476.83,2026-09-22
CRA022008NH,CRA,IRANI PAPEL E EMBALAGEM S.A.,ECO SECURITIZADORA DE DIREITOS CREDITÓRIOS DO AGRONEGÓCIO S.A.,2ª,2029-08-15,"DI + 1,75%",0.9867,1.4852,0.3685,0.08,1030.51290604,101.56,516.64,2026-09-22
CRA0230012X,CRA,VALE DO PONTAL AÇÚCAR E ETANOL S.A.,ECO SECURITIZADORA DE DIREITOS CREDITÓRIOS DO AGRONEGÓCIO S.A.,1ª,2031-02-17,"DI + 1,8%",2.179,,,0.13,1003.4939833,98.89,757.5,2026-09-22
CRA0240005N,CRA,CEREAL COMÉRCIO EXPORTAÇÃO E REPRESENTAÇÃO AGROPECUÁRIA S.A.,RIZA SECURITIZADORA S.A.,1ª,2029-01-15,"DI + 1,8%",1.6425,2.2533,0.7733,0.37,1030.62711879,100.18,292.9,2026-09-22
24K0003002,CRI,PATRIMAR ENGENHARIA S.A.,RIZA SECURITIZADORA S.A.,1ª,2029-11-23,"DI + 1,95%",4.3195,4.8271,3.8763,1.28,1001.86022993,95.2,537.57,2026-09-22
CRA02300Q8I,CRA,CAPAL COOPERATIVA AGROINDUSTRIAL,OPEA SECURITIZADORA S/A,1ª,2029-05-17,"DI + 1,95%",1.6195,2.65,0.7,0.08,603.84471691,100.46,358.71,2026-09-22
23H1023846,CRI,BR PROPERTIES S.A.,OPEA SECURITIZADORA S/A,1ª,2031-08-15,DI + 2%,1.3381,1.5855,1.1008,0.13,936.7283201,101.83,702.98,2026-09-22
23J1333602,CRI,PATRIMAR ENGENHARIA S.A.,RIZA SECURITIZADORA S.A.,1ª,2028-10-20,DI + 2%,,,,,,,,2026-09-22
CRA022001P6,CRA,USINA BATATAIS S.A.,RIZA SECURITIZADORA S.A.,1ª,2028-04-20,DI + 2%,1.3293,2.2053,0.4553,0.05,1021.9170942,100.92,350.96,2026-09-22
CRA022008C2,CRA,VICUNHA TÊXTIL S.A.,RIZA SECURITIZADORA S.A.,2ª,2027-08-16,DI + 2%,3.1582,3.6121,2.0273,0.27,502.63087977,99.04,215.22,2026-09-22
CRA02300S8P,CRA,FS INDÚSTRIA DE BIOCOMBUSTÍVEIS LTDA.,ECO SECURITIZADORA DE DIREITOS CREDITÓRIOS DO AGRONEGÓCIO S.A.,2ª,2030-06-17,DI + 2%,3.9749,4.1638,3.4902,0.2,949.78375783,94.7,712.5,2026-09-22
CRA024000B7,CRA,FS INDÚSTRIA DE BIOCOMBUSTÍVEIS LTDA.,ECO SECURITIZADORA DE DIREITOS CREDITÓRIOS DO AGRONEGÓCIO S.A.,2ª,2030-07-15,DI + 2%,4.0827,4.5523,3.4445,0.08,946.19184807,94.34,722.65,2026-09-22
23D0005401,CRI,ORIGINAL HOLDING S.A,OPEA SECURITIZADORA S/A,1ª,2028-04-15,"DI + 2,05%",,,,,,,,2026-09-22
CRA02300BQD,CRA,GJA INDÚSTRIAS S.A.,RIZA SECURITIZADORA S.A.,1ª,2029-07-16,"DI + 2,25%",,,,,,,,2026-09-22
CRA025000MJ,CRA,Integrada Cooperativa Agroindustrial,ECO SECURITIZADORA DE DIREITOS CREDITÓRIOS DO AGRONEGÓCIO S.A.,2ª,2029-05-15,"DI + 2,35%",2.2491,2.9603,1.5353,0.0,793.87095109,100.14,348.47,2026-09-22
22L1212138,CRI,LAR COOPERATIVA AGROINDUSTRIAL,HABITASEC SECURITIZADORA S.A.,2ª,2034-12-19,"DI + 2,45%",1.9443,3.0253,,0.28,914.49639928,101.42,722.87,2026-09-22
CRA02300KZL,CRA,FLORA PRODUTOS DE HIGIENE E LIMPEZA S.A.,OPEA SECURITIZADORA S/A,1ª,2029-10-15,"DI + 2,5%",1.817,3.0,1.0303,0.06,787.14135348,100.89,335.69,2026-09-22
CRA024005K1,CRA,Natural One S.A.,ECO SECURITIZADORA DE DIREITOS CREDITÓRIOS DO AGRONEGÓCIO S.A.,1ª,2029-05-25,"DI + 2,5%",,,,,,,,2026-09-22
CRA02300795,CRA,FS INDÚSTRIA DE BIOCOMBUSTÍVEIS LTDA.,ECO SECURITIZADORA DE DIREITOS CREDITÓRIOS DO AGRONEGÓCIO S.A.,1ª,2029-10-15,"DI + 2,9%",3.9555,4.2402,3.3312,0.02,978.66740055,97.56,608.86,2026-09-22
CRA02300CCH,CRA,FS INDÚSTRIA DE BIOCOMBUSTÍVEIS LTDA.,ECO SECURITIZADORA DE DIREITOS CREDITÓRIOS DO AGRONEGÓCIO S.A.,1ª,2029-12-17,"DI + 2,9%",3.9914,4.4385,3.3375,0.01,976.80409888,97.37,634.2,2026-09-22
CRA0250040I,CRA,Natural One S.A,ECO SECURITIZADORA DE DIREITOS CREDITÓRIOS DO AGRONEGÓCIO S.A.,1ª,2029-06-15,"DI + 2,9%",5.3547,,3.5,2.0,1010.01625849,96.61,367.27,2026-09-22
CRA0220099D,CRA,CENTRAL CRESOL BASER,ECO SECURITIZADORA DE DIREITOS CREDITÓRIOS DO AGRONEGÓCIO S.A.,1ª,2027-12-15,"DI + 2,95%",1.1388,1.8663,0.4463,0.07,352.69734204,101.2,169.17,2026-09-22
CRA023003JX,CRA,OLFAR S.A.,RIZA SECURITIZADORA S.A.,1ª,2029-03-15,DI + 3%,2.1114,3.6,1.1603,0.09,724.5725989,101.12,324.53,2026-09-22
CRA0240086H,CRA,DISTRIBUIDORA DE PRODUTOS DE PETRÓLEO CHARRUA LTDA.,OPEA SECURITIZADORA S/A,1ª,2029-08-23,DI + 3%,2.8285,3.6366,1.9293,0.29,1016.14590674,100.34,506.77,2026-09-22
CRA0250012Y,CRA,FS FLORESTAL S.A.,ECO SECURITIZADORA DE DIREITOS CREDITÓRIOS DO AGRONEGÓCIO S.A.,2ª,2031-03-17,DI + 3%,3.6757,4.2805,3.275,0.28,982.43159974,97.93,802.97,2026-09-22
23F0012602,CRI,FARMACIA E DROGARIA NISSEI S.A.,OPEA SECURITIZADORA S/A,1ª,2028-06-22,"DI + 3,5%",,,,,,,,2026-09-22
CRA022000RU,CRA,MADERO INDÚSTRIA E COMÉRCIO S.A.,ECO SECURITIZADORA DE DIREITOS CREDITÓRIOS DO AGRONEGÓCIO S.A.,2ª,2027-03-15,"DI + 3,5%",3.6943,4.0755,,0.46,139.92144811,99.95,65.45,2026-09-22
CRA024002MM,CRA,USINA SANTA FÉ S.A.,ECO SECURITIZADORA DE DIREITOS CREDITÓRIOS DO AGRONEGÓCIO S.A.,1ª,2029-12-17,DI + 4%,3.0836,4.7878,1.1666,0.52,889.3264306,101.3,368.3,2026-09-22
CRA02400ECU,CRA,USINA CORURIPE AÇÚCAR E ÁLCOOL S.A.,ECO SECURITIZADORA DE DIREITOS CREDITÓRIOS DO AGRONEGÓCIO S.A.,5ª,2030-11-25,"DI + 4,1%",4.6056,5.0255,4.5921,0.45,4967.49551767,99.17,432.87,2026-09-22
CRA023001JL,CRA,PISANI PLÁSTICOS S.A.,ECO SECURITIZADORA DE DIREITOS CREDITÓRIOS DO AGRONEGÓCIO S.A.,1ª,2029-02-20,DI + 5%,4.0563,,,0.17,542.69845266,100.98,273.67,2026-09-22
CRA02300KOH,CRA,TECSOIL AUTOMAÇÃO E SISTEMAS S.A.,OPEA SECURITIZADORA S/A,1ª,2028-10-16,"DI + 5,5%",2.9987,4.0473,1.8333,0.14,712.87761325,102.28,238.19,2026-09-22
CRA02300JR6,CRA,RAÍZEN ENERGIA S.A.,TRUE SECURITIZADORA S/A,2ª,2033-10-17,IPCA + 0%,,,,,482.14664541,42.4,,2026-09-22
CRA019003JY,CRA,KLABIN S.A.,VERT COMPANHIA SECURITIZADORA,1ª,2029-06-15,"IPCA + 3,5%",7.2578,7.7224,7.0773,0.1,1394.50010749,94.27,414.29,2026-09-22
CRA019003V3,CRA,RAÍZEN ENERGIA S.A.,OPEA SECURITIZADORA S/A,2ª,2029-07-16,"IPCA + 3,602%",,,,,701.423617,47.88,,2026-09-22
CRA021000MG,CRA,M. DIAS BRANCO S.A. INDÚSTRIA E COMÉRCIO DE ALIMENTOS,RIZA SECURITIZADORA S.A.,1ª,2028-03-15,"IPCA + 3,7992%",7.8053,8.1807,7.7212,0.1,1297.20005845,94.69,362.96,2026-09-22
CRA021000MH,CRA,M. DIAS BRANCO S.A. INDÚSTRIA E COMÉRCIO DE ALIMENTOS,RIZA SECURITIZADORA S.A.,2ª,2031-03-15,"IPCA + 4,1369%",8.3083,8.6364,8.2138,0.05,1207.56061405,88.14,805.08,2026-09-22
CRA02100002,CRA,COCAL COMÉRCIO INDÚSTRIA CANAÃ AÇÚCAR E ÁLCOOL LTDA.,RIZA SECURITIZADORA S.A.,2ª,2028-02-15,"IPCA + 4,2095%",8.5304,9.0949,7.1328,0.21,613.22561898,97.02,186.99,2026-09-22
CRA021000MB,CRA,COLOMBO AGROINDÚSTRIA S.A.,ECO SECURITIZADORA DE DIREITOS CREDITÓRIOS DO AGRONEGÓCIO S.A.,1ª,2027-03-15,"IPCA + 4,4474%",8.1523,9.226,7.1191,0.12,666.85812507,98.39,117.0,2026-09-22
CRA021001PQ,CRA,MARFRIG GLOBAL FOODS S.A.,OPEA SECURITIZADORA S/A,1ª,2028-07-15,"IPCA + 4,5%",12.4728,12.9029,12.1901,0.33,1167.19531889,88.02,436.55,2026-09-22
CRA019001E7,CRA,KLABIN S.A.,VERT COMPANHIA SECURITIZADORA,2ª,2029-03-15,"IPCA + 4,5081%",7.3595,7.7667,7.0572,0.09,1451.46187596,96.31,349.79,2026-09-22
CRA021001VA,CRA,MARFRIG GLOBAL FOODS S.A.,OPEA SECURITIZADORA S/A,2ª,2031-07-15,"IPCA + 4,6%",11.9887,12.6325,10.9746,1.03,1049.62545748,79.14,853.01,2026-09-22
21G0065100,CRI,ALIANSCE SONAE SHOPPING CENTERS S.A.,RB CAPITAL INVESTIMENTOS DTVM LTDA,347ª,2028-07-17,"IPCA + 4,6197%",8.1961,,7.9477,0.28,1254.74136291,94.35,435.78,2026-09-22
CRA0210013B,CRA,BRF S.A.,VERT COMPANHIA SECURITIZADORA,1ª,2031-05-15,"IPCA + 4,7843%",11.8797,12.2104,11.2334,1.09,1040.36706833,76.58,1014.39,2026-09-22
CRA021001KB,CRA,COMPANHIA DE LOCAÇÃO DAS AMÉRICAS,ECO SECURITIZADORA DE DIREITOS CREDITÓRIOS DO AGRONEGÓCIO S.A.,1ª,2031-07-15,"IPCA + 4,825%",7.9291,8.8043,7.2625,0.21,1205.91395108,90.46,861.63,2026-09-22
CRA021002SO,CRA,IPIRANGA PRODUTOS DE PETRÓLEO S.A.,VERT COMPANHIA SECURITIZADORA,1ª,2028-09-15,"IPCA + 4,8287%",8.1284,8.8409,7.7817,0.41,1226.75498378,94.27,479.19,2026-09-22
21D0737500,CRI,DIRECIONAL ENGENHARIA S.A.,OPEA SECURITIZADORA S/A,371ª,2028-04-17,"IPCA + 4,8444%",7.5742,7.9148,7.3556,0.07,874.76073719,97.41,256.17,2026-09-22
21D0862572,CRI,REDE D'OR SÃO LUIZ S.A.,OPEA SECURITIZADORA S/A,324ª,2036-05-15,"IPCA + 4,9347%",8.3681,,7.8935,0.36,1095.94428917,80.18,1696.99,2026-09-22
21H1078699,CRI,SENDAS DISTRIBUIDORA S.A.,OPEA SECURITIZADORA S/A,428ª,2028-10-16,"IPCA + 5,1531%",10.6275,11.0808,9.9423,0.24,1186.71746019,90.68,484.59,2026-09-22
21H1078700,CRI,SENDAS DISTRIBUIDORA S.A.,OPEA SECURITIZADORA S/A,429ª,2031-10-15,"IPCA + 5,2662%",11.8334,12.1252,10.6843,0.22,1056.43367206,80.69,881.11,2026-09-22
CRA021000SC,CRA,COPERSUCAR S.A.,RIZA SECURITIZADORA S.A.,1ª,2028-05-15,"IPCA + 5,2893%",,,,,,,,2026-09-22
CRA020002GZ,CRA,BRF S.A.,VERT COMPANHIA SECURITIZADORA,1ª,2027-07-15,"IPCA + 5,3%",10.1496,10.8118,8.5401,1.11,1398.42169928,96.51,198.77,2026-09-22
21D0694886,CRI,CONSTRUTORA TENDA S.A.,OPEA SECURITIZADORA S/A,378ª,2028-04-17,"IPCA + 5,3621%",9.0808,9.7934,8.9159,0.54,886.39934129,96.57,252.09,2026-09-22
CRA021002NF,CRA,PETROBRAS DISTRIBUIDORA S.A.,RIZA SECURITIZADORA S.A.,1ª,2031-09-15,"IPCA + 5,3995%",8.9452,9.4804,8.4886,0.26,1160.57994985,88.7,908.42,2026-09-22
CRA020001P7,CRA,RAÍZEN ENERGIA S.A.,OPEA SECURITIZADORA S/A,1ª,2027-06-15,"IPCA + 5,4%",,,,,617.65285008,43.41,,2026-09-22
CRA021000RX,CRA,MINERVA S.A.,RIZA SECURITIZADORA S.A.,1ª,2028-04-17,"IPCA + 5,5034%",12.1265,12.6076,11.0256,1.04,1260.12893745,91.41,371.18,2026-09-22
21I0278118,CRI,LOG COMMERCIAL PROPERTIES E PARTICIPAÇÕES S.A.,RIZA SECURITIZADORA S.A.,362ª,2028-09-15,"IPCA + 5,5212%",11.4734,,10.3004,1.4,605.69478005,92.51,355.93,2026-09-22
21K0001806,CRI,REDE D'OR SÃO LUIZ S.A.,OPEA SECURITIZADORA S/A,396ª,2031-12-15,"IPCA + 5,5758%",8.3518,8.5355,8.1487,0.1,1163.92791823,90.81,930.84,2026-09-22
CRA021000RY,CRA,MINERVA S.A.,RIZA SECURITIZADORA S.A.,39ª,2031-04-15,"IPCA + 5,578%",11.1206,12.0722,10.8626,0.35,1174.96405237,85.2,780.16,2026-09-22
CRA020002H1,CRA,BRF S.A.,VERT COMPANHIA SECURITIZADORA,2ª,2030-07-15,"IPCA + 5,6%",11.4532,12.5979,10.6241,1.22,1263.06414902,87.12,638.09,2026-09-22
CRA022002Y1,CRA,NORSA REFRIGERANTES S.A.,RIZA SECURITIZADORA S.A.,1ª,2027-03-15,"IPCA + 5,685%",7.2193,7.7273,7.2033,0.25,601.37804453,99.33,117.0,2026-09-22
CRA020003PY,CRA,"VAMOS LOCAÇÃO DE CAMINHÕES, MÁQUINAS E EQUIPAMENTOS S.A.",ECO SECURITIZADORA DE DIREITOS CREDITÓRIOS DO AGRONEGÓCIO S.A.,1ª,2030-11-18,"IPCA + 5,7315%",11.7416,13.2803,10.4546,1.65,1223.42489631,85.62,700.24,2026-09-22
21K0001812,CRI,ULTRA SOM SERVIÇOS MÉDICOS S.A.,RIZA SECURITIZADORA S.A.,378ª,2031-12-15,"IPCA + 5,7505%",20.6722,23.0065,18.6721,1.47,752.87338255,59.0,973.85,2026-09-22
CRA021002YA,CRA,CARAMURU ALIMENTOS S.A.,ECO SECURITIZADORA DE DIREITOS CREDITÓRIOS DO AGRONEGÓCIO S.A.,1ª,2027-09-15,"IPCA + 5,7641%",9.7355,10.9969,7.9407,0.15,246.98051854,96.53,241.51,2026-09-22
CRA020001P8,CRA,RAÍZEN ENERGIA S.A.,TRUE SECURITIZADORA S/A,2ª,2030-06-17,"IPCA + 5,8%",,,,,630.85644227,44.3,,2026-09-22
22D1289007,CRI,REDE D'OR SÃO LUIZ S.A.,OPEA SECURITIZADORA S/A,508ª,2029-06-15,"IPCA + 5,83%",8.0393,8.3027,7.6359,0.24,1149.17547404,94.97,629.06,2026-09-22
22D1289010,CRI,CYRELA BRAZIL REALTY S.A.,OPEA SECURITIZADORA S/A,490ª,2027-06-15,"IPCA + 5,9068%",6.7802,,,0.19,1224.40202112,99.43,176.48,2026-09-22
CRA022002Y2,CRA,NORSA REFRIGERANTES S.A.,RIZA SECURITIZADORA S.A.,2ª,2029-03-15,"IPCA + 5,9169%",8.4967,9.021,8.4914,0.34,1157.64116725,95.6,469.94,2026-09-22
CRA022006N5,CRA,IPIRANGA PRODUTOS DE PETRÓLEO S.A.,VERT COMPANHIA SECURITIZADORA,1ª,2032-06-15,"IPCA + 6,0053%",8.3948,9.1548,8.0703,0.39,1104.10349067,91.35,1016.95,2026-09-22
22D1289008,CRI,REDE D'OR SÃO LUIZ S.A.,OPEA SECURITIZADORA S/A,509ª,2032-06-15,"IPCA + 6,01%",8.3106,8.5789,,0.09,1109.61831249,91.65,1017.27,2026-09-22
CRA022002Y3,CRA,NORSA REFRIGERANTES S.A.,RIZA SECURITIZADORA S.A.,3ª,2032-03-15,"IPCA + 6,0392%",8.5733,,,0.16,1103.67587825,91.14,984.46,2026-09-22
CRA022002XN,CRA,JBS S.A.,RIZA SECURITIZADORA S.A.,3ª,2037-04-15,"IPCA + 6,0953%",,,,,,,,2026-09-22
21K0001807,CRI,REDE D'OR SÃO LUIZ S.A.,OPEA SECURITIZADORA S/A,397ª,2036-12-15,"IPCA + 6,1017%",8.4213,8.6627,8.0522,0.1,1104.34249161,86.04,1725.35,2026-09-22
22D1289011,CRI,CYRELA BRAZIL REALTY S.A.,OPEA SECURITIZADORA S/A,491ª,2029-06-15,"IPCA + 6,128%",,,,,,,,2026-09-22
22K0001201,CRI,PETRÓLEO BRASILEIRO S.A. - PETROBRAS,OPEA SECURITIZADORA S/A,1ª,2030-04-15,"IPCA + 6,2%",7.2852,7.4949,7.2411,0.03,1185.45922085,96.81,803.02,2026-09-22
23H0027403,CRI,REDE D'OR SÃO LUIZ S.A.,OPEA SECURITIZADORA S/A,2ª,2030-08-15,"IPCA + 6,2%",8.2915,8.4893,8.0061,0.04,1076.9196405,93.46,872.21,2026-09-22
CRA022006MY,CRA,Dexco S.A.,ECO SECURITIZADORA DE DIREITOS CREDITÓRIOS DO AGRONEGÓCIO S.A.,2ª,2032-06-15,"IPCA + 6,2%",,,,,,,,2026-09-22
22K0001203,CRI,PETRÓLEO BRASILEIRO S.A. - PETROBRAS,OPEA SECURITIZADORA S/A,2ª,2032-11-16,"IPCA + 6,25%",7.4556,7.6788,7.3293,0.09,1186.32062364,94.53,1250.07,2026-09-22
22E1325262,CRI,HYPERA S.A.,OPEA SECURITIZADORA S/A,2ª,2029-08-15,"IPCA + 6,279%",8.5608,8.8221,8.224,0.3,1132.35635033,94.51,668.63,2026-09-22
CRA021002YF,CRA,J. MACÊDO S.A.,ECO SECURITIZADORA DE DIREITOS CREDITÓRIOS DO AGRONEGÓCIO S.A.,1ª,2026-11-16,"IPCA + 6,3071%",9.4727,11.6374,6.8623,0.73,61.1160327,99.69,26.43,2026-09-22
CRA02300S35,CRA,CAMIL ALIMENTOS S.A.,ECO SECURITIZADORA DE DIREITOS CREDITÓRIOS DO AGRONEGÓCIO S.A.,2ª,2030-11-18,"IPCA + 6,3416%",12.5871,13.1002,11.4986,0.27,968.13253076,83.35,796.27,2026-09-22
22C1362141,CRI,MATEUS SUPERMERCADOS S.A.,OPEA SECURITIZADORA S/A,1ª,2034-07-17,"IPCA + 6,3423%",10.4967,,9.8899,0.22,819.35213415,88.24,799.87,2026-09-22
22B0004808,CRI,CSN CIMENTOS S.A.,RIZA SECURITIZADORA S.A.,417ª,2032-02-16,"IPCA + 6,3893%",16.9275,19.3406,12.372,0.78,870.55507413,70.09,926.87,2026-09-22
CRA022008N6,CRA,JBS S.A.,RIZA SECURITIZADORA S.A.,2ª,2032-09-15,"IPCA + 6,3919%",9.1559,10.5764,7.577,0.08,1075.4631307,89.61,1070.89,2026-09-22
22K0001204,CRI,PETRÓLEO BRASILEIRO S.A. - PETROBRAS,OPEA SECURITIZADORA S/A,3ª,2037-11-16,"IPCA + 6,4%",,,,,,,,2026-09-22
24B0013203,CRI,CIDADE MARAVILHOSA INDÚSTRIA E COMÉRCIO DE ROUPAS S.A.,RIZA SECURITIZADORA S.A.,3ª,2030-02-15,"IPCA + 6,4%",11.0205,,10.4694,0.83,1005.62773306,89.4,661.44,2026-09-22
CRA02300CYS,CRA,BANCO BTG PACTUAL S.A.,OPEA SECURITIZADORA S/A,3ª,2033-07-15,"IPCA + 6,4338%",7.3106,7.5939,7.1197,0.13,1109.42239694,95.56,1389.07,2026-09-22
22E1325264,CRI,HYPERA S.A.,OPEA SECURITIZADORA S/A,3ª,2032-08-16,"IPCA + 6,4451%",8.7405,9.223,,0.08,1095.73978259,91.44,1051.01,2026-09-22
CRA024001P6,CRA,JSL S.A.,ECO SECURITIZADORA DE DIREITOS CREDITÓRIOS DO AGRONEGÓCIO S.A.,2ª,2031-02-17,"IPCA + 6,4527%",13.2404,14.1255,12.165,0.12,934.67306839,82.99,751.56,2026-09-22
22E1095384,CRI,MRV ENGENHARIA E PARTICIPAÇÕES S.A.,OPEA SECURITIZADORA S/A,1ª,2030-09-16,"IPCA + 6,4802%",12.4671,,,0.27,1030.23160545,86.28,673.87,2026-09-22
21J0001208,CRI,TENDA ATACADO S.A.,RIZA SECURITIZADORA S.A.,306ª,2026-10-15,"IPCA + 6,4803%",12.097,,11.6137,0.68,439.81179926,99.67,16.0,2026-09-22
22F0009804,CRI,DIRECIONAL ENGENHARIA S.A.,OPEA SECURITIZADORA S/A,1ª,2032-06-15,"IPCA + 6,4899%",8.7112,8.9843,8.2958,0.12,1112.10558229,92.04,1006.66,2026-09-22
22F0009409,CRI,GJA INDÚSTRIAS S.A.,RIZA SECURITIZADORA S.A.,1ª,2029-06-15,"IPCA + 6,5%",12.068,,,0.93,1071.95670084,90.08,513.81,2026-09-22
CRA022003JT,CRA,BEM BRASIL ALIMENTOS S.A.,ECO SECURITIZADORA DE DIREITOS CREDITÓRIOS DO AGRONEGÓCIO S.A.,1ª,2029-05-15,"IPCA + 6,5348%",9.1951,10.3229,7.258,0.37,1178.35996216,96.35,378.1,2026-09-22
CRA022004MS,CRA,"VAMOS LOCAÇÃO DE CAMINHÕES, MÁQUINAS E EQUIPAMENTOS S.A.",ECO SECURITIZADORA DE DIREITOS CREDITÓRIOS DO AGRONEGÓCIO S.A.,1ª,2032-05-17,"IPCA + 6,5473%",13.5455,14.2855,12.6086,1.06,954.29201605,78.12,960.01,2026-09-22
23H0027404,CRI,REDE D'OR SÃO LUIZ S.A.,OPEA SECURITIZADORA S/A,3ª,2033-08-15,"IPCA + 6,55%",8.3224,8.7148,7.8609,0.08,1063.18397028,92.24,1227.82,2026-09-22
CRA022008NB,CRA,RAÍZEN ENERGIA S.A.,OPEA SECURITIZADORA S/A,1ª,2032-08-16,"IPCA + 6,5885%",,,,,582.90977328,48.14,,2026-09-22
22B0006022,CRI,MRV ENGENHARIA E PARTICIPAÇÕES S.A.,RIZA SECURITIZADORA S.A.,442ª,2029-02-15,"IPCA + 6,5954%",12.2271,,11.3429,1.33,1136.33710479,91.26,445.86,2026-09-22
CRA024004SA,CRA,JBS S.A.,RIZA SECURITIZADORA S.A.,2ª,2034-05-15,"IPCA + 6,5975%",9.2282,10.4607,7.9372,0.33,980.04976194,86.6,1468.01,2026-09-22
22J0306937,CRI,DIAGNÓSTICOS DA AMÉRICA S.A.,VERT COMPANHIA SECURITIZADORA,2ª,2029-10-15,"IPCA + 6,6%",13.3203,14.9598,11.7452,0.55,1039.97411086,84.74,677.79,2026-09-22
CRA02300G7F,CRA,MARFRIG GLOBAL FOODS S.A.,ECO SECURITIZADORA DE DIREITOS CREDITÓRIOS DO AGRONEGÓCIO S.A.,3ª,2030-08-15,"IPCA + 6,6%",12.4628,12.9355,12.2787,0.15,960.14089325,83.22,858.5,2026-09-22
CRA022008C7,CRA,COMPANHIA DE LOCAÇÃO DAS AMÉRICAS,ECO SECURITIZADORA DE DIREITOS CREDITÓRIOS DO AGRONEGÓCIO S.A.,1ª,2028-09-15,"IPCA + 6,6018%",8.4092,8.9633,7.9352,0.27,1161.89896652,96.89,473.47,2026-09-22
24E1835896,CRI,HSL,TRUE SECURITIZADORA S/A,1ª,2034-06-15,"IPCA + 6,6075%",,,,,,,,2026-09-22
CRA022007KI,CRA,COCAL COMÉRCIO INDÚSTRIA CANAÃ AÇÚCAR E ÁLCOOL LTDA.,RIZA SECURITIZADORA S.A.,1ª,2030-08-15,"IPCA + 6,6234%",11.2051,11.8389,10.5936,0.45,1072.60079605,89.59,653.84,2026-09-22
CRA02300JG3,CRA,JBS S.A.,RIZA SECURITIZADORA S.A.,3ª,2030-09-16,"IPCA + 6,6441%",9.0834,10.4239,7.5802,0.13,1055.36595161,92.33,886.67,2026-09-22
CRA022008N7,CRA,JBS S.A.,RIZA SECURITIZADORA S.A.,3ª,2037-09-15,"IPCA + 6,6614%",9.6868,10.3531,8.9507,0.56,979.46369907,81.61,1790.82,2026-09-22
CRA022000XF,CRA,MARFRIG GLOBAL FOODS S.A.,ECO SECURITIZADORA DE DIREITOS CREDITÓRIOS DO AGRONEGÓCIO S.A.,3ª,2032-01-15,"IPCA + 6,663%",12.205,12.3654,11.1907,0.35,1045.14052129,82.94,919.29,2026-09-22
CRA02300JG4,CRA,JBS S.A.,RIZA SECURITIZADORA S.A.,4ª,2033-09-15,"IPCA + 6,6634%",9.1498,10.4242,7.8528,0.14,1019.65140677,89.21,1239.62,2026-09-22
24F1277567,CRI,DIRECIONAL ENGENHARIA S.A.,OPEA SECURITIZADORA S/A,2ª,2031-07-15,"IPCA + 6,6747%",8.6514,8.9685,8.2206,0.05,1038.36012842,93.38,937.14,2026-09-22
23L1737622,CRI,REDE D'OR SÃO LUIZ S.A.,OPEA SECURITIZADORA S/A,1ª,2033-12-15,"IPCA + 6,6941%",8.2871,,7.7758,0.12,1071.14831287,92.79,1264.9,2026-09-22
22G1414303,CRI,SENDAS DISTRIBUIDORA S.A.,OPEA SECURITIZADORA S/A,3ª,2029-09-17,"IPCA + 6,7%",11.361,,,0.33,1087.1692128,90.64,576.73,2026-09-22
CRA022008ND,CRA,RAÍZEN ENERGIA S.A.,OPEA SECURITIZADORA S/A,2ª,2037-08-17,"IPCA + 6,7382%",,,,,484.89520965,40.01,,2026-09-22
CRA0240066J,CRA,SLC AGRICOLA II,RIZA SECURITIZADORA S.A.,3ª,2031-07-15,"IPCA + 6,7469%",9.422,9.9415,8.0337,0.47,1014.88173573,91.06,949.32,2026-09-22
22J0306938,CRI,DIAGNÓSTICOS DA AMÉRICA S.A.,VERT COMPANHIA SECURITIZADORA,3ª,2032-10-15,"IPCA + 6,75%",13.2381,15.5652,10.7531,0.38,961.95558801,78.33,1021.93,2026-09-22
CRA0240020C,CRA,VICUNHA II,RIZA SECURITIZADORA S.A.,3ª,2031-02-15,"IPCA + 6,7641%",,,,,,,,2026-09-22
22G1136492,CRI,REDE D'OR SÃO LUIZ S.A.,OPEA SECURITIZADORA S/A,3ª,2037-07-15,"IPCA + 6,7692%",,,,,,,,2026-09-22
CRA022007EP,CRA,KLABIN S.A.,VERT COMPANHIA SECURITIZADORA,1ª,2034-05-15,"IPCA + 6,7694%",7.7069,8.1267,7.4731,0.14,1150.88110355,94.96,1484.0,2026-09-22
CRA024004SB,CRA,JBS S.A.,RIZA SECURITIZADORA S.A.,3ª,2039-05-16,"IPCA + 6,7825%",8.7584,10.1929,7.3392,0.13,980.06445692,86.55,1945.94,2026-09-22
CRA0240086K,CRA,SEARA ALIMENTOS LTDA.,RIZA SECURITIZADORA S.A.,2ª,2034-09-15,"IPCA + 6,7931%",8.9384,10.1376,8.1026,0.07,968.15732657,88.37,1551.05,2026-09-22
CRA024002ML,CRA,MARFRIG GLOBAL FOODS S.A.,ECO SECURITIZADORA DE DIREITOS CREDITÓRIOS DO AGRONEGÓCIO S.A.,3ª,2034-03-15,"IPCA + 6,7996%",12.3242,12.8806,11.0611,0.36,857.65883757,76.89,1286.36,2026-09-22
22I0970804,CRI,NATURA COSMÉTICOS S.A.,RIZA SECURITIZADORA S.A.,2ª,2029-09-17,"IPCA + 6,8%",8.9159,,8.8131,0.07,1138.18870607,94.79,686.31,2026-09-22
CRA0240066B,CRA,CAMIL ALIMENTOS S.A.,ECO SECURITIZADORA DE DIREITOS CREDITÓRIOS DO AGRONEGÓCIO S.A.,2ª,2031-06-16,"IPCA + 6,8286%",12.2154,,10.9318,0.34,941.11594833,83.72,900.74,2026-09-22
CRA0220079D,CRA,BRF S.A.,VERT COMPANHIA SECURITIZADORA,2ª,2032-07-15,"IPCA + 6,8344%",12.613,13.0038,12.2144,0.06,988.29764558,80.86,1001.51,2026-09-22
CRA0240086L,CRA,SEARA ALIMENTOS LTDA.,RIZA SECURITIZADORA S.A.,3ª,2044-09-15,"IPCA + 6,8408%",9.3773,9.9251,8.7365,0.49,875.10529102,79.87,2317.5,2026-09-22
CRA022006HK,CRA,SÃO SALVADOR ALIMENTOS S.A.,ECO SECURITIZADORA DE DIREITOS CREDITÓRIOS DO AGRONEGÓCIO S.A.,2ª,2030-07-15,"IPCA + 6,8911%",8.5925,9.8747,7.543,0.3,1154.37595424,96.09,635.5,2026-09-22
22I0970868,CRI,NATURA COSMÉTICOS S.A.,RIZA SECURITIZADORA S.A.,3ª,2032-09-15,"IPCA + 6,9%",9.0687,9.5483,,0.16,1102.78330946,91.84,1062.44,2026-09-22
23L1737623,CRI,REDE D'OR SÃO LUIZ S.A.,OPEA SECURITIZADORA S/A,2ª,2038-12-15,"IPCA + 6,9527%",8.3693,,7.8088,0.16,1043.54110789,90.34,1919.91,2026-09-22
CRA022004S9,CRA,"VAMOS LOCAÇÃO DE CAMINHÕES, MÁQUINAS E EQUIPAMENTOS S.A.",ECO SECURITIZADORA DE DIREITOS CREDITÓRIOS DO AGRONEGÓCIO S.A.,2ª,2037-05-15,"IPCA + 6,9739%",12.9024,,12.0941,1.04,853.13757371,69.74,1602.0,2026-09-22
CRA02300JG5,CRA,JBS S.A.,RIZA SECURITIZADORA S.A.,5ª,2038-09-15,"IPCA + 6,9938%",9.7323,10.3738,8.8759,0.59,942.25154057,82.43,1880.78,2026-09-22
CRA024004SC,CRA,JBS S.A.,RIZA SECURITIZADORA S.A.,4ª,2044-05-16,"IPCA + 6,9947%",9.5417,10.4969,8.7343,0.51,913.80009161,80.64,2209.03,2026-09-22
CRA022004XY,CRA,USINA CERRADÃO S.A.,ECO SECURITIZADORA DE DIREITOS CREDITÓRIOS DO AGRONEGÓCIO S.A.,1ª,2028-05-15,"IPCA + 6,9949%",7.9079,,,0.02,807.99170609,99.09,270.28,2026-09-22
22F0009410,CRI,GJA INDÚSTRIAS S.A.,RIZA SECURITIZADORA S.A.,2ª,2032-06-15,IPCA + 7%,11.465,,,0.28,1012.10326668,85.05,987.04,2026-09-22
23F1519397,CRI,MOVIDA PARTICIPAÇÕES S.A.,OPEA SECURITIZADORA S/A,3ª,2028-06-16,IPCA + 7%,13.1638,13.8249,,0.43,1069.23386442,91.34,406.98,2026-09-22
24G1674104,CRI,JHSF PARTICIPAÇÕES S.A.,OPEA SECURITIZADORA S/A,4ª,2034-07-17,"IPCA + 7,0163%",8.7858,9.0828,8.4548,0.01,899.41141603,92.91,1115.03,2026-09-22
CRA02200C6Y,CRA,MARFRIG GLOBAL FOODS S.A.,ECO SECURITIZADORA DE DIREITOS CREDITÓRIOS DO AGRONEGÓCIO S.A.,1ª,2029-10-15,"IPCA + 7,0383%",12.4359,12.922,10.6423,0.39,1068.86294035,87.59,674.7,2026-09-22
CRA024007PU,CRA,SOROCABA REFRESCOS S.A.,ECO SECURITIZADORA DE DIREITOS CREDITÓRIOS DO AGRONEGÓCIO S.A.,2ª,2034-08-15,"IPCA + 7,05%",9.7959,10.4003,9.4332,0.4,961.84559426,87.09,1360.11,2026-09-22
22K0934880,CRI,BCBF PARTICIPAÇÕES S.A.,RIZA SECURITIZADORA S.A.,2ª,2029-12-17,"IPCA + 7,0913%",20.6453,21.7563,18.4731,3.8,861.73125869,71.35,703.08,2026-09-22
CRA022006HE,CRA,AÇO VERDE DO BRASIL S.A.,RIZA SECURITIZADORA S.A.,1ª,2029-06-15,"IPCA + 7,1543%",10.2491,11.0136,9.7769,0.48,1157.74046514,95.59,396.5,2026-09-22
CRA023000RT,CRA,"VAMOS LOCAÇÃO DE CAMINHÕES, MÁQUINAS E EQUIPAMENTOS S.A.",ECO SECURITIZADORA DE DIREITOS CREDITÓRIOS DO AGRONEGÓCIO S.A.,3ª,2030-01-15,"IPCA + 7,1638%",14.0786,14.6672,12.6372,0.13,992.89446566,83.28,732.21,2026-09-22
CRA022006BU,CRA,CARAMURU ALIMENTOS S.A.,ECO SECURITIZADORA DE DIREITOS CREDITÓRIOS DO AGRONEGÓCIO S.A.,1ª,2029-07-16,"IPCA + 7,2043%",10.4733,11.6442,8.6603,1.22,685.24725657,95.16,413.29,2026-09-22
CRA0220073P,CRA,MINERVA S.A.,RIZA SECURITIZADORA S.A.,1ª,2029-07-16,"IPCA + 7,2063%",11.7899,12.4228,10.5213,0.94,1080.22499002,89.93,636.98,2026-09-22
CRA025000ME,CRA,SEARA ALIMENTOS LTDA.,RIZA SECURITIZADORA S.A.,2ª,2045-02-15,"IPCA + 7,2266%",,,,,,,,2026-09-22
CRA0240066K,CRA,BRF S.A.,ECO SECURITIZADORA DE DIREITOS CREDITÓRIOS DO AGRONEGÓCIO S.A.,3ª,2034-06-15,"IPCA + 7,2336%",11.8813,12.7579,11.3661,1.09,901.02494293,80.16,1286.49,2026-09-22
22K0934889,CRI,BCBF PARTICIPAÇÕES S.A.,RIZA SECURITIZADORA S.A.,3ª,2034-12-15,"IPCA + 7,2792%",20.6709,22.9706,17.7974,1.47,651.07832516,53.88,1226.85,2026-09-22
CRA024001QA,CRA,ZAMP S.A.,RIZA SECURITIZADORA S.A.,3ª,2029-02-15,"IPCA + 7,3%",8.9734,,,0.18,1097.23939989,96.64,555.92,2026-09-22
CRA024007Q5,CRA,SLC MÁQUINAS LTDA.,OPEA SECURITIZADORA S/A,3ª,2031-08-15,"IPCA + 7,31%",10.0277,10.3703,9.7221,0.62,1028.47366905,92.82,745.27,2026-09-22
CRA02200C6Z,CRA,MARFRIG GLOBAL FOODS S.A.,ECO SECURITIZADORA DE DIREITOS CREDITÓRIOS DO AGRONEGÓCIO S.A.,2ª,2032-10-15,"IPCA + 7,3352%",12.4307,,10.878,0.19,1010.4597258,82.7,1014.88,2026-09-22
24A2721507,CRI,DASA,VERT COMPANHIA SECURITIZADORA,3ª,2031-01-15,"IPCA + 7,3402%",13.1039,13.8989,12.0661,0.57,960.50725666,84.18,822.15,2026-09-22
CRA022006HF,CRA,AÇO VERDE DO BRASIL S.A.,RIZA SECURITIZADORA S.A.,2ª,2032-06-15,"IPCA + 7,3686%",10.4603,11.2758,10.0158,0.49,1083.82438514,89.44,982.52,2026-09-22
CRA024009Q4,CRA,MARFRIG GLOBAL FOODS S.A.,ECO SECURITIZADORA DE DIREITOS CREDITÓRIOS DO AGRONEGÓCIO S.A.,3ª,2034-10-16,"IPCA + 7,3693%",12.6648,13.0552,12.2396,0.16,869.44168713,77.48,1298.42,2026-09-22
22E1314836,CRI,SÃO CARLOS EMPREENDIMENTOS E PARTICIPAÇÕES S.A.,OPEA SECURITIZADORA S/A,1ª,2029-09-17,"IPCA + 7,3826%",10.054,,,0.33,1153.84167529,95.65,453.91,2026-09-22
CRA022001E2,CRA,FS AGRISOLUTIONS INDÚSTRIA DE BIOCOMBUSTÍVEIS LTDA.,ECO SECURITIZADORA DE DIREITOS CREDITÓRIOS DO AGRONEGÓCIO S.A.,2ª,2029-02-15,"IPCA + 7,3913%",11.8558,12.524,11.1394,0.37,1166.65693546,94.85,323.89,2026-09-22
CRA022004SD,CRA,FS AGRISOLUTIONS INDÚSTRIA DE BIOCOMBUSTÍVEIS LTDA.,ECO SECURITIZADORA DE DIREITOS CREDITÓRIOS DO AGRONEGÓCIO S.A.,2ª,2029-05-15,"IPCA + 7,3913%",11.7287,12.4902,11.2134,0.16,1160.29408081,94.27,372.27,2026-09-22
CRA02400AHZ,CRA,REFRESCOS BANDEIRANTES INDÚSTRIA E COMÉRCIO LTDA.,RIZA SECURITIZADORA S.A.,2ª,2034-11-16,"IPCA + 7,41%",10.444,11.5366,,0.82,956.45707057,85.95,1348.4,2026-09-22
24J2539865,CRI,JHSF PARTICIPAÇÕES S.A.,OPEA SECURITIZADORA S/A,1ª,2034-10-16,"IPCA + 7,4183%",8.8501,9.1199,8.528,0.08,1051.47527795,93.1,1349.95,2026-09-22
CRA0240005O,CRA,CEREAL COMÉRCIO EXPORTAÇÃO E REPRESENTAÇÃO AGROPECUÁRIA S.A.,RIZA SECURITIZADORA S.A.,2ª,2029-01-15,"IPCA + 7,4367%",8.954,10.2273,8.064,0.09,1120.46562237,98.3,307.64,2026-09-22
CRA022004H5,CRA,NARDINI AGROINDUSTRIAL LTDA.,OPEA SECURITIZADORA S/A,1ª,2028-04-15,"IPCA + 7,4986%",8.0018,,,0.96,820.11023134,99.54,249.99,2026-09-22
23L2043184,CRI,UNIDAS LOCADORA S.A.,OPEA SECURITIZADORA S/A,3ª,2030-12-16,"IPCA + 7,5%",10.0076,10.4236,9.3272,0.29,1073.65181276,92.84,808.5,2026-09-22
CRA024009Q5,CRA,MARFRIG GLOBAL FOODS S.A.,ECO SECURITIZADORA DE DIREITOS CREDITÓRIOS DO AGRONEGÓCIO S.A.,4ª,2039-10-17,"IPCA + 7,5395%",13.2122,13.2248,12.5683,0.6,768.26502003,68.42,1732.41,2026-09-22
CRA02300MOQ,CRA,MINERVA S.A.,RIZA SECURITIZADORA S.A.,3ª,2030-09-16,"IPCA + 7,5408%",12.5882,13.1243,10.1421,0.86,992.11265998,86.83,771.12,2026-09-22
23L0034761,CRI,FARO ENERGY PROJETOS SOLARES HOLDING S.A.,OPEA SECURITIZADORA S/A,1ª,2038-12-15,"IPCA + 7,5702%",,,,,,,,2026-09-22
CRA0250080Y,CRA,ELDORADO BRASIL CELULOSE S.A.,OPEA SECURITIZADORA S/A,3ª,2040-09-17,"IPCA + 7,6%",8.4848,,,0.44,970.8052681,93.07,2184.94,2026-09-22
25D0012204,CRI,CYRELA BRAZIL REALTY S.A.,COMPANHIA PROVÍNCIA DE SECURITIZAÇÃO,3ª,2032-04-15,"IPCA + 7,6693%",8.4343,,8.1616,0.09,1055.30813973,97.12,1036.64,2026-09-22
23J1127331,CRI,MOVIDA PARTICIPAÇÕES S.A.,OPEA SECURITIZADORA S/A,3ª,2033-10-17,"IPCA + 7,7279%",13.5454,,,0.51,921.31837079,78.26,1145.31,2026-09-22
CRA0250080X,CRA,ELDORADO BRASIL CELULOSE S.A.,OPEA SECURITIZADORA S/A,2ª,2035-09-17,"IPCA + 7,7281%",8.6695,,,0.36,984.93631197,94.42,1652.58,2026-09-22
CRA02400AYK,CRA,BEM BRASIL ALIMENTOS S.A.,ECO SECURITIZADORA DE DIREITOS CREDITÓRIOS DO AGRONEGÓCIO S.A.,ª,2031-11-17,"IPCA + 7,737%",9.9269,10.728,7.5707,0.48,1017.41431505,93.16,882.62,2026-09-22
CRA0230073N,CRA,J. MACÊDO S.A.,RIZA SECURITIZADORA S.A.,2ª,2030-04-15,"IPCA + 7,8%",8.1979,9.3368,6.792,0.37,1023.73336247,99.4,411.05,2026-09-22
CRA025003PJ,CRA,SEARA,RIZA SECURITIZADORA S.A.,3ª,2055-05-17,"IPCA + 7,8%",,,,,,,,2026-09-22
CRA024003UZ,CRA,LAR COOPERATIVA AGROINDUSTRIAL,ECO SECURITIZADORA DE DIREITOS CREDITÓRIOS DO AGRONEGÓCIO S.A.,3ª,2031-04-15,"IPCA + 7,8363%",9.3422,10.049,8.5819,0.36,1065.37988302,95.83,772.12,2026-09-22
CRA021004NV,CRA,LAR COOPERATIVA AGROINDUSTRIAL,ECO SECURITIZADORA DE DIREITOS CREDITÓRIOS DO AGRONEGÓCIO S.A.,1ª,2026-11-15,"IPCA + 7,8749%",10.0122,10.0571,8.0785,2.49,431.61401767,99.68,37.0,2026-09-22
CRA0250066B,CRA,BRF S.A.,ECO SECURITIZADORA DE DIREITOS CREDITÓRIOS DO AGRONEGÓCIO S.A.,3ª,2035-07-16,"IPCA + 7,9064%",12.5021,,,0.14,816.34436417,77.11,1521.27,2026-09-22
22E1321749,CRI,COGNA EDUCAÇÃO S.A.,OPEA SECURITIZADORA S/A,2ª,2029-07-16,"IPCA + 7,9273%",9.226,9.6442,8.6984,0.08,1175.98092724,97.51,529.85,2026-09-22
CRA0240005P,CRA,CEREAL COMÉRCIO EXPORTAÇÃO E REPRESENTAÇÃO AGROPECUÁRIA S.A.,RIZA SECURITIZADORA S.A.,3ª,2031-01-15,"IPCA + 7,9443%",9.2291,10.4692,7.9294,0.02,1097.43193958,96.19,825.71,2026-09-22
22E1321750,CRI,COGNA EDUCAÇÃO S.A.,OPEA SECURITIZADORA S/A,3ª,2032-07-15,"IPCA + 8,0031%",9.5557,10.3297,9.1712,0.17,1139.56728488,94.48,998.07,2026-09-22
CRA025009EZ,CRA,Seara Alimentos Ltda.,ECO SECURITIZADORA DE DIREITOS CREDITÓRIOS DO AGRONEGÓCIO S.A.,4ª,2065-10-15,"IPCA + 8,0313%",,,,,,,,2026-09-22
CRA0250020C,CRA,BRF S.A.,ECO SECURITIZADORA DE DIREITOS CREDITÓRIOS DO AGRONEGÓCIO S.A.,2ª,2035-04-16,"IPCA + 8,04%",11.9493,12.5512,9.2906,1.04,881.37486274,80.85,1465.6,2026-09-22
22L1469805,CRI,ÂNIMA HOLDING S.A.,RIZA SECURITIZADORA S.A.,2ª,2029-12-17,"IPCA + 8,0481%",,,,,,,,2026-09-22
CRA02200795,CRA,ADUBOS ARAGUAIA INDÚSTRIA E COMÉRCIO LTDA.,ECO SECURITIZADORA DE DIREITOS CREDITÓRIOS DO AGRONEGÓCIO S.A.,1ª,2027-07-15,"IPCA + 8,1191%",9.5252,10.3796,,0.12,597.31319455,98.99,197.22,2026-09-22
CRA0250020D,CRA,BRF S.A.,ECO SECURITIZADORA DE DIREITOS CREDITÓRIOS DO AGRONEGÓCIO S.A.,3ª,2040-04-16,"IPCA + 8,2345%",11.6735,12.3818,10.3083,1.41,863.55829915,79.15,1799.91,2026-09-22
CRA0250018K,CRA,MARFRIG GLOBAL FOODS S.A.,ECO SECURITIZADORA DE DIREITOS CREDITÓRIOS DO AGRONEGÓCIO S.A.,4ª,2040-04-16,"IPCA + 8,2503%",13.1922,,,0.61,789.10884982,72.1,1726.33,2026-09-22
CRA0250018L,CRA,MARFRIG GLOBAL FOODS S.A,ECO SECURITIZADORA DE DIREITOS CREDITÓRIOS DO AGRONEGÓCIO S.A.,5ª,2045-04-17,"IPCA + 8,3405%",12.316,,,1.19,804.416403,73.48,1981.88,2026-09-22
CRA0240099F,CRA,VALE DO TIJUCO AÇÚCAR E ÁLCOOL S.A.,ECO SECURITIZADORA DE DIREITOS CREDITÓRIOS DO AGRONEGÓCIO S.A.,2ª,2034-10-16,"IPCA + 8,3558%",9.9811,,9.5329,0.3,1052.43117673,93.35,1155.14,2026-09-22
CRA0250020E,CRA,BRF S.A.,ECO SECURITIZADORA DE DIREITOS CREDITÓRIOS DO AGRONEGÓCIO S.A.,3ª,2045-04-17,"IPCA + 8,38%",10.2078,,10.1167,0.06,940.64457164,86.17,2161.31,2026-09-22
CRA02500BVX,CRA,BRF S.A.,ECO SECURITIZADORA DE DIREITOS CREDITÓRIOS DO AGRONEGÓCIO S.A.,5ª,2055-12-15,"IPCA + 8,3857%",,,,,,,,2026-09-22
CRA025008C2,CRA,Neomille S.A.,ECO SECURITIZADORA DE DIREITOS CREDITÓRIOS DO AGRONEGÓCIO S.A.,2ª,2032-12-15,"IPCA + 8,4473%",9.1228,,,0.34,1035.50745562,97.22,1139.95,2026-09-22
CRA02400AHX,CRA,CEREAL COMÉRCIO EXPORTAÇÃO E,RIZA SECURITIZADORA S.A.,3ª,2034-11-16,"IPCA + 8,4704%",9.8498,11.6152,8.0913,0.02,1053.05900277,93.52,1325.88,2026-09-22
CRA025008HR,CRA,Nardini II,OPEA SECURITIZADORA S/A,ª,2032-10-15,"IPCA + 8,4773%",,,,,,,,2026-09-22
CRA025006NC,CRA,LAR COOPERATIVA AGROINDUSTRIAL,ECO SECURITIZADORA DE DIREITOS CREDITÓRIOS DO AGRONEGÓCIO S.A.,3ª,2032-08-16,"IPCA + 8,7268%",9.6434,,9.381,0.11,1007.32838186,96.45,1082.46,2026-09-22
CRA0250005M,CRA,Boa Safra,OPEA SECURITIZADORA S/A,3ª,2032-01-15,"IPCA + 8,7384%",,,,,,,,2026-09-22
CRA0250005L,CRA,Boa Safra,OPEA SECURITIZADORA S/A,4ª,2035-01-15,"IPCA + 8,9518%",,,,,,,,2026-09-22
CRA02300796,CRA,FS INDÚSTRIA DE BIOCOMBUSTÍVEIS LTDA.,ECO SECURITIZADORA DE DIREITOS CREDITÓRIOS DO AGRONEGÓCIO S.A.,2ª,2029-10-15,"IPCA + 8,9555%",11.8517,12.5879,11.4429,0.16,1077.09758758,93.24,670.68,2026-09-22
CRA023003JY,CRA,OLFAR S.A.,RIZA SECURITIZADORA S.A.,2ª,2030-03-15,"IPCA + 8,9738%",9.75,11.0084,8.4756,0.31,1146.86117599,98.75,444.9,2026-09-22
23F2455004,CRI,SENDAS DISTRIBUIDORA S.A.,OPEA SECURITIZADORA S/A,2ª,2027-07-15,,16.3975,,15.4854,1.81,989.64629456,96.89,195.17,2026-09-22
23I1259644,CRI,JSL,OPEA SECURITIZADORA S/A,4ª,2030-09-15,,,,,,,,,2026-09-22
23J1141681,CRI,YDUQS PARTICIPAÇÕES S.A.,OPEA SECURITIZADORA S/A,1ª,2028-10-16,,14.8796,,14.1468,0.63,990.75526405,94.53,452.49,2026-09-22
23K0018801,CRI,MULTIPLAN EMPREENDIMENTOS IMOBILIÁRIOS S.A.,RIZA SECURITIZADORA S.A.,3ª,2031-01-15,,14.2346,,,0.06,946.87387443,92.8,688.47,2026-09-22
23K0022041,CRI,Cogna,TRUE SECURITIZADORA S/A,2ª,2028-11-15,,14.9836,,14.15,0.41,1010.34509308,96.87,365.67,2026-09-22
24A2715837,CRI,DIAGNÓSTICOS DA AMÉRICA S.A.,VERT COMPANHIA SECURITIZADORA,2ª,2029-01-15,,19.0532,,,0.93,908.7119375,88.89,505.92,2026-09-22
24A2721829,CRI,DIAGNÓSTICOS DA AMÉRICA S.A,VERT COMPANHIA SECURITIZADORA,4ª,2031-01-15,,19.6425,,18.4919,0.22,858.54646743,83.9,745.51,2026-09-22
25A1946535,CRI,Cury,OPEA SECURITIZADORA S/A,3ª,2032-01-15,,14.92,,14.0851,0.09,1032.04846464,100.48,811.98,2026-09-22
25D0271049,CRI,Log,OPEA SECURITIZADORA S/A,3ª,2032-04-15,,,,,,,,,2026-09-22
CRA02300G7D,CRA,MARFRIG GLOBAL FOODS S.A.,ECO SECURITIZADORA DE DIREITOS CREDITÓRIOS DO AGRONEGÓCIO S.A.,1ª,2027-08-16,,17.5677,,16.2084,0.32,961.46540869,95.16,217.57,2026-09-22
CRA02300HWK,CRA,BANCO BTG PACTUAL S.A.,OPEA SECURITIZADORA S/A,4ª,2033-09-15,,13.3673,13.5265,13.0845,0.24,942.86512773,94.08,1226.92,2026-09-22
CRA02300JR7,CRA,RAÍZEN ENERGIA S.A.,OPEA SECURITIZADORA S/A,3ª,2033-10-17,,,,,,487.33016519,46.54,,2026-09-22
CRA02300NX8,CRA,BTG Pactual III,OPEA SECURITIZADORA S/A,4ª,2033-11-16,,13.4788,,,0.19,1003.67251568,96.26,1183.35,2026-09-22
CRA02300SPD,CRA,FS Agrisolutions Indústria de Biocombustíveis LTDA,ECO SECURITIZADORA DE DIREITOS CREDITÓRIOS DO AGRONEGÓCIO S.A.,3ª,2030-06-15,,18.5382,19.3758,17.7257,0.39,875.41171016,87.33,733.18,2026-09-22
CRA02300SUZ,CRA,"Vamos Locação de Caminhões, Máquinas e Equipamentos S.A.",ECO SECURITIZADORA DE DIREITOS CREDITÓRIOS DO AGRONEGÓCIO S.A.,1ª,2030-11-18,,19.5927,,,0.37,863.43560862,82.91,712.72,2026-09-22
CRA02300TSF,CRA,BTG PACTUAL IV,OPEA SECURITIZADORA S/A,4ª,2033-12-15,,,,,,,,,2026-09-22
CRA024000B8,CRA,FS Indústria De Biocombustíveis Ltda,ECO SECURITIZADORA DE DIREITOS CREDITÓRIOS DO AGRONEGÓCIO S.A.,3ª,2030-07-15,,18.5987,19.2819,17.614,0.3,872.24602624,87.01,744.14,2026-09-22
CRA024001P5,CRA,JSL S.A.,ECO SECURITIZADORA DE DIREITOS CREDITÓRIOS DO AGRONEGÓCIO S.A.,1ª,2031-02-15,,19.0029,,17.65,1.38,838.35785448,82.95,696.2,2026-09-22
CRA024001Q9,CRA,ZAMP S.A.,RIZA SECURITIZADORA S.A.,2ª,2029-02-15,,17.0959,,16.3002,0.87,939.49305017,92.82,526.0,2026-09-22
CRA0240020B,CRA,VICUNHA II,RIZA SECURITIZADORA S.A.,2ª,2031-02-15,,,,,,,,,2026-09-22
CRA024002MH,CRA,JF CITRUS AGROPECUÁRIA S.A.,ECO SECURITIZADORA DE DIREITOS CREDITÓRIOS DO AGRONEGÓCIO S.A.,1ª,2029-03-15,,17.04,,16.9,1.63,922.19761324,92.02,437.91,2026-09-22
CRA024002S2,CRA,Minerva VII,RIZA SECURITIZADORA S.A.,2ª,2029-03-15,,18.6435,,16.8277,0.21,880.02781668,87.81,549.7,2026-09-22
CRA024002S3,CRA,MINERVA S.A.,RIZA SECURITIZADORA S.A.,3ª,2031-03-17,,18.5029,,16.8901,0.51,825.69663532,82.38,874.3,2026-09-22
CRA0240066D,CRA,FS Florestal S.A.,ECO SECURITIZADORA DE DIREITOS CREDITÓRIOS DO AGRONEGÓCIO S.A.,1ª,2030-06-15,,17.907,18.1125,17.3148,1.02,942.6123756,93.99,717.53,2026-09-22
CRA0240066G,CRA,BRF S.A.,ECO SECURITIZADORA DE DIREITOS CREDITÓRIOS DO AGRONEGÓCIO S.A.,2ª,2031-06-16,,17.337,,16.2516,0.97,904.06464325,87.4,873.26,2026-09-22
CRA024007PT,CRA,Sorocaba Refrescos S.A,ECO SECURITIZADORA DE DIREITOS CREDITÓRIOS DO AGRONEGÓCIO S.A.,1ª,2031-08-15,,15.65,16.1968,14.0263,0.3,918.67346096,90.8,859.35,2026-09-22
CRA024007Q3,CRA,SLC Maquinas,OPEA SECURITIZADORA S/A,1ª,2031-08-15,,16.5758,,15.9083,0.66,925.90646306,91.49,683.98,2026-09-22
CRA024009Q3,CRA,MARFRIG GLOBAL FOODS S.A.,ECO SECURITIZADORA DE DIREITOS CREDITÓRIOS DO AGRONEGÓCIO S.A.,2ª,2031-10-15,,17.4305,,16.1,0.84,930.32170676,88.08,889.65,2026-09-22
CRA02400AHY,CRA,REFRESCOS BANDEIRANTES INDÚSTRIA E COMÉRCIO LTDA.,RIZA SECURITIZADORA S.A.,1ª,2032-11-16,,17.1019,,,0.48,928.57208487,88.73,964.33,2026-09-22
CRA02400AYM,CRA,MINERVA S.A.,RIZA SECURITIZADORA S.A.,2ª,2029-11-16,,18.6615,,,0.24,951.16484616,90.73,626.46,2026-09-22
CRA02400AYP,CRA,MINERVA S.A.,RIZA SECURITIZADORA S.A.,5ª,2034-11-16,,18.5435,,16.9307,0.12,909.24190218,86.58,1066.52,2026-09-22
CRA02500001,CRA,BOA SAFRA SEMENTES S.A.,OPEA SECURITIZADORA S/A,1ª,2030-01-15,,16.1488,,,0.24,986.2235179,98.34,659.47,2026-09-22
CRA0250012X,CRA,FS FLORESTAL S.A.,ECO SECURITIZADORA DE DIREITOS CREDITÓRIOS DO AGRONEGÓCIO S.A.,1ª,2030-03-15,,18.2684,18.77,18.0558,0.6,994.08344731,99.08,663.53,2026-09-22
CRA0250018I,CRA,Marfrig Global Foods S.A,ECO SECURITIZADORA DE DIREITOS CREDITÓRIOS DO AGRONEGÓCIO S.A.,2ª,2032-04-15,,17.5135,,16.4711,0.97,967.72863275,91.17,927.44,2026-09-22
CRA025002S3,CRA,MINERVA S.A,RIZA SECURITIZADORA S.A.,2ª,2030-04-15,,18.7008,,,0.26,995.47882662,93.41,666.26,2026-09-22
CRA025002S4,CRA,MINERVA S.A.,RIZA SECURITIZADORA S.A.,4ª,2032-04-15,,18.8113,,,0.23,967.67743283,90.8,902.69,2026-09-22
CRA0250040J,CRA,Natural One S.A,ECO SECURITIZADORA DE DIREITOS CREDITÓRIOS DO AGRONEGÓCIO S.A.,2ª,2029-06-15,,,,,,,,,2026-09-22
CRA025005EH,CRA,GDM GENÉTICA DO BRASIL S.A.,ECO SECURITIZADORA DE DIREITOS CREDITÓRIOS DO AGRONEGÓCIO S.A.,1ª,2032-07-15,,15.6514,16.4421,14.95,0.08,1009.91616505,98.32,963.81,2026-09-22
CRA025005V7,CRA,MINERVA S.A.,RIZA SECURITIZADORA S.A.,3ª,2033-07-15,,18.3078,,17.1236,0.45,900.89042091,87.77,1029.29,2026-09-22
CRA025005V8,CRA,MINERVA S.A,RIZA SECURITIZADORA S.A.,4ª,2035-07-16,,18.5667,,17.226,0.43,888.83340793,86.56,1141.08,2026-09-22
CRA0250066A,CRA,BRF S.A.,ECO SECURITIZADORA DE DIREITOS CREDITÓRIOS DO AGRONEGÓCIO S.A.,2ª,2032-07-15,,18.0302,,,0.27,892.11307214,87.01,993.71,2026-09-22
CRA025006NB,CRA,LAR COOPERATIVA AGROINDUSTRIAL,ECO SECURITIZADORA DE DIREITOS CREDITÓRIOS DO AGRONEGÓCIO S.A.,2ª,2032-08-16,,16.0961,,,0.32,953.07234981,95.05,948.09,2026-09-22
CRA025007KE,CRA,Cereal Comércio Exportação e Representação Agropecuária S.A.,ECO SECURITIZADORA DE DIREITOS CREDITÓRIOS DO AGRONEGÓCIO S.A.,2ª,2032-09-15,,16.2422,,15.7003,0.11,944.13010719,94.16,986.2,2026-09-22
CRA025007KK,CRA,ELDORADO BRASIL CELULOSE S.A.,OPEA SECURITIZADORA S/A,1ª,2032-09-15,,15.2256,,,0.45,961.87200715,95.94,1060.15,2026-09-22
CRA025008ND,CRA,São Salvador Alimentos S.A.,ECO SECURITIZADORA DE DIREITOS CREDITÓRIOS DO AGRONEGÓCIO S.A.,2ª,2033-10-15,,15.5426,16.1514,14.4665,0.2,1005.67556412,94.91,1103.78,2026-09-22
CRA025009VO,CRA,EUCATEX INDÚSTRIA E COMÉRCIO LTDA,VERT COMPANHIA SECURITIZADORA,3ª,2032-11-16,,,,,,,,,2026-09-22
CRA02500A15,CRA,Açucareira Quatá S.A.,ECO SECURITIZADORA DE DIREITOS CREDITÓRIOS DO AGRONEGÓCIO S.A.,1ª,2032-11-15,,16.3192,,15.65,0.47,989.06727793,94.23,958.3,2026-09-22
CRA02500AHU,CRA,C. Vale - Cooperativa Agroindustrial,ECO SECURITIZADORA DE DIREITOS CREDITÓRIOS DO AGRONEGÓCIO S.A.,2ª,2030-11-15,,15.4124,16.095,15.0,0.3,1036.50296176,98.63,777.71,2026-09-22
CRA02500BVU,CRA,BRF S.A.,ECO SECURITIZADORA DE DIREITOS CREDITÓRIOS DO AGRONEGÓCIO S.A.,2ª,2032-12-15,,17.7493,,16.4984,0.38,890.80059438,85.99,1031.94,2026-09-22
CRA02500C1D,CRA,Alibem Alimentos S.A.,ECO SECURITIZADORA DE DIREITOS CREDITÓRIOS DO AGRONEGÓCIO S.A.,1ª,2030-12-18,,16.0283,16.8781,15.4,0.42,1015.90429306,97.88,506.41,2026-09-22
CRA026001JM,CRA,Lar Cooperativa Agroindustrial,ECO SECURITIZADORA DE DIREITOS CREDITÓRIOS DO AGRONEGÓCIO S.A.,2ª,2033-03-15,,16.3924,,16.12,0.16,955.89325862,95.32,1004.07,2026-09-22
CRA026002BE,CRA,BRF S.A.,ECO SECURITIZADORA DE DIREITOS CREDITÓRIOS DO AGRONEGÓCIO S.A.,2ª,2033-04-15,,16.8099,,,1.04,954.61217928,90.76,1049.3,2026-09-22
25B0013406,CRI,Direcional,OPEA SECURITIZADORA S/A,1ª,2032-02-16,100% do DI,101.2611,,99.0,0.45,1005.9222581,99.35,993.08,2026-09-21
CRA019003V2,CRA,RAÍZEN ENERGIA S.A.,OPEA SECURITIZADORA S/A,1ª,2029-07-16,100% do DI,,,,,423.81935198,41.53,,2026-09-21
CRA024004H7,CRA,SÃO MARTINHO S.A.,RIZA SECURITIZADORA S.A.,3ª,2029-04-12,100% do DI,100.9606,102.8825,98.5575,1.05,1057.55992308,99.74,530.94,2026-09-21
CRA0250018H,CRA,Marfrig Global Foods S.A,ECO SECURITIZADORA DE DIREITOS CREDITÓRIOS DO AGRONEGÓCIO S.A.,1ª,2030-04-15,100% do DI,112.4666,,108.2666,4.15,1013.05506106,95.65,691.57,2026-09-21
CRA02500BVT,CRA,BRF S.A.,ECO SECURITIZADORA DE DIREITOS CREDITÓRIOS DO AGRONEGÓCIO S.A.,1ª,2030-06-17,100% do DI,114.6359,,109.1466,1.11,1030.45478097,93.21,932.0,2026-09-21
24D2765715,CRI,CYRELA BRAZIL REALTY S.A.,COMPANHIA PROVÍNCIA DE SECURITIZAÇÃO,3ª,2031-04-15,101% do DI,99.3675,101.44,97.14,0.62,1066.68400718,100.65,768.84,2026-09-21
CRA023007VD,CRA,ENGELHART CTP,OPEA SECURITIZADORA S/A,1ª,2028-07-05,101% do DI,96.649,98.205,93.3533,0.48,1037.9113063,100.89,402.47,2026-09-21
25L2997442,CRI,Even Construtora e Incorporadora S/A,VERT COMPANHIA SECURITIZADORA,ª,2032-12-15,"101,5% do DI",,,,,,,,2026-09-21
CRA026002BD,CRA,BRF S.A.,ECO SECURITIZADORA DE DIREITOS CREDITÓRIOS DO AGRONEGÓCIO S.A.,1ª,2030-10-15,"101,5% do DI",113.4891,,106.41,4.69,987.78506628,93.9,1017.0,2026-09-21
24D3313768,CRI,CURY CONSTRUTORA E INCORPORADORA S.A.,TRUE SECURITIZADORA S/A,1ª,2027-05-31,102% do DI,98.7541,100.9633,96.6966,0.52,1046.46367991,100.27,162.04,2026-09-21
25G5109813,CRI,MRV,VERT COMPANHIA SECURITIZADORA,1ª,2030-07-15,102% do DI,,,,,,,,2026-09-21
CRA023003UX,CRA,ENGELHART CTP,OPEA SECURITIZADORA S/A,1ª,2027-03-15,102% do DI,94.2133,95.988,92.388,2.37,1006.7344968,100.46,118.0,2026-09-21
CRA02500669,CRA,BRF S.A,ECO SECURITIZADORA DE DIREITOS CREDITÓRIOS DO AGRONEGÓCIO S.A.,1ª,2029-07-16,102% do DI,113.6594,114.2533,107.5075,5.99,1121.60678935,95.88,703.0,2026-09-21
CRA025008HM,CRA,Cocal Comercio Industria Canaa Acucar e Alcool S.A.,VERT COMPANHIA SECURITIZADORA,1ª,2031-09-15,102% do DI,,,,,,,,2026-09-21
24F1277566,CRI,DIRECIONAL ENGENHARIA S.A.,OPEA SECURITIZADORA S/A,1ª,2029-07-16,103% do DI,100.043,102.4366,97.8033,0.75,1034.73778664,100.9,594.42,2026-09-21
CRA02300209,CRA,ENGELHART CTP,VERT COMPANHIA SECURITIZADORA,1ª,2027-01-15,103% do DI,93.7048,96.1433,91.3433,3.69,1029.26665714,100.37,79.0,2026-09-21
CRA0250073L,CRA,Mantiqueira Brasil,ECO SECURITIZADORA DE DIREITOS CREDITÓRIOS DO AGRONEGÓCIO S.A.,1ª,2030-08-15,"103,1% do DI",,,,,,,,2026-09-21
25G5313879,CRI,MOURA DUBEUX ENGENHARIA S.A.,VERT COMPANHIA SECURITIZADORA,1ª,2030-07-15,"103,75% do DI",105.6303,,102.5,2.65,994.90942123,99.28,748.85,2026-09-21
CRA025008N8,CRA,3Tentos,OPEA SECURITIZADORA S/A,1ª,2030-10-15,"103,75% do DI",108.5755,117.2395,103.0,1.93,1041.48876193,98.12,763.05,2026-09-21
22J0346710,CRI,BANCO BTG PACTUAL S.A.,OPEA SECURITIZADORA S/A,1ª,2027-01-15,104% do DI,96.5,96.9,,0.5,1028.80623893,100.3,79.0,2026-09-21
CRA0240066A,CRA,CAMIL ALIMENTOS S.A.,ECO SECURITIZADORA DE DIREITOS CREDITÓRIOS DO AGRONEGÓCIO S.A.,1ª,2029-06-15,104% do DI,118.9025,119.425,114.0,10.48,993.9946013,95.75,568.33,2026-09-21
CRA025006SR,CRA,Boa Safra II,OPEA SECURITIZADORA S/A,1ª,2032-02-16,104% do DI,109.7034,117.3266,108.5,2.66,974.08071456,97.2,959.39,2026-09-21
CRA025007KD,CRA,CEREAL COMÉRCIO EXPORTAÇÃO E REPRESENTAÇÃO AGROPECUÁRIA S.A.,ECO SECURITIZADORA DE DIREITOS CREDITÓRIOS DO AGRONEGÓCIO S.A.,1ª,2030-09-16,104% do DI,,,,,,,,2026-09-21
CRA025002S1,CRA,MINERVA S.A.,RIZA SECURITIZADORA S.A.,1ª,2030-04-15,"104,5% do DI",128.5211,,123.3157,0.81,975.92354382,91.9,678.6,2026-09-21
CRA025005V5,CRA,MINERVA S.A.,RIZA SECURITIZADORA S.A.,1ª,2030-07-15,"104,5% do DI",127.5851,,123.2028,8.79,938.75623536,91.51,741.94,2026-09-21
24D0006602,CRI,ALLOS S.A.,OPEA SECURITIZADORA S/A,2ª,2029-04-16,105% do DI,98.792,101.3725,97.03,1.35,1080.19596497,101.69,529.73,2026-09-21
25E0013305,CRI,JHSF IV,OPEA SECURITIZADORA S/A,2ª,2030-05-15,105% do DI,103.6955,,,1.28,1055.30647034,100.48,710.11,2026-09-21
CRA02300TSB,CRA,BANCO BTG PACTUAL S.A.,OPEA SECURITIZADORA S/A,1ª,2033-12-15,105% do DI,96.8413,99.3533,94.5533,2.07,1090.75181183,105.03,1169.31,2026-09-21
CRA02400AYL,CRA,MINERVA S.A.,RIZA SECURITIZADORA S.A.,1ª,2029-11-16,105% do DI,124.2672,,120.51,7.15,986.78154748,93.96,627.9,2026-09-21
CRA025008C3,CRA,Neomille S.A.,ECO SECURITIZADORA DE DIREITOS CREDITÓRIOS DO AGRONEGÓCIO S.A.,3ª,2032-12-15,105% do DI,114.7786,117.46,112.3975,1.87,987.87792426,95.12,980.94,2026-09-21
CRA02500AC9,CRA,,ECO SECURITIZADORA DE DIREITOS CREDITÓRIOS DO AGRONEGÓCIO S.A.,1ª,2030-11-15,105% do DI,,,,,,,,2026-09-21
CRA02500AHT,CRA,C. Vale - Cooperativa Agroindustrial,ECO SECURITIZADORA DE DIREITOS CREDITÓRIOS DO AGRONEGÓCIO S.A.,1ª,2030-11-15,"105,5% do DI",,,,,,,,2026-09-21
CRA025005EI,CRA,GDM Genética do Brasil S.A.,ECO SECURITIZADORA DE DIREITOS CREDITÓRIOS DO AGRONEGÓCIO S.A.,2ª,2032-07-15,"105,75% do DI",108.0999,115.775,101.2888,0.87,1014.06445973,98.82,975.28,2026-09-21
23K0018802,CRI,MULTIPLAN EMPREENDIMENTOS IMOBILIÁRIOS S.A.,RIZA SECURITIZADORA S.A.,2ª,2031-01-15,106% do DI,98.7988,101.1666,96.9333,0.05,1051.92612974,102.5,669.85,2026-09-21
CRA025006NA,CRA,Lar Cooperativa Agroindustrial,ECO SECURITIZADORA DE DIREITOS CREDITÓRIOS DO AGRONEGÓCIO S.A.,1ª,2030-08-15,106% do DI,111.5555,115.1133,109.12,0.11,982.94034434,98.08,678.81,2026-09-21
23K0019201,CRI,DIRECIONAL ENGENHARIA S.A.,TRUE SECURITIZADORA S/A,2ª,2028-11-16,"106,5% do DI",98.9788,,,0.4,1069.69993414,101.78,462.35,2026-09-21
CRA024004MP,CRA,SÃO SALVADOR ALIMENTOS S.A.,ECO SECURITIZADORA DE DIREITOS CREDITÓRIOS DO AGRONEGÓCIO S.A.,1ª,2030-04-15,"106,5% do DI",,,,,,,,2026-09-21
CRA026001JL,CRA,Lar Cooperativa Agroindustrial,ECO SECURITIZADORA DE DIREITOS CREDITÓRIOS DO AGRONEGÓCIO S.A.,1ª,2031-03-15,"106,5% do DI",112.6688,,110.48,0.28,978.11683895,97.6,764.4,2026-09-21
25H0243072,CRI,BTSA,RIZA SECURITIZADORA S.A.,2ª,2032-08-16,107% do DI,111.5722,,107.5,1.9,984.00689299,98.18,776.56,2026-09-21
CRA02300NRL,CRA,BANCO BTG PACTUAL S.A.,OPEA SECURITIZADORA S/A,1ª,2033-11-16,107% do DI,98.5,99.9,95.1,0.5,1104.30998187,105.11,1140.91,2026-09-21
CRA025003UZ,CRA,COOXUPÉ - COOPERATIVA REGIONAL DE,VERT COMPANHIA SECURITIZADORA,2ª,2030-06-17,"107,5% do DI",110.7963,,108.4166,1.76,1028.14638245,98.91,646.68,2026-09-21
CRA02300CYQ,CRA,BANCO BTG PACTUAL S.A.,OPEA SECURITIZADORA S/A,1ª,2033-07-15,109% do DI,96.1583,98.1166,92.9166,1.33,1106.51187882,107.75,1132.85,2026-09-21
CRA02300HWH,CRA,BANCO BTG PACTUAL S.A.,OPEA SECURITIZADORA S/A,1ª,2033-09-15,109% do DI,98.4891,99.92,95.57,0.41,1067.73374753,106.54,1171.58,2026-09-21
24I1980390,CRI,MRV ENGENHARIA E PARTICIPAÇÕES S.A,OPEA SECURITIZADORA S/A,1ª,2029-10-15,110% do DI,,,,,,,,2026-09-21
25B3099731,CRI,IGUATEMI PPPH PARTICIPAÇÕES LTDA.,OPEA SECURITIZADORA S/A,1ª,2030-02-18,96% do DI,98.7266,101.41,96.0433,0.28,1001.97501388,99.01,709.09,2026-09-21
25D0012202,CRI,CYRELA BRAZIL REALTY S.A. EMPREENDIMENTOS,COMPANHIA PROVÍNCIA DE SECURITIZAÇÃO,1ª,2029-04-15,96% do DI,98.8488,,,0.28,1048.54870872,99.22,536.42,2026-09-21
25J4546988,CRI,CYRELA BRAZIL REALTY S.A. EMPREENDIMENTOS E,COMPANHIA PROVÍNCIA DE SECURITIZAÇÃO,1ª,2032-11-16,"96,5% do DI",99.8533,,97.6,0.97,1027.03344446,98.18,1057.06,2026-09-21
25D0012203,CRI,CYRELA BRAZIL REALTY S.A. EMPREENDIMENTOS E PARTICIPAÇÕES,COMPANHIA PROVÍNCIA DE SECURITIZAÇÃO,2ª,2030-04-15,97% do DI,99.2,,97.5,0.35,1049.0272928,99.21,701.16,2026-09-21
26C3164285,CRI,Allos VI,OPEA SECURITIZADORA S/A,1ª,2031-03-12,97% do DI,98.6655,100.8866,,0.18,995.14604288,99.27,858.6,2026-09-21
26G0012801,CRI,Cury III,OPEA SECURITIZADORA S/A,1ª,2032-07-06,97% do DI,99.7955,,97.4,0.68,1006.06228464,98.6,974.63,2026-09-21
CRA025003PD,CRA,SÃO MARTINHO S.A.,VERT COMPANHIA SECURITIZADORA,1ª,2032-06-15,97% do DI,103.568,106.4233,101.0,0.34,1000.31207091,96.6,1013.26,2026-09-21
24H1684874,CRI,SOCIEDADE BENEFICENTE ISRAELITA BRASILEIRA HOSPITAL ALBERT EINSTEIN,RIZA SECURITIZADORA S.A.,1ª,2029-08-17,"97,5% do DI",97.44,99.8875,95.95,0.13,866.80905876,100.01,373.51,2026-09-21
24D2765586,CRI,CYRELA BRAZIL REALTY S.A.,COMPANHIA PROVÍNCIA DE SECURITIZAÇÃO,1ª,2028-04-15,98% do DI,98.1304,99.6,96.64,0.24,705.21534261,99.99,240.49,2026-09-21
25G3629974,CRI,PLANO E PLANO II,RIZA SECURITIZADORA S.A.,1ª,2030-07-15,98% do DI,103.6922,,102.0,1.12,1001.63610852,97.79,760.77,2026-09-21
25I0014209,CRI,Multiplan,OPEA SECURITIZADORA S/A,1ª,2035-09-19,98% do DI,,,,,,,,2026-09-21
CRA024004H5,CRA,SÃO MARTINHO S.A.,RIZA SECURITIZADORA S.A.,1ª,2027-04-12,98% do DI,98.8325,101.7575,96.21,1.03,1058.50608493,99.95,129.33,2026-09-21
25G3629975,CRI,PLANO E PLANO II,RIZA SECURITIZADORA S.A.,2ª,2031-07-15,99% do DI,104.4296,,102.0,0.22,998.81578888,97.49,903.24,2026-09-21
24E1393588,CRI,MULTIPLAN EMPREENDIMENTOS IMOBILIÁRIOS S.A.,RIZA SECURITIZADORA S.A.,1ª,2029-05-17,"99,5% do DI",99.5577,101.7633,97.2966,0.05,1046.34648558,99.99,462.33,2026-09-21
CRA025008NB,CRA,Bem Brasil Alimentos S.A.,ECO SECURITIZADORA DE DIREITOS CREDITÓRIOS DO AGRONEGÓCIO S.A.,ª,2032-10-15,"DI + 0,33%",1.5365,2.1416,1.1,0.35,1016.76705742,95.86,886.13,2026-09-21
CRA024009Q2,CRA,MARFRIG GLOBAL FOODS S.A.,ECO SECURITIZADORA DE DIREITOS CREDITÓRIOS DO AGRONEGÓCIO S.A.,1ª,2031-10-15,"DI + 0,35%",2.9146,2.927,2.6797,0.59,970.14699253,91.46,881.03,2026-09-21
22D1289009,CRI,CYRELA BRAZIL REALTY S.A.,OPEA SECURITIZADORA S/A,489ª,2027-06-15,"DI + 0,4%",0.3052,0.5027,0.202,0.16,1038.49825631,100.07,173.0,2026-09-21
CRA02400AYN,CRA,MINERVA S.A.,RIZA SECURITIZADORA S.A.,3ª,2031-11-17,"DI + 0,4%",3.5159,4.227,3.4,0.03,939.64340982,89.55,897.32,2026-09-21
CRA02500003,CRA,BOA SAFRA SEMENTES S.A.,OPEA SECURITIZADORA S/A,2ª,2030-01-15,"DI + 0,4%",1.6477,1.8427,1.3956,0.24,992.12766354,96.75,674.03,2026-09-21
CRA0250018J,CRA,MARFRIG GLOBAL FOODS S.A.,ECO SECURITIZADORA DE DIREITOS CREDITÓRIOS DO AGRONEGÓCIO S.A.,3ª,2035-04-16,"DI + 0,4%",2.9452,,2.5,0.29,947.79034431,89.33,1110.79,2026-09-21
CRA025007PT,CRA,SLC AGRÍCOLA S.A.,OPEA SECURITIZADORA S/A,1ª,2033-09-22,"DI + 0,4%",1.1618,1.6897,0.8,0.19,1036.89317752,96.91,1041.23,2026-09-21
CRA02300Q2Y,CRA,,RIZA SECURITIZADORA S.A.,3ª,2028-11-06,"DI + 0,48%",,,,,,,,2026-09-21
CRA025002S2,CRA,MINERVA S.A.,RIZA SECURITIZADORA S.A.,3ª,2032-04-15,"DI + 0,5%",3.6126,3.9927,3.4261,0.05,947.01861684,89.22,926.88,2026-09-21
23J0019601,CRI,Iguatemi,OPEA SECURITIZADORA S/A,1ª,2028-10-16,"DI + 0,55%",,,,,,,,2026-09-21
23K0018602,CRI,MULTIPLAN EMPREENDIMENTOS IMOBILIÁRIOS S.A.,RIZA SECURITIZADORA S.A.,1ª,2031-01-15,"DI + 0,6%",0.3832,0.6361,0.2527,0.02,1031.79634703,100.58,669.09,2026-09-21
24B0013201,CRI,SOMA,RIZA SECURITIZADORA S.A.,1ª,2028-02-15,"DI + 0,6%",,,,,,,,2026-09-21
23H1188857,CRI,RAIA DROGASIL S.A.,OPEA SECURITIZADORA S/A,2ª,2027-09-15,"DI + 0,65%",0.1584,0.4194,0.0694,0.25,1006.83855912,100.47,238.01,2026-09-21
CRA02300RS5,CRA,CAMIL ALIMENTOS S.A.,ECO SECURITIZADORA DE DIREITOS CREDITÓRIOS DO AGRONEGÓCIO S.A.,1ª,2028-11-16,"DI + 0,65%",3.5361,3.8461,2.6413,0.63,997.24787663,94.96,459.7,2026-09-21
22C0023008,CRI,RAIA DROGASIL S.A.,OPEA SECURITIZADORA S/A,495ª,2027-03-08,"DI + 0,7%",0.1492,0.4094,0.0594,0.27,503.67696891,100.24,113.0,2026-09-21
23K0018401,CRI,DIRECIONAL ENGENHARIA S.A.,OPEA SECURITIZADORA S/A,1ª,2028-11-16,"DI + 0,7%",0.4071,,,0.2,1055.99918957,100.54,462.42,2026-09-21
CRA02300GCY,CRA,IPIRANGA PRODUTOS DE PETRÓLEO S.A.,VERT COMPANHIA SECURITIZADORA,2ª,2027-07-16,"DI + 0,7%",0.4895,,,0.18,1027.09813655,100.16,191.91,2026-09-21
CRA025005V6,CRA,MINERVA S.A.,RIZA SECURITIZADORA S.A.,2ª,2033-07-15,"DI + 0,7%",3.6257,,3.0,0.41,910.44351205,88.73,1034.12,2026-09-21
22E1325261,CRI,HYPERA S.A.,OPEA SECURITIZADORA S/A,1ª,2027-08-16,"DI + 0,75%",0.5321,0.7277,0.3444,0.05,1015.09283498,100.19,216.98,2026-09-21
22F0230096,CRI,RAIA DROGASIL S.A.,OPEA SECURITIZADORA S/A,1ª,2029-06-26,"DI + 0,75%",0.2426,0.4627,0.1127,0.23,1043.70303146,100.98,486.04,2026-09-21
22K0934871,CRI,BCBF PARTICIPAÇÕES S.A.,RIZA SECURITIZADORA S.A.,1ª,2027-12-15,"DI + 0,75%",14.702,,10.8275,1.03,898.1688776,86.46,281.37,2026-09-21
22I0970801,CRI,NATURA COSMÉTICOS S.A.,RIZA SECURITIZADORA S.A.,1ª,2027-09-15,"DI + 0,8%",0.3795,0.5527,0.2027,0.03,1006.15376226,100.4,237.93,2026-09-21
22J0305579,CRI,DIAGNÓSTICOS DA AMÉRICA S.A.,VERT COMPANHIA SECURITIZADORA,1ª,2027-10-15,"DI + 0,8%",5.0721,7.9706,3.1506,0.91,1021.26648087,96.09,241.78,2026-09-21
CRA02300JG2,CRA,JBS S.A.,RIZA SECURITIZADORA S.A.,2ª,2028-09-15,"DI + 0,8%",0.5628,1.1472,0.1314,0.2,1006.45350465,100.42,451.24,2026-09-21
CRA02300NRM,CRA,BANCO BTG PACTUAL S.A.,OPEA SECURITIZADORA S/A,2ª,2033-11-16,"DI + 0,8%",0.1062,,,0.46,1083.20578666,103.15,1137.69,2026-09-21
CRA0240066F,CRA,BRF S.A.,ECO SECURITIZADORA DE DIREITOS CREDITÓRIOS DO AGRONEGÓCIO S.A.,1ª,2029-06-15,"DI + 0,8%",2.4824,,2.307,0.26,1000.87639443,96.34,566.68,2026-09-21
22E1315701,CRI,EVEN CONSTRUTORA E INCORPORADORA S.A.,OPEA SECURITIZADORA S/A,1ª,2028-09-18,"DI + 0,9%",0.9158,,,0.25,961.45025105,99.99,235.81,2026-09-21
23J1142031,CRI,YDUQS PARTICIPAÇÕES S.A.,OPEA SECURITIZADORA S/A,2ª,2028-10-13,"DI + 0,9%",0.9699,,0.318,0.25,1062.28776623,99.91,340.78,2026-09-21
CRA022008NC,CRA,SOROCABA REFRESCOS S.A.,ECO SECURITIZADORA DE DIREITOS CREDITÓRIOS DO AGRONEGÓCIO S.A.,1ª,2029-08-15,"DI + 0,9%",1.1682,2.1,0.3896,0.22,756.66023314,99.56,419.03,2026-09-21
CRA023000GP,CRA,"VAMOS LOCAÇÃO DE CAMINHÕES, MÁQUINAS E EQUIPAMENTOS S.A.",ECO SECURITIZADORA DE DIREITOS CREDITÓRIOS DO AGRONEGÓCIO S.A.,1ª,2028-01-17,"DI + 0,9%",4.001,5.0,2.9708,0.0,989.35528031,96.39,305.99,2026-09-21
CRA024007K9,CRA,COOXUPÉ - COOPERATIVA REGIONAL DE CAFEICULTORES EM GUAXUPÉ LTDA.,VERT COMPANHIA SECURITIZADORA,1ª,2029-07-16,"DI + 0,9%",1.4926,2.0822,0.8322,0.06,1014.61121283,98.85,498.05,2026-09-21
22F0315398,CRI,LOCALIZA RENT A CAR S.A.,RIZA SECURITIZADORA S.A.,1ª,2027-06-07,"DI + 0,95%",0.5053,0.6727,0.3061,0.21,1045.93660215,100.29,166.68,2026-09-21
CRA024002MJ,CRA,MARFRIG GLOBAL FOODS S.A.,ECO SECURITIZADORA DE DIREITOS CREDITÓRIOS DO AGRONEGÓCIO S.A.,1ª,2029-03-15,"DI + 0,95%",2.7985,3.032,2.4445,0.57,963.86662631,96.17,540.97,2026-09-21
23H0027402,CRI,REDE D'OR SÃO LUIZ S.A.,OPEA SECURITIZADORA S/A,1ª,2028-08-15,DI + 1%,0.241,0.3694,0.0027,0.11,1026.5114543,101.29,429.15,2026-09-21
CRA022006HJ,CRA,SÃO SALVADOR ALIMENTOS S.A.,ECO SECURITIZADORA DE DIREITOS CREDITÓRIOS DO AGRONEGÓCIO S.A.,1ª,2027-07-15,DI + 1%,1.1301,1.8796,0.3796,0.26,1025.62297011,99.9,194.71,2026-09-21
CRA022008C9,CRA,COMPANHIA DE LOCAÇÃO DAS AMÉRICAS,ECO SECURITIZADORA DE DIREITOS CREDITÓRIOS DO AGRONEGÓCIO S.A.,2ª,2028-09-15,DI + 1%,0.7847,1.244,0.5108,0.19,1006.0531698,100.38,450.6,2026-09-21
CRA022008CB,CRA,JALLES MACHADO S.A.,ECO SECURITIZADORA DE DIREITOS CREDITÓRIOS DO AGRONEGÓCIO S.A.,1ª,2032-08-09,DI + 1%,1.4227,1.8627,1.2797,0.16,989.3672992,98.44,944.53,2026-09-21
23H1191899,CRI,RAIA DROGASIL S.A.,OPEA SECURITIZADORA S/A,3ª,2030-09-16,"DI + 1,1%",0.3939,0.582,0.2445,0.19,1022.32763188,102.0,713.64,2026-09-21
CRA024002S1,CRA,MINERVA S.A.,RIZA SECURITIZADORA S.A.,1ª,2029-03-15,"DI + 1,1%",3.0327,3.1726,2.3181,1.15,962.32206496,96.02,540.13,2026-09-21
CRA02400AHV,CRA,CEREAL COMÉRCIO EXPORTAÇÃO E REPRESENTAÇÃO AGROPECUÁRIA S.A.,RIZA SECURITIZADORA S.A.,1ª,2029-11-16,"DI + 1,1%",1.6348,2.1888,0.9722,0.06,1038.13596345,98.69,625.89,2026-09-21
23F2455020,CRI,Assai,TRUE SECURITIZADORA S/A,3ª,2028-07-15,"DI + 1,15%",,,,,,,,2026-09-21
CRA023000MC,CRA,"VAMOS LOCAÇÃO DE CAMINHÕES, MÁQUINAS E EQUIPAMENTOS S.A.",ECO SECURITIZADORA DE DIREITOS CREDITÓRIOS DO AGRONEGÓCIO S.A.,2ª,2030-01-15,"DI + 1,2%",4.6822,5.2972,4.0,0.06,1455.47368892,89.49,827.0,2026-09-21
CRA024001P7,CRA,JSL S.A.,ECO SECURITIZADORA DE DIREITOS CREDITÓRIOS DO AGRONEGÓCIO S.A.,3ª,2031-02-17,"DI + 1,2%",4.9301,5.5469,4.0312,0.01,919.45430432,90.71,672.4,2026-09-21
CRA024007Q4,CRA,SLC MÁQUINAS LTDA.,OPEA SECURITIZADORA S/A,2ª,2031-08-15,"DI + 1,2%",1.3384,1.974,0.7026,0.21,1009.91209107,99.63,677.72,2026-09-21
23C0247388,CRI,LOCALIZA RENT A CAR S.A.,RIZA SECURITIZADORA S.A.,1ª,2028-03-10,"DI + 1,25%",0.6141,0.8461,,0.12,1012.61142686,100.86,343.63,2026-09-21
23G0009601,CRI,DIMED S.A.,OPEA SECURITIZADORA S/A,1ª,2028-07-27,"DI + 1,3%",0.2804,,0.0036,0.0,825.46291026,101.03,255.68,2026-09-21
23C0247702,CRI,LOCALIZA RENT A CAR S.A.,RIZA SECURITIZADORA S.A.,2ª,2030-03-11,"DI + 1,4%",0.5362,,,0.2,1028.37058576,102.43,707.75,2026-09-21
CRA022008NF,CRA,IRANI PAPEL E EMBALAGEM S.A.,ECO SECURITIZADORA DE DIREITOS CREDITÓRIOS DO AGRONEGÓCIO S.A.,1ª,2027-08-16,"DI + 1,4%",1.0186,1.714,0.7196,0.26,1017.11227088,100.33,216.61,2026-09-21
CRA023002GX,CRA,INTEGRADA COOPERATIVA AGROINDUSTRIAL,ECO SECURITIZADORA DE DIREITOS CREDITÓRIOS DO AGRONEGÓCIO S.A.,1ª,2028-05-15,"DI + 1,4%",1.4492,2.875,0.6256,0.0,420.96100577,99.95,269.48,2026-09-21
23J1127308,CRI,MOVIDA PARTICIPAÇÕES S.A.,OPEA SECURITIZADORA S/A,1ª,2028-10-16,"DI + 1,45%",4.4175,4.5,,0.27,1013.93944747,95.14,434.44,2026-09-21
22C1235206,CRI,HAVAN S.A.,OPEA SECURITIZADORA S/A,463ª,2027-04-27,"DI + 1,5%",0.7866,0.9077,0.5411,0.08,1013.81263312,100.39,140.55,2026-09-21
23I1257218,CRI,JSL S.A.,OPEA SECURITIZADORA S/A,2ª,2030-09-16,"DI + 1,5%",4.691,,,1.8,910.68900586,90.86,774.42,2026-09-21
CRA0220080Y,CRA,NEOMILLE S.A.,ECO SECURITIZADORA DE DIREITOS CREDITÓRIOS DO AGRONEGÓCIO S.A.,1ª,2028-04-03,"DI + 1,5%",1.75,2.5963,0.8963,0.0,427.96174784,99.77,239.92,2026-09-21
CRA02300G7E,CRA,MARFRIG GLOBAL FOODS S.A.,ECO SECURITIZADORA DE DIREITOS CREDITÓRIOS DO AGRONEGÓCIO S.A.,2ª,2028-08-15,"DI + 1,5%",2.3428,3.0594,2.0,0.32,999.79639348,98.61,426.83,2026-09-21
CRA02300MJ9,CRA,MINERVA S.A.,RIZA SECURITIZADORA S.A.,1ª,2028-09-15,"DI + 1,5%",2.5717,2.6745,1.0997,0.61,983.74483916,98.15,448.4,2026-09-21
CRA024003UY,CRA,LAR COOPERATIVA AGROINDUSTRIAL,ECO SECURITIZADORA DE DIREITOS CREDITÓRIOS DO AGRONEGÓCIO S.A.,2ª,2029-04-16,"DI + 1,55%",1.6906,1.8983,1.1733,0.05,999.86071672,99.76,446.02,2026-09-21
CRA0240020A,CRA,VICUNHA TÊXTIL S.A.,RIZA SECURITIZADORA S.A.,1ª,2029-02-15,"DI + 1,6%",3.1191,3.9544,1.6126,0.24,983.50801748,96.99,517.94,2026-09-21
CRA0240099E,CRA,VALE DO TIJUCO AÇÚCAR E ÁLCOOL S.A.,ECO SECURITIZADORA DE DIREITOS CREDITÓRIOS DO AGRONEGÓCIO S.A.,1ª,2034-10-16,"DI + 1,6%",2.1972,,,0.11,1042.76089878,97.78,961.08,2026-09-21
CRA025009KJ,CRA,Salton,OPEA SECURITIZADORA S/A,1ª,2031-12-09,"DI + 1,6%",2.4,,2.25,1.56,984.70376805,98.07,624.06,2026-09-21
24A2720884,CRI,DIAGNÓSTICAS DA AMÉRICA S.A.,VERT COMPANHIA SECURITIZADORA,1ª,2029-01-15,"DI + 1,63%",4.8012,7.2238,3.0405,1.17,967.5041137,94.13,494.59,2026-09-21
22L1465644,CRI,ÂNIMA HOLDING S.A.,RIZA SECURITIZADORA S.A.,1ª,2027-12-15,"DI + 1,65%",2.2838,2.5,1.9,0.19,995.35168436,99.3,283.48,2026-09-21
CRA0230073L,CRA,J. MACÊDO S.A.,RIZA SECURITIZADORA S.A.,1ª,2028-04-17,"DI + 1,65%",0.7972,1.4,0.6627,0.19,804.47816622,100.63,187.8,2026-09-21
22J0000801,CRI,TRISUL S.A.,TRUE SECURITIZADORA S/A,1ª,2027-12-15,"DI + 1,7%",,,,,,,,2026-09-21
23F0012002,CRI,LOG COMMERCIAL PROPERTIES E PARTICIPAÇÕES S.A.,OPEA SECURITIZADORA S/A,1ª,2028-06-26,"DI + 1,7%",1.1215,,,0.08,695.00291979,100.64,280.13,2026-09-21
23L2043099,CRI,Unidas,OPEA SECURITIZADORA S/A,1ª,2028-12-15,"DI + 1,7%",,,,,,,,2026-09-21
CRA02300VBT,CRA,UNIDAS LOCAÇÕES E SERVIÇOS S.A.,OPEA SECURITIZADORA S/A,1ª,2028-12-15,"DI + 1,7%",1.3267,1.9347,0.468,0.19,1048.76992468,100.7,477.7,2026-09-21
CRA022008NH,CRA,IRANI PAPEL E EMBALAGEM S.A.,ECO SECURITIZADORA DE DIREITOS CREDITÓRIOS DO AGRONEGÓCIO S.A.,2ª,2029-08-15,"DI + 1,75%",0.9731,1.5569,0.5569,0.08,1030.22856944,101.59,517.51,2026-09-21
CRA0230012X,CRA,VALE DO PONTAL AÇÚCAR E ETANOL S.A.,ECO SECURITIZADORA DE DIREITOS CREDITÓRIOS DO AGRONEGÓCIO S.A.,1ª,2031-02-17,"DI + 1,8%",2.1615,2.7894,,0.13,1003.42110318,98.94,758.16,2026-09-21
CRA0240005N,CRA,CEREAL COMÉRCIO EXPORTAÇÃO E REPRESENTAÇÃO AGROPECUÁRIA S.A.,RIZA SECURITIZADORA S.A.,1ª,2029-01-15,"DI + 1,8%",1.6544,2.2922,0.8088,0.34,1029.89423338,100.17,293.82,2026-09-21
24K0003002,CRI,PATRIMAR ENGENHARIA S.A.,RIZA SECURITIZADORA S.A.,1ª,2029-11-23,"DI + 1,95%",4.1914,4.6994,3.9196,1.16,1003.83412559,95.44,538.63,2026-09-21
CRA02300Q8I,CRA,CAPAL COOPERATIVA AGROINDUSTRIAL,OPEA SECURITIZADORA S/A,1ª,2029-05-17,"DI + 1,95%",1.5935,2.4063,0.9647,0.13,603.71932962,100.5,359.65,2026-09-21
23H1023846,CRI,BR PROPERTIES S.A.,OPEA SECURITIZADORA S/A,1ª,2031-08-15,DI + 2%,1.3615,1.5811,1.1008,0.05,935.58819973,101.76,703.33,2026-09-21
23J1333602,CRI,PATRIMAR ENGENHARIA S.A.,RIZA SECURITIZADORA S.A.,1ª,2028-10-20,DI + 2%,5.381,,,0.28,1034.86632592,97.05,228.92,2026-09-21
CRA022001P6,CRA,USINA BATATAIS S.A.,RIZA SECURITIZADORA S.A.,1ª,2028-04-20,DI + 2%,1.334,2.0616,0.5216,0.05,1021.27670455,100.92,351.88,2026-09-21
CRA022008C2,CRA,VICUNHA TÊXTIL S.A.,RIZA SECURITIZADORA S.A.,2ª,2027-08-16,DI + 2%,3.2161,3.8283,2.3522,0.64,502.07109395,98.99,216.21,2026-09-21
CRA02300S8P,CRA,FS INDÚSTRIA DE BIOCOMBUSTÍVEIS LTDA.,ECO SECURITIZADORA DE DIREITOS CREDITÓRIOS DO AGRONEGÓCIO S.A.,2ª,2030-06-17,DI + 2%,3.9544,4.1127,3.334,0.41,949.7167192,94.75,713.13,2026-09-21
CRA024000B7,CRA,FS INDÚSTRIA DE BIOCOMBUSTÍVEIS LTDA.,ECO SECURITIZADORA DE DIREITOS CREDITÓRIOS DO AGRONEGÓCIO S.A.,2ª,2030-07-15,DI + 2%,4.1238,4.5854,3.25,0.03,944.52561597,94.23,723.03,2026-09-21
23D0005401,CRI,ORIGINAL HOLDING S.A,OPEA SECURITIZADORA S/A,1ª,2028-04-15,"DI + 2,05%",,,,,,,,2026-09-21
CRA02300BQD,CRA,GJA INDÚSTRIAS S.A.,RIZA SECURITIZADORA S.A.,1ª,2029-07-16,"DI + 2,25%",5.2337,,5.0013,0.25,584.24403789,97.14,252.31,2026-09-21
CRA025000MJ,CRA,Integrada Cooperativa Agroindustrial,ECO SECURITIZADORA DE DIREITOS CREDITÓRIOS DO AGRONEGÓCIO S.A.,2ª,2029-05-15,"DI + 2,35%",2.2535,3.1,1.4,0.0,793.35010192,100.13,349.39,2026-09-21
22L1212138,CRI,LAR COOPERATIVA AGROINDUSTRIAL,HABITASEC SECURITIZADORA S.A.,2ª,2034-12-19,"DI + 2,45%",2.0145,3.002,1.868,0.58,912.14736806,101.23,722.3,2026-09-21
CRA02300KZL,CRA,FLORA PRODUTOS DE HIGIENE E LIMPEZA S.A.,OPEA SECURITIZADORA S/A,1ª,2029-10-15,"DI + 2,5%",1.7273,2.4616,0.8,0.17,787.61026932,101.02,336.79,2026-09-21
CRA024005K1,CRA,Natural One S.A.,ECO SECURITIZADORA DE DIREITOS CREDITÓRIOS DO AGRONEGÓCIO S.A.,1ª,2029-05-25,"DI + 2,5%",,,,,,,,2026-09-21
CRA02300795,CRA,FS INDÚSTRIA DE BIOCOMBUSTÍVEIS LTDA.,ECO SECURITIZADORA DE DIREITOS CREDITÓRIOS DO AGRONEGÓCIO S.A.,1ª,2029-10-15,"DI + 2,9%",3.9465,4.2542,3.3166,0.09,978.23677026,97.58,609.58,2026-09-21
CRA02300CCH,CRA,FS INDÚSTRIA DE BIOCOMBUSTÍVEIS LTDA.,ECO SECURITIZADORA DE DIREITOS CREDITÓRIOS DO AGRONEGÓCIO S.A.,1ª,2029-12-17,"DI + 2,9%",3.9929,4.392,3.3222,0.03,976.13471849,97.37,634.86,2026-09-21
CRA0250040I,CRA,Natural One S.A,ECO SECURITIZADORA DE DIREITOS CREDITÓRIOS DO AGRONEGÓCIO S.A.,1ª,2029-06-15,"DI + 2,9%",5.2771,,3.5,1.93,1010.38857385,96.7,368.29,2026-09-21
CRA0220099D,CRA,CENTRAL CRESOL BASER,ECO SECURITIZADORA DE DIREITOS CREDITÓRIOS DO AGRONEGÓCIO S.A.,1ª,2027-12-15,"DI + 2,95%",1.1382,1.96,0.453,0.04,352.50348388,101.2,170.16,2026-09-21
CRA023003JX,CRA,OLFAR S.A.,RIZA SECURITIZADORA S.A.,1ª,2029-03-15,DI + 3%,2.1071,3.52,1.348,0.09,724.18214063,101.13,325.45,2026-09-21
CRA0240086H,CRA,DISTRIBUIDORA DE PRODUTOS DE PETRÓLEO CHARRUA LTDA.,OPEA SECURITIZADORA S/A,1ª,2029-08-23,DI + 3%,2.8254,3.6308,1.9246,0.29,1015.5780273,100.34,507.58,2026-09-21
CRA0250012Y,CRA,FS FLORESTAL S.A.,ECO SECURITIZADORA DE DIREITOS CREDITÓRIOS DO AGRONEGÓCIO S.A.,2ª,2031-03-17,DI + 3%,3.7508,,3.25,0.35,979.54426987,97.71,802.95,2026-09-21
23F0012602,CRI,FARMACIA E DROGARIA NISSEI S.A.,OPEA SECURITIZADORA S/A,1ª,2028-06-22,"DI + 3,5%",,,,,,,,2026-09-21
CRA022000RU,CRA,MADERO INDÚSTRIA E COMÉRCIO S.A.,ECO SECURITIZADORA DE DIREITOS CREDITÓRIOS DO AGRONEGÓCIO S.A.,2ª,2027-03-15,"DI + 3,5%",3.7582,4.125,,0.19,139.80757818,99.93,66.45,2026-09-21
CRA024002MM,CRA,USINA SANTA FÉ S.A.,ECO SECURITIZADORA DE DIREITOS CREDITÓRIOS DO AGRONEGÓCIO S.A.,1ª,2029-12-17,DI + 4%,3.0567,4.2296,1.125,0.83,889.10388501,101.34,369.24,2026-09-21
CRA02400ECU,CRA,USINA CORURIPE AÇÚCAR E ÁLCOOL S.A.,ECO SECURITIZADORA DE DIREITOS CREDITÓRIOS DO AGRONEGÓCIO S.A.,5ª,2030-11-25,"DI + 4,1%",4.6057,5.0211,4.5877,0.45,4964.09615713,99.17,433.68,2026-09-21
CRA023001JL,CRA,PISANI PLÁSTICOS S.A.,ECO SECURITIZADORA DE DIREITOS CREDITÓRIOS DO AGRONEGÓCIO S.A.,1ª,2029-02-20,DI + 5%,4.0295,4.5894,3.2894,0.23,542.48853795,101.02,274.65,2026-09-21
CRA02300KOH,CRA,TECSOIL AUTOMAÇÃO E SISTEMAS S.A.,OPEA SECURITIZADORA S/A,1ª,2028-10-16,"DI + 5,5%",2.9866,3.9828,1.9666,0.14,712.50891762,102.3,239.16,2026-09-21
CRA02300JR6,CRA,RAÍZEN ENERGIA S.A.,TRUE SECURITIZADORA S/A,2ª,2033-10-17,IPCA + 0%,,,,,482.02028237,42.38,,2026-09-21
CRA019003JY,CRA,KLABIN S.A.,VERT COMPANHIA SECURITIZADORA,1ª,2029-06-15,"IPCA + 3,5%",7.1895,7.6209,6.7223,0.17,1395.20577524,94.35,415.39,2026-09-21
CRA019003V3,CRA,RAÍZEN ENERGIA S.A.,OPEA SECURITIZADORA S/A,2ª,2029-07-16,"IPCA + 3,602%",,,,,700.09910513,47.79,,2026-09-21
CRA021000MG,CRA,M. DIAS BRANCO S.A. INDÚSTRIA E COMÉRCIO DE ALIMENTOS,RIZA SECURITIZADORA S.A.,1ª,2028-03-15,"IPCA + 3,7992%",7.7449,8.1946,7.6427,0.07,1298.06139056,94.75,363.96,2026-09-21
CRA021000MH,CRA,M. DIAS BRANCO S.A. INDÚSTRIA E COMÉRCIO DE ALIMENTOS,RIZA SECURITIZADORA S.A.,2ª,2031-03-15,"IPCA + 4,1369%",8.2349,8.6134,8.2024,0.05,1209.98371451,88.32,806.24,2026-09-21
CRA02100002,CRA,COCAL COMÉRCIO INDÚSTRIA CANAÃ AÇÚCAR E ÁLCOOL LTDA.,RIZA SECURITIZADORA S.A.,2ª,2028-02-15,"IPCA + 4,2095%",8.4987,8.9263,7.2948,0.24,612.99703443,97.02,188.0,2026-09-21
CRA021000MB,CRA,COLOMBO AGROINDÚSTRIA S.A.,ECO SECURITIZADORA DE DIREITOS CREDITÓRIOS DO AGRONEGÓCIO S.A.,1ª,2027-03-15,"IPCA + 4,4474%",8.0466,8.9882,7.2801,0.16,666.77873819,98.43,118.0,2026-09-21
CRA021001PQ,CRA,MARFRIG GLOBAL FOODS S.A.,OPEA SECURITIZADORA S/A,1ª,2028-07-15,"IPCA + 4,5%",12.289,12.3031,11.7957,0.52,1169.65773775,88.25,437.58,2026-09-21
CRA019001E7,CRA,KLABIN S.A.,VERT COMPANHIA SECURITIZADORA,2ª,2029-03-15,"IPCA + 4,5081%",7.2895,7.6459,6.9852,0.18,1451.98496806,96.39,350.89,2026-09-21
CRA021001VA,CRA,MARFRIG GLOBAL FOODS S.A.,OPEA SECURITIZADORA S/A,2ª,2031-07-15,"IPCA + 4,6%",11.9938,12.3456,10.9066,0.92,1048.71313025,79.11,854.0,2026-09-21
21G0065100,CRI,ALIANSCE SONAE SHOPPING CENTERS S.A.,RB CAPITAL INVESTIMENTOS DTVM LTDA,347ª,2028-07-17,"IPCA + 4,6197%",8.0896,,7.8485,0.29,1256.68389038,94.5,436.8,2026-09-21
CRA0210013B,CRA,BRF S.A.,VERT COMPANHIA SECURITIZADORA,1ª,2031-05-15,"IPCA + 4,7843%",11.7998,11.9607,10.8929,0.99,1042.62464107,76.78,1015.67,2026-09-21
CRA021001KB,CRA,COMPANHIA DE LOCAÇÃO DAS AMÉRICAS,ECO SECURITIZADORA DE DIREITOS CREDITÓRIOS DO AGRONEGÓCIO S.A.,1ª,2031-07-15,"IPCA + 4,825%",7.8758,8.6351,7.268,0.2,1207.26815312,90.6,862.78,2026-09-21
CRA021002SO,CRA,IPIRANGA PRODUTOS DE PETRÓLEO S.A.,VERT COMPANHIA SECURITIZADORA,1ª,2028-09-15,"IPCA + 4,8287%",8.0102,8.6841,7.7148,0.08,1228.6065279,94.46,480.21,2026-09-21
21D0737500,CRI,DIRECIONAL ENGENHARIA S.A.,OPEA SECURITIZADORA S/A,371ª,2028-04-17,"IPCA + 4,8444%",7.5165,8.0479,7.4863,0.38,874.75367296,97.46,257.21,2026-09-21
21D0862572,CRI,REDE D'OR SÃO LUIZ S.A.,OPEA SECURITIZADORA S/A,324ª,2036-05-15,"IPCA + 4,9347%",8.2613,,8.0008,0.36,1102.60915178,80.7,1700.01,2026-09-21
21H1078699,CRI,SENDAS DISTRIBUIDORA S.A.,OPEA SECURITIZADORA S/A,428ª,2028-10-16,"IPCA + 5,1531%",10.5443,11.0567,9.9152,0.24,1187.64711284,90.79,485.62,2026-09-21
21H1078700,CRI,SENDAS DISTRIBUIDORA S.A.,OPEA SECURITIZADORA S/A,429ª,2031-10-15,"IPCA + 5,2662%",11.7472,12.0138,10.7102,0.27,1058.53795941,80.89,882.43,2026-09-21
CRA021000SC,CRA,COPERSUCAR S.A.,RIZA SECURITIZADORA S.A.,1ª,2028-05-15,"IPCA + 5,2893%",,,,,,,,2026-09-21
CRA020002GZ,CRA,BRF S.A.,VERT COMPANHIA SECURITIZADORA,1ª,2027-07-15,"IPCA + 5,3%",10.037,10.6843,8.4426,0.44,1398.64723438,96.57,199.77,2026-09-21
21D0694886,CRI,CONSTRUTORA TENDA S.A.,OPEA SECURITIZADORA S/A,378ª,2028-04-17,"IPCA + 5,3621%",8.8427,9.6465,8.7725,0.5,887.80488449,96.77,253.24,2026-09-21
CRA021002NF,CRA,PETROBRAS DISTRIBUIDORA S.A.,RIZA SECURITIZADORA S.A.,1ª,2031-09-15,"IPCA + 5,3995%",8.901,9.3608,8.5027,0.25,1162.06310104,88.82,909.54,2026-09-21
CRA020001P7,CRA,RAÍZEN ENERGIA S.A.,OPEA SECURITIZADORA S/A,1ª,2027-06-15,"IPCA + 5,4%",,,,,581.26606181,40.85,,2026-09-21
CRA021000RX,CRA,MINERVA S.A.,RIZA SECURITIZADORA S.A.,1ª,2028-04-17,"IPCA + 5,5034%",12.2115,,10.8385,1.11,1257.81336076,91.28,372.16,2026-09-21
21I0278118,CRI,LOG COMMERCIAL PROPERTIES E PARTICIPAÇÕES S.A.,RIZA SECURITIZADORA S.A.,362ª,2028-09-15,"IPCA + 5,5212%",10.9333,,10.1672,0.96,609.70800512,93.12,357.26,2026-09-21
21K0001806,CRI,REDE D'OR SÃO LUIZ S.A.,OPEA SECURITIZADORA S/A,396ª,2031-12-15,"IPCA + 5,5758%",8.2472,8.4524,8.0801,0.11,1167.41093333,91.12,932.24,2026-09-21
CRA021000RY,CRA,MINERVA S.A.,RIZA SECURITIZADORA S.A.,39ª,2031-04-15,"IPCA + 5,578%",11.2779,11.5973,10.6838,0.53,1169.02443375,84.81,780.68,2026-09-21
CRA020002H1,CRA,BRF S.A.,VERT COMPANHIA SECURITIZADORA,2ª,2030-07-15,"IPCA + 5,6%",11.5319,12.298,10.6101,1.15,1259.92789158,86.95,638.93,2026-09-21
CRA022002Y1,CRA,NORSA REFRIGERANTES S.A.,RIZA SECURITIZADORA S.A.,1ª,2027-03-15,"IPCA + 5,685%",7.2121,7.5502,7.0514,0.3,601.07076636,99.33,118.0,2026-09-21
CRA020003PY,CRA,"VAMOS LOCAÇÃO DE CAMINHÕES, MÁQUINAS E EQUIPAMENTOS S.A.",ECO SECURITIZADORA DE DIREITOS CREDITÓRIOS DO AGRONEGÓCIO S.A.,1ª,2030-11-18,"IPCA + 5,7315%",11.4735,12.8285,10.8706,1.35,1230.76433644,86.17,701.9,2026-09-21
21K0001812,CRI,ULTRA SOM SERVIÇOS MÉDICOS S.A.,RIZA SECURITIZADORA S.A.,378ª,2031-12-15,"IPCA + 5,7505%",20.8544,23.0085,17.9389,1.43,747.73713669,58.62,974.02,2026-09-21
CRA021002YA,CRA,CARAMURU ALIMENTOS S.A.,ECO SECURITIZADORA DE DIREITOS CREDITÓRIOS DO AGRONEGÓCIO S.A.,1ª,2027-09-15,"IPCA + 5,7641%",9.6047,10.816,8.187,0.17,247.10729718,96.63,242.51,2026-09-21
CRA020001P8,CRA,RAÍZEN ENERGIA S.A.,TRUE SECURITIZADORA S/A,2ª,2030-06-17,"IPCA + 5,8%",,,,,588.67980586,41.33,,2026-09-21
22D1289007,CRI,REDE D'OR SÃO LUIZ S.A.,OPEA SECURITIZADORA S/A,508ª,2029-06-15,"IPCA + 5,83%",7.9616,8.2593,7.65,0.12,1150.5853237,95.13,630.12,2026-09-21
22D1289010,CRI,CYRELA BRAZIL REALTY S.A.,OPEA SECURITIZADORA S/A,490ª,2027-06-15,"IPCA + 5,9068%",6.7124,,,0.25,1224.30539671,99.47,177.48,2026-09-21
CRA022002Y2,CRA,NORSA REFRIGERANTES S.A.,RIZA SECURITIZADORA S.A.,2ª,2029-03-15,"IPCA + 5,9169%",8.4702,8.7961,8.2916,0.36,1157.48719865,95.64,470.96,2026-09-21
CRA022006N5,CRA,IPIRANGA PRODUTOS DE PETRÓLEO S.A.,VERT COMPANHIA SECURITIZADORA,1ª,2032-06-15,"IPCA + 6,0053%",8.3974,9.026,7.9323,0.31,1103.34998429,91.33,1017.93,2026-09-21
22D1289008,CRI,REDE D'OR SÃO LUIZ S.A.,OPEA SECURITIZADORA S/A,509ª,2032-06-15,"IPCA + 6,01%",8.2097,8.489,7.8706,0.12,1113.15723382,91.99,1018.76,2026-09-21
CRA022002Y3,CRA,NORSA REFRIGERANTES S.A.,RIZA SECURITIZADORA S.A.,3ª,2032-03-15,"IPCA + 6,0392%",8.5278,8.6915,8.3071,0.21,1104.83199969,91.29,985.64,2026-09-21
CRA022002XN,CRA,JBS S.A.,RIZA SECURITIZADORA S.A.,3ª,2037-04-15,"IPCA + 6,0953%",,,,,,,,2026-09-21
21K0001807,CRI,REDE D'OR SÃO LUIZ S.A.,OPEA SECURITIZADORA S/A,397ª,2036-12-15,"IPCA + 6,1017%",8.3954,8.6413,8.0524,0.12,1105.50287541,86.17,1726.95,2026-09-21
22D1289011,CRI,CYRELA BRAZIL REALTY S.A.,OPEA SECURITIZADORA S/A,491ª,2029-06-15,"IPCA + 6,128%",,,,,,,,2026-09-21
22K0001201,CRI,PETRÓLEO BRASILEIRO S.A. - PETROBRAS,OPEA SECURITIZADORA S/A,1ª,2030-04-15,"IPCA + 6,2%",7.2467,7.4098,7.1561,0.06,1186.17098565,96.92,804.08,2026-09-21
23H0027403,CRI,REDE D'OR SÃO LUIZ S.A.,OPEA SECURITIZADORA S/A,2ª,2030-08-15,"IPCA + 6,2%",8.2321,8.4346,7.9614,0.04,1078.34137333,93.63,873.33,2026-09-21
CRA022006MY,CRA,Dexco S.A.,ECO SECURITIZADORA DE DIREITOS CREDITÓRIOS DO AGRONEGÓCIO S.A.,2ª,2032-06-15,"IPCA + 6,2%",,,,,,,,2026-09-21
22K0001203,CRI,PETRÓLEO BRASILEIRO S.A. - PETROBRAS,OPEA SECURITIZADORA S/A,2ª,2032-11-16,"IPCA + 6,25%",7.4761,7.6203,,0.21,1184.54457367,94.44,1250.88,2026-09-21
22E1325262,CRI,HYPERA S.A.,OPEA SECURITIZADORA S/A,2ª,2029-08-15,"IPCA + 6,279%",8.5439,8.7448,8.3399,0.1,1132.1546052,94.54,669.65,2026-09-21
CRA021002YF,CRA,J. MACÊDO S.A.,ECO SECURITIZADORA DE DIREITOS CREDITÓRIOS DO AGRONEGÓCIO S.A.,1ª,2026-11-16,"IPCA + 6,3071%",9.3948,11.2414,7.2075,0.69,61.10814547,99.69,27.43,2026-09-21
CRA02300S35,CRA,CAMIL ALIMENTOS S.A.,ECO SECURITIZADORA DE DIREITOS CREDITÓRIOS DO AGRONEGÓCIO S.A.,2ª,2030-11-18,"IPCA + 6,3416%",12.3656,12.8983,11.4246,0.78,973.46822176,83.85,797.82,2026-09-21
22C1362141,CRI,MATEUS SUPERMERCADOS S.A.,OPEA SECURITIZADORA S/A,1ª,2034-07-17,"IPCA + 6,3423%",10.3434,,9.8414,0.23,822.43435028,88.62,802.51,2026-09-21
22B0004808,CRI,CSN CIMENTOS S.A.,RIZA SECURITIZADORA S.A.,417ª,2032-02-16,"IPCA + 6,3893%",16.9096,19.4765,12.1664,0.76,870.27413659,70.1,927.94,2026-09-21
CRA022008N6,CRA,JBS S.A.,RIZA SECURITIZADORA S.A.,2ª,2032-09-15,"IPCA + 6,3919%",9.0548,10.5336,7.5374,0.09,1079.04908286,89.96,1072.39,2026-09-21
22K0001204,CRI,PETRÓLEO BRASILEIRO S.A. - PETROBRAS,OPEA SECURITIZADORA S/A,3ª,2037-11-16,"IPCA + 6,4%",,,,,,,,2026-09-21
24B0013203,CRI,CIDADE MARAVILHOSA INDÚSTRIA E COMÉRCIO DE ROUPAS S.A.,RIZA SECURITIZADORA S.A.,3ª,2030-02-15,"IPCA + 6,4%",10.9071,,10.3111,0.84,1007.64700935,89.62,662.59,2026-09-21
CRA02300CYS,CRA,BANCO BTG PACTUAL S.A.,OPEA SECURITIZADORA S/A,3ª,2033-07-15,"IPCA + 6,4338%",7.2957,7.4992,7.0629,0.15,1109.66660879,95.63,1390.22,2026-09-21
22E1325264,CRI,HYPERA S.A.,OPEA SECURITIZADORA S/A,3ª,2032-08-16,"IPCA + 6,4451%",8.6849,9.1594,,0.08,1097.42513443,91.63,1052.29,2026-09-21
CRA024001P6,CRA,JSL S.A.,ECO SECURITIZADORA DE DIREITOS CREDITÓRIOS DO AGRONEGÓCIO S.A.,2ª,2031-02-17,"IPCA + 6,4527%",13.299,14.0109,12.3229,0.16,932.52189312,82.84,752.41,2026-09-21
22E1095384,CRI,MRV ENGENHARIA E PARTICIPAÇÕES S.A.,OPEA SECURITIZADORA S/A,1ª,2030-09-16,"IPCA + 6,4802%",12.2889,,11.5778,0.28,1034.29266859,86.62,675.23,2026-09-21
21J0001208,CRI,TENDA ATACADO S.A.,RIZA SECURITIZADORA S.A.,306ª,2026-10-15,"IPCA + 6,4803%",12.224,,11.1169,0.7,439.64604612,99.65,17.0,2026-09-21
22F0009804,CRI,DIRECIONAL ENGENHARIA S.A.,OPEA SECURITIZADORA S/A,1ª,2032-06-15,"IPCA + 6,4899%",8.6078,8.9086,8.2503,0.14,1115.6797563,92.39,1008.18,2026-09-21
22F0009409,CRI,GJA INDÚSTRIAS S.A.,RIZA SECURITIZADORA S.A.,1ª,2029-06-15,"IPCA + 6,5%",12.0354,,11.5568,0.95,1071.82413413,90.12,514.84,2026-09-21
CRA022003JT,CRA,BEM BRASIL ALIMENTOS S.A.,ECO SECURITIZADORA DE DIREITOS CREDITÓRIOS DO AGRONEGÓCIO S.A.,1ª,2029-05-15,"IPCA + 6,5348%",9.4509,10.1836,8.0791,0.11,1173.49963744,96.0,378.71,2026-09-21
CRA022004MS,CRA,"VAMOS LOCAÇÃO DE CAMINHÕES, MÁQUINAS E EQUIPAMENTOS S.A.",ECO SECURITIZADORA DE DIREITOS CREDITÓRIOS DO AGRONEGÓCIO S.A.,1ª,2032-05-17,"IPCA + 6,5473%",13.6158,14.003,12.5904,0.97,951.30980055,77.92,960.65,2026-09-21
23H0027404,CRI,REDE D'OR SÃO LUIZ S.A.,OPEA SECURITIZADORA S/A,3ª,2033-08-15,"IPCA + 6,55%",8.2741,8.5756,7.9328,0.24,1064.87784708,92.43,1229.19,2026-09-21
CRA022008NB,CRA,RAÍZEN ENERGIA S.A.,OPEA SECURITIZADORA S/A,1ª,2032-08-16,"IPCA + 6,5885%",,,,,580.20016746,47.92,,2026-09-21
22B0006022,CRI,MRV ENGENHARIA E PARTICIPAÇÕES S.A.,RIZA SECURITIZADORA S.A.,442ª,2029-02-15,"IPCA + 6,5954%",11.8348,,11.3036,0.51,1142.5900428,91.81,447.13,2026-09-21
CRA024004SA,CRA,JBS S.A.,RIZA SECURITIZADORA S.A.,2ª,2034-05-15,"IPCA + 6,5975%",9.2364,10.4527,7.9159,0.35,979.01754168,86.55,1468.89,2026-09-21
22J0306937,CRI,DIAGNÓSTICOS DA AMÉRICA S.A.,VERT COMPANHIA SECURITIZADORA,2ª,2029-10-15,"IPCA + 6,6%",13.2153,14.845,11.5992,0.55,1041.78015042,84.93,678.94,2026-09-21
CRA02300G7F,CRA,MARFRIG GLOBAL FOODS S.A.,ECO SECURITIZADORA DE DIREITOS CREDITÓRIOS DO AGRONEGÓCIO S.A.,3ª,2030-08-15,"IPCA + 6,6%",12.3472,12.6593,12.2167,0.33,962.81010739,83.49,859.75,2026-09-21
CRA022008C7,CRA,COMPANHIA DE LOCAÇÃO DAS AMÉRICAS,ECO SECURITIZADORA DE DIREITOS CREDITÓRIOS DO AGRONEGÓCIO S.A.,1ª,2028-09-15,"IPCA + 6,6018%",8.357,8.8506,7.9355,0.43,1162.27140982,96.97,474.48,2026-09-21
24E1835896,CRI,HSL,TRUE SECURITIZADORA S/A,1ª,2034-06-15,"IPCA + 6,6075%",,,,,,,,2026-09-21
CRA022007KI,CRA,COCAL COMÉRCIO INDÚSTRIA CANAÃ AÇÚCAR E ÁLCOOL LTDA.,RIZA SECURITIZADORA S.A.,1ª,2030-08-15,"IPCA + 6,6234%",11.1437,11.6473,10.43,0.45,1073.85263008,89.7,654.96,2026-09-21
CRA02300JG3,CRA,JBS S.A.,RIZA SECURITIZADORA S.A.,3ª,2030-09-16,"IPCA + 6,6441%",9.0238,10.3847,7.5443,0.04,1056.75394915,92.5,887.79,2026-09-21
CRA022008N7,CRA,JBS S.A.,RIZA SECURITIZADORA S.A.,3ª,2037-09-15,"IPCA + 6,6614%",9.6313,10.318,8.904,0.56,982.37441815,81.89,1793.31,2026-09-21
CRA022000XF,CRA,MARFRIG GLOBAL FOODS S.A.,ECO SECURITIZADORA DE DIREITOS CREDITÓRIOS DO AGRONEGÓCIO S.A.,3ª,2032-01-15,"IPCA + 6,663%",11.9196,12.2119,11.1014,0.46,1054.15037984,83.7,921.46,2026-09-21
CRA02300JG4,CRA,JBS S.A.,RIZA SECURITIZADORA S.A.,4ª,2033-09-15,"IPCA + 6,6634%",9.1001,10.3507,7.7785,0.14,1021.3139581,89.4,1241.0,2026-09-21
24F1277567,CRI,DIRECIONAL ENGENHARIA S.A.,OPEA SECURITIZADORA S/A,2ª,2031-07-15,"IPCA + 6,6747%",8.5786,8.9124,8.2558,0.06,1040.33525244,93.6,938.38,2026-09-21
23L1737622,CRI,REDE D'OR SÃO LUIZ S.A.,OPEA SECURITIZADORA S/A,1ª,2033-12-15,"IPCA + 6,6941%",8.242,,7.738,0.17,1072.76814886,92.98,1266.32,2026-09-21
22G1414303,CRI,SENDAS DISTRIBUIDORA S.A.,OPEA SECURITIZADORA S/A,3ª,2029-09-17,"IPCA + 6,7%",11.2813,,10.5527,0.33,1088.20092772,90.78,577.81,2026-09-21
CRA022008ND,CRA,RAÍZEN ENERGIA S.A.,OPEA SECURITIZADORA S/A,2ª,2037-08-17,"IPCA + 6,7382%",,,,,478.70820928,39.5,,2026-09-21
CRA0240066J,CRA,SLC AGRICOLA II,RIZA SECURITIZADORA S.A.,3ª,2031-07-15,"IPCA + 6,7469%",9.4301,9.8443,9.1078,0.07,1013.96634134,91.03,950.3,2026-09-21
22J0306938,CRI,DIAGNÓSTICOS DA AMÉRICA S.A.,VERT COMPANHIA SECURITIZADORA,3ª,2032-10-15,"IPCA + 6,75%",13.1566,15.3291,10.8183,0.38,964.03958794,78.54,1023.46,2026-09-21
CRA0240020C,CRA,VICUNHA II,RIZA SECURITIZADORA S.A.,3ª,2031-02-15,"IPCA + 6,7641%",,,,,,,,2026-09-21
22G1136492,CRI,REDE D'OR SÃO LUIZ S.A.,OPEA SECURITIZADORA S/A,3ª,2037-07-15,"IPCA + 6,7692%",,,,,,,,2026-09-21
CRA022007EP,CRA,KLABIN S.A.,VERT COMPANHIA SECURITIZADORA,1ª,2034-05-15,"IPCA + 6,7694%",7.6642,8.0171,7.4433,0.15,1152.9276028,95.18,1485.63,2026-09-21
CRA024004SB,CRA,JBS S.A.,RIZA SECURITIZADORA S.A.,3ª,2039-05-16,"IPCA + 6,7825%",8.8855,10.1753,7.3137,0.06,970.69046419,85.76,1941.76,2026-09-21
CRA0240086K,CRA,SEARA ALIMENTOS LTDA.,RIZA SECURITIZADORA S.A.,2ª,2034-09-15,"IPCA + 6,7931%",8.929,9.8903,8.2656,0.27,968.08552054,88.41,1552.19,2026-09-21
CRA024002ML,CRA,MARFRIG GLOBAL FOODS S.A.,ECO SECURITIZADORA DE DIREITOS CREDITÓRIOS DO AGRONEGÓCIO S.A.,3ª,2034-03-15,"IPCA + 6,7996%",12.1322,12.6491,11.0096,0.97,864.56400432,77.55,1289.22,2026-09-21
22I0970804,CRI,NATURA COSMÉTICOS S.A.,RIZA SECURITIZADORA S.A.,2ª,2029-09-17,"IPCA + 6,8%",8.864,,8.7401,0.1,1138.9802053,94.91,687.35,2026-09-21
CRA0240066B,CRA,CAMIL ALIMENTOS S.A.,ECO SECURITIZADORA DE DIREITOS CREDITÓRIOS DO AGRONEGÓCIO S.A.,2ª,2031-06-16,"IPCA + 6,8286%",11.9885,,10.8426,0.08,947.27455875,84.31,902.53,2026-09-21
CRA0220079D,CRA,BRF S.A.,VERT COMPANHIA SECURITIZADORA,2ª,2032-07-15,"IPCA + 6,8344%",12.5177,12.7555,12.0931,0.31,990.90182765,81.11,1003.0,2026-09-21
CRA0240086L,CRA,SEARA ALIMENTOS LTDA.,RIZA SECURITIZADORA S.A.,3ª,2044-09-15,"IPCA + 6,8408%",9.3982,9.7698,8.7433,0.44,873.02600314,79.73,2316.92,2026-09-21
CRA022006HK,CRA,SÃO SALVADOR ALIMENTOS S.A.,ECO SECURITIZADORA DE DIREITOS CREDITÓRIOS DO AGRONEGÓCIO S.A.,2ª,2030-07-15,"IPCA + 6,8911%",8.5276,9.3047,7.5874,0.35,1155.4351229,96.22,636.63,2026-09-21
22I0970868,CRI,NATURA COSMÉTICOS S.A.,RIZA SECURITIZADORA S.A.,3ª,2032-09-15,"IPCA + 6,9%",9.0062,9.4918,,0.16,1104.77988942,92.06,1063.76,2026-09-21
23L1737623,CRI,REDE D'OR SÃO LUIZ S.A.,OPEA SECURITIZADORA S/A,2ª,2038-12-15,"IPCA + 6,9527%",8.3501,,7.9019,0.18,1044.34078453,90.46,1921.62,2026-09-21
CRA022004S9,CRA,"VAMOS LOCAÇÃO DE CAMINHÕES, MÁQUINAS E EQUIPAMENTOS S.A.",ECO SECURITIZADORA DE DIREITOS CREDITÓRIOS DO AGRONEGÓCIO S.A.,2ª,2037-05-15,"IPCA + 6,9739%",12.7873,,12.1892,0.92,858.05484463,70.18,1606.18,2026-09-21
CRA02300JG5,CRA,JBS S.A.,RIZA SECURITIZADORA S.A.,5ª,2038-09-15,"IPCA + 6,9938%",9.6768,10.349,8.9493,0.58,945.21977641,82.73,1883.66,2026-09-21
CRA024004SC,CRA,JBS S.A.,RIZA SECURITIZADORA S.A.,4ª,2044-05-16,"IPCA + 6,9947%",9.5112,10.4802,8.6939,0.51,915.46095213,80.83,2212.32,2026-09-21
CRA022004XY,CRA,USINA CERRADÃO S.A.,ECO SECURITIZADORA DE DIREITOS CREDITÓRIOS DO AGRONEGÓCIO S.A.,1ª,2028-05-15,"IPCA + 6,9949%",7.8669,8.365,,0.04,807.86338936,99.13,271.3,2026-09-21
22F0009410,CRI,GJA INDÚSTRIAS S.A.,RIZA SECURITIZADORA S.A.,2ª,2032-06-15,IPCA + 7%,11.6132,,,0.26,1006.14525356,84.59,987.29,2026-09-21
23F1519397,CRI,MOVIDA PARTICIPAÇÕES S.A.,OPEA SECURITIZADORA S/A,3ª,2028-06-16,IPCA + 7%,13.091,13.788,,0.43,1069.98656535,91.41,408.0,2026-09-21
24G1674104,CRI,JHSF PARTICIPAÇÕES S.A.,OPEA SECURITIZADORA S/A,4ª,2034-07-17,"IPCA + 7,0163%",8.6892,9.0116,8.4272,0.04,902.795507,93.27,1117.58,2026-09-21
CRA02200C6Y,CRA,MARFRIG GLOBAL FOODS S.A.,ECO SECURITIZADORA DE DIREITOS CREDITÓRIOS DO AGRONEGÓCIO S.A.,1ª,2029-10-15,"IPCA + 7,0383%",12.258,12.3605,11.7879,0.58,1072.62729956,87.95,675.96,2026-09-21
CRA024007PU,CRA,SOROCABA REFRESCOS S.A.,ECO SECURITIZADORA DE DIREITOS CREDITÓRIOS DO AGRONEGÓCIO S.A.,2ª,2034-08-15,"IPCA + 7,05%",9.7468,10.2606,9.4051,0.37,963.55888626,87.29,1361.68,2026-09-21
22K0934880,CRI,BCBF PARTICIPAÇÕES S.A.,RIZA SECURITIZADORA S.A.,2ª,2029-12-17,"IPCA + 7,0913%",20.5363,21.5412,17.7318,3.76,863.03778969,71.5,704.25,2026-09-21
CRA022006HE,CRA,AÇO VERDE DO BRASIL S.A.,RIZA SECURITIZADORA S.A.,1ª,2029-06-15,"IPCA + 7,1543%",10.1272,10.8329,9.7324,0.44,1159.00578583,95.75,397.69,2026-09-21
CRA023000RT,CRA,"VAMOS LOCAÇÃO DE CAMINHÕES, MÁQUINAS E EQUIPAMENTOS S.A.",ECO SECURITIZADORA DE DIREITOS CREDITÓRIOS DO AGRONEGÓCIO S.A.,3ª,2030-01-15,"IPCA + 7,1638%",13.9782,14.6726,12.6621,0.2,994.65691394,83.47,733.37,2026-09-21
CRA022006BU,CRA,CARAMURU ALIMENTOS S.A.,ECO SECURITIZADORA DE DIREITOS CREDITÓRIOS DO AGRONEGÓCIO S.A.,1ª,2029-07-16,"IPCA + 7,2043%",10.4448,11.4949,8.9568,1.13,685.08488813,95.19,414.33,2026-09-21
CRA0220073P,CRA,MINERVA S.A.,RIZA SECURITIZADORA S.A.,1ª,2029-07-16,"IPCA + 7,2063%",11.8863,12.1293,11.1732,0.85,1077.10739522,89.72,637.89,2026-09-21
CRA025000ME,CRA,SEARA ALIMENTOS LTDA.,RIZA SECURITIZADORA S.A.,2ª,2045-02-15,"IPCA + 7,2266%",,,,,,,,2026-09-21
CRA0240066K,CRA,BRF S.A.,ECO SECURITIZADORA DE DIREITOS CREDITÓRIOS DO AGRONEGÓCIO S.A.,3ª,2034-06-15,"IPCA + 7,2336%",11.6997,12.1393,10.9547,1.02,907.89433877,80.81,1289.64,2026-09-21
22K0934889,CRI,BCBF PARTICIPAÇÕES S.A.,RIZA SECURITIZADORA S.A.,3ª,2034-12-15,"IPCA + 7,2792%",20.6369,23.0284,17.3653,1.44,651.31390844,53.93,1228.35,2026-09-21
CRA024001QA,CRA,ZAMP S.A.,RIZA SECURITIZADORA S.A.,3ª,2029-02-15,"IPCA + 7,3%",8.8683,,,0.17,1099.37468066,96.84,556.97,2026-09-21
CRA024007Q5,CRA,SLC MÁQUINAS LTDA.,OPEA SECURITIZADORA S/A,3ª,2031-08-15,"IPCA + 7,31%",9.9503,10.3011,9.2619,0.58,1030.3860573,93.01,746.55,2026-09-21
CRA02200C6Z,CRA,MARFRIG GLOBAL FOODS S.A.,ECO SECURITIZADORA DE DIREITOS CREDITÓRIOS DO AGRONEGÓCIO S.A.,2ª,2032-10-15,"IPCA + 7,3352%",12.2395,12.6191,11.0107,0.28,1016.67775933,83.26,1017.14,2026-09-21
24A2721507,CRI,DASA,VERT COMPANHIA SECURITIZADORA,3ª,2031-01-15,"IPCA + 7,3402%",13.0731,13.8469,11.8741,0.6,960.63705256,84.23,823.23,2026-09-21
CRA022006HF,CRA,AÇO VERDE DO BRASIL S.A.,RIZA SECURITIZADORA S.A.,2ª,2032-06-15,"IPCA + 7,3686%",10.3668,11.045,9.9394,0.46,1086.69502706,89.73,984.01,2026-09-21
CRA024009Q4,CRA,MARFRIG GLOBAL FOODS S.A.,ECO SECURITIZADORA DE DIREITOS CREDITÓRIOS DO AGRONEGÓCIO S.A.,3ª,2034-10-16,"IPCA + 7,3693%",12.5703,12.7993,12.1593,0.12,872.56858952,77.8,1300.76,2026-09-21
22E1314836,CRI,SÃO CARLOS EMPREENDIMENTOS E PARTICIPAÇÕES S.A.,OPEA SECURITIZADORA S/A,1ª,2029-09-17,"IPCA + 7,3826%",9.9806,,,0.34,1154.7932725,95.76,455.04,2026-09-21
CRA022001E2,CRA,FS AGRISOLUTIONS INDÚSTRIA DE BIOCOMBUSTÍVEIS LTDA.,ECO SECURITIZADORA DE DIREITOS CREDITÓRIOS DO AGRONEGÓCIO S.A.,2ª,2029-02-15,"IPCA + 7,3913%",11.7535,12.3586,10.863,0.07,1167.20465496,94.95,325.03,2026-09-21
CRA022004SD,CRA,FS AGRISOLUTIONS INDÚSTRIA DE BIOCOMBUSTÍVEIS LTDA.,ECO SECURITIZADORA DE DIREITOS CREDITÓRIOS DO AGRONEGÓCIO S.A.,2ª,2029-05-15,"IPCA + 7,3913%",11.6258,12.3414,11.1196,0.01,1161.05907592,94.38,373.43,2026-09-21
CRA02400AHZ,CRA,REFRESCOS BANDEIRANTES INDÚSTRIA E COMÉRCIO LTDA.,RIZA SECURITIZADORA S.A.,2ª,2034-11-16,"IPCA + 7,41%",10.5367,11.1958,,0.07,951.54345486,85.56,1348.11,2026-09-21
24J2539865,CRI,JHSF PARTICIPAÇÕES S.A.,OPEA SECURITIZADORA S/A,1ª,2034-10-16,"IPCA + 7,4183%",8.7832,9.0664,8.5026,0.13,1054.75369807,93.41,1351.87,2026-09-21
CRA0240005O,CRA,CEREAL COMÉRCIO EXPORTAÇÃO E REPRESENTAÇÃO AGROPECUÁRIA S.A.,RIZA SECURITIZADORA S.A.,2ª,2029-01-15,"IPCA + 7,4367%",8.8673,9.9833,8.1292,0.15,1120.87911266,98.39,308.76,2026-09-21
CRA022004H5,CRA,NARDINI AGROINDUSTRIAL LTDA.,OPEA SECURITIZADORA S/A,1ª,2028-04-15,"IPCA + 7,4986%",7.9462,,,1.01,820.06228223,99.59,251.03,2026-09-21
23L2043184,CRI,UNIDAS LOCADORA S.A.,OPEA SECURITIZADORA S/A,3ª,2030-12-16,"IPCA + 7,5%",9.9258,10.3595,9.3088,0.19,1075.52743098,93.05,809.72,2026-09-21
CRA024009Q5,CRA,MARFRIG GLOBAL FOODS S.A.,ECO SECURITIZADORA DE DIREITOS CREDITÓRIOS DO AGRONEGÓCIO S.A.,4ª,2039-10-17,"IPCA + 7,5395%",12.9351,12.9794,12.4064,0.47,780.77996204,69.57,1745.78,2026-09-21
CRA02300MOQ,CRA,MINERVA S.A.,RIZA SECURITIZADORA S.A.,3ª,2030-09-16,"IPCA + 7,5408%",12.3687,12.4879,10.1181,0.82,997.32950246,87.33,772.55,2026-09-21
23L0034761,CRI,FARO ENERGY PROJETOS SOLARES HOLDING S.A.,OPEA SECURITIZADORA S/A,1ª,2038-12-15,"IPCA + 7,5702%",,,,,,,,2026-09-21
CRA0250080Y,CRA,ELDORADO BRASIL CELULOSE S.A.,OPEA SECURITIZADORA S/A,3ª,2040-09-17,"IPCA + 7,6%",8.5317,,8.2052,0.19,966.60488389,92.72,2183.28,2026-09-21
25D0012204,CRI,CYRELA BRAZIL REALTY S.A.,COMPANHIA PROVÍNCIA DE SECURITIZAÇÃO,3ª,2032-04-15,"IPCA + 7,6693%",8.3773,,7.9828,0.09,1056.97490468,97.33,1037.98,2026-09-21
23J1127331,CRI,MOVIDA PARTICIPAÇÕES S.A.,OPEA SECURITIZADORA S/A,3ª,2033-10-17,"IPCA + 7,7279%",13.4936,,,0.5,922.52252995,78.4,1146.83,2026-09-21
CRA0250080X,CRA,ELDORADO BRASIL CELULOSE S.A.,OPEA SECURITIZADORA S/A,2ª,2035-09-17,"IPCA + 7,7281%",8.6733,,8.2427,0.03,984.12378763,94.4,1653.5,2026-09-21
CRA02400AYK,CRA,BEM BRASIL ALIMENTOS S.A.,ECO SECURITIZADORA DE DIREITOS CREDITÓRIOS DO AGRONEGÓCIO S.A.,ª,2031-11-17,"IPCA + 7,737%",10.0937,10.5288,9.7499,0.54,1011.37259569,92.66,882.95,2026-09-21
CRA0230073N,CRA,J. MACÊDO S.A.,RIZA SECURITIZADORA S.A.,2ª,2030-04-15,"IPCA + 7,8%",8.1835,9.0458,6.9441,0.36,1023.36392194,99.42,412.09,2026-09-21
CRA025003PJ,CRA,SEARA,RIZA SECURITIZADORA S.A.,3ª,2055-05-17,"IPCA + 7,8%",10.0672,,8.8983,0.42,859.88954526,79.87,2515.13,2026-09-21
CRA024003UZ,CRA,LAR COOPERATIVA AGROINDUSTRIAL,ECO SECURITIZADORA DE DIREITOS CREDITÓRIOS DO AGRONEGÓCIO S.A.,3ª,2031-04-15,"IPCA + 7,8363%",9.3897,9.8974,9.1246,0.18,1063.30155105,95.69,772.98,2026-09-21
CRA021004NV,CRA,LAR COOPERATIVA AGROINDUSTRIAL,ECO SECURITIZADORA DE DIREITOS CREDITÓRIOS DO AGRONEGÓCIO S.A.,1ª,2026-11-15,"IPCA + 7,8749%",10.042,10.7331,8.5072,0.74,431.31828063,99.67,38.0,2026-09-21
CRA0250066B,CRA,BRF S.A.,ECO SECURITIZADORA DE DIREITOS CREDITÓRIOS DO AGRONEGÓCIO S.A.,3ª,2035-07-16,"IPCA + 7,9064%",12.4523,,11.4156,0.23,817.93136434,77.31,1523.34,2026-09-21
22E1321749,CRI,COGNA EDUCAÇÃO S.A.,OPEA SECURITIZADORA S/A,2ª,2029-07-16,"IPCA + 7,9273%",9.2035,9.6041,8.7881,0.08,1175.76677084,97.55,530.88,2026-09-21
CRA0240005P,CRA,CEREAL COMÉRCIO EXPORTAÇÃO E REPRESENTAÇÃO AGROPECUÁRIA S.A.,RIZA SECURITIZADORA S.A.,3ª,2031-01-15,"IPCA + 7,9443%",9.14,10.179,8.0812,0.12,1099.69639277,96.44,826.95,2026-09-21
22E1321750,CRI,COGNA EDUCAÇÃO S.A.,OPEA SECURITIZADORA S/A,3ª,2032-07-15,"IPCA + 8,0031%",9.4884,10.2565,9.1226,0.16,1141.63011052,94.71,999.44,2026-09-21
CRA025009EZ,CRA,Seara Alimentos Ltda.,ECO SECURITIZADORA DE DIREITOS CREDITÓRIOS DO AGRONEGÓCIO S.A.,4ª,2065-10-15,"IPCA + 8,0313%",,,,,,,,2026-09-21
CRA0250020C,CRA,BRF S.A.,ECO SECURITIZADORA DE DIREITOS CREDITÓRIOS DO AGRONEGÓCIO S.A.,2ª,2035-04-16,"IPCA + 8,04%",11.8911,12.5559,9.4337,1.03,883.41658516,81.08,1467.85,2026-09-21
22L1469805,CRI,ÂNIMA HOLDING S.A.,RIZA SECURITIZADORA S.A.,2ª,2029-12-17,"IPCA + 8,0481%",,,,,,,,2026-09-21
CRA02200795,CRA,ADUBOS ARAGUAIA INDÚSTRIA E COMÉRCIO LTDA.,ECO SECURITIZADORA DE DIREITOS CREDITÓRIOS DO AGRONEGÓCIO S.A.,1ª,2027-07-15,"IPCA + 8,1191%",9.5289,10.1692,9.1526,0.01,596.92295057,98.99,198.22,2026-09-21
CRA0250020D,CRA,BRF S.A.,ECO SECURITIZADORA DE DIREITOS CREDITÓRIOS DO AGRONEGÓCIO S.A.,3ª,2040-04-16,"IPCA + 8,2345%",11.6038,11.9458,10.2207,1.25,866.81304876,79.5,1804.28,2026-09-21
CRA0250018K,CRA,MARFRIG GLOBAL FOODS S.A.,ECO SECURITIZADORA DE DIREITOS CREDITÓRIOS DO AGRONEGÓCIO S.A.,4ª,2040-04-16,"IPCA + 8,2503%",12.8757,12.9048,11.8755,0.74,803.85857921,73.49,1742.43,2026-09-21
CRA0250018L,CRA,MARFRIG GLOBAL FOODS S.A,ECO SECURITIZADORA DE DIREITOS CREDITÓRIOS DO AGRONEGÓCIO S.A.,5ª,2045-04-17,"IPCA + 8,3405%",11.9026,,,1.77,827.7069342,75.65,2017.61,2026-09-21
CRA0240099F,CRA,VALE DO TIJUCO AÇÚCAR E ÁLCOOL S.A.,ECO SECURITIZADORA DE DIREITOS CREDITÓRIOS DO AGRONEGÓCIO S.A.,2ª,2034-10-16,"IPCA + 8,3558%",9.9346,,9.6571,0.29,1053.79723356,93.53,1156.68,2026-09-21
CRA0250020E,CRA,BRF S.A.,ECO SECURITIZADORA DE DIREITOS CREDITÓRIOS DO AGRONEGÓCIO S.A.,3ª,2045-04-17,"IPCA + 8,38%",10.197,10.954,10.0634,0.03,940.82281351,86.23,2163.27,2026-09-21
CRA02500BVX,CRA,BRF S.A.,ECO SECURITIZADORA DE DIREITOS CREDITÓRIOS DO AGRONEGÓCIO S.A.,5ª,2055-12-15,"IPCA + 8,3857%",,,,,,,,2026-09-21
CRA025008C2,CRA,Neomille S.A.,ECO SECURITIZADORA DE DIREITOS CREDITÓRIOS DO AGRONEGÓCIO S.A.,2ª,2032-12-15,"IPCA + 8,4473%",9.1418,,,0.21,1034.05817561,97.14,1140.8,2026-09-21
CRA02400AHX,CRA,CEREAL COMÉRCIO EXPORTAÇÃO E,RIZA SECURITIZADORA S.A.,3ª,2034-11-16,"IPCA + 8,4704%",9.8034,11.5807,8.0578,0.04,1055.17241078,93.73,1327.55,2026-09-21
CRA025008HR,CRA,Nardini II,OPEA SECURITIZADORA S/A,ª,2032-10-15,"IPCA + 8,4773%",,,,,,,,2026-09-21
CRA025006NC,CRA,LAR COOPERATIVA AGROINDUSTRIAL,ECO SECURITIZADORA DE DIREITOS CREDITÓRIOS DO AGRONEGÓCIO S.A.,3ª,2032-08-16,"IPCA + 8,7268%",9.5939,,,0.11,1008.64937595,96.63,1083.79,2026-09-21
CRA0250005M,CRA,Boa Safra,OPEA SECURITIZADORA S/A,3ª,2032-01-15,"IPCA + 8,7384%",,,,,,,,2026-09-21
CRA0250005L,CRA,Boa Safra,OPEA SECURITIZADORA S/A,4ª,2035-01-15,"IPCA + 8,9518%",,,,,,,,2026-09-21
CRA02300796,CRA,FS INDÚSTRIA DE BIOCOMBUSTÍVEIS LTDA.,ECO SECURITIZADORA DE DIREITOS CREDITÓRIOS DO AGRONEGÓCIO S.A.,2ª,2029-10-15,"IPCA + 8,9555%",11.7618,12.5375,11.208,0.17,1078.64215419,93.43,671.81,2026-09-21
CRA023003JY,CRA,OLFAR S.A.,RIZA SECURITIZADORA S.A.,2ª,2030-03-15,"IPCA + 8,9738%",9.8342,10.9803,8.4508,0.45,1144.57910996,98.62,445.71,2026-09-21
23F2455004,CRI,SENDAS DISTRIBUIDORA S.A.,OPEA SECURITIZADORA S/A,2ª,2027-07-15,,16.3851,,15.4887,1.82,989.13219979,96.88,196.17,2026-09-21
23I1259644,CRI,JSL,OPEA SECURITIZADORA S/A,4ª,2030-09-15,,,,,,,,,2026-09-21
23J1141681,CRI,YDUQS PARTICIPAÇÕES S.A.,OPEA SECURITIZADORA S/A,1ª,2028-10-16,,14.9187,,14.1956,0.65,989.60386471,94.46,453.46,2026-09-21
23K0018801,CRI,MULTIPLAN EMPREENDIMENTOS IMOBILIÁRIOS S.A.,RIZA SECURITIZADORA S.A.,3ª,2031-01-15,,14.2617,,,0.06,945.76000223,92.73,689.39,2026-09-21
23K0022041,CRI,Cogna,TRUE SECURITIZADORA S/A,2ª,2028-11-15,,14.9535,,14.2137,0.27,1010.17023023,96.9,366.69,2026-09-21
24A2715837,CRI,DIAGNÓSTICOS DA AMÉRICA S.A.,VERT COMPANHIA SECURITIZADORA,2ª,2029-01-15,,19.5212,,18.5065,0.75,900.94729825,88.17,506.57,2026-09-21
24A2721829,CRI,DIAGNÓSTICOS DA AMÉRICA S.A,VERT COMPANHIA SECURITIZADORA,4ª,2031-01-15,,19.6734,,19.1165,0.12,857.27967808,83.82,746.41,2026-09-21
25A1946535,CRI,Cury,OPEA SECURITIZADORA S/A,3ª,2032-01-15,,14.949,,14.1081,0.08,1030.63987066,100.4,812.84,2026-09-21
25D0271049,CRI,Log,OPEA SECURITIZADORA S/A,3ª,2032-04-15,,,,,,,,,2026-09-21
CRA02300G7D,CRA,MARFRIG GLOBAL FOODS S.A.,ECO SECURITIZADORA DE DIREITOS CREDITÓRIOS DO AGRONEGÓCIO S.A.,1ª,2027-08-16,,17.51,,,0.52,961.25731109,95.18,218.57,2026-09-21
CRA02300HWK,CRA,BANCO BTG PACTUAL S.A.,OPEA SECURITIZADORA S/A,4ª,2033-09-15,,13.4405,13.7029,13.14,0.26,939.43751917,93.78,1227.01,2026-09-21
CRA02300JR7,CRA,RAÍZEN ENERGIA S.A.,OPEA SECURITIZADORA S/A,3ª,2033-10-17,,,,,,475.05822451,45.37,,2026-09-21
CRA02300NX8,CRA,BTG Pactual III,OPEA SECURITIZADORA S/A,4ª,2033-11-16,,13.5044,,,0.14,1002.10628339,96.15,1183.97,2026-09-21
CRA02300SPD,CRA,FS Agrisolutions Indústria de Biocombustíveis LTDA,ECO SECURITIZADORA DE DIREITOS CREDITÓRIOS DO AGRONEGÓCIO S.A.,3ª,2030-06-15,,18.5006,,17.5663,0.55,875.63013802,87.39,734.29,2026-09-21
CRA02300SUZ,CRA,"Vamos Locação de Caminhões, Máquinas e Equipamentos S.A.",ECO SECURITIZADORA DE DIREITOS CREDITÓRIOS DO AGRONEGÓCIO S.A.,1ª,2030-11-18,,19.5612,,18.6901,0.95,863.46680769,82.95,713.82,2026-09-21
CRA02300TSF,CRA,BTG PACTUAL IV,OPEA SECURITIZADORA S/A,4ª,2033-12-15,,,,,,,,,2026-09-21
CRA024000B8,CRA,FS Indústria De Biocombustíveis Ltda,ECO SECURITIZADORA DE DIREITOS CREDITÓRIOS DO AGRONEGÓCIO S.A.,3ª,2030-07-15,,18.6335,,17.6719,0.15,870.90003539,86.92,745.03,2026-09-21
CRA024001P5,CRA,JSL S.A.,ECO SECURITIZADORA DE DIREITOS CREDITÓRIOS DO AGRONEGÓCIO S.A.,1ª,2031-02-15,,,,,,,,,2026-09-21
CRA024001Q9,CRA,ZAMP S.A.,RIZA SECURITIZADORA S.A.,2ª,2029-02-15,,17.1814,,16.5565,1.18,937.47286599,92.66,526.93,2026-09-21
CRA0240020B,CRA,VICUNHA II,RIZA SECURITIZADORA S.A.,2ª,2031-02-15,,,,,,,,,2026-09-21
CRA024002MH,CRA,JF CITRUS AGROPECUÁRIA S.A.,ECO SECURITIZADORA DE DIREITOS CREDITÓRIOS DO AGRONEGÓCIO S.A.,1ª,2029-03-15,,17.3837,,,0.29,916.92867619,91.53,438.61,2026-09-21
CRA024002S2,CRA,Minerva VII,RIZA SECURITIZADORA S.A.,2ª,2029-03-15,,18.6693,,16.8491,0.2,879.0132516,87.75,550.68,2026-09-21
CRA024002S3,CRA,MINERVA S.A.,RIZA SECURITIZADORA S.A.,3ª,2031-03-17,,18.6172,,16.9237,0.54,822.38285326,82.09,874.83,2026-09-21
CRA0240066D,CRA,FS Florestal S.A.,ECO SECURITIZADORA DE DIREITOS CREDITÓRIOS DO AGRONEGÓCIO S.A.,1ª,2030-06-15,,17.9103,18.1378,17.2151,0.5,941.92124604,93.98,718.52,2026-09-21
CRA0240066G,CRA,BRF S.A.,ECO SECURITIZADORA DE DIREITOS CREDITÓRIOS DO AGRONEGÓCIO S.A.,2ª,2031-06-16,,17.2125,,16.15,0.93,906.82626685,87.71,874.94,2026-09-21
CRA024007PT,CRA,Sorocaba Refrescos S.A,ECO SECURITIZADORA DE DIREITOS CREDITÓRIOS DO AGRONEGÓCIO S.A.,1ª,2031-08-15,,15.6575,16.4161,14.0248,0.45,917.94031081,90.77,860.32,2026-09-21
CRA024007Q3,CRA,SLC Maquinas,OPEA SECURITIZADORA S/A,1ª,2031-08-15,,16.5898,17.1033,15.9,0.36,925.04112645,91.45,684.93,2026-09-21
CRA024009Q3,CRA,MARFRIG GLOBAL FOODS S.A.,ECO SECURITIZADORA DE DIREITOS CREDITÓRIOS DO AGRONEGÓCIO S.A.,2ª,2031-10-15,,17.4166,,16.15,0.81,930.11779784,88.1,890.75,2026-09-21
CRA02400AHY,CRA,REFRESCOS BANDEIRANTES INDÚSTRIA E COMÉRCIO LTDA.,RIZA SECURITIZADORA S.A.,1ª,2032-11-16,,17.1206,,,1.35,927.42312916,88.67,965.16,2026-09-21
CRA02400AYM,CRA,MINERVA S.A.,RIZA SECURITIZADORA S.A.,2ª,2029-11-16,,18.6737,,17.0867,0.23,950.27595451,90.69,627.44,2026-09-21
CRA02400AYP,CRA,MINERVA S.A.,RIZA SECURITIZADORA S.A.,5ª,2034-11-16,,18.3901,,16.9274,0.15,913.63148419,87.05,1069.78,2026-09-21
CRA02500001,CRA,BOA SAFRA SEMENTES S.A.,OPEA SECURITIZADORA S/A,1ª,2030-01-15,,16.1635,16.6705,15.3573,0.19,985.31095919,98.31,660.44,2026-09-21
CRA0250012X,CRA,FS FLORESTAL S.A.,ECO SECURITIZADORA DE DIREITOS CREDITÓRIOS DO AGRONEGÓCIO S.A.,1ª,2030-03-15,,18.3149,18.6398,17.8504,0.61,992.39263708,98.98,664.4,2026-09-21
CRA0250018I,CRA,Marfrig Global Foods S.A,ECO SECURITIZADORA DE DIREITOS CREDITÓRIOS DO AGRONEGÓCIO S.A.,2ª,2032-04-15,,17.5013,,16.15,0.94,967.47911282,91.2,928.54,2026-09-21
CRA025002S3,CRA,MINERVA S.A,RIZA SECURITIZADORA S.A.,2ª,2030-04-15,,18.7324,,,0.25,994.100984,93.33,667.16,2026-09-21
CRA025002S4,CRA,MINERVA S.A.,RIZA SECURITIZADORA S.A.,4ª,2032-04-15,,18.8403,,,0.23,966.16993846,90.71,903.43,2026-09-21
CRA0250040J,CRA,Natural One S.A,ECO SECURITIZADORA DE DIREITOS CREDITÓRIOS DO AGRONEGÓCIO S.A.,2ª,2029-06-15,,,,,,,,,2026-09-21
CRA025005EH,CRA,GDM GENÉTICA DO BRASIL S.A.,ECO SECURITIZADORA DE DIREITOS CREDITÓRIOS DO AGRONEGÓCIO S.A.,1ª,2032-07-15,,15.6802,16.4697,15.0,0.06,1008.3719598,98.22,964.58,2026-09-21
CRA025005V7,CRA,MINERVA S.A.,RIZA SECURITIZADORA S.A.,3ª,2033-07-15,,18.4364,,16.75,0.9,896.30230536,87.37,1028.91,2026-09-21
CRA025005V8,CRA,MINERVA S.A,RIZA SECURITIZADORA S.A.,4ª,2035-07-16,,18.6304,,16.75,0.47,886.07441748,86.34,1141.02,2026-09-21
CRA0250066A,CRA,BRF S.A.,ECO SECURITIZADORA DE DIREITOS CREDITÓRIOS DO AGRONEGÓCIO S.A.,2ª,2032-07-15,,17.998,,,0.49,892.4872511,87.09,995.0,2026-09-21
CRA025006NB,CRA,LAR COOPERATIVA AGROINDUSTRIAL,ECO SECURITIZADORA DE DIREITOS CREDITÓRIOS DO AGRONEGÓCIO S.A.,2ª,2032-08-16,,16.1476,,,0.35,950.91872051,94.89,948.69,2026-09-21
CRA025007KE,CRA,Cereal Comércio Exportação e Representação Agropecuária S.A.,ECO SECURITIZADORA DE DIREITOS CREDITÓRIOS DO AGRONEGÓCIO S.A.,2ª,2032-09-15,,16.3034,16.6683,15.92,0.39,941.6232617,93.96,986.75,2026-09-21
CRA025007KK,CRA,ELDORADO BRASIL CELULOSE S.A.,OPEA SECURITIZADORA S/A,1ª,2032-09-15,,15.2631,,,0.65,960.015093,95.8,1060.82,2026-09-21
CRA025008ND,CRA,São Salvador Alimentos S.A.,ECO SECURITIZADORA DE DIREITOS CREDITÓRIOS DO AGRONEGÓCIO S.A.,2ª,2033-10-15,,15.5754,16.2908,14.7657,0.24,1003.84953483,94.79,1104.3,2026-09-21
CRA025009VO,CRA,EUCATEX INDÚSTRIA E COMÉRCIO LTDA,VERT COMPANHIA SECURITIZADORA,3ª,2032-11-16,,,,,,,,,2026-09-21
CRA02500A15,CRA,Açucareira Quatá S.A.,ECO SECURITIZADORA DE DIREITOS CREDITÓRIOS DO AGRONEGÓCIO S.A.,1ª,2032-11-15,,16.3968,,15.7483,0.08,985.96875577,93.98,958.6,2026-09-21
CRA02500AHU,CRA,C. Vale - Cooperativa Agroindustrial,ECO SECURITIZADORA DE DIREITOS CREDITÓRIOS DO AGRONEGÓCIO S.A.,2ª,2030-11-15,,15.4155,16.0741,14.8,0.33,1035.8275737,98.62,778.69,2026-09-21
CRA02500BVU,CRA,BRF S.A.,ECO SECURITIZADORA DE DIREITOS CREDITÓRIOS DO AGRONEGÓCIO S.A.,2ª,2032-12-15,,17.6745,,17.0946,0.96,892.54590041,86.2,1033.74,2026-09-21
CRA02500C1D,CRA,Alibem Alimentos S.A.,ECO SECURITIZADORA DE DIREITOS CREDITÓRIOS DO AGRONEGÓCIO S.A.,1ª,2030-12-18,,16.0173,16.8764,15.45,0.41,1015.49899785,97.89,507.44,2026-09-21
CRA026001JM,CRA,Lar Cooperativa Agroindustrial,ECO SECURITIZADORA DE DIREITOS CREDITÓRIOS DO AGRONEGÓCIO S.A.,2ª,2033-03-15,,16.4472,,16.1049,0.16,953.52630248,95.14,1004.54,2026-09-21
CRA026002BE,CRA,BRF S.A.,ECO SECURITIZADORA DE DIREITOS CREDITÓRIOS DO AGRONEGÓCIO S.A.,2ª,2033-04-15,,16.432,17.1245,15.8732,0.75,967.0250011,91.99,1054.99,2026-09-21
25B0013406,CRI,Direcional,OPEA SECURITIZADORA S/A,1ª,2032-02-16,100% do DI,101.14,,99.0,0.15,1005.99735515,99.41,992.02,2026-09-18
CRA019003V2,CRA,RAÍZEN ENERGIA S.A.,OPEA SECURITIZADORA S/A,1ª,2029-07-16,100% do DI,,,,,423.81935198,41.53,,2026-09-18
CRA024004H7,CRA,SÃO MARTINHO S.A.,RIZA SECURITIZADORA S.A.,3ª,2029-04-12,100% do DI,100.9253,102.8525,98.5275,1.05,1057.10032444,99.75,531.52,2026-09-18
CRA0250018H,CRA,Marfrig Global Foods S.A,ECO SECURITIZADORA DE DIREITOS CREDITÓRIOS DO AGRONEGÓCIO S.A.,1ª,2030-04-15,100% do DI,,,,,,,,2026-09-18
CRA02500BVT,CRA,BRF S.A.,ECO SECURITIZADORA DE DIREITOS CREDITÓRIOS DO AGRONEGÓCIO S.A.,1ª,2030-06-17,100% do DI,114.2798,,107.9885,1.29,1030.99211372,93.31,933.0,2026-09-18
24D2765715,CRI,CYRELA BRAZIL REALTY S.A.,COMPANHIA PROVÍNCIA DE SECURITIZAÇÃO,3ª,2031-04-15,101% do DI,99.2241,101.42,97.12,0.2,1066.80017191,100.71,768.72,2026-09-18
CRA023007VD,CRA,ENGELHART CTP,OPEA SECURITIZADORA S/A,1ª,2028-07-05,101% do DI,96.3178,97.196,93.596,1.17,1038.17909455,100.97,403.34,2026-09-18
25L2997442,CRI,Even Construtora e Incorporadora S/A,VERT COMPANHIA SECURITIZADORA,ª,2032-12-15,"101,5% do DI",,,,,,,,2026-09-18
CRA026002BD,CRA,BRF S.A.,ECO SECURITIZADORA DE DIREITOS CREDITÓRIOS DO AGRONEGÓCIO S.A.,1ª,2030-10-15,"101,5% do DI",113.4633,,106.9783,1.57,986.80043438,93.86,1018.0,2026-09-18
24D3313768,CRI,CURY CONSTRUTORA E INCORPORADORA S.A.,TRUE SECURITIZADORA S/A,1ª,2027-05-31,102% do DI,98.588,100.9133,96.675,0.56,1046.08822368,100.28,163.04,2026-09-18
25G5109813,CRI,MRV,VERT COMPANHIA SECURITIZADORA,1ª,2030-07-15,102% do DI,,,,,,,,2026-09-18
CRA023003UX,CRA,ENGELHART CTP,OPEA SECURITIZADORA S/A,1ª,2027-03-15,102% do DI,94.2413,96.018,92.418,2.37,1006.24228458,100.47,119.0,2026-09-18
CRA02500669,CRA,BRF S.A,ECO SECURITIZADORA DE DIREITOS CREDITÓRIOS DO AGRONEGÓCIO S.A.,1ª,2029-07-16,102% do DI,113.4625,,108.1342,4.69,1121.37360091,95.91,704.0,2026-09-18
CRA025008HM,CRA,Cocal Comercio Industria Canaa Acucar e Alcool S.A.,VERT COMPANHIA SECURITIZADORA,1ª,2031-09-15,102% do DI,,,,,,,,2026-09-18
24F1277566,CRI,DIRECIONAL ENGENHARIA S.A.,OPEA SECURITIZADORA S/A,1ª,2029-07-16,103% do DI,99.9138,102.45,97.8166,0.28,1034.6875074,100.95,594.88,2026-09-18
CRA02300209,CRA,ENGELHART CTP,VERT COMPANHIA SECURITIZADORA,1ª,2027-01-15,103% do DI,93.7341,96.3933,91.5933,3.73,1028.76680339,100.37,80.0,2026-09-18
CRA0250073L,CRA,Mantiqueira Brasil,ECO SECURITIZADORA DE DIREITOS CREDITÓRIOS DO AGRONEGÓCIO S.A.,1ª,2030-08-15,"103,1% do DI",,,,,,,,2026-09-18
25G5313879,CRI,MOURA DUBEUX ENGENHARIA S.A.,VERT COMPANHIA SECURITIZADORA,1ª,2030-07-15,"103,75% do DI",105.5253,,102.5,2.81,994.73616421,99.31,748.61,2026-09-18
CRA025008N8,CRA,3Tentos,OPEA SECURITIZADORA S/A,1ª,2030-10-15,"103,75% do DI",108.397,115.7722,101.8478,1.63,1041.51514352,98.17,762.9,2026-09-18
22J0346710,CRI,BANCO BTG PACTUAL S.A.,OPEA SECURITIZADORA S/A,1ª,2027-01-15,104% do DI,96.5,96.9,,0.5,1028.30335193,100.3,80.0,2026-09-18
CRA0240066A,CRA,CAMIL ALIMENTOS S.A.,ECO SECURITIZADORA DE DIREITOS CREDITÓRIOS DO AGRONEGÓCIO S.A.,1ª,2029-06-15,104% do DI,,,,,,,,2026-09-18
CRA025006SR,CRA,Boa Safra II,OPEA SECURITIZADORA S/A,1ª,2032-02-16,104% do DI,109.7818,,108.5,3.07,973.0062557,97.14,957.86,2026-09-18
CRA025007KD,CRA,CEREAL COMÉRCIO EXPORTAÇÃO E REPRESENTAÇÃO AGROPECUÁRIA S.A.,ECO SECURITIZADORA DE DIREITOS CREDITÓRIOS DO AGRONEGÓCIO S.A.,1ª,2030-09-16,104% do DI,,,,,,,,2026-09-18
CRA025002S1,CRA,MINERVA S.A.,RIZA SECURITIZADORA S.A.,1ª,2030-04-15,"104,5% do DI",127.7081,,123.878,0.87,977.54089009,92.1,678.94,2026-09-18
CRA025005V5,CRA,MINERVA S.A.,RIZA SECURITIZADORA S.A.,1ª,2030-07-15,"104,5% do DI",127.3155,,123.778,1.15,938.59000458,91.54,741.84,2026-09-18
24D0006602,CRI,ALLOS S.A.,OPEA SECURITIZADORA S/A,2ª,2029-04-16,105% do DI,98.7906,101.41,97.08,1.36,1079.78766851,101.71,530.28,2026-09-18
25E0013305,CRI,JHSF IV,OPEA SECURITIZADORA S/A,2ª,2030-05-15,105% do DI,103.5233,,,0.48,1055.45239398,100.55,710.17,2026-09-18
CRA02300TSB,CRA,BANCO BTG PACTUAL S.A.,OPEA SECURITIZADORA S/A,1ª,2033-12-15,105% do DI,96.8553,99.4866,94.6866,2.09,1090.41399565,105.06,1166.93,2026-09-18
CRA02400AYL,CRA,MINERVA S.A.,RIZA SECURITIZADORA S.A.,1ª,2029-11-16,105% do DI,123.6895,124.23,115.458,7.64,987.59601979,94.08,628.25,2026-09-18
CRA025008C3,CRA,Neomille S.A.,ECO SECURITIZADORA DE DIREITOS CREDITÓRIOS DO AGRONEGÓCIO S.A.,3ª,2032-12-15,105% do DI,114.1785,,112.4116,1.66,990.06594343,95.38,980.22,2026-09-18
CRA02500AC9,CRA,,ECO SECURITIZADORA DE DIREITOS CREDITÓRIOS DO AGRONEGÓCIO S.A.,1ª,2030-11-15,105% do DI,,,,,,,,2026-09-18
CRA02500AHT,CRA,C. Vale - Cooperativa Agroindustrial,ECO SECURITIZADORA DE DIREITOS CREDITÓRIOS DO AGRONEGÓCIO S.A.,1ª,2030-11-15,"105,5% do DI",,,,,,,,2026-09-18
CRA025005EI,CRA,GDM Genética do Brasil S.A.,ECO SECURITIZADORA DE DIREITOS CREDITÓRIOS DO AGRONEGÓCIO S.A.,2ª,2032-07-15,"105,75% do DI",108.002,115.2208,100.3655,0.02,1013.94399388,98.86,974.13,2026-09-18
23K0018802,CRI,MULTIPLAN EMPREENDIMENTOS IMOBILIÁRIOS S.A.,RIZA SECURITIZADORA S.A.,2ª,2031-01-15,106% do DI,98.7977,101.1666,96.9333,0.05,1051.57421016,102.52,670.0,2026-09-18
CRA025006NA,CRA,Lar Cooperativa Agroindustrial,ECO SECURITIZADORA DE DIREITOS CREDITÓRIOS DO AGRONEGÓCIO S.A.,1ª,2030-08-15,106% do DI,111.5377,,109.0,0.05,982.31807,98.07,678.73,2026-09-18
23K0019201,CRI,DIRECIONAL ENGENHARIA S.A.,TRUE SECURITIZADORA S/A,2ª,2028-11-16,"106,5% do DI",98.8055,,,0.52,1069.74132353,101.84,463.08,2026-09-18
CRA024004MP,CRA,SÃO SALVADOR ALIMENTOS S.A.,ECO SECURITIZADORA DE DIREITOS CREDITÓRIOS DO AGRONEGÓCIO S.A.,1ª,2030-04-15,"106,5% do DI",,,,,,,,2026-09-18
CRA026001JL,CRA,Lar Cooperativa Agroindustrial,ECO SECURITIZADORA DE DIREITOS CREDITÓRIOS DO AGRONEGÓCIO S.A.,1ª,2031-03-15,"106,5% do DI",112.6422,,110.46,0.33,977.51587541,97.59,763.95,2026-09-18
25H0243072,CRI,BTSA,RIZA SECURITIZADORA S.A.,2ª,2032-08-16,107% do DI,111.2872,,107.5,1.39,984.47142272,98.28,776.18,2026-09-18
CRA02300NRL,CRA,BANCO BTG PACTUAL S.A.,OPEA SECURITIZADORA S/A,1ª,2033-11-16,107% do DI,98.5,99.9,95.1,0.5,1104.05700909,105.15,1138.67,2026-09-18
CRA025003UZ,CRA,COOXUPÉ - COOPERATIVA REGIONAL DE,VERT COMPANHIA SECURITIZADORA,2ª,2030-06-17,"107,5% do DI",110.5677,,108.5,2.14,1028.27591916,98.98,646.95,2026-09-18
CRA02300CYQ,CRA,BANCO BTG PACTUAL S.A.,OPEA SECURITIZADORA S/A,1ª,2033-07-15,109% do DI,96.1483,98.1466,92.98,1.32,1106.49666601,107.81,1130.87,2026-09-18
CRA02300HWH,CRA,BANCO BTG PACTUAL S.A.,OPEA SECURITIZADORA S/A,1ª,2033-09-15,109% do DI,98.4825,99.9125,95.5625,0.41,1067.61290447,106.58,1169.32,2026-09-18
24I1980390,CRI,MRV ENGENHARIA E PARTICIPAÇÕES S.A,OPEA SECURITIZADORA S/A,1ª,2029-10-15,110% do DI,129.6058,138.6333,,1.54,1001.51631566,94.07,599.92,2026-09-18
25B3099731,CRI,IGUATEMI PPPH PARTICIPAÇÕES LTDA.,OPEA SECURITIZADORA S/A,1ª,2030-02-18,96% do DI,98.7266,101.41,96.0433,0.28,1001.39921945,99.0,709.23,2026-09-18
25D0012202,CRI,CYRELA BRAZIL REALTY S.A. EMPREENDIMENTOS,COMPANHIA PROVÍNCIA DE SECURITIZAÇÃO,1ª,2029-04-15,96% do DI,98.7288,,,0.34,1048.31152577,99.25,537.01,2026-09-18
25J4546988,CRI,CYRELA BRAZIL REALTY S.A. EMPREENDIMENTOS E,COMPANHIA PROVÍNCIA DE SECURITIZAÇÃO,1ª,2032-11-16,"96,5% do DI",99.7077,,97.5,0.28,1027.23321426,98.24,1055.7,2026-09-18
25D0012203,CRI,CYRELA BRAZIL REALTY S.A. EMPREENDIMENTOS E PARTICIPAÇÕES,COMPANHIA PROVÍNCIA DE SECURITIZAÇÃO,2ª,2030-04-15,97% do DI,99.1333,,97.0,0.09,1048.69743907,99.23,701.27,2026-09-18
26C3164285,CRI,Allos VI,OPEA SECURITIZADORA S/A,1ª,2031-03-12,97% do DI,98.6611,100.8833,,0.18,994.62265538,99.26,857.95,2026-09-18
26G0012801,CRI,Cury III,OPEA SECURITIZADORA S/A,1ª,2032-07-06,97% do DI,99.7755,,97.5,0.68,1005.57028879,98.6,973.63,2026-09-18
CRA025003PD,CRA,SÃO MARTINHO S.A.,VERT COMPANHIA SECURITIZADORA,1ª,2032-06-15,97% do DI,103.5688,,101.48,0.16,999.58600498,96.58,1011.85,2026-09-18
24H1684874,CRI,SOCIEDADE BENEFICENTE ISRAELITA BRASILEIRA HOSPITAL ALBERT EINSTEIN,RIZA SECURITIZADORA S.A.,1ª,2029-08-17,"97,5% do DI",97.4533,99.985,95.9466,0.03,866.35800288,100.01,374.29,2026-09-18
24D2765586,CRI,CYRELA BRAZIL REALTY S.A.,COMPANHIA PROVÍNCIA DE SECURITIZAÇÃO,1ª,2028-04-15,98% do DI,98.1165,99.6,96.64,0.33,704.87541023,99.99,241.44,2026-09-18
25G3629974,CRI,PLANO E PLANO II,RIZA SECURITIZADORA S.A.,1ª,2030-07-15,98% do DI,103.6227,,102.0,1.11,1001.23660542,97.8,760.7,2026-09-18
25I0014209,CRI,Multiplan,OPEA SECURITIZADORA S/A,1ª,2035-09-19,98% do DI,,,,,,,,2026-09-18
CRA024004H5,CRA,SÃO MARTINHO S.A.,RIZA SECURITIZADORA S.A.,1ª,2027-04-12,98% do DI,98.8325,101.7575,96.21,1.03,1057.9738869,99.95,130.33,2026-09-18
25G3629975,CRI,PLANO E PLANO II,RIZA SECURITIZADORA S.A.,2ª,2031-07-15,99% do DI,104.3222,,102.0,0.33,998.63586914,97.53,902.6,2026-09-18
24E1393588,CRI,MULTIPLAN EMPREENDIMENTOS IMOBILIÁRIOS S.A.,RIZA SECURITIZADORA S.A.,1ª,2029-05-17,"99,5% do DI",99.5894,101.7733,97.3066,0.07,1045.73789003,99.98,463.02,2026-09-18
CRA025008NB,CRA,Bem Brasil Alimentos S.A.,ECO SECURITIZADORA DE DIREITOS CREDITÓRIOS DO AGRONEGÓCIO S.A.,ª,2032-10-15,"DI + 0,33%",1.5268,2.3641,1.1,0.38,1016.61879287,95.9,885.38,2026-09-18
CRA024009Q2,CRA,MARFRIG GLOBAL FOODS S.A.,ECO SECURITIZADORA DE DIREITOS CREDITÓRIOS DO AGRONEGÓCIO S.A.,1ª,2031-10-15,"DI + 0,35%",2.7764,3.2041,2.5207,0.16,974.28646084,91.9,881.32,2026-09-18
22D1289009,CRI,CYRELA BRAZIL REALTY S.A.,OPEA SECURITIZADORA S/A,489ª,2027-06-15,"DI + 0,4%",0.2813,0.5074,0.2055,0.1,1038.12933462,100.08,174.0,2026-09-18
CRA02400AYN,CRA,MINERVA S.A.,RIZA SECURITIZADORA S.A.,3ª,2031-11-17,"DI + 0,4%",3.5262,4.4341,1.5404,0.54,938.92254049,89.53,896.32,2026-09-18
CRA02500003,CRA,BOA SAFRA SEMENTES S.A.,OPEA SECURITIZADORA S/A,2ª,2030-01-15,"DI + 0,4%",1.599,,1.35,0.23,992.87017127,96.87,674.34,2026-09-18
CRA0250018J,CRA,MARFRIG GLOBAL FOODS S.A.,ECO SECURITIZADORA DE DIREITOS CREDITÓRIOS DO AGRONEGÓCIO S.A.,3ª,2035-04-16,"DI + 0,4%",3.0394,,2.5237,0.47,943.72802599,89.0,1106.53,2026-09-18
CRA025007PT,CRA,SLC AGRÍCOLA S.A.,OPEA SECURITIZADORA S/A,1ª,2033-09-22,"DI + 0,4%",1.146,1.677,0.602,0.18,1037.06791668,96.98,1039.73,2026-09-18
CRA02300Q2Y,CRA,,RIZA SECURITIZADORA S.A.,3ª,2028-11-06,"DI + 0,48%",,,,,,,,2026-09-18
CRA025002S2,CRA,MINERVA S.A.,RIZA SECURITIZADORA S.A.,3ª,2032-04-15,"DI + 0,5%",3.5479,,,0.3,948.82424947,89.44,926.4,2026-09-18
23J0019601,CRI,Iguatemi,OPEA SECURITIZADORA S/A,1ª,2028-10-16,"DI + 0,55%",,,,,,,,2026-09-18
23K0018602,CRI,MULTIPLAN EMPREENDIMENTOS IMOBILIÁRIOS S.A.,RIZA SECURITIZADORA S.A.,1ª,2031-01-15,"DI + 0,6%",0.3846,0.6441,0.2607,0.01,1031.21030009,100.57,669.25,2026-09-18
24B0013201,CRI,SOMA,RIZA SECURITIZADORA S.A.,1ª,2028-02-15,"DI + 0,6%",,,,,,,,2026-09-18
23H1188857,CRI,RAIA DROGASIL S.A.,OPEA SECURITIZADORA S/A,2ª,2027-09-15,"DI + 0,65%",0.1285,0.4274,0.0774,0.09,1006.60385777,100.5,239.0,2026-09-18
CRA02300RS5,CRA,CAMIL ALIMENTOS S.A.,ECO SECURITIZADORA DE DIREITOS CREDITÓRIOS DO AGRONEGÓCIO S.A.,1ª,2028-11-16,"DI + 0,65%",3.3622,3.4318,2.7159,0.69,999.70232216,95.24,460.57,2026-09-18
22C0023008,CRI,RAIA DROGASIL S.A.,OPEA SECURITIZADORA S/A,495ª,2027-03-08,"DI + 0,7%",0.154,0.4174,0.0674,0.12,503.42658023,100.25,114.0,2026-09-18
23K0018401,CRI,DIRECIONAL ENGENHARIA S.A.,OPEA SECURITIZADORA S/A,1ª,2028-11-16,"DI + 0,7%",0.3962,,,0.15,1055.65326738,100.56,463.14,2026-09-18
CRA02300GCY,CRA,IPIRANGA PRODUTOS DE PETRÓLEO S.A.,VERT COMPANHIA SECURITIZADORA,2ª,2027-07-16,"DI + 0,7%",0.4809,,,0.18,1026.62403625,100.17,192.9,2026-09-18
CRA025005V6,CRA,MINERVA S.A.,RIZA SECURITIZADORA S.A.,2ª,2033-07-15,"DI + 0,7%",3.6093,,3.1387,0.28,910.71891329,88.81,1032.65,2026-09-18
22E1325261,CRI,HYPERA S.A.,OPEA SECURITIZADORA S/A,1ª,2027-08-16,"DI + 0,75%",0.5323,0.7324,0.3491,0.03,1014.55369206,100.19,217.97,2026-09-18
22F0230096,CRI,RAIA DROGASIL S.A.,OPEA SECURITIZADORA S/A,1ª,2029-06-26,"DI + 0,75%",0.2144,0.4607,0.1107,0.23,1043.72346219,101.04,486.75,2026-09-18
22K0934871,CRI,BCBF PARTICIPAÇÕES S.A.,RIZA SECURITIZADORA S.A.,1ª,2027-12-15,"DI + 0,75%",14.4722,,10.8191,1.14,899.25571877,86.61,282.38,2026-09-18
22I0970801,CRI,NATURA COSMÉTICOS S.A.,RIZA SECURITIZADORA S.A.,1ª,2027-09-15,"DI + 0,8%",0.3805,0.5574,0.2074,0.03,1005.6175423,100.4,238.92,2026-09-18
22J0305579,CRI,DIAGNÓSTICOS DA AMÉRICA S.A.,VERT COMPANHIA SECURITIZADORA,1ª,2027-10-15,"DI + 0,8%",4.7242,7.5134,3.0934,0.87,1023.81668221,96.38,242.83,2026-09-18
CRA02300JG2,CRA,JBS S.A.,RIZA SECURITIZADORA S.A.,2ª,2028-09-15,"DI + 0,8%",0.5095,1.1412,0.1371,0.2,1006.87295011,100.52,452.03,2026-09-18
CRA02300NRM,CRA,BANCO BTG PACTUAL S.A.,OPEA SECURITIZADORA S/A,2ª,2033-11-16,"DI + 0,8%",0.1062,,,0.46,1082.55654195,103.14,1135.49,2026-09-18
CRA0240066F,CRA,BRF S.A.,ECO SECURITIZADORA DE DIREITOS CREDITÓRIOS DO AGRONEGÓCIO S.A.,1ª,2029-06-15,"DI + 0,8%",2.4509,3.0641,2.3807,0.64,1000.99667216,96.4,567.22,2026-09-18
22E1315701,CRI,EVEN CONSTRUTORA E INCORPORADORA S.A.,OPEA SECURITIZADORA S/A,1ª,2028-09-18,"DI + 0,9%",0.9488,,,0.25,960.63241876,99.96,236.7,2026-09-18
23J1142031,CRI,YDUQS PARTICIPAÇÕES S.A.,OPEA SECURITIZADORA S/A,2ª,2028-10-13,"DI + 0,9%",0.9301,,,0.26,1062.27591375,99.96,341.69,2026-09-18
CRA022008NC,CRA,SOROCABA REFRESCOS S.A.,ECO SECURITIZADORA DE DIREITOS CREDITÓRIOS DO AGRONEGÓCIO S.A.,1ª,2029-08-15,"DI + 0,9%",1.1678,1.9405,0.2905,0.08,756.24785065,99.56,419.77,2026-09-18
CRA023000GP,CRA,"VAMOS LOCAÇÃO DE CAMINHÕES, MÁQUINAS E EQUIPAMENTOS S.A.",ECO SECURITIZADORA DE DIREITOS CREDITÓRIOS DO AGRONEGÓCIO S.A.,1ª,2028-01-17,"DI + 0,9%",4.0011,4.8404,3.0,0.0,988.70264343,96.38,306.95,2026-09-18
CRA024007K9,CRA,COOXUPÉ - COOPERATIVA REGIONAL DE CAFEICULTORES EM GUAXUPÉ LTDA.,VERT COMPANHIA SECURITIZADORA,1ª,2029-07-16,"DI + 0,9%",1.4939,2.1034,0.8034,0.06,1014.01887532,98.84,498.69,2026-09-18
22F0315398,CRI,LOCALIZA RENT A CAR S.A.,RIZA SECURITIZADORA S.A.,1ª,2027-06-07,"DI + 0,95%",0.4922,0.6741,0.3074,0.21,1045.47543667,100.3,167.68,2026-09-18
CRA024002MJ,CRA,MARFRIG GLOBAL FOODS S.A.,ECO SECURITIZADORA DE DIREITOS CREDITÓRIOS DO AGRONEGÓCIO S.A.,1ª,2029-03-15,"DI + 0,95%",2.8007,3.2074,2.5241,0.59,963.25642089,96.17,541.54,2026-09-18
23H0027402,CRI,REDE D'OR SÃO LUIZ S.A.,OPEA SECURITIZADORA S/A,1ª,2028-08-15,DI + 1%,0.2757,0.3707,0.0041,0.04,1025.3690035,101.24,429.94,2026-09-18
CRA022006HJ,CRA,SÃO SALVADOR ALIMENTOS S.A.,ECO SECURITIZADORA DE DIREITOS CREDITÓRIOS DO AGRONEGÓCIO S.A.,1ª,2027-07-15,DI + 1%,1.1247,1.8055,0.2555,0.04,1025.09843857,99.91,195.7,2026-09-18
CRA022008C9,CRA,COMPANHIA DE LOCAÇÃO DAS AMÉRICAS,ECO SECURITIZADORA DE DIREITOS CREDITÓRIOS DO AGRONEGÓCIO S.A.,2ª,2028-09-15,DI + 1%,0.7844,1.2053,0.5102,0.17,1005.51397203,100.38,451.37,2026-09-18
CRA022008CB,CRA,JALLES MACHADO S.A.,ECO SECURITIZADORA DE DIREITOS CREDITÓRIOS DO AGRONEGÓCIO S.A.,1ª,2032-08-09,DI + 1%,1.4074,,1.282,0.13,989.40456443,98.5,943.45,2026-09-18
23H1191899,CRI,RAIA DROGASIL S.A.,OPEA SECURITIZADORA S/A,3ª,2030-09-16,"DI + 1,1%",0.3997,0.588,0.2505,0.19,1021.59692447,101.99,713.69,2026-09-18
CRA024002S1,CRA,MINERVA S.A.,RIZA SECURITIZADORA S.A.,1ª,2029-03-15,"DI + 1,1%",2.9565,3.4018,2.5,0.62,963.27694702,96.17,540.77,2026-09-18
CRA02400AHV,CRA,CEREAL COMÉRCIO EXPORTAÇÃO E REPRESENTAÇÃO AGROPECUÁRIA S.A.,RIZA SECURITIZADORA S.A.,1ª,2029-11-16,"DI + 1,1%",1.6343,2.2254,0.9254,0.06,1037.57075228,98.69,626.16,2026-09-18
23F2455020,CRI,Assai,TRUE SECURITIZADORA S/A,3ª,2028-07-15,"DI + 1,15%",,,,,,,,2026-09-18
CRA023000MC,CRA,"VAMOS LOCAÇÃO DE CAMINHÕES, MÁQUINAS E EQUIPAMENTOS S.A.",ECO SECURITIZADORA DE DIREITOS CREDITÓRIOS DO AGRONEGÓCIO S.A.,2ª,2030-01-15,"DI + 1,2%",4.6461,5.3387,4.0,0.08,1456.11390488,89.58,828.0,2026-09-18
CRA024001P7,CRA,JSL S.A.,ECO SECURITIZADORA DE DIREITOS CREDITÓRIOS DO AGRONEGÓCIO S.A.,3ª,2031-02-17,"DI + 1,2%",4.904,5.6184,4.0333,0.0,919.54009818,90.77,672.59,2026-09-18
CRA024007Q4,CRA,SLC MÁQUINAS LTDA.,OPEA SECURITIZADORA S/A,2ª,2031-08-15,"DI + 1,2%",1.338,2.0537,0.7537,0.16,1009.36118847,99.64,677.81,2026-09-18
23C0247388,CRI,LOCALIZA RENT A CAR S.A.,RIZA SECURITIZADORA S.A.,1ª,2028-03-10,"DI + 1,25%",0.6129,0.7307,,0.09,1012.08721561,100.87,344.54,2026-09-18
23G0009601,CRI,DIMED S.A.,OPEA SECURITIZADORA S/A,1ª,2028-07-27,"DI + 1,3%",0.2862,,0.0084,0.01,824.98368142,101.03,256.62,2026-09-18
23C0247702,CRI,LOCALIZA RENT A CAR S.A.,RIZA SECURITIZADORA S.A.,2ª,2030-03-11,"DI + 1,4%",0.5339,,,0.2,1027.86170376,102.44,707.87,2026-09-18
CRA022008NF,CRA,IRANI PAPEL E EMBALAGEM S.A.,ECO SECURITIZADORA DE DIREITOS CREDITÓRIOS DO AGRONEGÓCIO S.A.,1ª,2027-08-16,"DI + 1,4%",1.019,1.6687,0.6405,0.16,1016.55083328,100.33,217.61,2026-09-18
CRA023002GX,CRA,INTEGRADA COOPERATIVA AGROINDUSTRIAL,ECO SECURITIZADORA DE DIREITOS CREDITÓRIOS DO AGRONEGÓCIO S.A.,1ª,2028-05-15,"DI + 1,4%",1.4492,2.9333,-0.0333,0.0,420.72272508,99.95,270.46,2026-09-18
23J1127308,CRI,MOVIDA PARTICIPAÇÕES S.A.,OPEA SECURITIZADORA S/A,1ª,2028-10-16,"DI + 1,45%",4.4776,4.5,2.5,0.69,1012.2728778,95.03,435.14,2026-09-18
22C1235206,CRI,HAVAN S.A.,OPEA SECURITIZADORA S/A,463ª,2027-04-27,"DI + 1,5%",0.7869,0.9191,0.5524,0.17,1013.26472426,100.4,141.55,2026-09-18
23I1257218,CRI,JSL S.A.,OPEA SECURITIZADORA S/A,2ª,2030-09-16,"DI + 1,5%",4.6912,,,1.8,910.19164751,90.86,774.19,2026-09-18
CRA0220080Y,CRA,NEOMILLE S.A.,ECO SECURITIZADORA DE DIREITOS CREDITÓRIOS DO AGRONEGÓCIO S.A.,1ª,2028-04-03,"DI + 1,5%",1.75,2.6584,0.8384,0.0,427.71479673,99.77,240.91,2026-09-18
CRA02300G7E,CRA,MARFRIG GLOBAL FOODS S.A.,ECO SECURITIZADORA DE DIREITOS CREDITÓRIOS DO AGRONEGÓCIO S.A.,2ª,2028-08-15,"DI + 1,5%",2.353,3.1074,2.0,0.33,999.0339946,98.59,427.63,2026-09-18
CRA02300MJ9,CRA,MINERVA S.A.,RIZA SECURITIZADORA S.A.,1ª,2028-09-15,"DI + 1,5%",2.5718,2.8341,1.0003,0.62,983.15276336,98.15,449.17,2026-09-18
CRA024003UY,CRA,LAR COOPERATIVA AGROINDUSTRIAL,ECO SECURITIZADORA DE DIREITOS CREDITÓRIOS DO AGRONEGÓCIO S.A.,2ª,2029-04-16,"DI + 1,55%",1.69,1.8657,1.1657,0.03,999.29906866,99.76,446.67,2026-09-18
CRA0240020A,CRA,VICUNHA TÊXTIL S.A.,RIZA SECURITIZADORA S.A.,1ª,2029-02-15,"DI + 1,6%",3.1071,3.9524,1.6114,0.24,983.14547053,97.01,518.58,2026-09-18
CRA0240099E,CRA,VALE DO TIJUCO AÇÚCAR E ÁLCOOL S.A.,ECO SECURITIZADORA DE DIREITOS CREDITÓRIOS DO AGRONEGÓCIO S.A.,1ª,2034-10-16,"DI + 1,6%",2.1984,,,0.37,1042.15255964,97.78,959.7,2026-09-18
CRA025009KJ,CRA,Salton,OPEA SECURITIZADORA S/A,1ª,2031-12-09,"DI + 1,6%",,,,,,,,2026-09-18
24A2720884,CRI,DIAGNÓSTICAS DA AMÉRICA S.A.,VERT COMPANHIA SECURITIZADORA,1ª,2029-01-15,"DI + 1,63%",4.5894,6.0197,2.9662,0.96,970.72441156,94.5,495.45,2026-09-18
22L1465644,CRI,ÂNIMA HOLDING S.A.,RIZA SECURITIZADORA S.A.,1ª,2027-12-15,"DI + 1,65%",2.2456,2.5,1.9,0.19,995.17852422,99.34,284.41,2026-09-18
CRA0230073L,CRA,J. MACÊDO S.A.,RIZA SECURITIZADORA S.A.,1ª,2028-04-17,"DI + 1,65%",0.7606,1.3155,,0.08,804.2622961,100.66,188.79,2026-09-18
22J0000801,CRI,TRISUL S.A.,TRUE SECURITIZADORA S/A,1ª,2027-12-15,"DI + 1,7%",,,,,,,,2026-09-18
23F0012002,CRI,LOG COMMERCIAL PROPERTIES E PARTICIPAÇÕES S.A.,OPEA SECURITIZADORA S/A,1ª,2028-06-26,"DI + 1,7%",1.1229,,0.6674,0.08,694.60719492,100.64,281.04,2026-09-18
23L2043099,CRI,Unidas,OPEA SECURITIZADORA S/A,1ª,2028-12-15,"DI + 1,7%",,,,,,,,2026-09-18
CRA02300VBT,CRA,UNIDAS LOCAÇÕES E SERVIÇOS S.A.,OPEA SECURITIZADORA S/A,1ª,2028-12-15,"DI + 1,7%",1.3278,1.9403,0.4737,0.19,1048.15659802,100.7,478.4,2026-09-18
CRA022008NH,CRA,IRANI PAPEL E EMBALAGEM S.A.,ECO SECURITIZADORA DE DIREITOS CREDITÓRIOS DO AGRONEGÓCIO S.A.,2ª,2029-08-15,"DI + 1,75%",0.9743,1.487,0.3703,0.07,1029.62787298,101.59,518.12,2026-09-18
CRA0230012X,CRA,VALE DO PONTAL AÇÚCAR E ETANOL S.A.,ECO SECURITIZADORA DE DIREITOS CREDITÓRIOS DO AGRONEGÓCIO S.A.,1ª,2031-02-17,"DI + 1,8%",2.1905,,,0.14,1001.98646349,98.85,757.92,2026-09-18
CRA0240005N,CRA,CEREAL COMÉRCIO EXPORTAÇÃO E REPRESENTAÇÃO AGROPECUÁRIA S.A.,RIZA SECURITIZADORA S.A.,1ª,2029-01-15,"DI + 1,8%",1.6517,2.2594,0.7794,0.37,1029.33458419,100.17,294.7,2026-09-18
24K0003002,CRI,PATRIMAR ENGENHARIA S.A.,RIZA SECURITIZADORA S.A.,1ª,2029-11-23,"DI + 1,95%",3.8196,4.6641,3.573,1.16,1010.90917082,96.17,539.91,2026-09-18
CRA02300Q8I,CRA,CAPAL COOPERATIVA AGROINDUSTRIAL,OPEA SECURITIZADORA S/A,1ª,2029-05-17,"DI + 1,95%",1.5615,2.3484,0.7,0.12,603.64477677,100.55,360.45,2026-09-18
23H1023846,CRI,BR PROPERTIES S.A.,OPEA SECURITIZADORA S/A,1ª,2031-08-15,DI + 2%,1.3619,1.5857,1.1008,0.05,935.02344066,101.76,703.07,2026-09-18
23J1333602,CRI,PATRIMAR ENGENHARIA S.A.,RIZA SECURITIZADORA S.A.,1ª,2028-10-20,DI + 2%,,,,,,,,2026-09-18
CRA022001P6,CRA,USINA BATATAIS S.A.,RIZA SECURITIZADORA S.A.,1ª,2028-04-20,DI + 2%,1.3267,2.2055,0.4555,0.05,1020.80338169,100.93,352.73,2026-09-18
CRA022008C2,CRA,VICUNHA TÊXTIL S.A.,RIZA SECURITIZADORA S.A.,2ª,2027-08-16,DI + 2%,3.2097,3.6091,2.0254,0.27,501.77956948,98.99,217.21,2026-09-18
CRA02300S8P,CRA,FS INDÚSTRIA DE BIOCOMBUSTÍVEIS LTDA.,ECO SECURITIZADORA DE DIREITOS CREDITÓRIOS DO AGRONEGÓCIO S.A.,2ª,2030-06-17,DI + 2%,3.8084,4.0907,3.337,0.52,952.95390651,95.13,713.49,2026-09-18
CRA024000B7,CRA,FS INDÚSTRIA DE BIOCOMBUSTÍVEIS LTDA.,ECO SECURITIZADORA DE DIREITOS CREDITÓRIOS DO AGRONEGÓCIO S.A.,2ª,2030-07-15,DI + 2%,4.0717,4.5587,3.4587,0.34,945.3435146,94.37,723.02,2026-09-18
23D0005401,CRI,ORIGINAL HOLDING S.A,OPEA SECURITIZADORA S/A,1ª,2028-04-15,"DI + 2,05%",,,,,,,,2026-09-18
CRA02300BQD,CRA,GJA INDÚSTRIAS S.A.,RIZA SECURITIZADORA S.A.,1ª,2029-07-16,"DI + 2,25%",5.2285,,,0.25,583.86724827,97.13,253.18,2026-09-18
CRA025000MJ,CRA,Integrada Cooperativa Agroindustrial,ECO SECURITIZADORA DE DIREITOS CREDITÓRIOS DO AGRONEGÓCIO S.A.,2ª,2029-05-15,"DI + 2,35%",2.2519,2.7605,1.5355,0.0,792.89393154,100.13,350.2,2026-09-18
22L1212138,CRI,LAR COOPERATIVA AGROINDUSTRIAL,HABITASEC SECURITIZADORA S.A.,2ª,2034-12-19,"DI + 2,45%",1.9259,3.0305,,0.28,913.85931306,101.48,722.73,2026-09-18
CRA02300KZL,CRA,FLORA PRODUTOS DE HIGIENE E LIMPEZA S.A.,OPEA SECURITIZADORA S/A,1ª,2029-10-15,"DI + 2,5%",1.6254,2.453,0.7,0.31,788.20837267,101.15,337.75,2026-09-18
CRA024005K1,CRA,Natural One S.A.,ECO SECURITIZADORA DE DIREITOS CREDITÓRIOS DO AGRONEGÓCIO S.A.,1ª,2029-05-25,"DI + 2,5%",,,,,,,,2026-09-18
CRA02300795,CRA,FS INDÚSTRIA DE BIOCOMBUSTÍVEIS LTDA.,ECO SECURITIZADORA DE DIREITOS CREDITÓRIOS DO AGRONEGÓCIO S.A.,1ª,2029-10-15,"DI + 2,9%",3.908,4.2989,3.3285,0.09,978.49739188,97.67,609.89,2026-09-18
CRA02300CCH,CRA,FS INDÚSTRIA DE BIOCOMBUSTÍVEIS LTDA.,ECO SECURITIZADORA DE DIREITOS CREDITÓRIOS DO AGRONEGÓCIO S.A.,1ª,2029-12-17,"DI + 2,9%",4.0039,4.4789,3.394,0.03,975.26293017,97.34,634.97,2026-09-18
CRA0250040I,CRA,Natural One S.A,ECO SECURITIZADORA DE DIREITOS CREDITÓRIOS DO AGRONEGÓCIO S.A.,1ª,2029-06-15,"DI + 2,9%",5.217,,3.5,2.01,1010.53134786,96.78,369.19,2026-09-18
CRA0220099D,CRA,CENTRAL CRESOL BASER,ECO SECURITIZADORA DE DIREITOS CREDITÓRIOS DO AGRONEGÓCIO S.A.,1ª,2027-12-15,"DI + 2,95%",1.1383,1.8664,0.4464,0.07,352.30814836,101.21,171.15,2026-09-18
CRA023003JX,CRA,OLFAR S.A.,RIZA SECURITIZADORA S.A.,1ª,2029-03-15,DI + 3%,2.1065,3.2404,1.1604,0.1,723.75536034,101.13,326.26,2026-09-18
CRA0240086H,CRA,DISTRIBUIDORA DE PRODUTOS DE PETRÓLEO CHARRUA LTDA.,OPEA SECURITIZADORA S/A,1ª,2029-08-23,DI + 3%,2.8223,3.6343,1.9274,0.29,1015.00869186,100.35,508.11,2026-09-18
CRA0250012Y,CRA,FS FLORESTAL S.A.,ECO SECURITIZADORA DE DIREITOS CREDITÓRIOS DO AGRONEGÓCIO S.A.,2ª,2031-03-17,DI + 3%,3.6521,4.6141,3.275,0.65,981.92004821,98.01,802.95,2026-09-18
23F0012602,CRI,FARMACIA E DROGARIA NISSEI S.A.,OPEA SECURITIZADORA S/A,1ª,2028-06-22,"DI + 3,5%",,,,,,,,2026-09-18
CRA022000RU,CRA,MADERO INDÚSTRIA E COMÉRCIO S.A.,ECO SECURITIZADORA DE DIREITOS CREDITÓRIOS DO AGRONEGÓCIO S.A.,2ª,2027-03-15,"DI + 3,5%",3.6937,4.0557,,0.19,139.73940885,99.95,67.45,2026-09-18
CRA024002MM,CRA,USINA SANTA FÉ S.A.,ECO SECURITIZADORA DE DIREITOS CREDITÓRIOS DO AGRONEGÓCIO S.A.,1ª,2029-12-17,DI + 4%,3.0717,4.793,1.1666,0.52,888.34656248,101.32,369.89,2026-09-18
CRA02400ECU,CRA,USINA CORURIPE AÇÚCAR E ÁLCOOL S.A.,ECO SECURITIZADORA DE DIREITOS CREDITÓRIOS DO AGRONEGÓCIO S.A.,5ª,2030-11-25,"DI + 4,1%",4.6059,5.0257,4.5924,0.45,4960.71587225,99.17,434.24,2026-09-18
CRA023001JL,CRA,PISANI PLÁSTICOS S.A.,ECO SECURITIZADORA DE DIREITOS CREDITÓRIOS DO AGRONEGÓCIO S.A.,1ª,2029-02-20,DI + 5%,4.0879,,,0.16,568.63481181,100.91,262.49,2026-09-18
CRA02300KOH,CRA,TECSOIL AUTOMAÇÃO E SISTEMAS S.A.,OPEA SECURITIZADORA S/A,1ª,2028-10-16,"DI + 5,5%",2.9968,4.0115,1.8571,0.14,711.99089265,102.3,240.06,2026-09-18
CRA02300JR6,CRA,RAÍZEN ENERGIA S.A.,TRUE SECURITIZADORA S/A,2ª,2033-10-17,IPCA + 0%,,,,,481.91919192,42.38,,2026-09-18
CRA019003JY,CRA,KLABIN S.A.,VERT COMPANHIA SECURITIZADORA,1ª,2029-06-15,"IPCA + 3,5%",7.2236,7.6388,6.6447,0.16,1393.71791931,94.29,416.34,2026-09-18
CRA019003V3,CRA,RAÍZEN ENERGIA S.A.,OPEA SECURITIZADORA S/A,2ª,2029-07-16,"IPCA + 3,602%",,,,,701.99126478,47.92,,2026-09-18
CRA021000MG,CRA,M. DIAS BRANCO S.A. INDÚSTRIA E COMÉRCIO DE ALIMENTOS,RIZA SECURITIZADORA S.A.,1ª,2028-03-15,"IPCA + 3,7992%",7.7306,8.0625,7.6308,0.06,1298.12473642,94.76,364.96,2026-09-18
CRA021000MH,CRA,M. DIAS BRANCO S.A. INDÚSTRIA E COMÉRCIO DE ALIMENTOS,RIZA SECURITIZADORA S.A.,2ª,2031-03-15,"IPCA + 4,1369%",8.178,8.5272,8.0869,0.03,1211.82813146,88.45,807.37,2026-09-18
CRA02100002,CRA,COCAL COMÉRCIO INDÚSTRIA CANAÃ AÇÚCAR E ÁLCOOL LTDA.,RIZA SECURITIZADORA S.A.,2ª,2028-02-15,"IPCA + 4,2095%",8.503,9.0744,7.1153,0.31,612.61750256,97.0,189.0,2026-09-18
CRA021000MB,CRA,COLOMBO AGROINDÚSTRIA S.A.,ECO SECURITIZADORA DE DIREITOS CREDITÓRIOS DO AGRONEGÓCIO S.A.,1ª,2027-03-15,"IPCA + 4,4474%",8.0223,9.205,7.0957,0.34,666.46754419,98.42,119.0,2026-09-18
CRA021001PQ,CRA,MARFRIG GLOBAL FOODS S.A.,OPEA SECURITIZADORA S/A,1ª,2028-07-15,"IPCA + 4,5%",12.1541,12.3065,11.8562,0.32,1171.25691729,88.41,438.6,2026-09-18
CRA019001E7,CRA,KLABIN S.A.,VERT COMPANHIA SECURITIZADORA,2ª,2029-03-15,"IPCA + 4,5081%",7.2815,7.6638,6.9689,0.12,1451.34477654,96.39,351.91,2026-09-18
CRA021001VA,CRA,MARFRIG GLOBAL FOODS S.A.,OPEA SECURITIZADORA S/A,2ª,2031-07-15,"IPCA + 4,6%",12.016,12.516,10.9813,0.37,1047.25865807,79.03,854.93,2026-09-18
21G0065100,CRI,ALIANSCE SONAE SHOPPING CENTERS S.A.,RB CAPITAL INVESTIMENTOS DTVM LTDA,347ª,2028-07-17,"IPCA + 4,6197%",7.9965,,7.858,0.25,1258.37017147,94.63,437.82,2026-09-18
CRA0210013B,CRA,BRF S.A.,VERT COMPANHIA SECURITIZADORA,1ª,2031-05-15,"IPCA + 4,7843%",11.7715,12.2786,10.9932,1.0,1042.95089565,76.84,1016.76,2026-09-18
CRA021001KB,CRA,COMPANHIA DE LOCAÇÃO DAS AMÉRICAS,ECO SECURITIZADORA DE DIREITOS CREDITÓRIOS DO AGRONEGÓCIO S.A.,1ª,2031-07-15,"IPCA + 4,825%",7.834,8.7576,7.2148,0.19,1208.18816165,90.71,863.9,2026-09-18
CRA021002SO,CRA,IPIRANGA PRODUTOS DE PETRÓLEO S.A.,VERT COMPANHIA SECURITIZADORA,1ª,2028-09-15,"IPCA + 4,8287%",7.9728,8.7283,7.6667,0.41,1228.71665796,94.51,481.22,2026-09-18
21D0737500,CRI,DIRECIONAL ENGENHARIA S.A.,OPEA SECURITIZADORA S/A,371ª,2028-04-17,"IPCA + 4,8444%",7.3492,7.9439,,0.44,875.66599891,97.6,258.31,2026-09-18
21D0862572,CRI,REDE D'OR SÃO LUIZ S.A.,OPEA SECURITIZADORA S/A,324ª,2036-05-15,"IPCA + 4,9347%",8.2836,,8.0394,0.33,1100.43805269,80.58,1700.59,2026-09-18
21H1078699,CRI,SENDAS DISTRIBUIDORA S.A.,OPEA SECURITIZADORA S/A,428ª,2028-10-16,"IPCA + 5,1531%",10.5297,11.0013,9.8913,0.24,1187.16185696,90.8,486.63,2026-09-18
21H1078700,CRI,SENDAS DISTRIBUIDORA S.A.,OPEA SECURITIZADORA S/A,429ª,2031-10-15,"IPCA + 5,2662%",11.6335,11.9639,10.6841,0.28,1061.57284088,81.16,883.86,2026-09-18
CRA021000SC,CRA,COPERSUCAR S.A.,RIZA SECURITIZADORA S.A.,1ª,2028-05-15,"IPCA + 5,2893%",,,,,,,,2026-09-18
CRA020002GZ,CRA,BRF S.A.,VERT COMPANHIA SECURITIZADORA,1ª,2027-07-15,"IPCA + 5,3%",10.0328,10.9073,8.3263,1.22,1397.78723934,96.56,200.77,2026-09-18
21D0694886,CRI,CONSTRUTORA TENDA S.A.,OPEA SECURITIZADORA S/A,378ª,2028-04-17,"IPCA + 5,3621%",8.6425,9.2309,,0.43,888.92036925,96.94,254.36,2026-09-18
CRA021002NF,CRA,PETROBRAS DISTRIBUIDORA S.A.,RIZA SECURITIZADORA S.A.,1ª,2031-09-15,"IPCA + 5,3995%",8.8691,9.2707,8.3935,0.25,1163.07784658,88.9,910.62,2026-09-18
CRA020001P7,CRA,RAÍZEN ENERGIA S.A.,OPEA SECURITIZADORA S/A,1ª,2027-06-15,"IPCA + 5,4%",,,,,580.44786156,40.79,,2026-09-18
CRA021000RX,CRA,MINERVA S.A.,RIZA SECURITIZADORA S.A.,1ª,2028-04-17,"IPCA + 5,5034%",12.2814,,10.8582,0.26,1255.74563645,91.18,373.15,2026-09-18
21I0278118,CRI,LOG COMMERCIAL PROPERTIES E PARTICIPAÇÕES S.A.,RIZA SECURITIZADORA S.A.,362ª,2028-09-15,"IPCA + 5,5212%",10.4509,,10.0135,0.7,613.33980933,93.68,358.55,2026-09-18
21K0001806,CRI,REDE D'OR SÃO LUIZ S.A.,OPEA SECURITIZADORA S/A,396ª,2031-12-15,"IPCA + 5,5758%",8.1623,8.406,8.0374,0.01,1170.12929504,91.38,933.56,2026-09-18
CRA021000RY,CRA,MINERVA S.A.,RIZA SECURITIZADORA S.A.,39ª,2031-04-15,"IPCA + 5,578%",11.2389,12.0034,10.7884,0.36,1169.48914163,84.89,781.8,2026-09-18
CRA020002H1,CRA,BRF S.A.,VERT COMPANHIA SECURITIZADORA,2ª,2030-07-15,"IPCA + 5,6%",11.7685,12.6274,10.669,1.14,1252.29280929,86.46,639.46,2026-09-18
CRA022002Y1,CRA,NORSA REFRIGERANTES S.A.,RIZA SECURITIZADORA S.A.,1ª,2027-03-15,"IPCA + 5,685%",7.1909,7.6867,7.1276,0.23,600.8010154,99.33,119.0,2026-09-18
CRA020003PY,CRA,"VAMOS LOCAÇÃO DE CAMINHÕES, MÁQUINAS E EQUIPAMENTOS S.A.",ECO SECURITIZADORA DE DIREITOS CREDITÓRIOS DO AGRONEGÓCIO S.A.,1ª,2030-11-18,"IPCA + 5,7315%",11.3343,13.2519,10.3618,1.7,1234.20190626,86.46,703.24,2026-09-18
21K0001812,CRI,ULTRA SOM SERVIÇOS MÉDICOS S.A.,RIZA SECURITIZADORA S.A.,378ª,2031-12-15,"IPCA + 5,7505%",20.4691,22.9545,17.9003,1.43,756.27119591,59.32,976.78,2026-09-18
CRA021002YA,CRA,CARAMURU ALIMENTOS S.A.,ECO SECURITIZADORA DE DIREITOS CREDITÓRIOS DO AGRONEGÓCIO S.A.,1ª,2027-09-15,"IPCA + 5,7641%",9.5748,10.8457,7.9112,0.21,247.01682103,96.64,243.51,2026-09-18
CRA020001P8,CRA,RAÍZEN ENERGIA S.A.,TRUE SECURITIZADORA S/A,2ª,2030-06-17,"IPCA + 5,8%",,,,,620.52665456,43.57,,2026-09-18
22D1289007,CRI,REDE D'OR SÃO LUIZ S.A.,OPEA SECURITIZADORA S/A,508ª,2029-06-15,"IPCA + 5,83%",7.8891,8.2201,7.6047,0.05,1151.86610894,95.28,631.17,2026-09-18
22D1289010,CRI,CYRELA BRAZIL REALTY S.A.,OPEA SECURITIZADORA S/A,490ª,2027-06-15,"IPCA + 5,9068%",6.5929,,,0.32,1224.63581606,99.54,178.48,2026-09-18
CRA022002Y2,CRA,NORSA REFRIGERANTES S.A.,RIZA SECURITIZADORA S.A.,2ª,2029-03-15,"IPCA + 5,9169%",8.4162,8.9168,8.3518,0.32,1157.88553421,95.72,472.0,2026-09-18
CRA022006N5,CRA,IPIRANGA PRODUTOS DE PETRÓLEO S.A.,VERT COMPANHIA SECURITIZADORA,1ª,2032-06-15,"IPCA + 6,0053%",8.3418,9.0762,7.8898,0.41,1104.9939544,91.51,1019.21,2026-09-18
22D1289008,CRI,REDE D'OR SÃO LUIZ S.A.,OPEA SECURITIZADORA S/A,509ª,2032-06-15,"IPCA + 6,01%",8.1293,8.4474,7.8617,0.14,1115.86478756,92.26,1020.16,2026-09-18
CRA022002Y3,CRA,NORSA REFRIGERANTES S.A.,RIZA SECURITIZADORA S.A.,3ª,2032-03-15,"IPCA + 6,0392%",8.4904,,,0.15,1105.67077738,91.4,986.79,2026-09-18
CRA022002XN,CRA,JBS S.A.,RIZA SECURITIZADORA S.A.,3ª,2037-04-15,"IPCA + 6,0953%",,,,,,,,2026-09-18
21K0001807,CRI,REDE D'OR SÃO LUIZ S.A.,OPEA SECURITIZADORA S/A,397ª,2036-12-15,"IPCA + 6,1017%",8.3752,8.6868,8.0888,0.03,1106.26846755,86.28,1728.41,2026-09-18
22D1289011,CRI,CYRELA BRAZIL REALTY S.A.,OPEA SECURITIZADORA S/A,491ª,2029-06-15,"IPCA + 6,128%",,,,,,,,2026-09-18
22K0001201,CRI,PETRÓLEO BRASILEIRO S.A. - PETROBRAS,OPEA SECURITIZADORA S/A,1ª,2030-04-15,"IPCA + 6,2%",7.1946,7.352,7.1091,0.05,1187.36834509,97.06,805.17,2026-09-18
23H0027403,CRI,REDE D'OR SÃO LUIZ S.A.,OPEA SECURITIZADORA S/A,2ª,2030-08-15,"IPCA + 6,2%",8.183,8.4266,7.989,0.18,1079.41440404,93.77,874.42,2026-09-18
CRA022006MY,CRA,Dexco S.A.,ECO SECURITIZADORA DE DIREITOS CREDITÓRIOS DO AGRONEGÓCIO S.A.,2ª,2032-06-15,"IPCA + 6,2%",,,,,,,,2026-09-18
22K0001203,CRI,PETRÓLEO BRASILEIRO S.A. - PETROBRAS,OPEA SECURITIZADORA S/A,2ª,2032-11-16,"IPCA + 6,25%",7.4839,7.6569,,0.21,1183.46413081,94.4,1251.82,2026-09-18
22E1325262,CRI,HYPERA S.A.,OPEA SECURITIZADORA S/A,2ª,2029-08-15,"IPCA + 6,279%",8.5009,8.7283,8.2205,0.16,1132.67921492,94.64,670.68,2026-09-18
CRA021002YF,CRA,J. MACÊDO S.A.,ECO SECURITIZADORA DE DIREITOS CREDITÓRIOS DO AGRONEGÓCIO S.A.,1ª,2026-11-16,"IPCA + 6,3071%",9.4133,11.7128,6.9365,0.55,61.09453137,99.68,28.43,2026-09-18
CRA02300S35,CRA,CAMIL ALIMENTOS S.A.,ECO SECURITIZADORA DE DIREITOS CREDITÓRIOS DO AGRONEGÓCIO S.A.,2ª,2030-11-18,"IPCA + 6,3416%",12.4254,13.0506,11.4955,0.19,971.12015076,83.69,798.67,2026-09-18
22C1362141,CRI,MATEUS SUPERMERCADOS S.A.,OPEA SECURITIZADORA S/A,1ª,2034-07-17,"IPCA + 6,3423%",10.2303,,9.8003,0.23,824.58852949,88.89,804.73,2026-09-18
22B0004808,CRI,CSN CIMENTOS S.A.,RIZA SECURITIZADORA S.A.,417ª,2032-02-16,"IPCA + 6,3893%",16.7669,19.4423,12.1511,0.77,873.42825483,70.39,929.52,2026-09-18
CRA022008N6,CRA,JBS S.A.,RIZA SECURITIZADORA S.A.,2ª,2032-09-15,"IPCA + 6,3919%",8.9698,10.5316,7.5388,0.08,1081.9794668,90.25,1073.82,2026-09-18
22K0001204,CRI,PETRÓLEO BRASILEIRO S.A. - PETROBRAS,OPEA SECURITIZADORA S/A,3ª,2037-11-16,"IPCA + 6,4%",,,,,,,,2026-09-18
24B0013203,CRI,CIDADE MARAVILHOSA INDÚSTRIA E COMÉRCIO DE ROUPAS S.A.,RIZA SECURITIZADORA S.A.,3ª,2030-02-15,"IPCA + 6,4%",10.611,,10.3115,0.8,1014.08121596,90.24,663.97,2026-09-18
CRA02300CYS,CRA,BANCO BTG PACTUAL S.A.,OPEA SECURITIZADORA S/A,3ª,2033-07-15,"IPCA + 6,4338%",7.3333,7.6099,7.1357,0.11,1106.91870802,95.45,1390.84,2026-09-18
22E1325264,CRI,HYPERA S.A.,OPEA SECURITIZADORA S/A,3ª,2032-08-16,"IPCA + 6,4451%",8.631,9.1273,,0.08,1099.04746899,91.81,1053.56,2026-09-18
CRA024001P6,CRA,JSL S.A.,ECO SECURITIZADORA DE DIREITOS CREDITÓRIOS DO AGRONEGÓCIO S.A.,2ª,2031-02-17,"IPCA + 6,4527%",13.2608,14.0827,12.2853,0.6,932.75212178,82.9,753.51,2026-09-18
22E1095384,CRI,MRV ENGENHARIA E PARTICIPAÇÕES S.A.,OPEA SECURITIZADORA S/A,1ª,2030-09-16,"IPCA + 6,4802%",12.1062,,11.5029,0.4,1038.50410925,86.98,676.6,2026-09-18
21J0001208,CRI,TENDA ATACADO S.A.,RIZA SECURITIZADORA S.A.,306ª,2026-10-15,"IPCA + 6,4803%",12.3495,,11.285,0.72,439.47686536,99.62,18.0,2026-09-18
22F0009804,CRI,DIRECIONAL ENGENHARIA S.A.,OPEA SECURITIZADORA S/A,1ª,2032-06-15,"IPCA + 6,4899%",8.5289,8.9043,8.2647,0.04,1118.26814161,92.65,1009.58,2026-09-18
22F0009409,CRI,GJA INDÚSTRIAS S.A.,RIZA SECURITIZADORA S.A.,1ª,2029-06-15,"IPCA + 6,5%",11.7249,,,0.44,1077.1596926,90.61,516.13,2026-09-18
CRA022003JT,CRA,BEM BRASIL ALIMENTOS S.A.,ECO SECURITIZADORA DE DIREITOS CREDITÓRIOS DO AGRONEGÓCIO S.A.,1ª,2029-05-15,"IPCA + 6,5348%",9.6064,10.6067,7.2389,0.41,1170.26199021,95.78,379.46,2026-09-18
CRA022004MS,CRA,"VAMOS LOCAÇÃO DE CAMINHÕES, MÁQUINAS E EQUIPAMENTOS S.A.",ECO SECURITIZADORA DE DIREITOS CREDITÓRIOS DO AGRONEGÓCIO S.A.,1ª,2032-05-17,"IPCA + 6,5473%",13.6568,14.2358,12.6054,1.06,949.26746488,77.79,961.44,2026-09-18
23H0027404,CRI,REDE D'OR SÃO LUIZ S.A.,OPEA SECURITIZADORA S/A,3ª,2033-08-15,"IPCA + 6,55%",8.2701,8.6267,7.9691,0.05,1064.45088396,92.44,1230.22,2026-09-18
CRA022008NB,CRA,RAÍZEN ENERGIA S.A.,OPEA SECURITIZADORA S/A,1ª,2032-08-16,"IPCA + 6,5885%",,,,,580.25061957,47.92,,2026-09-18
22B0006022,CRI,MRV ENGENHARIA E PARTICIPAÇÕES S.A.,RIZA SECURITIZADORA S.A.,442ª,2029-02-15,"IPCA + 6,5954%",11.5568,,11.1725,0.55,1146.84521215,92.2,448.33,2026-09-18
CRA024004SA,CRA,JBS S.A.,RIZA SECURITIZADORA S.A.,2ª,2034-05-15,"IPCA + 6,5975%",9.3481,10.5197,7.9645,0.34,972.60207446,86.03,1468.23,2026-09-18
22J0306937,CRI,DIAGNÓSTICOS DA AMÉRICA S.A.,VERT COMPANHIA SECURITIZADORA,2ª,2029-10-15,"IPCA + 6,6%",13.1741,14.7466,11.619,0.6,1042.01316246,84.99,680.0,2026-09-18
CRA02300G7F,CRA,MARFRIG GLOBAL FOODS S.A.,ECO SECURITIZADORA DE DIREITOS CREDITÓRIOS DO AGRONEGÓCIO S.A.,3ª,2030-08-15,"IPCA + 6,6%",12.2816,12.7968,12.1406,0.26,964.03099095,83.64,860.89,2026-09-18
CRA022008C7,CRA,COMPANHIA DE LOCAÇÃO DAS AMÉRICAS,ECO SECURITIZADORA DE DIREITOS CREDITÓRIOS DO AGRONEGÓCIO S.A.,1ª,2028-09-15,"IPCA + 6,6018%",8.3588,8.917,7.9108,0.49,1161.55594144,96.96,475.48,2026-09-18
24E1835896,CRI,HSL,TRUE SECURITIZADORA S/A,1ª,2034-06-15,"IPCA + 6,6075%",,,,,,,,2026-09-18
CRA022007KI,CRA,COCAL COMÉRCIO INDÚSTRIA CANAÃ AÇÚCAR E ÁLCOOL LTDA.,RIZA SECURITIZADORA S.A.,1ª,2030-08-15,"IPCA + 6,6234%",11.1549,11.7501,10.4703,0.46,1073.28475834,89.66,655.94,2026-09-18
CRA02300JG3,CRA,JBS S.A.,RIZA SECURITIZADORA S.A.,3ª,2030-09-16,"IPCA + 6,6441%",8.9522,10.353,7.5121,0.02,1058.56093229,92.71,888.94,2026-09-18
CRA022008N7,CRA,JBS S.A.,RIZA SECURITIZADORA S.A.,3ª,2037-09-15,"IPCA + 6,6614%",9.6136,10.3377,8.9393,0.55,982.88441189,81.98,1794.79,2026-09-18
CRA022000XF,CRA,MARFRIG GLOBAL FOODS S.A.,ECO SECURITIZADORA DE DIREITOS CREDITÓRIOS DO AGRONEGÓCIO S.A.,3ª,2032-01-15,"IPCA + 6,663%",11.883,12.3421,11.1223,0.08,1054.66132326,83.78,922.61,2026-09-18
CRA02300JG4,CRA,JBS S.A.,RIZA SECURITIZADORA S.A.,4ª,2033-09-15,"IPCA + 6,6634%",9.0378,10.3697,7.7994,0.12,1023.56763306,89.64,1242.49,2026-09-18
24F1277567,CRI,DIRECIONAL ENGENHARIA S.A.,OPEA SECURITIZADORA S/A,2ª,2031-07-15,"IPCA + 6,6747%",8.5316,8.8832,8.2404,0.17,1041.39854411,93.75,939.53,2026-09-18
23L1737622,CRI,REDE D'OR SÃO LUIZ S.A.,OPEA SECURITIZADORA S/A,1ª,2033-12-15,"IPCA + 6,6941%",,,,,,,,2026-09-18
22G1414303,CRI,SENDAS DISTRIBUIDORA S.A.,OPEA SECURITIZADORA S/A,3ª,2029-09-17,"IPCA + 6,7%",11.1346,,,0.4,1090.75048287,91.04,578.95,2026-09-18
CRA022008ND,CRA,RAÍZEN ENERGIA S.A.,OPEA SECURITIZADORA S/A,2ª,2037-08-17,"IPCA + 6,7382%",,,,,478.66781541,39.5,,2026-09-18
CRA0240066J,CRA,SLC AGRICOLA II,RIZA SECURITIZADORA S.A.,3ª,2031-07-15,"IPCA + 6,7469%",9.4074,9.9079,9.122,0.07,1014.12825129,91.09,951.36,2026-09-18
22J0306938,CRI,DIAGNÓSTICOS DA AMÉRICA S.A.,VERT COMPANHIA SECURITIZADORA,3ª,2032-10-15,"IPCA + 6,75%",13.0774,15.2195,10.8097,0.43,966.05719551,78.75,1024.97,2026-09-18
CRA0240020C,CRA,VICUNHA II,RIZA SECURITIZADORA S.A.,3ª,2031-02-15,"IPCA + 6,7641%",,,,,,,,2026-09-18
22G1136492,CRI,REDE D'OR SÃO LUIZ S.A.,OPEA SECURITIZADORA S/A,3ª,2037-07-15,"IPCA + 6,7692%",,,,,,,,2026-09-18
CRA022007EP,CRA,KLABIN S.A.,VERT COMPANHIA SECURITIZADORA,1ª,2034-05-15,"IPCA + 6,7694%",7.7149,8.1149,7.4669,0.16,1149.08823513,94.91,1485.88,2026-09-18
CRA024004SB,CRA,JBS S.A.,RIZA SECURITIZADORA S.A.,3ª,2039-05-16,"IPCA + 6,7825%",8.8747,10.1934,7.3401,0.16,970.84682394,85.82,1943.2,2026-09-18
CRA0240086K,CRA,SEARA ALIMENTOS LTDA.,RIZA SECURITIZADORA S.A.,2ª,2034-09-15,"IPCA + 6,7931%",8.9964,9.9453,8.173,0.36,963.81936196,88.06,1552.18,2026-09-18
CRA024002ML,CRA,MARFRIG GLOBAL FOODS S.A.,ECO SECURITIZADORA DE DIREITOS CREDITÓRIOS DO AGRONEGÓCIO S.A.,3ª,2034-03-15,"IPCA + 6,7996%",12.2895,12.9204,11.1484,0.19,857.7665981,76.98,1288.69,2026-09-18
22I0970804,CRI,NATURA COSMÉTICOS S.A.,RIZA SECURITIZADORA S.A.,2ª,2029-09-17,"IPCA + 6,8%",8.8202,,8.7645,0.05,1139.54563679,95.0,688.39,2026-09-18
CRA0240066B,CRA,CAMIL ALIMENTOS S.A.,ECO SECURITIZADORA DE DIREITOS CREDITÓRIOS DO AGRONEGÓCIO S.A.,2ª,2031-06-16,"IPCA + 6,8286%",11.9289,,10.8018,0.4,948.4059497,84.46,903.74,2026-09-18
CRA0220079D,CRA,BRF S.A.,VERT COMPANHIA SECURITIZADORA,2ª,2032-07-15,"IPCA + 6,8344%",12.4915,12.9101,12.1381,0.61,991.09403172,81.17,1004.14,2026-09-18
CRA0240086L,CRA,SEARA ALIMENTOS LTDA.,RIZA SECURITIZADORA S.A.,3ª,2044-09-15,"IPCA + 6,8408%",9.3805,9.9159,8.7098,0.46,873.78270634,79.84,2319.25,2026-09-18
CRA022006HK,CRA,SÃO SALVADOR ALIMENTOS S.A.,ECO SECURITIZADORA DE DIREITOS CREDITÓRIOS DO AGRONEGÓCIO S.A.,2ª,2030-07-15,"IPCA + 6,8911%",8.3947,9.3551,7.4818,0.01,1158.33941619,96.52,637.91,2026-09-18
22I0970868,CRI,NATURA COSMÉTICOS S.A.,RIZA SECURITIZADORA S.A.,3ª,2032-09-15,"IPCA + 6,9%",8.9776,9.4441,,0.39,1105.33316611,92.15,1064.91,2026-09-18
23L1737623,CRI,REDE D'OR SÃO LUIZ S.A.,OPEA SECURITIZADORA S/A,2ª,2038-12-15,"IPCA + 6,9527%",8.3063,,7.9301,0.14,1046.95690615,90.73,1924.23,2026-09-18
CRA022004S9,CRA,"VAMOS LOCAÇÃO DE CAMINHÕES, MÁQUINAS E EQUIPAMENTOS S.A.",ECO SECURITIZADORA DE DIREITOS CREDITÓRIOS DO AGRONEGÓCIO S.A.,2ª,2037-05-15,"IPCA + 6,9739%",12.8426,,12.2019,0.99,854.74212994,69.95,1605.65,2026-09-18
CRA02300JG5,CRA,JBS S.A.,RIZA SECURITIZADORA S.A.,5ª,2038-09-15,"IPCA + 6,9938%",9.6664,10.3688,8.9809,0.58,945.29238089,82.78,1885.01,2026-09-18
CRA024004SC,CRA,JBS S.A.,RIZA SECURITIZADORA S.A.,4ª,2044-05-16,"IPCA + 6,9947%",9.5166,10.4905,8.7098,0.49,914.49153401,80.78,2212.91,2026-09-18
CRA022004XY,CRA,USINA CERRADÃO S.A.,ECO SECURITIZADORA DE DIREITOS CREDITÓRIOS DO AGRONEGÓCIO S.A.,1ª,2028-05-15,"IPCA + 6,9949%",7.8801,,,0.03,807.29917169,99.11,272.3,2026-09-18
22F0009410,CRI,GJA INDÚSTRIAS S.A.,RIZA SECURITIZADORA S.A.,2ª,2032-06-15,IPCA + 7%,11.5614,,,0.28,1007.27161946,84.73,988.55,2026-09-18
23F1519397,CRI,MOVIDA PARTICIPAÇÕES S.A.,OPEA SECURITIZADORA S/A,3ª,2028-06-16,IPCA + 7%,13.0309,13.4071,,0.26,1070.55077661,91.47,409.01,2026-09-18
24G1674104,CRI,JHSF PARTICIPAÇÕES S.A.,OPEA SECURITIZADORA S/A,4ª,2034-07-17,"IPCA + 7,0163%",8.6074,9.0084,8.4278,0.18,905.6581532,93.58,1119.9,2026-09-18
CRA02200C6Y,CRA,MARFRIG GLOBAL FOODS S.A.,ECO SECURITIZADORA DE DIREITOS CREDITÓRIOS DO AGRONEGÓCIO S.A.,1ª,2029-10-15,"IPCA + 7,0383%",12.0847,12.3262,11.6706,0.44,1076.30878454,88.3,677.22,2026-09-18
CRA024007PU,CRA,SOROCABA REFRESCOS S.A.,ECO SECURITIZADORA DE DIREITOS CREDITÓRIOS DO AGRONEGÓCIO S.A.,2ª,2034-08-15,"IPCA + 7,05%",9.7787,10.3982,9.4618,0.22,961.43530315,87.14,1362.31,2026-09-18
22K0934880,CRI,BCBF PARTICIPAÇÕES S.A.,RIZA SECURITIZADORA S.A.,2ª,2029-12-17,"IPCA + 7,0913%",20.1913,21.4833,17.6894,3.78,869.11563373,72.04,705.8,2026-09-18
CRA022006HE,CRA,AÇO VERDE DO BRASIL S.A.,RIZA SECURITIZADORA S.A.,1ª,2029-06-15,"IPCA + 7,1543%",10.0615,10.9544,9.7488,0.49,1159.34834933,95.83,398.79,2026-09-18
CRA023000RT,CRA,"VAMOS LOCAÇÃO DE CAMINHÕES, MÁQUINAS E EQUIPAMENTOS S.A.",ECO SECURITIZADORA DE DIREITOS CREDITÓRIOS DO AGRONEGÓCIO S.A.,3ª,2030-01-15,"IPCA + 7,1638%",13.9427,14.6181,12.692,0.17,994.77897672,83.53,734.42,2026-09-18
CRA022006BU,CRA,CARAMURU ALIMENTOS S.A.,ECO SECURITIZADORA DE DIREITOS CREDITÓRIOS DO AGRONEGÓCIO S.A.,1ª,2029-07-16,"IPCA + 7,2043%",10.4799,11.5563,8.5766,1.23,684.27434997,95.13,415.28,2026-09-18
CRA0220073P,CRA,MINERVA S.A.,RIZA SECURITIZADORA S.A.,1ª,2029-07-16,"IPCA + 7,2063%",11.9116,12.2081,10.4703,0.97,1075.72440111,89.65,638.87,2026-09-18
CRA025000ME,CRA,SEARA ALIMENTOS LTDA.,RIZA SECURITIZADORA S.A.,2ª,2045-02-15,"IPCA + 7,2266%",,,,,,,,2026-09-18
CRA0240066K,CRA,BRF S.A.,ECO SECURITIZADORA DE DIREITOS CREDITÓRIOS DO AGRONEGÓCIO S.A.,3ª,2034-06-15,"IPCA + 7,2336%",11.8406,12.1686,10.9762,1.03,901.41954334,80.28,1288.97,2026-09-18
22K0934889,CRI,BCBF PARTICIPAÇÕES S.A.,RIZA SECURITIZADORA S.A.,3ª,2034-12-15,"IPCA + 7,2792%",20.5043,23.0493,17.3858,1.42,654.15909589,54.2,1231.28,2026-09-18
CRA024001QA,CRA,ZAMP S.A.,RIZA SECURITIZADORA S.A.,3ª,2029-02-15,"IPCA + 7,3%",8.7676,,,0.18,1101.42637719,97.03,558.02,2026-09-18
CRA024007Q5,CRA,SLC MÁQUINAS LTDA.,OPEA SECURITIZADORA S/A,3ª,2031-08-15,"IPCA + 7,31%",9.929,10.3402,9.2609,0.64,1030.74771788,93.05,747.63,2026-09-18
CRA02200C6Z,CRA,MARFRIG GLOBAL FOODS S.A.,ECO SECURITIZADORA DE DIREITOS CREDITÓRIOS DO AGRONEGÓCIO S.A.,2ª,2032-10-15,"IPCA + 7,3352%",12.1638,,10.8757,0.26,1018.71562464,83.47,1018.64,2026-09-18
24A2721507,CRI,DASA,VERT COMPANHIA SECURITIZADORA,3ª,2031-01-15,"IPCA + 7,3402%",12.9046,13.4958,11.918,0.67,964.60838771,84.63,824.68,2026-09-18
CRA022006HF,CRA,AÇO VERDE DO BRASIL S.A.,RIZA SECURITIZADORA S.A.,2ª,2032-06-15,"IPCA + 7,3686%",10.3114,11.2358,9.972,0.52,1088.11462799,89.89,985.31,2026-09-18
CRA024009Q4,CRA,MARFRIG GLOBAL FOODS S.A.,ECO SECURITIZADORA DE DIREITOS CREDITÓRIOS DO AGRONEGÓCIO S.A.,3ª,2034-10-16,"IPCA + 7,3693%",12.5398,13.0346,12.0296,0.13,873.14837029,77.9,1302.19,2026-09-18
22E1314836,CRI,SÃO CARLOS EMPREENDIMENTOS E PARTICIPAÇÕES S.A.,OPEA SECURITIZADORA S/A,1ª,2029-09-17,"IPCA + 7,3826%",9.8751,,,0.32,1156.36438615,95.91,456.21,2026-09-18
CRA022001E2,CRA,FS AGRISOLUTIONS INDÚSTRIA DE BIOCOMBUSTÍVEIS LTDA.,ECO SECURITIZADORA DE DIREITOS CREDITÓRIOS DO AGRONEGÓCIO S.A.,2ª,2029-02-15,"IPCA + 7,3913%",11.7712,12.3079,10.8834,0.4,1166.14090095,94.91,326.01,2026-09-18
CRA022004SD,CRA,FS AGRISOLUTIONS INDÚSTRIA DE BIOCOMBUSTÍVEIS LTDA.,ECO SECURITIZADORA DE DIREITOS CREDITÓRIOS DO AGRONEGÓCIO S.A.,2ª,2029-05-15,"IPCA + 7,3913%",11.5429,12.2434,10.9249,0.04,1161.52556998,94.47,374.56,2026-09-18
CRA02400AHZ,CRA,REFRESCOS BANDEIRANTES INDÚSTRIA E COMÉRCIO LTDA.,RIZA SECURITIZADORA S.A.,2ª,2034-11-16,"IPCA + 7,41%",10.5632,11.5016,,0.75,949.69299235,85.44,1348.74,2026-09-18
24J2539865,CRI,JHSF PARTICIPAÇÕES S.A.,OPEA SECURITIZADORA S/A,1ª,2034-10-16,"IPCA + 7,4183%",8.7073,9.1008,8.5293,0.19,1058.52269481,93.75,1353.91,2026-09-18
CRA0240005O,CRA,CEREAL COMÉRCIO EXPORTAÇÃO E REPRESENTAÇÃO AGROPECUÁRIA S.A.,RIZA SECURITIZADORA S.A.,2ª,2029-01-15,"IPCA + 7,4367%",8.8281,10.1748,8.0146,0.13,1120.6994098,98.43,309.82,2026-09-18
CRA022004H5,CRA,NARDINI AGROINDUSTRIAL LTDA.,OPEA SECURITIZADORA S/A,1ª,2028-04-15,"IPCA + 7,4986%",,,,,,,,2026-09-18
23L2043184,CRI,UNIDAS LOCADORA S.A.,OPEA SECURITIZADORA S/A,3ª,2030-12-16,"IPCA + 7,5%",9.8757,10.3249,9.3123,0.28,1076.41537814,93.18,810.86,2026-09-18
CRA024009Q5,CRA,MARFRIG GLOBAL FOODS S.A.,ECO SECURITIZADORA DE DIREITOS CREDITÓRIOS DO AGRONEGÓCIO S.A.,4ª,2039-10-17,"IPCA + 7,5395%",12.8528,13.1717,12.5152,0.37,784.15229809,69.91,1750.46,2026-09-18
CRA02300MOQ,CRA,MINERVA S.A.,RIZA SECURITIZADORA S.A.,3ª,2030-09-16,"IPCA + 7,5408%",12.3483,12.8439,9.9546,0.86,997.15864027,87.37,773.59,2026-09-18
23L0034761,CRI,FARO ENERGY PROJETOS SOLARES HOLDING S.A.,OPEA SECURITIZADORA S/A,1ª,2038-12-15,"IPCA + 7,5702%",,,,,,,,2026-09-18
CRA0250080Y,CRA,ELDORADO BRASIL CELULOSE S.A.,OPEA SECURITIZADORA S/A,3ª,2040-09-17,"IPCA + 7,6%",8.5554,,8.1906,0.41,964.2079735,92.54,2182.94,2026-09-18
25D0012204,CRI,CYRELA BRAZIL REALTY S.A.,COMPANHIA PROVÍNCIA DE SECURITIZAÇÃO,3ª,2032-04-15,"IPCA + 7,6693%",8.3434,,8.1371,0.09,1057.72012923,97.45,1039.19,2026-09-18
23J1127331,CRI,MOVIDA PARTICIPAÇÕES S.A.,OPEA SECURITIZADORA S/A,3ª,2033-10-17,"IPCA + 7,7279%",13.4503,,,0.52,923.41802539,78.52,1148.27,2026-09-18
CRA0250080X,CRA,ELDORADO BRASIL CELULOSE S.A.,OPEA SECURITIZADORA S/A,2ª,2035-09-17,"IPCA + 7,7281%",8.6959,,8.1911,0.35,982.19578583,94.27,1654.03,2026-09-18
CRA02400AYK,CRA,BEM BRASIL ALIMENTOS S.A.,ECO SECURITIZADORA DE DIREITOS CREDITÓRIOS DO AGRONEGÓCIO S.A.,ª,2031-11-17,"IPCA + 7,737%",10.0348,11.4115,9.767,0.32,1012.61721425,92.83,884.19,2026-09-18
CRA0230073N,CRA,J. MACÊDO S.A.,RIZA SECURITIZADORA S.A.,2ª,2030-04-15,"IPCA + 7,8%",8.1404,9.2808,6.7375,0.38,1023.44091854,99.48,413.2,2026-09-18
CRA025003PJ,CRA,SEARA,RIZA SECURITIZADORA S.A.,3ª,2055-05-17,"IPCA + 7,8%",,,,,,,,2026-09-18
CRA024003UZ,CRA,LAR COOPERATIVA AGROINDUSTRIAL,ECO SECURITIZADORA DE DIREITOS CREDITÓRIOS DO AGRONEGÓCIO S.A.,3ª,2031-04-15,"IPCA + 7,8363%",9.2478,9.94,9.1188,0.22,1066.88642794,96.07,774.41,2026-09-18
CRA021004NV,CRA,LAR COOPERATIVA AGROINDUSTRIAL,ECO SECURITIZADORA DE DIREITOS CREDITÓRIOS DO AGRONEGÓCIO S.A.,1ª,2026-11-15,"IPCA + 7,8749%",10.2583,11.0478,8.2155,1.7,430.90891588,99.63,39.0,2026-09-18
CRA0250066B,CRA,BRF S.A.,ECO SECURITIZADORA DE DIREITOS CREDITÓRIOS DO AGRONEGÓCIO S.A.,3ª,2035-07-16,"IPCA + 7,9064%",12.4581,,,0.25,817.07821175,77.27,1524.22,2026-09-18
22E1321749,CRI,COGNA EDUCAÇÃO S.A.,OPEA SECURITIZADORA S/A,2ª,2029-07-16,"IPCA + 7,9273%",9.1573,9.6688,8.7647,0.13,1176.09351063,97.63,531.92,2026-09-18
CRA0240005P,CRA,CEREAL COMÉRCIO EXPORTAÇÃO E REPRESENTAÇÃO AGROPECUÁRIA S.A.,RIZA SECURITIZADORA S.A.,3ª,2031-01-15,"IPCA + 7,9443%",9.1065,10.4381,7.8943,0.03,1100.13161802,96.54,828.04,2026-09-18
22E1321750,CRI,COGNA EDUCAÇÃO S.A.,OPEA SECURITIZADORA S/A,3ª,2032-07-15,"IPCA + 8,0031%",9.4252,10.3665,9.0627,0.14,1143.53481012,94.92,1000.78,2026-09-18
CRA025009EZ,CRA,Seara Alimentos Ltda.,ECO SECURITIZADORA DE DIREITOS CREDITÓRIOS DO AGRONEGÓCIO S.A.,4ª,2065-10-15,"IPCA + 8,0313%",,,,,,,,2026-09-18
CRA0250020C,CRA,BRF S.A.,ECO SECURITIZADORA DE DIREITOS CREDITÓRIOS DO AGRONEGÓCIO S.A.,2ª,2035-04-16,"IPCA + 8,04%",12.0479,12.5816,11.7603,0.34,875.61977239,80.41,1465.49,2026-09-18
22L1469805,CRI,ÂNIMA HOLDING S.A.,RIZA SECURITIZADORA S.A.,2ª,2029-12-17,"IPCA + 8,0481%",,,,,,,,2026-09-18
CRA02200795,CRA,ADUBOS ARAGUAIA INDÚSTRIA E COMÉRCIO LTDA.,ECO SECURITIZADORA DE DIREITOS CREDITÓRIOS DO AGRONEGÓCIO S.A.,1ª,2027-07-15,"IPCA + 8,1191%",9.5049,10.3511,,0.05,596.65209202,99.0,199.22,2026-09-18
CRA0250020D,CRA,BRF S.A.,ECO SECURITIZADORA DE DIREITOS CREDITÓRIOS DO AGRONEGÓCIO S.A.,3ª,2040-04-16,"IPCA + 8,2345%",11.658,12.398,10.4934,1.27,863.19968133,79.21,1802.66,2026-09-18
CRA0250018K,CRA,MARFRIG GLOBAL FOODS S.A.,ECO SECURITIZADORA DE DIREITOS CREDITÓRIOS DO AGRONEGÓCIO S.A.,4ª,2040-04-16,"IPCA + 8,2503%",12.8654,,,0.37,803.76603948,73.53,1743.92,2026-09-18
CRA0250018L,CRA,MARFRIG GLOBAL FOODS S.A,ECO SECURITIZADORA DE DIREITOS CREDITÓRIOS DO AGRONEGÓCIO S.A.,5ª,2045-04-17,"IPCA + 8,3405%",,,,,,,,2026-09-18
CRA0240099F,CRA,VALE DO TIJUCO AÇÚCAR E ÁLCOOL S.A.,ECO SECURITIZADORA DE DIREITOS CREDITÓRIOS DO AGRONEGÓCIO S.A.,2ª,2034-10-16,"IPCA + 8,3558%",9.8909,,9.693,0.29,1055.04687291,93.69,1158.19,2026-09-18
CRA0250020E,CRA,BRF S.A.,ECO SECURITIZADORA DE DIREITOS CREDITÓRIOS DO AGRONEGÓCIO S.A.,3ª,2045-04-17,"IPCA + 8,38%",10.1975,,10.0978,0.06,940.17368084,86.22,2164.22,2026-09-18
CRA02500BVX,CRA,BRF S.A.,ECO SECURITIZADORA DE DIREITOS CREDITÓRIOS DO AGRONEGÓCIO S.A.,5ª,2055-12-15,"IPCA + 8,3857%",,,,,,,,2026-09-18
CRA025008C2,CRA,Neomille S.A.,ECO SECURITIZADORA DE DIREITOS CREDITÓRIOS DO AGRONEGÓCIO S.A.,2ª,2032-12-15,"IPCA + 8,4473%",9.1607,,,0.34,1032.61402713,97.07,1141.65,2026-09-18
CRA02400AHX,CRA,CEREAL COMÉRCIO EXPORTAÇÃO E,RIZA SECURITIZADORA S.A.,3ª,2034-11-16,"IPCA + 8,4704%",9.808,11.6026,8.0787,0.04,1054.70889629,93.7,1328.48,2026-09-18
CRA025008HR,CRA,Nardini II,OPEA SECURITIZADORA S/A,ª,2032-10-15,"IPCA + 8,4773%",,,,,,,,2026-09-18
CRA025006NC,CRA,LAR COOPERATIVA AGROINDUSTRIAL,ECO SECURITIZADORA DE DIREITOS CREDITÓRIOS DO AGRONEGÓCIO S.A.,3ª,2032-08-16,"IPCA + 8,7268%",9.5642,,,0.11,1009.19155465,96.74,1084.99,2026-09-18
CRA0250005M,CRA,Boa Safra,OPEA SECURITIZADORA S/A,3ª,2032-01-15,"IPCA + 8,7384%",,,,,,,,2026-09-18
CRA0250005L,CRA,Boa Safra,OPEA SECURITIZADORA S/A,4ª,2035-01-15,"IPCA + 8,9518%",,,,,,,,2026-09-18
CRA02300796,CRA,FS INDÚSTRIA DE BIOCOMBUSTÍVEIS LTDA.,ECO SECURITIZADORA DE DIREITOS CREDITÓRIOS DO AGRONEGÓCIO S.A.,2ª,2029-10-15,"IPCA + 8,9555%",11.7223,12.4961,11.1758,0.07,1078.89742311,93.51,672.87,2026-09-18
CRA023003JY,CRA,OLFAR S.A.,RIZA SECURITIZADORA S.A.,2ª,2030-03-15,"IPCA + 8,9738%",9.7255,10.9279,8.3972,0.48,1145.85896556,98.79,446.96,2026-09-18
23F2455004,CRI,SENDAS DISTRIBUIDORA S.A.,OPEA SECURITIZADORA S/A,2ª,2027-07-15,,16.3703,,15.447,1.82,988.63516994,96.88,197.17,2026-09-18
23I1259644,CRI,JSL,OPEA SECURITIZADORA S/A,4ª,2030-09-15,,,,,,,,,2026-09-18
23J1141681,CRI,YDUQS PARTICIPAÇÕES S.A.,OPEA SECURITIZADORA S/A,1ª,2028-10-16,,14.9485,,14.3618,0.61,988.59559535,94.41,454.44,2026-09-18
23K0018801,CRI,MULTIPLAN EMPREENDIMENTOS IMOBILIÁRIOS S.A.,RIZA SECURITIZADORA S.A.,3ª,2031-01-15,,14.2876,,,0.04,944.67304745,92.66,690.32,2026-09-18
23K0022041,CRI,Cogna,TRUE SECURITIZADORA S/A,2ª,2028-11-15,,14.8799,,14.25,0.21,1010.55575718,96.98,367.75,2026-09-18
24A2715837,CRI,DIAGNÓSTICOS DA AMÉRICA S.A.,VERT COMPANHIA SECURITIZADORA,2ª,2029-01-15,,19.5959,,,0.13,899.17776838,88.03,507.51,2026-09-18
24A2721829,CRI,DIAGNÓSTICOS DA AMÉRICA S.A,VERT COMPANHIA SECURITIZADORA,4ª,2031-01-15,,19.7349,,18.6476,0.6,855.36471269,83.67,747.21,2026-09-18
25A1946535,CRI,Cury,OPEA SECURITIZADORA S/A,3ª,2032-01-15,,14.9742,,14.1554,0.02,1029.34134372,100.33,813.71,2026-09-18
25D0271049,CRI,Log,OPEA SECURITIZADORA S/A,3ª,2032-04-15,,,,,,,,,2026-09-18
CRA02300G7D,CRA,MARFRIG GLOBAL FOODS S.A.,ECO SECURITIZADORA DE DIREITOS CREDITÓRIOS DO AGRONEGÓCIO S.A.,1ª,2027-08-16,,17.482,,,0.57,960.84151093,95.17,219.57,2026-09-18
CRA02300HWK,CRA,BANCO BTG PACTUAL S.A.,OPEA SECURITIZADORA S/A,4ª,2033-09-15,,13.4736,13.7632,13.1851,0.26,937.6337869,93.64,1227.6,2026-09-18
CRA02300JR7,CRA,RAÍZEN ENERGIA S.A.,OPEA SECURITIZADORA S/A,3ª,2033-10-17,,,,,,454.73635997,43.43,,2026-09-18
CRA02300NX8,CRA,BTG Pactual III,OPEA SECURITIZADORA S/A,4ª,2033-11-16,,13.469,,,0.15,1003.07321998,96.29,1185.49,2026-09-18
CRA02300SPD,CRA,FS Agrisolutions Indústria de Biocombustíveis LTDA,ECO SECURITIZADORA DE DIREITOS CREDITÓRIOS DO AGRONEGÓCIO S.A.,3ª,2030-06-15,,18.5195,18.9953,17.68,0.03,874.63343267,87.33,735.24,2026-09-18
CRA02300SUZ,CRA,"Vamos Locação de Caminhões, Máquinas e Equipamentos S.A.",ECO SECURITIZADORA DE DIREITOS CREDITÓRIOS DO AGRONEGÓCIO S.A.,1ª,2030-11-18,,19.5602,,18.0582,0.48,862.87533189,82.93,714.82,2026-09-18
CRA02300TSF,CRA,BTG PACTUAL IV,OPEA SECURITIZADORA S/A,4ª,2033-12-15,,,,,,,,,2026-09-18
CRA024000B8,CRA,FS Indústria De Biocombustíveis Ltda,ECO SECURITIZADORA DE DIREITOS CREDITÓRIOS DO AGRONEGÓCIO S.A.,3ª,2030-07-15,,18.6478,19.0566,17.8106,0.09,869.99923739,86.87,745.98,2026-09-18
CRA024001P5,CRA,JSL S.A.,ECO SECURITIZADORA DE DIREITOS CREDITÓRIOS DO AGRONEGÓCIO S.A.,1ª,2031-02-15,,18.9126,,17.8,0.96,838.96401963,83.08,698.45,2026-09-18
CRA024001Q9,CRA,ZAMP S.A.,RIZA SECURITIZADORA S.A.,2ª,2029-02-15,,17.2491,,17.0325,1.16,935.75033382,92.54,527.88,2026-09-18
CRA0240020B,CRA,VICUNHA II,RIZA SECURITIZADORA S.A.,2ª,2031-02-15,,,,,,,,,2026-09-18
CRA024002MH,CRA,JF CITRUS AGROPECUÁRIA S.A.,ECO SECURITIZADORA DE DIREITOS CREDITÓRIOS DO AGRONEGÓCIO S.A.,1ª,2029-03-15,,17.4738,,17.0,1.83,915.12008816,91.39,439.53,2026-09-18
CRA024002S2,CRA,Minerva VII,RIZA SECURITIZADORA S.A.,2ª,2029-03-15,,18.6944,,16.8972,0.27,878.00978146,87.68,551.67,2026-09-18
CRA024002S3,CRA,MINERVA S.A.,RIZA SECURITIZADORA S.A.,3ª,2031-03-17,,18.6683,,16.9957,0.55,820.59673128,81.95,875.62,2026-09-18
CRA0240066D,CRA,FS Florestal S.A.,ECO SECURITIZADORA DE DIREITOS CREDITÓRIOS DO AGRONEGÓCIO S.A.,1ª,2030-06-15,,17.793,18.1643,17.2571,0.57,943.98517794,94.24,719.88,2026-09-18
CRA0240066G,CRA,BRF S.A.,ECO SECURITIZADORA DE DIREITOS CREDITÓRIOS DO AGRONEGÓCIO S.A.,2ª,2031-06-16,,17.1416,,16.3733,0.94,908.16339627,87.89,876.33,2026-09-18
CRA024007PT,CRA,Sorocaba Refrescos S.A,ECO SECURITIZADORA DE DIREITOS CREDITÓRIOS DO AGRONEGÓCIO S.A.,1ª,2031-08-15,,15.6313,16.2314,13.9553,0.21,918.12131824,90.83,861.43,2026-09-18
CRA024007Q3,CRA,SLC Maquinas,OPEA SECURITIZADORA S/A,1ª,2031-08-15,,16.6114,,16.075,0.6,924.01185353,91.39,685.85,2026-09-18
CRA024009Q3,CRA,MARFRIG GLOBAL FOODS S.A.,ECO SECURITIZADORA DE DIREITOS CREDITÓRIOS DO AGRONEGÓCIO S.A.,2ª,2031-10-15,,17.4354,,16.25,0.82,928.99894308,88.04,891.62,2026-09-18
CRA02400AHY,CRA,REFRESCOS BANDEIRANTES INDÚSTRIA E COMÉRCIO LTDA.,RIZA SECURITIZADORA S.A.,1ª,2032-11-16,,17.102,,,0.53,927.40630294,88.71,966.33,2026-09-18
CRA02400AYM,CRA,MINERVA S.A.,RIZA SECURITIZADORA S.A.,2ª,2029-11-16,,18.684,,,0.3,949.42505542,90.66,628.41,2026-09-18
CRA02400AYP,CRA,MINERVA S.A.,RIZA SECURITIZADORA S.A.,5ª,2034-11-16,,18.325,,16.9232,0.41,915.15696672,87.24,1071.75,2026-09-18
CRA02500001,CRA,BOA SAFRA SEMENTES S.A.,OPEA SECURITIZADORA S/A,1ª,2030-01-15,,16.1522,,16.0412,0.29,984.97678615,98.33,661.46,2026-09-18
CRA0250012X,CRA,FS FLORESTAL S.A.,ECO SECURITIZADORA DE DIREITOS CREDITÓRIOS DO AGRONEGÓCIO S.A.,1ª,2030-03-15,,18.3405,18.8719,17.9285,0.57,991.16420716,98.92,665.33,2026-09-18
CRA0250018I,CRA,Marfrig Global Foods S.A,ECO SECURITIZADORA DE DIREITOS CREDITÓRIOS DO AGRONEGÓCIO S.A.,2ª,2032-04-15,,17.5252,,17.1748,0.94,966.13513809,91.12,929.33,2026-09-18
CRA025002S3,CRA,MINERVA S.A,RIZA SECURITIZADORA S.A.,2ª,2030-04-15,,18.7682,,,0.32,992.63018095,93.25,668.05,2026-09-18
CRA025002S4,CRA,MINERVA S.A.,RIZA SECURITIZADORA S.A.,4ª,2032-04-15,,18.8677,,,0.28,964.70996037,90.63,904.19,2026-09-18
CRA0250040J,CRA,Natural One S.A,ECO SECURITIZADORA DE DIREITOS CREDITÓRIOS DO AGRONEGÓCIO S.A.,2ª,2029-06-15,,,,,,,,,2026-09-18
CRA025005EH,CRA,GDM GENÉTICA DO BRASIL S.A.,ECO SECURITIZADORA DE DIREITOS CREDITÓRIOS DO AGRONEGÓCIO S.A.,1ª,2032-07-15,,15.7086,16.4938,15.1,0.06,1006.84192739,98.13,965.36,2026-09-18
CRA025005V7,CRA,MINERVA S.A.,RIZA SECURITIZADORA S.A.,3ª,2033-07-15,,18.6056,,17.3447,0.91,890.49453676,86.85,1028.09,2026-09-18
CRA025005V8,CRA,MINERVA S.A,RIZA SECURITIZADORA S.A.,4ª,2035-07-16,,18.6501,,17.3514,0.48,884.8079376,86.26,1141.69,2026-09-18
CRA0250066A,CRA,BRF S.A.,ECO SECURITIZADORA DE DIREITOS CREDITÓRIOS DO AGRONEGÓCIO S.A.,2ª,2032-07-15,,18.0031,,,0.54,891.74897534,87.07,995.95,2026-09-18
CRA025006NB,CRA,LAR COOPERATIVA AGROINDUSTRIAL,ECO SECURITIZADORA DE DIREITOS CREDITÓRIOS DO AGRONEGÓCIO S.A.,2ª,2032-08-16,,16.2104,,,0.37,948.42051973,94.69,949.21,2026-09-18
CRA025007KE,CRA,Cereal Comércio Exportação e Representação Agropecuária S.A.,ECO SECURITIZADORA DE DIREITOS CREDITÓRIOS DO AGRONEGÓCIO S.A.,2ª,2032-09-15,,16.3232,,15.8529,0.22,940.43142749,93.89,987.6,2026-09-18
CRA025007KK,CRA,ELDORADO BRASIL CELULOSE S.A.,OPEA SECURITIZADORA S/A,1ª,2032-09-15,,,,,,,,,2026-09-18
CRA025008ND,CRA,São Salvador Alimentos S.A.,ECO SECURITIZADORA DE DIREITOS CREDITÓRIOS DO AGRONEGÓCIO S.A.,2ª,2033-10-15,,15.6246,16.2133,14.7565,0.19,1001.40257503,94.61,1104.57,2026-09-18
CRA025009VO,CRA,EUCATEX INDÚSTRIA E COMÉRCIO LTDA,VERT COMPANHIA SECURITIZADORA,3ª,2032-11-16,,,,,,,,,2026-09-18
CRA02500A15,CRA,Açucareira Quatá S.A.,ECO SECURITIZADORA DE DIREITOS CREDITÓRIOS DO AGRONEGÓCIO S.A.,1ª,2032-11-15,,16.4138,,15.8,0.42,984.82708299,93.93,959.45,2026-09-18
CRA02500AHU,CRA,C. Vale - Cooperativa Agroindustrial,ECO SECURITIZADORA DE DIREITOS CREDITÓRIOS DO AGRONEGÓCIO S.A.,2ª,2030-11-15,,15.4085,16.0003,14.9,0.37,1035.43273004,98.64,779.72,2026-09-18
CRA02500BVU,CRA,BRF S.A.,ECO SECURITIZADORA DE DIREITOS CREDITÓRIOS DO AGRONEGÓCIO S.A.,2ª,2032-12-15,,17.67,,16.6955,0.96,892.10971885,86.2,1034.79,2026-09-18
CRA02500C1D,CRA,Alibem Alimentos S.A.,ECO SECURITIZADORA DE DIREITOS CREDITÓRIOS DO AGRONEGÓCIO S.A.,1ª,2030-12-18,,16.0077,16.9208,15.55,0.39,1015.06994115,97.9,508.47,2026-09-18
CRA026001JM,CRA,Lar Cooperativa Agroindustrial,ECO SECURITIZADORA DE DIREITOS CREDITÓRIOS DO AGRONEGÓCIO S.A.,2ª,2033-03-15,,16.4786,,16.2788,0.18,951.92582312,95.03,1005.23,2026-09-18
CRA026002BE,CRA,BRF S.A.,ECO SECURITIZADORA DE DIREITOS CREDITÓRIOS DO AGRONEGÓCIO S.A.,2ª,2033-04-15,,16.4616,,,1.22,965.41265706,91.89,1055.62,2026-09-18
25B0013406,CRI,Direcional,OPEA SECURITIZADORA S/A,1ª,2032-02-16,100% do DI,101.1344,,99.2666,0.15,1005.50154114,99.41,992.7,2026-09-17
CRA019003V2,CRA,RAÍZEN ENERGIA S.A.,OPEA SECURITIZADORA S/A,1ª,2029-07-16,100% do DI,,,,,416.7458983,40.83,,2026-09-17
CRA024004H7,CRA,SÃO MARTINHO S.A.,RIZA SECURITIZADORA S.A.,3ª,2029-04-12,100% do DI,100.8121,102.855,98.8533,1.05,1056.88541651,99.78,532.56,2026-09-17
CRA0250018H,CRA,Marfrig Global Foods S.A,ECO SECURITIZADORA DE DIREITOS CREDITÓRIOS DO AGRONEGÓCIO S.A.,1ª,2030-04-15,100% do DI,,,,,,,,2026-09-17
CRA02500BVT,CRA,BRF S.A.,ECO SECURITIZADORA DE DIREITOS CREDITÓRIOS DO AGRONEGÓCIO S.A.,1ª,2030-06-17,100% do DI,113.9178,,108.1471,4.86,1032.11062805,93.46,934.0,2026-09-17
24D2765715,CRI,CYRELA BRAZIL REALTY S.A.,COMPANHIA PROVÍNCIA DE SECURITIZAÇÃO,3ª,2031-04-15,101% do DI,99.1633,101.2266,96.9266,0.22,1066.53024384,100.74,769.65,2026-09-17
CRA023007VD,CRA,ENGELHART CTP,OPEA SECURITIZADORA S/A,1ª,2028-07-05,101% do DI,96.4825,,93.08,1.17,1037.31920965,100.94,404.35,2026-09-17
25L2997442,CRI,Even Construtora e Incorporadora S/A,VERT COMPANHIA SECURITIZADORA,ª,2032-12-15,"101,5% do DI",,,,,,,,2026-09-17
CRA026002BD,CRA,BRF S.A.,ECO SECURITIZADORA DE DIREITOS CREDITÓRIOS DO AGRONEGÓCIO S.A.,1ª,2030-10-15,"101,5% do DI",113.37,,107.375,4.66,986.63501589,93.89,1019.0,2026-09-17
24D3313768,CRI,CURY CONSTRUTORA E INCORPORADORA S.A.,TRUE SECURITIZADORA S/A,1ª,2027-05-31,102% do DI,98.4366,100.5633,96.8666,0.06,1045.69341898,100.3,164.04,2026-09-17
25G5109813,CRI,MRV,VERT COMPANHIA SECURITIZADORA,1ª,2030-07-15,102% do DI,,,,,,,,2026-09-17
CRA023003UX,CRA,ENGELHART CTP,OPEA SECURITIZADORA S/A,1ª,2027-03-15,102% do DI,94.3886,95.1116,91.945,2.37,1005.66781953,100.46,120.0,2026-09-17
CRA02500669,CRA,BRF S.A,ECO SECURITIZADORA DE DIREITOS CREDITÓRIOS DO AGRONEGÓCIO S.A.,1ª,2029-07-16,102% do DI,113.4417,,107.895,4.76,1120.74781867,95.91,705.0,2026-09-17
CRA025008HM,CRA,Cocal Comercio Industria Canaa Acucar e Alcool S.A.,VERT COMPANHIA SECURITIZADORA,1ª,2031-09-15,102% do DI,,,,,,,,2026-09-17
24F1277566,CRI,DIRECIONAL ENGENHARIA S.A.,OPEA SECURITIZADORA S/A,1ª,2029-07-16,103% do DI,99.9533,102.28,97.6466,0.8,1034.04841228,100.94,595.88,2026-09-17
CRA02300209,CRA,ENGELHART CTP,VERT COMPANHIA SECURITIZADORA,1ª,2027-01-15,103% do DI,94.4766,94.7725,88.7966,3.24,1027.9654047,100.35,81.0,2026-09-17
CRA0250073L,CRA,Mantiqueira Brasil,ECO SECURITIZADORA DE DIREITOS CREDITÓRIOS DO AGRONEGÓCIO S.A.,1ª,2030-08-15,"103,1% do DI",,,,,,,,2026-09-17
25G5313879,CRI,MOURA DUBEUX ENGENHARIA S.A.,VERT COMPANHIA SECURITIZADORA,1ª,2030-07-15,"103,75% do DI",105.4414,,102.5,3.25,994.5206863,99.35,749.53,2026-09-17
CRA025008N8,CRA,3Tentos,OPEA SECURITIZADORA S/A,1ª,2030-10-15,"103,75% do DI",108.5575,114.7444,103.843,1.63,1040.25892818,98.11,763.68,2026-09-17
22J0346710,CRI,BANCO BTG PACTUAL S.A.,OPEA SECURITIZADORA S/A,1ª,2027-01-15,104% do DI,96.5,,92.4333,0.5,1027.79932477,100.31,81.0,2026-09-17
CRA0240066A,CRA,CAMIL ALIMENTOS S.A.,ECO SECURITIZADORA DE DIREITOS CREDITÓRIOS DO AGRONEGÓCIO S.A.,1ª,2029-06-15,104% do DI,121.8094,,108.42,8.22,983.99457901,94.88,569.16,2026-09-17
CRA025006SR,CRA,Boa Safra II,OPEA SECURITIZADORA S/A,1ª,2032-02-16,104% do DI,109.8325,,108.805,2.57,972.17879858,97.11,958.44,2026-09-17
CRA025007KD,CRA,CEREAL COMÉRCIO EXPORTAÇÃO E REPRESENTAÇÃO AGROPECUÁRIA S.A.,ECO SECURITIZADORA DE DIREITOS CREDITÓRIOS DO AGRONEGÓCIO S.A.,1ª,2030-09-16,104% do DI,,,,,,,,2026-09-17
CRA025002S1,CRA,MINERVA S.A.,RIZA SECURITIZADORA S.A.,1ª,2030-04-15,"104,5% do DI",127.4905,,118.148,0.94,977.56938167,92.16,679.96,2026-09-17
CRA025005V5,CRA,MINERVA S.A.,RIZA SECURITIZADORA S.A.,1ª,2030-07-15,"104,5% do DI",126.9911,,123.6625,1.66,939.06878919,91.64,742.89,2026-09-17
24D0006602,CRI,ALLOS S.A.,OPEA SECURITIZADORA S/A,2ª,2029-04-16,105% do DI,98.9413,102.594,98.3925,0.77,1078.81208262,101.67,531.26,2026-09-17
25E0013305,CRI,JHSF IV,OPEA SECURITIZADORA S/A,2ª,2030-05-15,105% do DI,103.5233,,68.14,0.48,1054.90405755,100.55,711.1,2026-09-17
CRA02300TSB,CRA,BANCO BTG PACTUAL S.A.,OPEA SECURITIZADORA S/A,1ª,2033-12-15,105% do DI,97.258,98.35,93.0666,1.7,1087.28589626,104.81,1166.42,2026-09-17
CRA02400AYL,CRA,MINERVA S.A.,RIZA SECURITIZADORA S.A.,1ª,2029-11-16,105% do DI,124.288,,114.432,8.07,984.95317295,93.88,629.03,2026-09-17
CRA025008C3,CRA,Neomille S.A.,ECO SECURITIZADORA DE DIREITOS CREDITÓRIOS DO AGRONEGÓCIO S.A.,3ª,2032-12-15,105% do DI,114.0714,,112.178,1.77,989.96137916,95.43,980.98,2026-09-17
CRA02500AC9,CRA,,ECO SECURITIZADORA DE DIREITOS CREDITÓRIOS DO AGRONEGÓCIO S.A.,1ª,2030-11-15,105% do DI,,,,,,,,2026-09-17
CRA02500AHT,CRA,C. Vale - Cooperativa Agroindustrial,ECO SECURITIZADORA DE DIREITOS CREDITÓRIOS DO AGRONEGÓCIO S.A.,1ª,2030-11-15,"105,5% do DI",,,,,,,,2026-09-17
CRA025005EI,CRA,GDM Genética do Brasil S.A.,ECO SECURITIZADORA DE DIREITOS CREDITÓRIOS DO AGRONEGÓCIO S.A.,2ª,2032-07-15,"105,75% do DI",108.0154,114.494,101.052,0.54,1013.302781,98.85,974.77,2026-09-17
23K0018802,CRI,MULTIPLAN EMPREENDIMENTOS IMOBILIÁRIOS S.A.,RIZA SECURITIZADORA S.A.,2ª,2031-01-15,106% do DI,98.7955,101.1633,97.038,0.05,1051.08567716,102.53,670.95,2026-09-17
CRA025006NA,CRA,Lar Cooperativa Agroindustrial,ECO SECURITIZADORA DE DIREITOS CREDITÓRIOS DO AGRONEGÓCIO S.A.,1ª,2030-08-15,106% do DI,111.5333,,108.5575,0.05,981.75660494,98.07,679.65,2026-09-17
23K0019201,CRI,DIRECIONAL ENGENHARIA S.A.,TRUE SECURITIZADORA S/A,2ª,2028-11-16,"106,5% do DI",98.75,101.7166,98.1833,0.25,1069.35822473,101.86,464.12,2026-09-17
CRA024004MP,CRA,SÃO SALVADOR ALIMENTOS S.A.,ECO SECURITIZADORA DE DIREITOS CREDITÓRIOS DO AGRONEGÓCIO S.A.,1ª,2030-04-15,"106,5% do DI",,,,,,,,2026-09-17
CRA026001JL,CRA,Lar Cooperativa Agroindustrial,ECO SECURITIZADORA DE DIREITOS CREDITÓRIOS DO AGRONEGÓCIO S.A.,1ª,2031-03-15,"106,5% do DI",112.6244,,109.735,0.33,977.00167546,97.59,764.81,2026-09-17
25H0243072,CRI,BTSA,RIZA SECURITIZADORA S.A.,2ª,2032-08-16,107% do DI,111.0638,,107.525,1.44,984.78300009,98.37,777.17,2026-09-17
CRA02300NRL,CRA,BANCO BTG PACTUAL S.A.,OPEA SECURITIZADORA S/A,1ª,2033-11-16,107% do DI,98.5,98.675,93.5,0.5,1103.59671033,105.16,1139.09,2026-09-17
CRA025003UZ,CRA,COOXUPÉ - COOPERATIVA REGIONAL DE,VERT COMPANHIA SECURITIZADORA,2ª,2030-06-17,"107,5% do DI",110.3752,,108.5,2.0,1028.35061569,99.04,647.98,2026-09-17
CRA02300CYQ,CRA,BANCO BTG PACTUAL S.A.,OPEA SECURITIZADORA S/A,1ª,2033-07-15,109% do DI,96.2386,97.3525,93.2275,1.32,1105.47121303,107.77,1131.16,2026-09-17
CRA02300HWH,CRA,BANCO BTG PACTUAL S.A.,OPEA SECURITIZADORA S/A,1ª,2033-09-15,109% do DI,98.4516,98.928,95.248,0.41,1067.39457893,106.62,1169.78,2026-09-17
24I1980390,CRI,MRV ENGENHARIA E PARTICIPAÇÕES S.A,OPEA SECURITIZADORA S/A,1ª,2029-10-15,110% do DI,129.7047,138.7666,127.625,5.29,1000.48122597,94.03,600.86,2026-09-17
25B3099731,CRI,IGUATEMI PPPH PARTICIPAÇÕES LTDA.,OPEA SECURITIZADORA S/A,1ª,2030-02-18,96% do DI,98.7333,101.41,96.0433,0.28,1000.86129603,99.0,710.19,2026-09-17
25D0012202,CRI,CYRELA BRAZIL REALTY S.A. EMPREENDIMENTOS,COMPANHIA PROVÍNCIA DE SECURITIZAÇÃO,1ª,2029-04-15,96% do DI,98.6833,,64.5766,0.37,1047.91348823,99.26,538.02,2026-09-17
25J4546988,CRI,CYRELA BRAZIL REALTY S.A. EMPREENDIMENTOS E,COMPANHIA PROVÍNCIA DE SECURITIZAÇÃO,1ª,2032-11-16,"96,5% do DI",99.6988,,97.45,0.28,1026.73872288,98.25,1056.27,2026-09-17
25D0012203,CRI,CYRELA BRAZIL REALTY S.A. EMPREENDIMENTOS E PARTICIPAÇÕES,COMPANHIA PROVÍNCIA DE SECURITIZAÇÃO,2ª,2030-04-15,97% do DI,99.1633,,96.7525,0.16,1048.04611009,99.22,702.2,2026-09-17
26C3164285,CRI,Allos VI,OPEA SECURITIZADORA S/A,1ª,2031-03-12,97% do DI,98.6544,100.8766,,0.18,994.14679548,99.27,858.75,2026-09-17
26G0012801,CRI,Cury III,OPEA SECURITIZADORA S/A,1ª,2032-07-06,97% do DI,99.7511,,97.5666,0.68,1005.16501486,98.61,974.33,2026-09-17
CRA025003PD,CRA,SÃO MARTINHO S.A.,VERT COMPANHIA SECURITIZADORA,1ª,2032-06-15,97% do DI,103.56,,101.425,0.16,999.04164537,96.57,1012.5,2026-09-17
24H1684874,CRI,SOCIEDADE BENEFICENTE ISRAELITA BRASILEIRA HOSPITAL ALBERT EINSTEIN,RIZA SECURITIZADORA S.A.,1ª,2029-08-17,"97,5% do DI",97.44,99.98,95.94,0.04,865.95156796,100.02,375.31,2026-09-17
24D2765586,CRI,CYRELA BRAZIL REALTY S.A.,COMPANHIA PROVÍNCIA DE SECURITIZAÇÃO,1ª,2028-04-15,98% do DI,98.1573,99.4333,96.775,0.56,704.48899443,99.98,242.44,2026-09-17
25G3629974,CRI,PLANO E PLANO II,RIZA SECURITIZADORA S.A.,1ª,2030-07-15,98% do DI,103.5969,,102.1,1.12,1000.7877173,97.81,761.62,2026-09-17
25I0014209,CRI,Multiplan,OPEA SECURITIZADORA S/A,1ª,2035-09-19,98% do DI,,,,,,,,2026-09-17
CRA024004H5,CRA,SÃO MARTINHO S.A.,RIZA SECURITIZADORA S.A.,1ª,2027-04-12,98% do DI,98.8325,101.7575,96.21,1.03,1057.44312994,99.95,131.33,2026-09-17
25G3629975,CRI,PLANO E PLANO II,RIZA SECURITIZADORA S.A.,2ª,2031-07-15,99% do DI,104.0975,,102.44,1.26,999.12596644,97.62,903.56,2026-09-17
24E1393588,CRI,MULTIPLAN EMPREENDIMENTOS IMOBILIÁRIOS S.A.,RIZA SECURITIZADORA S.A.,1ª,2029-05-17,"99,5% do DI",99.619,101.8366,97.37,0.18,1045.13437408,99.97,464.02,2026-09-17
CRA025008NB,CRA,Bem Brasil Alimentos S.A.,ECO SECURITIZADORA DE DIREITOS CREDITÓRIOS DO AGRONEGÓCIO S.A.,ª,2032-10-15,"DI + 0,33%",1.5031,2.3577,0.9288,0.33,1016.88702103,95.97,886.37,2026-09-17
CRA024009Q2,CRA,MARFRIG GLOBAL FOODS S.A.,ECO SECURITIZADORA DE DIREITOS CREDITÓRIOS DO AGRONEGÓCIO S.A.,1ª,2031-10-15,"DI + 0,35%",2.7737,3.1777,2.6366,0.6,973.79448834,91.9,882.14,2026-09-17
22D1289009,CRI,CYRELA BRAZIL REALTY S.A.,OPEA SECURITIZADORA S/A,489ª,2027-06-15,"DI + 0,4%",0.284,0.5111,0.2083,0.1,1037.57066507,100.08,175.0,2026-09-17
CRA02400AYN,CRA,MINERVA S.A.,RIZA SECURITIZADORA S.A.,3ª,2031-11-17,"DI + 0,4%",3.6064,4.8458,1.7166,0.08,935.7652524,89.28,896.4,2026-09-17
CRA02500003,CRA,BOA SAFRA SEMENTES S.A.,OPEA SECURITIZADORA S/A,2ª,2030-01-15,"DI + 0,4%",1.5492,,1.3233,0.25,993.61023804,96.99,675.42,2026-09-17
CRA0250018J,CRA,MARFRIG GLOBAL FOODS S.A.,ECO SECURITIZADORA DE DIREITOS CREDITÓRIOS DO AGRONEGÓCIO S.A.,3ª,2035-04-16,"DI + 0,4%",2.8547,3.3477,2.5386,0.47,950.67315881,89.7,1110.45,2026-09-17
CRA025007PT,CRA,SLC AGRÍCOLA S.A.,OPEA SECURITIZADORA S/A,1ª,2033-09-22,"DI + 0,4%",1.169,1.5183,0.6846,0.18,1035.53767721,96.89,1039.9,2026-09-17
CRA02300Q2Y,CRA,,RIZA SECURITIZADORA S.A.,3ª,2028-11-06,"DI + 0,48%",,,,,,,,2026-09-17
CRA025002S2,CRA,MINERVA S.A.,RIZA SECURITIZADORA S.A.,3ª,2032-04-15,"DI + 0,5%",3.4718,3.6077,2.3411,0.31,950.81218352,89.67,927.89,2026-09-17
23J0019601,CRI,Iguatemi,OPEA SECURITIZADORA S/A,1ª,2028-10-16,"DI + 0,55%",,,,,,,,2026-09-17
23K0018602,CRI,MULTIPLAN EMPREENDIMENTOS IMOBILIÁRIOS S.A.,RIZA SECURITIZADORA S.A.,1ª,2031-01-15,"DI + 0,6%",0.387,0.6444,0.2611,0.01,1030.60514587,100.57,670.19,2026-09-17
24B0013201,CRI,SOMA,RIZA SECURITIZADORA S.A.,1ª,2028-02-15,"DI + 0,6%",,,,,,,,2026-09-17
23H1188857,CRI,RAIA DROGASIL S.A.,OPEA SECURITIZADORA S/A,2ª,2027-09-15,"DI + 0,65%",0.1403,0.4311,0.0811,0.09,1005.97601492,100.49,240.01,2026-09-17
CRA02300RS5,CRA,CAMIL ALIMENTOS S.A.,ECO SECURITIZADORA DE DIREITOS CREDITÓRIOS DO AGRONEGÓCIO S.A.,1ª,2028-11-16,"DI + 0,65%",3.1574,,2.4031,1.6,1002.69737855,95.58,461.8,2026-09-17
22C0023008,CRI,RAIA DROGASIL S.A.,OPEA SECURITIZADORA S/A,495ª,2027-03-08,"DI + 0,7%",0.1614,0.4211,0.0711,0.12,503.15099275,100.25,115.0,2026-09-17
23K0018401,CRI,DIRECIONAL ENGENHARIA S.A.,OPEA SECURITIZADORA S/A,1ª,2028-11-16,"DI + 0,7%",0.3986,,,0.15,1055.05476686,100.55,464.17,2026-09-17
CRA02300GCY,CRA,IPIRANGA PRODUTOS DE PETRÓLEO S.A.,VERT COMPANHIA SECURITIZADORA,2ª,2027-07-16,"DI + 0,7%",0.4557,1.1977,0.2311,0.39,1026.28142321,100.19,193.91,2026-09-17
CRA025005V6,CRA,MINERVA S.A.,RIZA SECURITIZADORA S.A.,2ª,2033-07-15,"DI + 0,7%",3.5438,,3.1666,0.28,912.53876514,89.03,1034.0,2026-09-17
22E1325261,CRI,HYPERA S.A.,OPEA SECURITIZADORA S/A,1ª,2027-08-16,"DI + 0,75%",0.5257,0.7327,0.3494,0.03,1014.07517823,100.2,218.97,2026-09-17
22F0230096,CRI,RAIA DROGASIL S.A.,OPEA SECURITIZADORA S/A,1ª,2029-06-26,"DI + 0,75%",0.1903,0.4644,0.1144,0.09,1043.66976954,101.09,487.78,2026-09-17
22K0934871,CRI,BCBF PARTICIPAÇÕES S.A.,RIZA SECURITIZADORA S.A.,1ª,2027-12-15,"DI + 0,75%",14.2336,,10.0204,4.62,900.42490155,86.77,283.42,2026-09-17
22I0970801,CRI,NATURA COSMÉTICOS S.A.,RIZA SECURITIZADORA S.A.,1ª,2027-09-15,"DI + 0,8%",0.3823,0.5577,0.2077,0.03,1005.07520677,100.4,239.92,2026-09-17
22J0305579,CRI,DIAGNÓSTICOS DA AMÉRICA S.A.,VERT COMPANHIA SECURITIZADORA,1ª,2027-10-15,"DI + 0,8%",4.4203,5.088,3.1445,0.47,1025.99073832,96.64,243.88,2026-09-17
CRA02300JG2,CRA,JBS S.A.,RIZA SECURITIZADORA S.A.,2ª,2028-09-15,"DI + 0,8%",0.4581,1.0276,-0.0523,0.08,1007.2687995,100.62,453.08,2026-09-17
CRA02300NRM,CRA,BANCO BTG PACTUAL S.A.,OPEA SECURITIZADORA S/A,2ª,2033-11-16,"DI + 0,8%",0.1875,0.85,-0.2125,0.77,1078.0350766,102.77,1134.54,2026-09-17
CRA0240066F,CRA,BRF S.A.,ECO SECURITIZADORA DE DIREITOS CREDITÓRIOS DO AGRONEGÓCIO S.A.,1ª,2029-06-15,"DI + 0,8%",2.3516,2.4858,2.0238,0.32,1002.58133163,96.61,568.39,2026-09-17
22E1315701,CRI,EVEN CONSTRUTORA E INCORPORADORA S.A.,OPEA SECURITIZADORA S/A,1ª,2028-09-18,"DI + 0,9%",0.966,,,0.3,959.95449853,99.94,237.69,2026-09-17
23J1142031,CRI,YDUQS PARTICIPAÇÕES S.A.,OPEA SECURITIZADORA S/A,2ª,2028-10-13,"DI + 0,9%",0.8959,1.1011,0.6844,0.06,1062.18711851,100.01,342.73,2026-09-17
CRA022008NC,CRA,SOROCABA REFRESCOS S.A.,ECO SECURITIZADORA DE DIREITOS CREDITÓRIOS DO AGRONEGÓCIO S.A.,1ª,2029-08-15,"DI + 0,9%",1.1704,1.8644,0.4311,0.08,755.79669131,99.56,420.76,2026-09-17
CRA023000GP,CRA,"VAMOS LOCAÇÃO DE CAMINHÕES, MÁQUINAS E EQUIPAMENTOS S.A.",ECO SECURITIZADORA DE DIREITOS CREDITÓRIOS DO AGRONEGÓCIO S.A.,1ª,2028-01-17,"DI + 0,9%",4.0072,4.8426,3.1063,0.01,987.97506814,96.36,307.96,2026-09-17
CRA024007K9,CRA,COOXUPÉ - COOPERATIVA REGIONAL DE CAFEICULTORES EM GUAXUPÉ LTDA.,VERT COMPANHIA SECURITIZADORA,1ª,2029-07-16,"DI + 0,9%",1.496,2.1056,0.7456,0.07,1013.4026604,98.84,499.7,2026-09-17
22F0315398,CRI,LOCALIZA RENT A CAR S.A.,RIZA SECURITIZADORA S.A.,1ª,2027-06-07,"DI + 0,95%",0.4815,0.6244,0.2577,0.16,1044.99881187,100.31,168.68,2026-09-17
CRA024002MJ,CRA,MARFRIG GLOBAL FOODS S.A.,ECO SECURITIZADORA DE DIREITOS CREDITÓRIOS DO AGRONEGÓCIO S.A.,1ª,2029-03-15,"DI + 0,95%",2.7783,2.8011,1.7506,0.68,963.11235776,96.2,542.59,2026-09-17
23H0027402,CRI,REDE D'OR SÃO LUIZ S.A.,OPEA SECURITIZADORA S/A,1ª,2028-08-15,DI + 1%,0.2725,0.3711,-0.1173,0.04,1024.89388793,101.24,430.97,2026-09-17
CRA022006HJ,CRA,SÃO SALVADOR ALIMENTOS S.A.,ECO SECURITIZADORA DE DIREITOS CREDITÓRIOS DO AGRONEGÓCIO S.A.,1ª,2027-07-15,DI + 1%,1.1293,1.6777,0.4458,0.23,1024.49622496,99.9,196.7,2026-09-17
CRA022008C9,CRA,COMPANHIA DE LOCAÇÃO DAS AMÉRICAS,ECO SECURITIZADORA DE DIREITOS CREDITÓRIOS DO AGRONEGÓCIO S.A.,2ª,2028-09-15,DI + 1%,0.7853,1.1446,0.5176,0.11,1004.95684387,100.38,452.39,2026-09-17
CRA022008CB,CRA,JALLES MACHADO S.A.,ECO SECURITIZADORA DE DIREITOS CREDITÓRIOS DO AGRONEGÓCIO S.A.,1ª,2032-08-09,DI + 1%,1.3981,,1.2806,0.13,989.19257423,98.54,944.2,2026-09-17
23H1191899,CRI,RAIA DROGASIL S.A.,OPEA SECURITIZADORA S/A,3ª,2030-09-16,"DI + 1,1%",0.4062,0.5883,0.2508,0.19,1020.87406717,101.97,714.61,2026-09-17
CRA024002S1,CRA,MINERVA S.A.,RIZA SECURITIZADORA S.A.,1ª,2029-03-15,"DI + 1,1%",2.8925,,1.972,1.25,963.96357601,96.29,541.86,2026-09-17
CRA02400AHV,CRA,CEREAL COMÉRCIO EXPORTAÇÃO E REPRESENTAÇÃO AGROPECUÁRIA S.A.,RIZA SECURITIZADORA S.A.,1ª,2029-11-16,"DI + 1,1%",1.6087,1.9127,1.0345,0.07,1037.63082714,98.76,627.21,2026-09-17
23F2455020,CRI,Assai,TRUE SECURITIZADORA S/A,3ª,2028-07-15,"DI + 1,15%",,,,,,,,2026-09-17
CRA023000MC,CRA,"VAMOS LOCAÇÃO DE CAMINHÕES, MÁQUINAS E EQUIPAMENTOS S.A.",ECO SECURITIZADORA DE DIREITOS CREDITÓRIOS DO AGRONEGÓCIO S.A.,2ª,2030-01-15,"DI + 1,2%",4.5908,5.2138,4.0,0.02,1457.64395421,89.73,829.0,2026-09-17
CRA024001P7,CRA,JSL S.A.,ECO SECURITIZADORA DE DIREITOS CREDITÓRIOS DO AGRONEGÓCIO S.A.,3ª,2031-02-17,"DI + 1,2%",4.9041,,4.0333,0.25,918.90533257,90.76,673.53,2026-09-17
CRA024007Q4,CRA,SLC MÁQUINAS LTDA.,OPEA SECURITIZADORA S/A,2ª,2031-08-15,"DI + 1,2%",1.3261,2.0505,0.7338,0.15,1009.11522408,99.67,678.78,2026-09-17
23C0247388,CRI,LOCALIZA RENT A CAR S.A.,RIZA SECURITIZADORA S.A.,1ª,2028-03-10,"DI + 1,25%",0.5986,0.6811,,0.0,1011.74672972,100.89,345.57,2026-09-17
23G0009601,CRI,DIMED S.A.,OPEA SECURITIZADORA S/A,1ª,2028-07-27,"DI + 1,3%",0.2964,,0.0283,0.02,824.46945151,101.02,257.62,2026-09-17
23C0247702,CRI,LOCALIZA RENT A CAR S.A.,RIZA SECURITIZADORA S.A.,2ª,2030-03-11,"DI + 1,4%",0.5457,,,0.21,1026.97880153,102.4,708.83,2026-09-17
CRA022008NF,CRA,IRANI PAPEL E EMBALAGEM S.A.,ECO SECURITIZADORA DE DIREITOS CREDITÓRIOS DO AGRONEGÓCIO S.A.,1ª,2027-08-16,"DI + 1,4%",1.0224,1.5686,0.6483,0.17,1015.96428105,100.33,218.61,2026-09-17
CRA023002GX,CRA,INTEGRADA COOPERATIVA AGROINDUSTRIAL,ECO SECURITIZADORA DE DIREITOS CREDITÓRIOS DO AGRONEGÓCIO S.A.,1ª,2028-05-15,"DI + 1,4%",1.4492,3.0,0.3858,0.0,420.48528713,99.95,271.47,2026-09-17
23J1127308,CRI,MOVIDA PARTICIPAÇÕES S.A.,OPEA SECURITIZADORA S/A,1ª,2028-10-16,"DI + 1,45%",4.6944,,,0.67,1007.9588265,94.68,435.95,2026-09-17
22C1235206,CRI,HAVAN S.A.,OPEA SECURITIZADORA S/A,463ª,2027-04-27,"DI + 1,5%",0.8136,1.047,0.722,0.08,1012.56710632,100.39,142.55,2026-09-17
23I1257218,CRI,JSL S.A.,OPEA SECURITIZADORA S/A,2ª,2030-09-16,"DI + 1,5%",4.6903,,,1.8,909.59966003,90.86,775.1,2026-09-17
CRA0220080Y,CRA,NEOMILLE S.A.,ECO SECURITIZADORA DE DIREITOS CREDITÓRIOS DO AGRONEGÓCIO S.A.,1ª,2028-04-03,"DI + 1,5%",1.7509,2.5233,0.8406,0.0,427.46461931,99.76,241.91,2026-09-17
CRA02300G7E,CRA,MARFRIG GLOBAL FOODS S.A.,ECO SECURITIZADORA DE DIREITOS CREDITÓRIOS DO AGRONEGÓCIO S.A.,2ª,2028-08-15,"DI + 1,5%",2.4786,,2.0,0.33,996.35349237,98.38,428.6,2026-09-17
CRA02300MJ9,CRA,MINERVA S.A.,RIZA SECURITIZADORA S.A.,1ª,2028-09-15,"DI + 1,5%",2.5599,2.8277,1.1305,0.62,982.75805505,98.16,450.2,2026-09-17
CRA024003UY,CRA,LAR COOPERATIVA AGROINDUSTRIAL,ECO SECURITIZADORA DE DIREITOS CREDITÓRIOS DO AGRONEGÓCIO S.A.,2ª,2029-04-16,"DI + 1,55%",1.6835,1.8661,1.1661,0.03,998.83874793,99.77,447.69,2026-09-17
CRA0240020A,CRA,VICUNHA TÊXTIL S.A.,RIZA SECURITIZADORA S.A.,1ª,2029-02-15,"DI + 1,6%",3.0917,4.1295,1.8036,0.2,982.8285082,97.04,519.61,2026-09-17
CRA0240099E,CRA,VALE DO TIJUCO AÇÚCAR E ÁLCOOL S.A.,ECO SECURITIZADORA DE DIREITOS CREDITÓRIOS DO AGRONEGÓCIO S.A.,1ª,2034-10-16,"DI + 1,6%",2.2296,,2.2033,0.38,1040.33201236,97.67,959.92,2026-09-17
CRA025009KJ,CRA,Salton,OPEA SECURITIZADORA S/A,1ª,2031-12-09,"DI + 1,6%",,,,,,,,2026-09-17
24A2720884,CRI,DIAGNÓSTICAS DA AMÉRICA S.A.,VERT COMPANHIA SECURITIZADORA,1ª,2029-01-15,"DI + 1,63%",4.1322,4.6213,3.0125,0.76,978.46920466,95.31,496.91,2026-09-17
22L1465644,CRI,ÂNIMA HOLDING S.A.,RIZA SECURITIZADORA S.A.,1ª,2027-12-15,"DI + 1,65%",2.2322,2.5,1.9277,0.15,994.733026,99.36,285.43,2026-09-17
CRA0230073L,CRA,J. MACÊDO S.A.,RIZA SECURITIZADORA S.A.,1ª,2028-04-17,"DI + 1,65%",0.7697,1.3183,0.4411,0.14,803.77535532,100.66,189.79,2026-09-17
22J0000801,CRI,TRISUL S.A.,TRUE SECURITIZADORA S/A,1ª,2027-12-15,"DI + 1,7%",,,,,,,,2026-09-17
23F0012002,CRI,LOG COMMERCIAL PROPERTIES E PARTICIPAÇÕES S.A.,OPEA SECURITIZADORA S/A,1ª,2028-06-26,"DI + 1,7%",1.1253,,0.6872,0.08,694.20554659,100.64,282.05,2026-09-17
23L2043099,CRI,Unidas,OPEA SECURITIZADORA S/A,1ª,2028-12-15,"DI + 1,7%",,,,,,,,2026-09-17
CRA02300VBT,CRA,UNIDAS LOCAÇÕES E SERVIÇOS S.A.,OPEA SECURITIZADORA S/A,1ª,2028-12-15,"DI + 1,7%",1.3452,1.8144,0.5486,0.16,1047.22729461,100.67,479.41,2026-09-17
CRA022008NH,CRA,IRANI PAPEL E EMBALAGEM S.A.,ECO SECURITIZADORA DE DIREITOS CREDITÓRIOS DO AGRONEGÓCIO S.A.,2ª,2029-08-15,"DI + 1,75%",0.9761,1.1333,0.4566,0.03,1029.02791953,101.59,519.12,2026-09-17
CRA0230012X,CRA,VALE DO PONTAL AÇÚCAR E ETANOL S.A.,ECO SECURITIZADORA DE DIREITOS CREDITÓRIOS DO AGRONEGÓCIO S.A.,1ª,2031-02-17,"DI + 1,8%",2.228,2.6677,2.0172,0.46,1000.28789164,98.74,758.65,2026-09-17
CRA0240005N,CRA,CEREAL COMÉRCIO EXPORTAÇÃO E REPRESENTAÇÃO AGROPECUÁRIA S.A.,RIZA SECURITIZADORA S.A.,1ª,2029-01-15,"DI + 1,8%",1.6765,1.9527,1.1316,0.4,1028.45081906,100.15,295.68,2026-09-17
24K0003002,CRI,PATRIMAR ENGENHARIA S.A.,RIZA SECURITIZADORA S.A.,1ª,2029-11-23,"DI + 1,95%",3.6989,4.2244,3.4705,1.03,1012.7723471,96.4,541.13,2026-09-17
CRA02300Q8I,CRA,CAPAL COOPERATIVA AGROINDUSTRIAL,OPEA SECURITIZADORA S/A,1ª,2029-05-17,"DI + 1,95%",1.5508,2.1006,0.7333,0.13,603.39247971,100.57,361.47,2026-09-17
23H1023846,CRI,BR PROPERTIES S.A.,OPEA SECURITIZADORA S/A,1ª,2031-08-15,DI + 2%,1.3595,1.5794,1.101,0.05,934.5572929,101.77,703.94,2026-09-17
23J1333602,CRI,PATRIMAR ENGENHARIA S.A.,RIZA SECURITIZADORA S.A.,1ª,2028-10-20,DI + 2%,,,,,,,,2026-09-17
CRA022001P6,CRA,USINA BATATAIS S.A.,RIZA SECURITIZADORA S.A.,1ª,2028-04-20,DI + 2%,1.3321,2.1111,0.3766,0.05,1020.15601592,100.93,353.75,2026-09-17
CRA022008C2,CRA,VICUNHA TÊXTIL S.A.,RIZA SECURITIZADORA S.A.,2ª,2027-08-16,DI + 2%,3.2121,3.9527,2.2145,0.01,501.45187689,98.99,218.21,2026-09-17
CRA02300S8P,CRA,FS INDÚSTRIA DE BIOCOMBUSTÍVEIS LTDA.,ECO SECURITIZADORA DE DIREITOS CREDITÓRIOS DO AGRONEGÓCIO S.A.,2ª,2030-06-17,DI + 2%,3.7347,4.0677,3.4422,0.52,954.25535007,95.31,714.65,2026-09-17
CRA024000B7,CRA,FS INDÚSTRIA DE BIOCOMBUSTÍVEIS LTDA.,ECO SECURITIZADORA DE DIREITOS CREDITÓRIOS DO AGRONEGÓCIO S.A.,2ª,2030-07-15,DI + 2%,4.0104,4.63,3.3288,0.31,946.32280242,94.52,724.14,2026-09-17
23D0005401,CRI,ORIGINAL HOLDING S.A,OPEA SECURITIZADORA S/A,1ª,2028-04-15,"DI + 2,05%",,,,,,,,2026-09-17
CRA02300BQD,CRA,GJA INDÚSTRIAS S.A.,RIZA SECURITIZADORA S.A.,1ª,2029-07-16,"DI + 2,25%",5.2106,,3.3977,0.25,583.55249763,97.14,254.22,2026-09-17
CRA025000MJ,CRA,Integrada Cooperativa Agroindustrial,ECO SECURITIZADORA DE DIREITOS CREDITÓRIOS DO AGRONEGÓCIO S.A.,2ª,2029-05-15,"DI + 2,35%",2.2543,2.6144,2.0858,0.03,792.39551545,100.13,351.21,2026-09-17
22L1212138,CRI,LAR COOPERATIVA AGROINDUSTRIAL,HABITASEC SECURITIZADORA S.A.,2ª,2034-12-19,"DI + 2,45%",2.0277,2.9277,,0.32,910.70985162,101.19,722.2,2026-09-17
CRA02300KZL,CRA,FLORA PRODUTOS DE HIGIENE E LIMPEZA S.A.,OPEA SECURITIZADORA S/A,1ª,2029-10-15,"DI + 2,5%",1.6205,2.2644,1.3608,0.21,787.80901177,101.17,338.77,2026-09-17
CRA024005K1,CRA,Natural One S.A.,ECO SECURITIZADORA DE DIREITOS CREDITÓRIOS DO AGRONEGÓCIO S.A.,1ª,2029-05-25,"DI + 2,5%",,,,,,,,2026-09-17
CRA02300795,CRA,FS INDÚSTRIA DE BIOCOMBUSTÍVEIS LTDA.,ECO SECURITIZADORA DE DIREITOS CREDITÓRIOS DO AGRONEGÓCIO S.A.,1ª,2029-10-15,"DI + 2,9%",3.8985,4.2947,3.25,0.1,978.06986721,97.68,610.88,2026-09-17
CRA02300CCH,CRA,FS INDÚSTRIA DE BIOCOMBUSTÍVEIS LTDA.,ECO SECURITIZADORA DE DIREITOS CREDITÓRIOS DO AGRONEGÓCIO S.A.,1ª,2029-12-17,"DI + 2,9%",4.0052,4.4804,3.3704,0.02,974.58730545,97.34,635.92,2026-09-17
CRA0250040I,CRA,Natural One S.A,ECO SECURITIZADORA DE DIREITOS CREDITÓRIOS DO AGRONEGÓCIO S.A.,1ª,2029-06-15,"DI + 2,9%",5.1094,,3.5,2.07,1011.33205042,96.92,370.35,2026-09-17
CRA0220099D,CRA,CENTRAL CRESOL BASER,ECO SECURITIZADORA DE DIREITOS CREDITÓRIOS DO AGRONEGÓCIO S.A.,1ª,2027-12-15,"DI + 2,95%",1.1399,1.8333,0.5333,0.01,352.10963453,101.22,172.15,2026-09-17
CRA023003JX,CRA,OLFAR S.A.,RIZA SECURITIZADORA S.A.,1ª,2029-03-15,DI + 3%,2.1117,3.1258,1.2806,0.12,723.28058579,101.13,327.27,2026-09-17
CRA0240086H,CRA,DISTRIBUIDORA DE PRODUTOS DE PETRÓLEO CHARRUA LTDA.,OPEA SECURITIZADORA S/A,1ª,2029-08-23,DI + 3%,2.8217,3.6295,2.3136,0.29,1014.39339181,100.35,509.11,2026-09-17
CRA0250012Y,CRA,FS FLORESTAL S.A.,ECO SECURITIZADORA DE DIREITOS CREDITÓRIOS DO AGRONEGÓCIO S.A.,2ª,2031-03-17,DI + 3%,,,,,,,,2026-09-17
23F0012602,CRI,FARMACIA E DROGARIA NISSEI S.A.,OPEA SECURITIZADORA S/A,1ª,2028-06-22,"DI + 3,5%",,,,,,,,2026-09-17
CRA022000RU,CRA,MADERO INDÚSTRIA E COMÉRCIO S.A.,ECO SECURITIZADORA DE DIREITOS CREDITÓRIOS DO AGRONEGÓCIO S.A.,2ª,2027-03-15,"DI + 3,5%",3.6961,4.0461,2.5461,0.19,139.64749521,99.95,68.45,2026-09-17
CRA024002MM,CRA,USINA SANTA FÉ S.A.,ECO SECURITIZADORA DE DIREITOS CREDITÓRIOS DO AGRONEGÓCIO S.A.,1ª,2029-12-17,DI + 4%,3.0822,4.3244,1.3683,0.52,887.65596701,101.31,370.87,2026-09-17
CRA02400ECU,CRA,USINA CORURIPE AÇÚCAR E ÁLCOOL S.A.,ECO SECURITIZADORA DE DIREITOS CREDITÓRIOS DO AGRONEGÓCIO S.A.,5ª,2030-11-25,"DI + 4,1%",4.6077,5.0261,4.5927,0.45,4957.16337842,99.16,435.21,2026-09-17
CRA023001JL,CRA,PISANI PLÁSTICOS S.A.,ECO SECURITIZADORA DE DIREITOS CREDITÓRIOS DO AGRONEGÓCIO S.A.,1ª,2029-02-20,DI + 5%,4.0825,,2.2477,0.16,568.28687046,100.92,263.51,2026-09-17
CRA02300KOH,CRA,TECSOIL AUTOMAÇÃO E SISTEMAS S.A.,OPEA SECURITIZADORA S/A,1ª,2028-10-16,"DI + 5,5%",2.9977,3.7838,1.9,0.13,711.54086577,102.31,241.07,2026-09-17
CRA02300JR6,CRA,RAÍZEN ENERGIA S.A.,TRUE SECURITIZADORA S/A,2ª,2033-10-17,IPCA + 0%,,,,,479.6488691,42.18,,2026-09-17
CRA019003JY,CRA,KLABIN S.A.,VERT COMPANHIA SECURITIZADORA,1ª,2029-06-15,"IPCA + 3,5%",7.2267,7.4964,6.8748,0.18,1392.89506553,94.27,417.34,2026-09-17
CRA019003V3,CRA,RAÍZEN ENERGIA S.A.,OPEA SECURITIZADORA S/A,2ª,2029-07-16,"IPCA + 3,602%",,,,,710.29235273,48.49,,2026-09-17
CRA021000MG,CRA,M. DIAS BRANCO S.A. INDÚSTRIA E COMÉRCIO DE ALIMENTOS,RIZA SECURITIZADORA S.A.,1ª,2028-03-15,"IPCA + 3,7992%",7.7604,7.9697,7.5548,0.14,1297.41804432,94.7,365.96,2026-09-17
CRA021000MH,CRA,M. DIAS BRANCO S.A. INDÚSTRIA E COMÉRCIO DE ALIMENTOS,RIZA SECURITIZADORA S.A.,2ª,2031-03-15,"IPCA + 4,1369%",8.1603,8.3986,7.9585,0.11,1212.27123855,88.49,808.41,2026-09-17
CRA02100002,CRA,COCAL COMÉRCIO INDÚSTRIA CANAÃ AÇÚCAR E ÁLCOOL LTDA.,RIZA SECURITIZADORA S.A.,2ª,2028-02-15,"IPCA + 4,2095%",8.6141,,7.0535,0.4,611.78412126,96.91,189.95,2026-09-17
CRA021000MB,CRA,COLOMBO AGROINDÚSTRIA S.A.,ECO SECURITIZADORA DE DIREITOS CREDITÓRIOS DO AGRONEGÓCIO S.A.,1ª,2027-03-15,"IPCA + 4,4474%",8.1082,9.0088,7.2198,0.36,665.83426056,98.37,120.0,2026-09-17
CRA021001PQ,CRA,MARFRIG GLOBAL FOODS S.A.,OPEA SECURITIZADORA S/A,1ª,2028-07-15,"IPCA + 4,5%",12.11,,10.6217,0.27,1171.21589668,88.44,439.61,2026-09-17
CRA019001E7,CRA,KLABIN S.A.,VERT COMPANHIA SECURITIZADORA,2ª,2029-03-15,"IPCA + 4,5081%",7.2521,7.5139,6.8669,0.16,1451.11116097,96.41,352.95,2026-09-17
CRA021001VA,CRA,MARFRIG GLOBAL FOODS S.A.,OPEA SECURITIZADORA S/A,2ª,2031-07-15,"IPCA + 4,6%",11.8703,12.0655,10.8263,1.02,1051.14664939,79.36,856.35,2026-09-17
21G0065100,CRI,ALIANSCE SONAE SHOPPING CENTERS S.A.,RB CAPITAL INVESTIMENTOS DTVM LTDA,347ª,2028-07-17,"IPCA + 4,6197%",7.9728,,7.8115,0.2,1258.65900576,94.65,438.82,2026-09-17
CRA0210013B,CRA,BRF S.A.,VERT COMPANHIA SECURITIZADORA,1ª,2031-05-15,"IPCA + 4,7843%",11.8125,12.0872,10.7519,1.02,1040.6707329,76.7,1017.62,2026-09-17
CRA021001KB,CRA,COMPANHIA DE LOCAÇÃO DAS AMÉRICAS,ECO SECURITIZADORA DE DIREITOS CREDITÓRIOS DO AGRONEGÓCIO S.A.,1ª,2031-07-15,"IPCA + 4,825%",7.8836,8.6734,7.3526,0.24,1205.60130379,90.56,864.76,2026-09-17
CRA021002SO,CRA,IPIRANGA PRODUTOS DE PETRÓLEO S.A.,VERT COMPANHIA SECURITIZADORA,1ª,2028-09-15,"IPCA + 4,8287%",8.0413,8.5428,7.592,0.15,1226.52667286,94.38,482.21,2026-09-17
21D0737500,CRI,DIRECIONAL ENGENHARIA S.A.,OPEA SECURITIZADORA S/A,371ª,2028-04-17,"IPCA + 4,8444%",7.3263,7.5615,7.0891,0.2,875.37900386,97.61,259.32,2026-09-17
21D0862572,CRI,REDE D'OR SÃO LUIZ S.A.,OPEA SECURITIZADORA S/A,324ª,2036-05-15,"IPCA + 4,9347%",8.2812,,8.0572,0.3,1099.9626939,80.58,1701.64,2026-09-17
21H1078699,CRI,SENDAS DISTRIBUIDORA S.A.,OPEA SECURITIZADORA S/A,428ª,2028-10-16,"IPCA + 5,1531%",10.5447,10.8931,9.9768,0.24,1186.06330903,90.76,487.62,2026-09-17
21H1078700,CRI,SENDAS DISTRIBUIDORA S.A.,OPEA SECURITIZADORA S/A,429ª,2031-10-15,"IPCA + 5,2662%",11.6035,11.9195,11.0119,0.34,1061.82890004,81.21,884.97,2026-09-17
CRA021000SC,CRA,COPERSUCAR S.A.,RIZA SECURITIZADORA S.A.,1ª,2028-05-15,"IPCA + 5,2893%",,,,,,,,2026-09-17
CRA020002GZ,CRA,BRF S.A.,VERT COMPANHIA SECURITIZADORA,1ª,2027-07-15,"IPCA + 5,3%",10.0577,10.6313,8.5626,0.99,1396.6324611,96.52,201.77,2026-09-17
21D0694886,CRI,CONSTRUTORA TENDA S.A.,OPEA SECURITIZADORA S/A,378ª,2028-04-17,"IPCA + 5,3621%",8.6767,9.3012,,0.22,888.10845634,96.9,255.34,2026-09-17
CRA021002NF,CRA,PETROBRAS DISTRIBUIDORA S.A.,RIZA SECURITIZADORA S.A.,1ª,2031-09-15,"IPCA + 5,3995%",8.9567,9.2748,8.3839,0.24,1159.48499508,88.63,911.39,2026-09-17
CRA020001P7,CRA,RAÍZEN ENERGIA S.A.,OPEA SECURITIZADORA S/A,1ª,2027-06-15,"IPCA + 5,4%",,,,,585.57050663,41.15,,2026-09-17
CRA021000RX,CRA,MINERVA S.A.,RIZA SECURITIZADORA S.A.,1ª,2028-04-17,"IPCA + 5,5034%",12.2759,,10.8976,1.08,1254.92606308,91.16,374.15,2026-09-17
21I0278118,CRI,LOG COMMERCIAL PROPERTIES E PARTICIPAÇÕES S.A.,RIZA SECURITIZADORA S.A.,362ª,2028-09-15,"IPCA + 5,5212%",9.9558,,9.772,0.5,617.13626823,94.27,359.84,2026-09-17
21K0001806,CRI,REDE D'OR SÃO LUIZ S.A.,OPEA SECURITIZADORA S/A,396ª,2031-12-15,"IPCA + 5,5758%",8.1377,8.3603,7.8652,0.07,1170.44097017,91.45,934.66,2026-09-17
CRA021000RY,CRA,MINERVA S.A.,RIZA SECURITIZADORA S.A.,39ª,2031-04-15,"IPCA + 5,578%",11.2815,11.7485,10.6329,1.06,1167.29506134,84.77,782.67,2026-09-17
CRA020002H1,CRA,BRF S.A.,VERT COMPANHIA SECURITIZADORA,2ª,2030-07-15,"IPCA + 5,6%",12.1498,,10.3882,1.08,1240.62847128,85.7,639.71,2026-09-17
CRA022002Y1,CRA,NORSA REFRIGERANTES S.A.,RIZA SECURITIZADORA S.A.,1ª,2027-03-15,"IPCA + 5,685%",7.2738,,6.8545,0.26,600.25476376,99.29,120.0,2026-09-17
CRA020003PY,CRA,"VAMOS LOCAÇÃO DE CAMINHÕES, MÁQUINAS E EQUIPAMENTOS S.A.",ECO SECURITIZADORA DE DIREITOS CREDITÓRIOS DO AGRONEGÓCIO S.A.,1ª,2030-11-18,"IPCA + 5,7315%",11.3825,12.8841,9.4842,1.74,1231.85730286,86.33,704.12,2026-09-17
21K0001812,CRI,ULTRA SOM SERVIÇOS MÉDICOS S.A.,RIZA SECURITIZADORA S.A.,378ª,2031-12-15,"IPCA + 5,7505%",20.2749,23.299,17.0843,1.7,760.25796325,59.66,978.66,2026-09-17
CRA021002YA,CRA,CARAMURU ALIMENTOS S.A.,ECO SECURITIZADORA DE DIREITOS CREDITÓRIOS DO AGRONEGÓCIO S.A.,1ª,2027-09-15,"IPCA + 5,7641%",9.6609,9.7967,8.389,1.14,246.67348799,96.55,244.51,2026-09-17
CRA020001P8,CRA,RAÍZEN ENERGIA S.A.,TRUE SECURITIZADORA S/A,2ª,2030-06-17,"IPCA + 5,8%",,,,,595.72958625,41.83,,2026-09-17
22D1289007,CRI,REDE D'OR SÃO LUIZ S.A.,OPEA SECURITIZADORA S/A,508ª,2029-06-15,"IPCA + 5,83%",7.9106,8.1665,7.5815,0.21,1150.6376044,95.23,632.16,2026-09-17
22D1289010,CRI,CYRELA BRAZIL REALTY S.A.,OPEA SECURITIZADORA S/A,490ª,2027-06-15,"IPCA + 5,9068%",6.6311,,,0.24,1223.6877267,99.52,179.48,2026-09-17
CRA022002Y2,CRA,NORSA REFRIGERANTES S.A.,RIZA SECURITIZADORA S.A.,2ª,2029-03-15,"IPCA + 5,9169%",8.4305,8.7041,8.1601,0.28,1156.92009807,95.69,472.99,2026-09-17
CRA022006N5,CRA,IPIRANGA PRODUTOS DE PETRÓLEO S.A.,VERT COMPANHIA SECURITIZADORA,1ª,2032-06-15,"IPCA + 6,0053%",8.2388,8.7862,7.7305,0.08,1108.61069817,91.86,1020.71,2026-09-17
22D1289008,CRI,REDE D'OR SÃO LUIZ S.A.,OPEA SECURITIZADORA S/A,509ª,2032-06-15,"IPCA + 6,01%",8.0874,8.2481,7.769,0.11,1116.97520074,92.4,1021.36,2026-09-17
CRA022002Y3,CRA,NORSA REFRIGERANTES S.A.,RIZA SECURITIZADORA S.A.,3ª,2032-03-15,"IPCA + 6,0392%",8.4498,8.5833,7.7548,0.2,1106.64196532,91.53,987.95,2026-09-17
CRA022002XN,CRA,JBS S.A.,RIZA SECURITIZADORA S.A.,3ª,2037-04-15,"IPCA + 6,0953%",,,,,,,,2026-09-17
21K0001807,CRI,REDE D'OR SÃO LUIZ S.A.,OPEA SECURITIZADORA S/A,397ª,2036-12-15,"IPCA + 6,1017%",8.3682,8.6198,8.0603,0.07,1106.1116305,86.31,1729.57,2026-09-17
22D1289011,CRI,CYRELA BRAZIL REALTY S.A.,OPEA SECURITIZADORA S/A,491ª,2029-06-15,"IPCA + 6,128%",,,,,,,,2026-09-17
22K0001201,CRI,PETRÓLEO BRASILEIRO S.A. - PETROBRAS,OPEA SECURITIZADORA S/A,1ª,2030-04-15,"IPCA + 6,2%",7.1641,7.2702,7.0238,0.2,1187.80628017,97.15,806.22,2026-09-17
23H0027403,CRI,REDE D'OR SÃO LUIZ S.A.,OPEA SECURITIZADORA S/A,2ª,2030-08-15,"IPCA + 6,2%",8.2246,8.4177,7.9339,0.04,1077.35086771,93.64,875.34,2026-09-17
CRA022006MY,CRA,Dexco S.A.,ECO SECURITIZADORA DE DIREITOS CREDITÓRIOS DO AGRONEGÓCIO S.A.,2ª,2032-06-15,"IPCA + 6,2%",,,,,,,,2026-09-17
22K0001203,CRI,PETRÓLEO BRASILEIRO S.A. - PETROBRAS,OPEA SECURITIZADORA S/A,2ª,2032-11-16,"IPCA + 6,25%",7.4754,7.5645,,0.18,1183.27580807,94.43,1252.89,2026-09-17
22E1325262,CRI,HYPERA S.A.,OPEA SECURITIZADORA S/A,2ª,2029-08-15,"IPCA + 6,279%",8.5475,8.7725,8.3477,0.26,1130.71665433,94.52,671.64,2026-09-17
CRA021002YF,CRA,J. MACÊDO S.A.,ECO SECURITIZADORA DE DIREITOS CREDITÓRIOS DO AGRONEGÓCIO S.A.,1ª,2026-11-16,"IPCA + 6,3071%",9.5144,11.0217,7.3886,0.47,61.07545626,99.65,29.43,2026-09-17
CRA02300S35,CRA,CAMIL ALIMENTOS S.A.,ECO SECURITIZADORA DE DIREITOS CREDITÓRIOS DO AGRONEGÓCIO S.A.,2ª,2030-11-18,"IPCA + 6,3416%",12.4753,,11.1835,1.96,969.04540912,83.56,799.55,2026-09-17
22C1362141,CRI,MATEUS SUPERMERCADOS S.A.,OPEA SECURITIZADORA S/A,1ª,2034-07-17,"IPCA + 6,3423%",10.2211,,9.8056,0.58,824.27066731,88.9,805.83,2026-09-17
22B0004808,CRI,CSN CIMENTOS S.A.,RIZA SECURITIZADORA S.A.,417ª,2032-02-16,"IPCA + 6,3893%",16.7755,18.5357,12.3895,0.96,872.42178974,70.35,930.48,2026-09-17
CRA022008N6,CRA,JBS S.A.,RIZA SECURITIZADORA S.A.,2ª,2032-09-15,"IPCA + 6,3919%",8.9826,10.25,7.5697,0.34,1080.78155643,90.19,1074.76,2026-09-17
22K0001204,CRI,PETRÓLEO BRASILEIRO S.A. - PETROBRAS,OPEA SECURITIZADORA S/A,3ª,2037-11-16,"IPCA + 6,4%",,,,,,,,2026-09-17
24B0013203,CRI,CIDADE MARAVILHOSA INDÚSTRIA E COMÉRCIO DE ROUPAS S.A.,RIZA SECURITIZADORA S.A.,3ª,2030-02-15,"IPCA + 6,4%",10.6087,,10.1872,0.82,1013.46154673,90.23,664.98,2026-09-17
CRA02300CYS,CRA,BANCO BTG PACTUAL S.A.,OPEA SECURITIZADORA S/A,3ª,2033-07-15,"IPCA + 6,4338%",7.2945,7.4664,7.0302,0.17,1108.52541526,95.63,1392.23,2026-09-17
22E1325264,CRI,HYPERA S.A.,OPEA SECURITIZADORA S/A,3ª,2032-08-16,"IPCA + 6,4451%",8.5905,9.0545,,0.13,1100.10984033,91.95,1054.76,2026-09-17
CRA024001P6,CRA,JSL S.A.,ECO SECURITIZADORA DE DIREITOS CREDITÓRIOS DO AGRONEGÓCIO S.A.,2ª,2031-02-17,"IPCA + 6,4527%",13.3565,14.116,11.9891,0.76,929.68986031,82.67,754.26,2026-09-17
22E1095384,CRI,MRV ENGENHARIA E PARTICIPAÇÕES S.A.,OPEA SECURITIZADORA S/A,1ª,2030-09-16,"IPCA + 6,4802%",12.0071,,11.211,0.72,1040.66381197,87.17,677.81,2026-09-17
21J0001208,CRI,TENDA ATACADO S.A.,RIZA SECURITIZADORA S.A.,306ª,2026-10-15,"IPCA + 6,4803%",12.4093,,11.3889,0.44,439.3232479,99.59,19.0,2026-09-17
22F0009804,CRI,DIRECIONAL ENGENHARIA S.A.,OPEA SECURITIZADORA S/A,1ª,2032-06-15,"IPCA + 6,4899%",8.569,8.7519,8.1965,0.13,1115.95346886,92.5,1010.38,2026-09-17
22F0009409,CRI,GJA INDÚSTRIAS S.A.,RIZA SECURITIZADORA S.A.,1ª,2029-06-15,"IPCA + 6,5%",11.8129,,,1.13,1074.66202788,90.45,517.05,2026-09-17
CRA022003JT,CRA,BEM BRASIL ALIMENTOS S.A.,ECO SECURITIZADORA DE DIREITOS CREDITÓRIOS DO AGRONEGÓCIO S.A.,1ª,2029-05-15,"IPCA + 6,5348%",9.8464,11.6026,8.5606,0.89,1165.67122106,95.46,380.09,2026-09-17
CRA022004MS,CRA,"VAMOS LOCAÇÃO DE CAMINHÕES, MÁQUINAS E EQUIPAMENTOS S.A.",ECO SECURITIZADORA DE DIREITOS CREDITÓRIOS DO AGRONEGÓCIO S.A.,1ª,2032-05-17,"IPCA + 6,5473%",13.6403,14.0689,12.6525,1.12,949.0592191,77.82,962.53,2026-09-17
23H0027404,CRI,REDE D'OR SÃO LUIZ S.A.,OPEA SECURITIZADORA S/A,3ª,2033-08-15,"IPCA + 6,55%",8.3146,8.5021,8.0027,0.08,1061.69896605,92.25,1230.88,2026-09-17
CRA022008NB,CRA,RAÍZEN ENERGIA S.A.,OPEA SECURITIZADORA S/A,1ª,2032-08-16,"IPCA + 6,5885%",,,,,587.11211724,48.49,,2026-09-17
22B0006022,CRI,MRV ENGENHARIA E PARTICIPAÇÕES S.A.,RIZA SECURITIZADORA S.A.,442ª,2029-02-15,"IPCA + 6,5954%",11.5718,,,0.7,1145.76810197,92.16,449.32,2026-09-17
CRA024004SA,CRA,JBS S.A.,RIZA SECURITIZADORA S.A.,2ª,2034-05-15,"IPCA + 6,5975%",9.4462,10.0557,7.6435,0.38,966.93267988,85.57,1467.77,2026-09-17
22J0306937,CRI,DIAGNÓSTICOS DA AMÉRICA S.A.,VERT COMPANHIA SECURITIZADORA,2ª,2029-10-15,"IPCA + 6,6%",13.2323,14.5608,12.1505,0.52,1039.7791092,84.86,680.91,2026-09-17
CRA02300G7F,CRA,MARFRIG GLOBAL FOODS S.A.,ECO SECURITIZADORA DE DIREITOS CREDITÓRIOS DO AGRONEGÓCIO S.A.,3ª,2030-08-15,"IPCA + 6,6%",12.2332,,11.5025,0.29,964.75342539,83.75,861.99,2026-09-17
CRA022008C7,CRA,COMPANHIA DE LOCAÇÃO DAS AMÉRICAS,ECO SECURITIZADORA DE DIREITOS CREDITÓRIOS DO AGRONEGÓCIO S.A.,1ª,2028-09-15,"IPCA + 6,6018%",8.3731,8.904,8.3171,0.5,1160.58761469,96.93,476.48,2026-09-17
24E1835896,CRI,HSL,TRUE SECURITIZADORA S/A,1ª,2034-06-15,"IPCA + 6,6075%",,,,,,,,2026-09-17
CRA022007KI,CRA,COCAL COMÉRCIO INDÚSTRIA CANAÃ AÇÚCAR E ÁLCOOL LTDA.,RIZA SECURITIZADORA S.A.,1ª,2030-08-15,"IPCA + 6,6234%",11.2163,,10.3429,0.46,1071.45472284,89.52,656.81,2026-09-17
CRA02300JG3,CRA,JBS S.A.,RIZA SECURITIZADORA S.A.,3ª,2030-09-16,"IPCA + 6,6441%",8.9726,10.3274,7.718,0.07,1057.22025297,92.64,889.9,2026-09-17
CRA022008N7,CRA,JBS S.A.,RIZA SECURITIZADORA S.A.,3ª,2037-09-15,"IPCA + 6,6614%",9.5969,,8.4909,0.58,983.33244452,82.06,1796.24,2026-09-17
CRA022000XF,CRA,MARFRIG GLOBAL FOODS S.A.,ECO SECURITIZADORA DE DIREITOS CREDITÓRIOS DO AGRONEGÓCIO S.A.,3ª,2032-01-15,"IPCA + 6,663%",11.9575,,10.5469,1.89,1051.34355085,83.56,923.3,2026-09-17
CRA02300JG4,CRA,JBS S.A.,RIZA SECURITIZADORA S.A.,4ª,2033-09-15,"IPCA + 6,6634%",9.0,10.1842,7.6296,0.24,1024.69607698,89.79,1243.78,2026-09-17
24F1277567,CRI,DIRECIONAL ENGENHARIA S.A.,OPEA SECURITIZADORA S/A,2ª,2031-07-15,"IPCA + 6,6747%",8.5497,8.7423,8.1815,0.09,1040.1359078,93.68,940.47,2026-09-17
23L1737622,CRI,REDE D'OR SÃO LUIZ S.A.,OPEA SECURITIZADORA S/A,1ª,2033-12-15,"IPCA + 6,6941%",,,,,,,,2026-09-17
22G1414303,CRI,SENDAS DISTRIBUIDORA S.A.,OPEA SECURITIZADORA S/A,3ª,2029-09-17,"IPCA + 6,7%",11.0799,,10.592,0.51,1091.23946256,91.13,580.0,2026-09-17
CRA022008ND,CRA,RAÍZEN ENERGIA S.A.,OPEA SECURITIZADORA S/A,2ª,2037-08-17,"IPCA + 6,7382%",,,,,477.84983877,39.43,,2026-09-17
CRA0240066J,CRA,SLC AGRICOLA II,RIZA SECURITIZADORA S.A.,3ª,2031-07-15,"IPCA + 6,7469%",9.4939,9.8516,9.148,0.19,1010.4747909,90.81,952.11,2026-09-17
22J0306938,CRI,DIAGNÓSTICOS DA AMÉRICA S.A.,VERT COMPANHIA SECURITIZADORA,3ª,2032-10-15,"IPCA + 6,75%",13.1679,15.0094,10.5069,0.5,962.19122802,78.48,1025.39,2026-09-17
CRA0240020C,CRA,VICUNHA II,RIZA SECURITIZADORA S.A.,3ª,2031-02-15,"IPCA + 6,7641%",,,,,,,,2026-09-17
22G1136492,CRI,REDE D'OR SÃO LUIZ S.A.,OPEA SECURITIZADORA S/A,3ª,2037-07-15,"IPCA + 6,7692%",,,,,,,,2026-09-17
CRA022007EP,CRA,KLABIN S.A.,VERT COMPANHIA SECURITIZADORA,1ª,2034-05-15,"IPCA + 6,7694%",7.6138,7.9575,7.3114,0.09,1154.82786082,95.44,1488.36,2026-09-17
CRA024004SB,CRA,JBS S.A.,RIZA SECURITIZADORA S.A.,3ª,2039-05-16,"IPCA + 6,7825%",8.88,10.1762,8.3141,0.58,969.89695068,85.78,1943.98,2026-09-17
CRA0240086K,CRA,SEARA ALIMENTOS LTDA.,RIZA SECURITIZADORA S.A.,2ª,2034-09-15,"IPCA + 6,7931%",9.1399,9.8946,8.1303,0.44,955.45969943,87.35,1551.03,2026-09-17
CRA024002ML,CRA,MARFRIG GLOBAL FOODS S.A.,ECO SECURITIZADORA DE DIREITOS CREDITÓRIOS DO AGRONEGÓCIO S.A.,3ª,2034-03-15,"IPCA + 6,7996%",12.2984,,10.9467,1.26,856.79659217,76.94,1289.61,2026-09-17
22I0970804,CRI,NATURA COSMÉTICOS S.A.,RIZA SECURITIZADORA S.A.,2ª,2029-09-17,"IPCA + 6,8%",8.8337,,8.6736,0.1,1138.47416163,94.96,689.38,2026-09-17
CRA0240066B,CRA,CAMIL ALIMENTOS S.A.,ECO SECURITIZADORA DE DIREITOS CREDITÓRIOS DO AGRONEGÓCIO S.A.,2ª,2031-06-16,"IPCA + 6,8286%",11.8807,,10.7929,1.47,949.19669679,84.58,904.9,2026-09-17
CRA0220079D,CRA,BRF S.A.,VERT COMPANHIA SECURITIZADORA,2ª,2032-07-15,"IPCA + 6,8344%",12.4088,,11.3202,0.23,993.2778239,81.39,1005.56,2026-09-17
CRA0240086L,CRA,SEARA ALIMENTOS LTDA.,RIZA SECURITIZADORA S.A.,3ª,2044-09-15,"IPCA + 6,8408%",9.3641,10.0551,8.6143,0.51,874.44637638,79.94,2321.49,2026-09-17
CRA022006HK,CRA,SÃO SALVADOR ALIMENTOS S.A.,ECO SECURITIZADORA DE DIREITOS CREDITÓRIOS DO AGRONEGÓCIO S.A.,2ª,2030-07-15,"IPCA + 6,8911%",8.3692,9.5546,7.9044,0.7,1158.35186478,96.57,638.97,2026-09-17
22I0970868,CRI,NATURA COSMÉTICOS S.A.,RIZA SECURITIZADORA S.A.,3ª,2032-09-15,"IPCA + 6,9%",8.8869,9.3593,,0.09,1108.56049905,92.47,1066.37,2026-09-17
23L1737623,CRI,REDE D'OR SÃO LUIZ S.A.,OPEA SECURITIZADORA S/A,2ª,2038-12-15,"IPCA + 6,9527%",8.2792,11.1998,7.8786,0.11,1048.35005408,90.9,1926.24,2026-09-17
CRA022004S9,CRA,"VAMOS LOCAÇÃO DE CAMINHÕES, MÁQUINAS E EQUIPAMENTOS S.A.",ECO SECURITIZADORA DE DIREITOS CREDITÓRIOS DO AGRONEGÓCIO S.A.,2ª,2037-05-15,"IPCA + 6,9739%",12.7905,,11.892,0.94,856.62486136,70.14,1608.09,2026-09-17
CRA02300JG5,CRA,JBS S.A.,RIZA SECURITIZADORA S.A.,5ª,2038-09-15,"IPCA + 6,9938%",9.6525,10.0872,8.8381,0.5,945.59179834,82.85,1886.48,2026-09-17
CRA024004SC,CRA,JBS S.A.,RIZA SECURITIZADORA S.A.,4ª,2044-05-16,"IPCA + 6,9947%",9.4914,10.1629,8.514,0.52,915.76901967,80.94,2215.8,2026-09-17
CRA022004XY,CRA,USINA CERRADÃO S.A.,ECO SECURITIZADORA DE DIREITOS CREDITÓRIOS DO AGRONEGÓCIO S.A.,1ª,2028-05-15,"IPCA + 6,9949%",7.9771,,7.9111,0.24,806.05567382,99.01,273.24,2026-09-17
22F0009410,CRI,GJA INDÚSTRIAS S.A.,RIZA SECURITIZADORA S.A.,2ª,2032-06-15,IPCA + 7%,11.6045,,,1.19,1005.04131123,84.59,989.33,2026-09-17
23F1519397,CRI,MOVIDA PARTICIPAÇÕES S.A.,OPEA SECURITIZADORA S/A,3ª,2028-06-16,IPCA + 7%,13.0361,13.2685,12.0295,0.18,1070.11372977,91.44,410.01,2026-09-17
24G1674104,CRI,JHSF PARTICIPAÇÕES S.A.,OPEA SECURITIZADORA S/A,4ª,2034-07-17,"IPCA + 7,0163%",8.6283,8.8529,8.2971,0.12,904.72507784,93.5,1120.56,2026-09-17
CRA02200C6Y,CRA,MARFRIG GLOBAL FOODS S.A.,ECO SECURITIZADORA DE DIREITOS CREDITÓRIOS DO AGRONEGÓCIO S.A.,1ª,2029-10-15,"IPCA + 7,0383%",12.0394,,11.2792,0.34,1076.7064119,88.38,678.29,2026-09-17
CRA024007PU,CRA,SOROCABA REFRESCOS S.A.,ECO SECURITIZADORA DE DIREITOS CREDITÓRIOS DO AGRONEGÓCIO S.A.,2ª,2034-08-15,"IPCA + 7,05%",9.798,10.3421,9.588,0.42,959.91061475,87.05,1363.09,2026-09-17
22K0934880,CRI,BCBF PARTICIPAÇÕES S.A.,RIZA SECURITIZADORA S.A.,2ª,2029-12-17,"IPCA + 7,0913%",20.3211,,15.905,3.82,865.6265132,71.79,706.59,2026-09-17
CRA022006HE,CRA,AÇO VERDE DO BRASIL S.A.,RIZA SECURITIZADORA S.A.,1ª,2029-06-15,"IPCA + 7,1543%",10.0673,10.7996,9.722,0.43,1158.50238674,95.81,399.78,2026-09-17
CRA023000RT,CRA,"VAMOS LOCAÇÃO DE CAMINHÕES, MÁQUINAS E EQUIPAMENTOS S.A.",ECO SECURITIZADORA DE DIREITOS CREDITÓRIOS DO AGRONEGÓCIO S.A.,3ª,2030-01-15,"IPCA + 7,1638%",13.9215,14.596,12.8055,1.17,994.53942464,83.55,735.45,2026-09-17
CRA022006BU,CRA,CARAMURU ALIMENTOS S.A.,ECO SECURITIZADORA DE DIREITOS CREDITÓRIOS DO AGRONEGÓCIO S.A.,1ª,2029-07-16,"IPCA + 7,2043%",10.3291,11.2984,8.8211,1.2,685.36700886,95.33,416.52,2026-09-17
CRA0220073P,CRA,MINERVA S.A.,RIZA SECURITIZADORA S.A.,1ª,2029-07-16,"IPCA + 7,2063%",12.1243,,10.3751,1.01,1069.7887338,89.2,639.67,2026-09-17
CRA025000ME,CRA,SEARA ALIMENTOS LTDA.,RIZA SECURITIZADORA S.A.,2ª,2045-02-15,"IPCA + 7,2266%",,,,,,,,2026-09-17
CRA0240066K,CRA,BRF S.A.,ECO SECURITIZADORA DE DIREITOS CREDITÓRIOS DO AGRONEGÓCIO S.A.,3ª,2034-06-15,"IPCA + 7,2336%",11.8244,12.0878,10.5255,1.04,901.44802834,80.32,1290.17,2026-09-17
22K0934889,CRI,BCBF PARTICIPAÇÕES S.A.,RIZA SECURITIZADORA S.A.,3ª,2034-12-15,"IPCA + 7,2792%",20.4963,23.2862,16.5867,1.68,653.71350304,54.19,1232.39,2026-09-17
CRA024001QA,CRA,ZAMP S.A.,RIZA SECURITIZADORA S.A.,3ª,2029-02-15,"IPCA + 7,3%",8.7889,,8.6434,0.08,1100.74889554,96.99,559.01,2026-09-17
CRA024007Q5,CRA,SLC MÁQUINAS LTDA.,OPEA SECURITIZADORA S/A,3ª,2031-08-15,"IPCA + 7,31%",9.9709,9.9709,9.2038,0.65,1029.35196129,92.94,748.48,2026-09-17
CRA02200C6Z,CRA,MARFRIG GLOBAL FOODS S.A.,ECO SECURITIZADORA DE DIREITOS CREDITÓRIOS DO AGRONEGÓCIO S.A.,2ª,2032-10-15,"IPCA + 7,3352%",12.2086,,11.1213,0.89,1016.33766618,83.32,1019.35,2026-09-17
24A2721507,CRI,DASA,VERT COMPANHIA SECURITIZADORA,3ª,2031-01-15,"IPCA + 7,3402%",12.8985,13.5607,12.0915,0.82,964.05820295,84.63,825.7,2026-09-17
CRA022006HF,CRA,AÇO VERDE DO BRASIL S.A.,RIZA SECURITIZADORA S.A.,2ª,2032-06-15,"IPCA + 7,3686%",10.3195,11.0695,9.9444,0.48,1087.08931306,89.86,986.26,2026-09-17
CRA024009Q4,CRA,MARFRIG GLOBAL FOODS S.A.,ECO SECURITIZADORA DE DIREITOS CREDITÓRIOS DO AGRONEGÓCIO S.A.,3ª,2034-10-16,"IPCA + 7,3693%",12.5315,,11.1947,0.17,872.83994505,77.91,1303.3,2026-09-17
22E1314836,CRI,SÃO CARLOS EMPREENDIMENTOS E PARTICIPAÇÕES S.A.,OPEA SECURITIZADORA S/A,1ª,2029-09-17,"IPCA + 7,3826%",9.8708,,9.7136,0.23,1156.01440711,95.91,457.22,2026-09-17
CRA022001E2,CRA,FS AGRISOLUTIONS INDÚSTRIA DE BIOCOMBUSTÍVEIS LTDA.,ECO SECURITIZADORA DE DIREITOS CREDITÓRIOS DO AGRONEGÓCIO S.A.,2ª,2029-02-15,"IPCA + 7,3913%",11.9634,12.1473,11.0175,0.33,1162.72203639,94.69,326.73,2026-09-17
CRA022004SD,CRA,FS AGRISOLUTIONS INDÚSTRIA DE BIOCOMBUSTÍVEIS LTDA.,ECO SECURITIZADORA DE DIREITOS CREDITÓRIOS DO AGRONEGÓCIO S.A.,2ª,2029-05-15,"IPCA + 7,3913%",11.5908,12.1747,10.9416,0.14,1159.97110104,94.4,375.48,2026-09-17
CRA02400AHZ,CRA,REFRESCOS BANDEIRANTES INDÚSTRIA E COMÉRCIO LTDA.,RIZA SECURITIZADORA S.A.,2ª,2034-11-16,"IPCA + 7,41%",10.6466,11.4192,,0.32,945.2386136,85.09,1348.58,2026-09-17
24J2539865,CRI,JHSF PARTICIPAÇÕES S.A.,OPEA SECURITIZADORA S/A,1ª,2034-10-16,"IPCA + 7,4183%",8.6923,9.0061,8.4428,0.18,1059.11912266,93.82,1355.11,2026-09-17
CRA0240005O,CRA,CEREAL COMÉRCIO EXPORTAÇÃO E REPRESENTAÇÃO AGROPECUÁRIA S.A.,RIZA SECURITIZADORA S.A.,2ª,2029-01-15,"IPCA + 7,4367%",8.8419,9.9549,8.7043,0.12,1119.8502137,98.4,310.8,2026-09-17
CRA022004H5,CRA,NARDINI AGROINDUSTRIAL LTDA.,OPEA SECURITIZADORA S/A,1ª,2028-04-15,"IPCA + 7,4986%",,,,,,,,2026-09-17
23L2043184,CRI,UNIDAS LOCADORA S.A.,OPEA SECURITIZADORA S/A,3ª,2030-12-16,"IPCA + 7,5%",9.8934,10.232,9.2773,0.25,1075.16899288,93.13,811.81,2026-09-17
CRA024009Q5,CRA,MARFRIG GLOBAL FOODS S.A.,ECO SECURITIZADORA DE DIREITOS CREDITÓRIOS DO AGRONEGÓCIO S.A.,4ª,2039-10-17,"IPCA + 7,5395%",12.7664,,11.4354,0.46,787.75451162,70.27,1755.32,2026-09-17
CRA02300MOQ,CRA,MINERVA S.A.,RIZA SECURITIZADORA S.A.,3ª,2030-09-16,"IPCA + 7,5408%",12.4309,12.6009,10.0972,1.34,994.18479041,87.15,774.43,2026-09-17
23L0034761,CRI,FARO ENERGY PROJETOS SOLARES HOLDING S.A.,OPEA SECURITIZADORA S/A,1ª,2038-12-15,"IPCA + 7,5702%",,,,,,,,2026-09-17
CRA0250080Y,CRA,ELDORADO BRASIL CELULOSE S.A.,OPEA SECURITIZADORA S/A,3ª,2040-09-17,"IPCA + 7,6%",8.5625,,8.209,0.45,963.0916586,92.48,2183.53,2026-09-17
25D0012204,CRI,CYRELA BRAZIL REALTY S.A.,COMPANHIA PROVÍNCIA DE SECURITIZAÇÃO,3ª,2032-04-15,"IPCA + 7,6693%",8.3768,,7.9647,0.12,1055.75871958,97.33,1039.99,2026-09-17
23J1127331,CRI,MOVIDA PARTICIPAÇÕES S.A.,OPEA SECURITIZADORA S/A,3ª,2033-10-17,"IPCA + 7,7279%",13.3886,,12.4875,0.44,925.00298703,78.7,1149.9,2026-09-17
CRA0250080X,CRA,ELDORADO BRASIL CELULOSE S.A.,OPEA SECURITIZADORA S/A,2ª,2035-09-17,"IPCA + 7,7281%",8.6424,,8.1491,0.45,984.78987449,94.57,1656.14,2026-09-17
CRA02400AYK,CRA,BEM BRASIL ALIMENTOS S.A.,ECO SECURITIZADORA DE DIREITOS CREDITÓRIOS DO AGRONEGÓCIO S.A.,ª,2031-11-17,"IPCA + 7,737%",9.9538,10.8912,9.5093,0.36,1014.58542787,93.06,885.51,2026-09-17
CRA0230073N,CRA,J. MACÊDO S.A.,RIZA SECURITIZADORA S.A.,2ª,2030-04-15,"IPCA + 7,8%",8.1387,9.0197,7.1664,0.44,1022.87751922,99.49,414.21,2026-09-17
CRA025003PJ,CRA,SEARA,RIZA SECURITIZADORA S.A.,3ª,2055-05-17,"IPCA + 7,8%",10.0787,,8.853,0.24,857.88294064,79.78,2515.17,2026-09-17
CRA024003UZ,CRA,LAR COOPERATIVA AGROINDUSTRIAL,ECO SECURITIZADORA DE DIREITOS CREDITÓRIOS DO AGRONEGÓCIO S.A.,3ª,2031-04-15,"IPCA + 7,8363%",9.1954,9.9152,9.0887,0.25,1067.80378639,96.21,775.58,2026-09-17
CRA021004NV,CRA,LAR COOPERATIVA AGROINDUSTRIAL,ECO SECURITIZADORA DE DIREITOS CREDITÓRIOS DO AGRONEGÓCIO S.A.,1ª,2026-11-15,"IPCA + 7,8749%",10.7647,,8.1517,2.73,430.31432599,99.55,40.0,2026-09-17
CRA0250066B,CRA,BRF S.A.,ECO SECURITIZADORA DE DIREITOS CREDITÓRIOS DO AGRONEGÓCIO S.A.,3ª,2035-07-16,"IPCA + 7,9064%",12.3989,,,0.24,819.08779503,77.5,1526.49,2026-09-17
22E1321749,CRI,COGNA EDUCAÇÃO S.A.,OPEA SECURITIZADORA S/A,2ª,2029-07-16,"IPCA + 7,9273%",9.1712,9.6295,8.7314,0.14,1175.05560242,97.6,532.91,2026-09-17
CRA0240005P,CRA,CEREAL COMÉRCIO EXPORTAÇÃO E REPRESENTAÇÃO AGROPECUÁRIA S.A.,RIZA SECURITIZADORA S.A.,3ª,2031-01-15,"IPCA + 7,9443%",9.1414,10.1703,8.0103,0.1,1098.30266335,96.43,828.95,2026-09-17
22E1321750,CRI,COGNA EDUCAÇÃO S.A.,OPEA SECURITIZADORA S/A,3ª,2032-07-15,"IPCA + 8,0031%",9.62,10.3051,9.0049,0.12,1134.77448814,94.25,1000.72,2026-09-17
CRA025009EZ,CRA,Seara Alimentos Ltda.,ECO SECURITIZADORA DE DIREITOS CREDITÓRIOS DO AGRONEGÓCIO S.A.,4ª,2065-10-15,"IPCA + 8,0313%",,,,,,,,2026-09-17
CRA0250020C,CRA,BRF S.A.,ECO SECURITIZADORA DE DIREITOS CREDITÓRIOS DO AGRONEGÓCIO S.A.,2ª,2035-04-16,"IPCA + 8,04%",11.9953,12.5783,9.8746,0.98,877.38699706,80.62,1467.61,2026-09-17
22L1469805,CRI,ÂNIMA HOLDING S.A.,RIZA SECURITIZADORA S.A.,2ª,2029-12-17,"IPCA + 8,0481%",,,,,,,,2026-09-17
CRA02200795,CRA,ADUBOS ARAGUAIA INDÚSTRIA E COMÉRCIO LTDA.,ECO SECURITIZADORA DE DIREITOS CREDITÓRIOS DO AGRONEGÓCIO S.A.,1ª,2027-07-15,"IPCA + 8,1191%",9.6321,10.7594,9.2073,0.28,595.72881504,98.9,200.22,2026-09-17
CRA0250020D,CRA,BRF S.A.,ECO SECURITIZADORA DE DIREITOS CREDITÓRIOS DO AGRONEGÓCIO S.A.,3ª,2040-04-16,"IPCA + 8,2345%",11.5387,12.135,10.0414,1.37,869.22853982,79.81,1809.42,2026-09-17
CRA0250018K,CRA,MARFRIG GLOBAL FOODS S.A.,ECO SECURITIZADORA DE DIREITOS CREDITÓRIOS DO AGRONEGÓCIO S.A.,4ª,2040-04-16,"IPCA + 8,2503%",12.7701,,11.239,0.47,807.88425232,73.95,1749.47,2026-09-17
CRA0250018L,CRA,MARFRIG GLOBAL FOODS S.A,ECO SECURITIZADORA DE DIREITOS CREDITÓRIOS DO AGRONEGÓCIO S.A.,5ª,2045-04-17,"IPCA + 8,3405%",,,,,,,,2026-09-17
CRA0240099F,CRA,VALE DO TIJUCO AÇÚCAR E ÁLCOOL S.A.,ECO SECURITIZADORA DE DIREITOS CREDITÓRIOS DO AGRONEGÓCIO S.A.,2ª,2034-10-16,"IPCA + 8,3558%",9.9314,,9.6442,0.39,1052.58636764,93.53,1158.72,2026-09-17
CRA0250020E,CRA,BRF S.A.,ECO SECURITIZADORA DE DIREITOS CREDITÓRIOS DO AGRONEGÓCIO S.A.,3ª,2045-04-17,"IPCA + 8,38%",10.1917,,10.0387,0.1,939.98664199,86.26,2165.74,2026-09-17
CRA02500BVX,CRA,BRF S.A.,ECO SECURITIZADORA DE DIREITOS CREDITÓRIOS DO AGRONEGÓCIO S.A.,5ª,2055-12-15,"IPCA + 8,3857%",,,,,,,,2026-09-17
CRA025008C2,CRA,Neomille S.A.,ECO SECURITIZADORA DE DIREITOS CREDITÓRIOS DO AGRONEGÓCIO S.A.,2ª,2032-12-15,"IPCA + 8,4473%",9.229,,,0.38,1029.05843081,96.79,1142.11,2026-09-17
CRA02400AHX,CRA,CEREAL COMÉRCIO EXPORTAÇÃO E,RIZA SECURITIZADORA S.A.,3ª,2034-11-16,"IPCA + 8,4704%",9.8356,10.8358,8.7951,0.11,1053.08130009,93.57,1329.09,2026-09-17
CRA025008HR,CRA,Nardini II,OPEA SECURITIZADORA S/A,ª,2032-10-15,"IPCA + 8,4773%",,,,,,,,2026-09-17
CRA025006NC,CRA,LAR COOPERATIVA AGROINDUSTRIAL,ECO SECURITIZADORA DE DIREITOS CREDITÓRIOS DO AGRONEGÓCIO S.A.,3ª,2032-08-16,"IPCA + 8,7268%",9.534,,,0.1,1009.75660746,96.85,1086.2,2026-09-17
CRA0250005M,CRA,Boa Safra,OPEA SECURITIZADORA S/A,3ª,2032-01-15,"IPCA + 8,7384%",9.6073,,8.8789,0.44,1057.09627759,96.9,994.48,2026-09-17
CRA0250005L,CRA,Boa Safra,OPEA SECURITIZADORA S/A,4ª,2035-01-15,"IPCA + 8,9518%",,,,,,,,2026-09-17
CRA02300796,CRA,FS INDÚSTRIA DE BIOCOMBUSTÍVEIS LTDA.,ECO SECURITIZADORA DE DIREITOS CREDITÓRIOS DO AGRONEGÓCIO S.A.,2ª,2029-10-15,"IPCA + 8,9555%",11.7571,12.3442,10.989,0.06,1077.23874399,93.42,673.82,2026-09-17
CRA023003JY,CRA,OLFAR S.A.,RIZA SECURITIZADORA S.A.,2ª,2030-03-15,"IPCA + 8,9738%",9.6707,11.0439,8.8357,0.86,1146.14995485,98.87,448.09,2026-09-17
23F2455004,CRI,SENDAS DISTRIBUIDORA S.A.,OPEA SECURITIZADORA S/A,2ª,2027-07-15,,16.1925,,15.4383,1.82,989.22936178,96.98,198.18,2026-09-17
23I1259644,CRI,JSL,OPEA SECURITIZADORA S/A,4ª,2030-09-15,,,,,,,,,2026-09-17
23J1141681,CRI,YDUQS PARTICIPAÇÕES S.A.,OPEA SECURITIZADORA S/A,1ª,2028-10-16,,14.963,,14.3873,0.26,987.82400688,94.38,455.43,2026-09-17
23K0018801,CRI,MULTIPLAN EMPREENDIMENTOS IMOBILIÁRIOS S.A.,RIZA SECURITIZADORA S.A.,3ª,2031-01-15,,14.3079,,9.3833,0.08,943.71264883,92.6,691.26,2026-09-17
23K0022041,CRI,Cogna,TRUE SECURITIZADORA S/A,2ª,2028-11-15,,14.8537,,14.265,0.18,1010.3368048,97.01,368.77,2026-09-17
24A2715837,CRI,DIAGNÓSTICOS DA AMÉRICA S.A.,VERT COMPANHIA SECURITIZADORA,2ª,2029-01-15,,19.541,,18.5615,0.16,899.37241585,88.09,508.55,2026-09-17
24A2721829,CRI,DIAGNÓSTICOS DA AMÉRICA S.A,VERT COMPANHIA SECURITIZADORA,4ª,2031-01-15,,19.8048,,18.8421,0.32,853.27396389,83.51,747.98,2026-09-17
25A1946535,CRI,Cury,OPEA SECURITIZADORA S/A,3ª,2032-01-15,,14.9945,,14.2396,0.04,1028.18454683,100.27,814.61,2026-09-17
25D0271049,CRI,Log,OPEA SECURITIZADORA S/A,3ª,2032-04-15,,,,,,,,,2026-09-17
CRA02300G7D,CRA,MARFRIG GLOBAL FOODS S.A.,ECO SECURITIZADORA DE DIREITOS CREDITÓRIOS DO AGRONEGÓCIO S.A.,1ª,2027-08-16,,17.431,,,0.57,960.59240239,95.19,220.57,2026-09-17
CRA02300HWK,CRA,BANCO BTG PACTUAL S.A.,OPEA SECURITIZADORA S/A,4ª,2033-09-15,,13.5118,13.677,13.2344,0.13,935.62728516,93.48,1228.12,2026-09-17
CRA02300JR7,CRA,RAÍZEN ENERGIA S.A.,OPEA SECURITIZADORA S/A,3ª,2033-10-17,,,,,,454.48331993,43.41,,2026-09-17
CRA02300NX8,CRA,BTG Pactual III,OPEA SECURITIZADORA S/A,4ª,2033-11-16,,13.447,,6.8622,0.14,1003.48622625,96.38,1186.81,2026-09-17
CRA02300SPD,CRA,FS Agrisolutions Indústria de Biocombustíveis LTDA,ECO SECURITIZADORA DE DIREITOS CREDITÓRIOS DO AGRONEGÓCIO S.A.,3ª,2030-06-15,,18.464,19.4413,17.6849,0.68,875.2409412,87.44,736.4,2026-09-17
CRA02300SUZ,CRA,"Vamos Locação de Caminhões, Máquinas e Equipamentos S.A.",ECO SECURITIZADORA DE DIREITOS CREDITÓRIOS DO AGRONEGÓCIO S.A.,1ª,2030-11-18,,19.5723,,18.5412,0.46,862.01600574,82.88,715.78,2026-09-17
CRA02300TSF,CRA,BTG PACTUAL IV,OPEA SECURITIZADORA S/A,4ª,2033-12-15,,,,,,,,,2026-09-17
CRA024000B8,CRA,FS Indústria De Biocombustíveis Ltda,ECO SECURITIZADORA DE DIREITOS CREDITÓRIOS DO AGRONEGÓCIO S.A.,3ª,2030-07-15,,18.6366,19.3664,17.8166,0.43,869.65244101,86.88,747.02,2026-09-17
CRA024001P5,CRA,JSL S.A.,ECO SECURITIZADORA DE DIREITOS CREDITÓRIOS DO AGRONEGÓCIO S.A.,1ª,2031-02-15,,18.9286,,17.8,1.05,838.07451522,83.03,699.41,2026-09-17
CRA024001Q9,CRA,ZAMP S.A.,RIZA SECURITIZADORA S.A.,2ª,2029-02-15,,17.1769,,17.026,1.15,936.36940563,92.64,528.94,2026-09-17
CRA0240020B,CRA,VICUNHA II,RIZA SECURITIZADORA S.A.,2ª,2031-02-15,,,,,,,,,2026-09-17
CRA024002MH,CRA,JF CITRUS AGROPECUÁRIA S.A.,ECO SECURITIZADORA DE DIREITOS CREDITÓRIOS DO AGRONEGÓCIO S.A.,1ª,2029-03-15,,17.8605,,17.14,2.63,909.2985241,90.85,440.18,2026-09-17
CRA024002S2,CRA,Minerva VII,RIZA SECURITIZADORA S.A.,2ª,2029-03-15,,18.7068,,,0.3,877.21186772,87.64,552.66,2026-09-17
CRA024002S3,CRA,MINERVA S.A.,RIZA SECURITIZADORA S.A.,3ª,2031-03-17,,18.7587,,16.9971,0.32,817.87062164,81.71,876.25,2026-09-17
CRA0240066D,CRA,FS Florestal S.A.,ECO SECURITIZADORA DE DIREITOS CREDITÓRIOS DO AGRONEGÓCIO S.A.,1ª,2030-06-15,,17.7873,18.2206,17.2302,1.05,943.50254312,94.24,720.9,2026-09-17
CRA0240066G,CRA,BRF S.A.,ECO SECURITIZADORA DE DIREITOS CREDITÓRIOS DO AGRONEGÓCIO S.A.,2ª,2031-06-16,,17.1948,,16.6706,0.61,906.16008763,87.73,877.04,2026-09-17
CRA024007PT,CRA,Sorocaba Refrescos S.A,ECO SECURITIZADORA DE DIREITOS CREDITÓRIOS DO AGRONEGÓCIO S.A.,1ª,2031-08-15,,15.6593,15.9321,14.3456,0.23,916.8323619,90.75,862.31,2026-09-17
CRA024007Q3,CRA,SLC Maquinas,OPEA SECURITIZADORA S/A,1ª,2031-08-15,,16.5568,,16.1266,0.58,924.62822434,91.49,687.05,2026-09-17
CRA024009Q3,CRA,MARFRIG GLOBAL FOODS S.A.,ECO SECURITIZADORA DE DIREITOS CREDITÓRIOS DO AGRONEGÓCIO S.A.,2ª,2031-10-15,,17.4431,,16.448,0.95,928.1910593,88.01,892.56,2026-09-17
CRA02400AHY,CRA,REFRESCOS BANDEIRANTES INDÚSTRIA E COMÉRCIO LTDA.,RIZA SECURITIZADORA S.A.,1ª,2032-11-16,,17.1352,,,0.57,925.81766279,88.61,967.03,2026-09-17
CRA02400AYM,CRA,MINERVA S.A.,RIZA SECURITIZADORA S.A.,2ª,2029-11-16,,18.6893,,16.9271,0.33,948.67409836,90.63,629.4,2026-09-17
CRA02400AYP,CRA,MINERVA S.A.,RIZA SECURITIZADORA S.A.,5ª,2034-11-16,,18.1908,,16.75,1.88,918.97888832,87.65,1074.73,2026-09-17
CRA02500001,CRA,BOA SAFRA SEMENTES S.A.,OPEA SECURITIZADORA S/A,1ª,2030-01-15,,16.1033,,15.844,0.32,985.48210037,98.44,662.58,2026-09-17
CRA0250012X,CRA,FS FLORESTAL S.A.,ECO SECURITIZADORA DE DIREITOS CREDITÓRIOS DO AGRONEGÓCIO S.A.,1ª,2030-03-15,,18.2878,18.8958,17.9533,0.52,991.66950167,99.04,666.48,2026-09-17
CRA0250018I,CRA,Marfrig Global Foods S.A,ECO SECURITIZADORA DE DIREITOS CREDITÓRIOS DO AGRONEGÓCIO S.A.,2ª,2032-04-15,,17.4549,,16.6596,0.95,967.65210947,91.31,930.95,2026-09-17
CRA025002S3,CRA,MINERVA S.A,RIZA SECURITIZADORA S.A.,2ª,2030-04-15,,18.7995,,18.0419,0.35,991.25922246,93.17,668.95,2026-09-17
CRA025002S4,CRA,MINERVA S.A.,RIZA SECURITIZADORA S.A.,4ª,2032-04-15,,18.8916,,17.6828,0.32,963.35265979,90.55,904.97,2026-09-17
CRA0250040J,CRA,Natural One S.A,ECO SECURITIZADORA DE DIREITOS CREDITÓRIOS DO AGRONEGÓCIO S.A.,2ª,2029-06-15,,,,,,,,,2026-09-17
CRA025005EH,CRA,GDM GENÉTICA DO BRASIL S.A.,ECO SECURITIZADORA DE DIREITOS CREDITÓRIOS DO AGRONEGÓCIO S.A.,1ª,2032-07-15,,15.7385,16.3621,15.23,0.1,1005.26276203,98.03,966.12,2026-09-17
CRA025005V7,CRA,MINERVA S.A.,RIZA SECURITIZADORA S.A.,3ª,2033-07-15,,18.8121,,17.4315,0.3,883.59936969,86.23,1026.86,2026-09-17
CRA025005V8,CRA,MINERVA S.A,RIZA SECURITIZADORA S.A.,4ª,2035-07-16,,18.5811,,17.434,0.42,886.54428848,86.48,1143.84,2026-09-17
CRA0250066A,CRA,BRF S.A.,ECO SECURITIZADORA DE DIREITOS CREDITÓRIOS DO AGRONEGÓCIO S.A.,2ª,2032-07-15,,17.9949,,17.6924,0.58,891.4084135,87.08,997.02,2026-09-17
CRA025006NB,CRA,LAR COOPERATIVA AGROINDUSTRIAL,ECO SECURITIZADORA DE DIREITOS CREDITÓRIOS DO AGRONEGÓCIO S.A.,2ª,2032-08-16,,16.3007,16.618,15.8752,0.33,945.08427275,94.41,949.51,2026-09-17
CRA025007KE,CRA,Cereal Comércio Exportação e Representação Agropecuária S.A.,ECO SECURITIZADORA DE DIREITOS CREDITÓRIOS DO AGRONEGÓCIO S.A.,2ª,2032-09-15,,16.3768,,15.9835,0.41,938.17061702,93.72,988.21,2026-09-17
CRA025007KK,CRA,ELDORADO BRASIL CELULOSE S.A.,OPEA SECURITIZADORA S/A,1ª,2032-09-15,,,,,,,,,2026-09-17
CRA025008ND,CRA,São Salvador Alimentos S.A.,ECO SECURITIZADORA DE DIREITOS CREDITÓRIOS DO AGRONEGÓCIO S.A.,2ª,2033-10-15,,15.6553,16.1654,14.8962,0.18,999.66107376,94.49,1105.12,2026-09-17
CRA025009VO,CRA,EUCATEX INDÚSTRIA E COMÉRCIO LTDA,VERT COMPANHIA SECURITIZADORA,3ª,2032-11-16,,,,,,,,,2026-09-17
CRA02500A15,CRA,Açucareira Quatá S.A.,ECO SECURITIZADORA DE DIREITOS CREDITÓRIOS DO AGRONEGÓCIO S.A.,1ª,2032-11-15,,16.4498,,15.8415,0.41,983.0743447,93.81,960.12,2026-09-17
CRA02500AHU,CRA,C. Vale - Cooperativa Agroindustrial,ECO SECURITIZADORA DE DIREITOS CREDITÓRIOS DO AGRONEGÓCIO S.A.,2ª,2030-11-15,,15.4292,15.8867,14.966,0.38,1034.26926141,98.58,780.63,2026-09-17
CRA02500BVU,CRA,BRF S.A.,ECO SECURITIZADORA DE DIREITOS CREDITÓRIOS DO AGRONEGÓCIO S.A.,2ª,2032-12-15,,17.6684,,16.8175,0.94,891.5837072,86.19,1035.8,2026-09-17
CRA02500C1D,CRA,Alibem Alimentos S.A.,ECO SECURITIZADORA DE DIREITOS CREDITÓRIOS DO AGRONEGÓCIO S.A.,1ª,2030-12-18,,15.9965,16.7653,15.55,0.38,1014.67005232,97.92,509.5,2026-09-17
CRA026001JM,CRA,Lar Cooperativa Agroindustrial,ECO SECURITIZADORA DE DIREITOS CREDITÓRIOS DO AGRONEGÓCIO S.A.,2ª,2033-03-15,,16.4804,,16.0749,0.22,951.29108927,95.02,1006.22,2026-09-17
CRA026002BE,CRA,BRF S.A.,ECO SECURITIZADORA DE DIREITOS CREDITÓRIOS DO AGRONEGÓCIO S.A.,2ª,2033-04-15,,16.4827,17.5328,15.8016,0.59,964.09651489,91.81,1056.36,2026-09-17
25B0013406,CRI,Direcional,OPEA SECURITIZADORA S/A,1ª,2032-02-16,100% do DI,101.1311,,99.2,0.15,1004.97545598,99.41,992.72,2026-09-16
CRA019003V2,CRA,RAÍZEN ENERGIA S.A.,OPEA SECURITIZADORA S/A,1ª,2029-07-16,100% do DI,,,,,414.61964375,40.63,,2026-09-16
CRA024004H7,CRA,SÃO MARTINHO S.A.,RIZA SECURITIZADORA S.A.,3ª,2029-04-12,100% do DI,100.8228,102.84,98.8325,1.52,1056.29427596,99.77,533.28,2026-09-16
CRA0250018H,CRA,Marfrig Global Foods S.A,ECO SECURITIZADORA DE DIREITOS CREDITÓRIOS DO AGRONEGÓCIO S.A.,1ª,2030-04-15,100% do DI,110.487,115.2333,107.5833,2.08,1018.06385188,96.27,693.94,2026-09-16
CRA02500BVT,CRA,BRF S.A.,ECO SECURITIZADORA DE DIREITOS CREDITÓRIOS DO AGRONEGÓCIO S.A.,1ª,2030-06-17,100% do DI,113.5341,,107.995,4.64,1033.20171696,93.6,935.0,2026-09-16
24D2765715,CRI,CYRELA BRAZIL REALTY S.A.,COMPANHIA PROVÍNCIA DE SECURITIZAÇÃO,3ª,2031-04-15,101% do DI,99.078,101.2,96.9,0.24,1066.36975039,100.78,770.1,2026-09-16
CRA023007VD,CRA,ENGELHART CTP,OPEA SECURITIZADORA S/A,1ª,2028-07-05,101% do DI,96.4812,97.224,94.1033,1.74,1036.84145042,100.94,405.22,2026-09-16
25L2997442,CRI,Even Construtora e Incorporadora S/A,VERT COMPANHIA SECURITIZADORA,ª,2032-12-15,"101,5% do DI",,,,,,,,2026-09-16
CRA026002BD,CRA,BRF S.A.,ECO SECURITIZADORA DE DIREITOS CREDITÓRIOS DO AGRONEGÓCIO S.A.,1ª,2030-10-15,"101,5% do DI",113.2516,,107.14,4.65,986.4704471,93.92,1020.0,2026-09-16
24D3313768,CRI,CURY CONSTRUTORA E INCORPORADORA S.A.,TRUE SECURITIZADORA S/A,1ª,2027-05-31,102% do DI,98.3888,100.57,96.675,0.06,1045.21147746,100.3,165.04,2026-09-16
25G5109813,CRI,MRV,VERT COMPANHIA SECURITIZADORA,1ª,2030-07-15,102% do DI,,,,,,,,2026-09-16
CRA023003UX,CRA,ENGELHART CTP,OPEA SECURITIZADORA S/A,1ª,2027-03-15,102% do DI,94.466,96.072,92.472,2.38,1005.14210575,100.46,121.0,2026-09-16
CRA02500669,CRA,BRF S.A,ECO SECURITIZADORA DE DIREITOS CREDITÓRIOS DO AGRONEGÓCIO S.A.,1ª,2029-07-16,102% do DI,112.8714,113.85,106.7928,6.71,1122.2780392,96.09,706.0,2026-09-16
CRA025008HM,CRA,Cocal Comercio Industria Canaa Acucar e Alcool S.A.,VERT COMPANHIA SECURITIZADORA,1ª,2031-09-15,102% do DI,,,,,,,,2026-09-16
24F1277566,CRI,DIRECIONAL ENGENHARIA S.A.,OPEA SECURITIZADORA S/A,1ª,2029-07-16,103% do DI,99.935,101.015,97.465,0.8,1033.59974737,100.95,596.53,2026-09-16
CRA02300209,CRA,ENGELHART CTP,VERT COMPANHIA SECURITIZADORA,1ª,2027-01-15,103% do DI,94.3924,96.29,91.49,3.71,1027.50723025,100.36,82.0,2026-09-16
CRA0250073L,CRA,Mantiqueira Brasil,ECO SECURITIZADORA DE DIREITOS CREDITÓRIOS DO AGRONEGÓCIO S.A.,1ª,2030-08-15,"103,1% do DI",,,,,,,,2026-09-16
25G5313879,CRI,MOURA DUBEUX ENGENHARIA S.A.,VERT COMPANHIA SECURITIZADORA,1ª,2030-07-15,"103,75% do DI",105.6263,,,2.52,993.23972484,99.27,749.79,2026-09-16
CRA025008N8,CRA,3Tentos,OPEA SECURITIZADORA S/A,1ª,2030-10-15,"103,75% do DI",108.8184,115.8089,103.0,2.2,1038.54255936,98.0,763.86,2026-09-16
22J0346710,CRI,BANCO BTG PACTUAL S.A.,OPEA SECURITIZADORA S/A,1ª,2027-01-15,104% do DI,96.5,96.9,,0.5,1027.29207746,100.31,82.0,2026-09-16
CRA0240066A,CRA,CAMIL ALIMENTOS S.A.,ECO SECURITIZADORA DE DIREITOS CREDITÓRIOS DO AGRONEGÓCIO S.A.,1ª,2029-06-15,104% do DI,121.9634,,114.1033,9.89,982.77903111,94.82,569.77,2026-09-16
CRA025006SR,CRA,Boa Safra II,OPEA SECURITIZADORA S/A,1ª,2032-02-16,104% do DI,109.8266,,108.25,1.65,971.57835669,97.11,958.29,2026-09-16
CRA025007KD,CRA,CEREAL COMÉRCIO EXPORTAÇÃO E REPRESENTAÇÃO AGROPECUÁRIA S.A.,ECO SECURITIZADORA DE DIREITOS CREDITÓRIOS DO AGRONEGÓCIO S.A.,1ª,2030-09-16,104% do DI,,,,,,,,2026-09-16
CRA025002S1,CRA,MINERVA S.A.,RIZA SECURITIZADORA S.A.,1ª,2030-04-15,"104,5% do DI",127.338,,120.204,8.32,977.19585819,92.17,680.49,2026-09-16
CRA025005V5,CRA,MINERVA S.A.,RIZA SECURITIZADORA S.A.,1ª,2030-07-15,"104,5% do DI",126.0451,,123.3,8.37,941.63634123,91.94,743.71,2026-09-16
24D0006602,CRI,ALLOS S.A.,OPEA SECURITIZADORA S/A,2ª,2029-04-16,105% do DI,98.7666,101.3675,97.0233,1.35,1078.84103497,101.73,532.03,2026-09-16
25E0013305,CRI,JHSF IV,OPEA SECURITIZADORA S/A,2ª,2030-05-15,105% do DI,103.5233,,,0.48,1054.35645029,100.55,711.57,2026-09-16
CRA02300TSB,CRA,BANCO BTG PACTUAL S.A.,OPEA SECURITIZADORA S/A,1ª,2033-12-15,105% do DI,97.203,99.4233,94.6233,2.08,1087.21205518,104.86,1166.02,2026-09-16
CRA02400AYL,CRA,MINERVA S.A.,RIZA SECURITIZADORA S.A.,1ª,2029-11-16,105% do DI,123.856,,116.5085,5.8,985.53897648,93.99,629.72,2026-09-16
CRA025008C3,CRA,Neomille S.A.,ECO SECURITIZADORA DE DIREITOS CREDITÓRIOS DO AGRONEGÓCIO S.A.,3ª,2032-12-15,105% do DI,113.2885,117.1066,112.02,0.69,993.26831759,95.8,981.88,2026-09-16
CRA02500AC9,CRA,,ECO SECURITIZADORA DE DIREITOS CREDITÓRIOS DO AGRONEGÓCIO S.A.,1ª,2030-11-15,105% do DI,,,,,,,,2026-09-16
CRA02500AHT,CRA,C. Vale - Cooperativa Agroindustrial,ECO SECURITIZADORA DE DIREITOS CREDITÓRIOS DO AGRONEGÓCIO S.A.,1ª,2030-11-15,"105,5% do DI",,,,,,,,2026-09-16
CRA025005EI,CRA,GDM Genética do Brasil S.A.,ECO SECURITIZADORA DE DIREITOS CREDITÓRIOS DO AGRONEGÓCIO S.A.,2ª,2032-07-15,"105,75% do DI",108.1751,115.1705,101.3058,1.06,1011.87997,98.77,974.47,2026-09-16
23K0018802,CRI,MULTIPLAN EMPREENDIMENTOS IMOBILIÁRIOS S.A.,RIZA SECURITIZADORA S.A.,2ª,2031-01-15,106% do DI,98.7933,101.1633,96.93,0.05,1050.62881375,102.54,671.49,2026-09-16
CRA025006NA,CRA,Lar Cooperativa Agroindustrial,ECO SECURITIZADORA DE DIREITOS CREDITÓRIOS DO AGRONEGÓCIO S.A.,1ª,2030-08-15,106% do DI,111.5283,115.0433,108.6716,0.03,981.1567989,98.06,680.09,2026-09-16
23K0019201,CRI,DIRECIONAL ENGENHARIA S.A.,TRUE SECURITIZADORA S/A,2ª,2028-11-16,"106,5% do DI",98.75,,,0.25,1068.88365879,101.87,464.93,2026-09-16
CRA024004MP,CRA,SÃO SALVADOR ALIMENTOS S.A.,ECO SECURITIZADORA DE DIREITOS CREDITÓRIOS DO AGRONEGÓCIO S.A.,1ª,2030-04-15,"106,5% do DI",,,,,,,,2026-09-16
CRA026001JL,CRA,Lar Cooperativa Agroindustrial,ECO SECURITIZADORA DE DIREITOS CREDITÓRIOS DO AGRONEGÓCIO S.A.,1ª,2031-03-15,"106,5% do DI",112.61,,109.925,0.38,976.4223227,97.59,765.09,2026-09-16
25H0243072,CRI,BTSA,RIZA SECURITIZADORA S.A.,2ª,2032-08-16,107% do DI,110.9041,111.3933,107.575,2.7,984.8123899,98.43,777.52,2026-09-16
CRA02300NRL,CRA,BANCO BTG PACTUAL S.A.,OPEA SECURITIZADORA S/A,1ª,2033-11-16,107% do DI,98.5,99.9,95.1,0.5,1103.14994757,105.18,1138.59,2026-09-16
CRA025003UZ,CRA,COOXUPÉ - COOPERATIVA REGIONAL DE,VERT COMPANHIA SECURITIZADORA,2ª,2030-06-17,"107,5% do DI",110.0316,,108.3333,1.76,1028.92693907,99.15,648.65,2026-09-16
CRA02300CYQ,CRA,BANCO BTG PACTUAL S.A.,OPEA SECURITIZADORA S/A,1ª,2033-07-15,109% do DI,96.2127,98.06,92.8933,1.32,1105.26684989,107.81,1130.81,2026-09-16
CRA02300HWH,CRA,BANCO BTG PACTUAL S.A.,OPEA SECURITIZADORA S/A,1ª,2033-09-15,109% do DI,98.435,99.9,95.55,0.41,1067.07539709,106.65,1169.29,2026-09-16
24I1980390,CRI,MRV ENGENHARIA E PARTICIPAÇÕES S.A,OPEA SECURITIZADORA S/A,1ª,2029-10-15,110% do DI,130.1977,133.795,127.356,7.17,998.1027685,93.86,601.25,2026-09-16
25B3099731,CRI,IGUATEMI PPPH PARTICIPAÇÕES LTDA.,OPEA SECURITIZADORA S/A,1ª,2030-02-18,96% do DI,98.7288,101.41,96.0433,0.28,1000.33686879,99.0,710.73,2026-09-16
25D0012202,CRI,CYRELA BRAZIL REALTY S.A. EMPREENDIMENTOS,COMPANHIA PROVÍNCIA DE SECURITIZAÇÃO,1ª,2029-04-15,96% do DI,98.5322,,,0.41,1047.79100699,99.3,538.8,2026-09-16
25J4546988,CRI,CYRELA BRAZIL REALTY S.A. EMPREENDIMENTOS E,COMPANHIA PROVÍNCIA DE SECURITIZAÇÃO,1ª,2032-11-16,"96,5% do DI",99.6711,100.9166,97.375,0.28,1026.32440103,98.25,1056.09,2026-09-16
25D0012203,CRI,CYRELA BRAZIL REALTY S.A. EMPREENDIMENTOS E PARTICIPAÇÕES,COMPANHIA PROVÍNCIA DE SECURITIZAÇÃO,2ª,2030-04-15,97% do DI,99.3122,102.2266,97.575,0.14,1046.90962427,99.16,702.65,2026-09-16
26C3164285,CRI,Allos VI,OPEA SECURITIZADORA S/A,1ª,2031-03-12,97% do DI,98.6322,100.8733,,0.18,993.71536538,99.27,858.96,2026-09-16
26G0012801,CRI,Cury III,OPEA SECURITIZADORA S/A,1ª,2032-07-06,97% do DI,99.6755,,97.6333,0.69,1004.99487079,98.64,974.44,2026-09-16
CRA025003PD,CRA,SÃO MARTINHO S.A.,VERT COMPANHIA SECURITIZADORA,1ª,2032-06-15,97% do DI,103.5511,106.4266,100.4933,0.34,998.47237378,96.56,1012.38,2026-09-16
24H1684874,CRI,SOCIEDADE BENEFICENTE ISRAELITA BRASILEIRA HOSPITAL ALBERT EINSTEIN,RIZA SECURITIZADORA S.A.,1ª,2029-08-17,"97,5% do DI",97.4233,99.1666,95.4425,0.07,865.54065079,100.02,376.17,2026-09-16
24D2765586,CRI,CYRELA BRAZIL REALTY S.A.,COMPANHIA PROVÍNCIA DE SECURITIZAÇÃO,1ª,2028-04-15,98% do DI,98.0023,99.4333,96.66,0.58,704.26526434,100.0,243.41,2026-09-16
25G3629974,CRI,PLANO E PLANO II,RIZA SECURITIZADORA S.A.,1ª,2030-07-15,98% do DI,103.4114,104.8,101.7833,1.85,1000.91521959,97.87,762.14,2026-09-16
25I0014209,CRI,Multiplan,OPEA SECURITIZADORA S/A,1ª,2035-09-19,98% do DI,,,,,,,,2026-09-16
CRA024004H5,CRA,SÃO MARTINHO S.A.,RIZA SECURITIZADORA S.A.,1ª,2027-04-12,98% do DI,98.8325,101.7575,96.21,1.03,1056.9005558,99.95,132.33,2026-09-16
25G3629975,CRI,PLANO E PLANO II,RIZA SECURITIZADORA S.A.,2ª,2031-07-15,99% do DI,103.9497,,102.4,1.25,999.21254078,97.68,903.82,2026-09-16
24E1393588,CRI,MULTIPLAN EMPREENDIMENTOS IMOBILIÁRIOS S.A.,RIZA SECURITIZADORA S.A.,1ª,2029-05-17,"99,5% do DI",99.8082,101.7333,97.2666,0.0,1044.12028453,99.93,464.8,2026-09-16
CRA025008NB,CRA,Bem Brasil Alimentos S.A.,ECO SECURITIZADORA DE DIREITOS CREDITÓRIOS DO AGRONEGÓCIO S.A.,ª,2032-10-15,"DI + 0,33%",1.4787,2.0926,1.0,0.39,1017.20153481,96.05,886.7,2026-09-16
CRA024009Q2,CRA,MARFRIG GLOBAL FOODS S.A.,ECO SECURITIZADORA DE DIREITOS CREDITÓRIOS DO AGRONEGÓCIO S.A.,1ª,2031-10-15,"DI + 0,35%",2.687,2.8776,2.2901,0.6,976.14717508,92.17,882.96,2026-09-16
22D1289009,CRI,CYRELA BRAZIL REALTY S.A.,OPEA SECURITIZADORA S/A,489ª,2027-06-15,"DI + 0,4%",0.2853,0.5069,0.2051,0.1,1037.01166491,100.08,175.99,2026-09-16
CRA02400AYN,CRA,MINERVA S.A.,RIZA SECURITIZADORA S.A.,3ª,2031-11-17,"DI + 0,4%",3.5904,4.2501,3.4001,0.05,935.77098304,89.32,896.6,2026-09-16
CRA02500003,CRA,BOA SAFRA SEMENTES S.A.,OPEA SECURITIZADORA S/A,2ª,2030-01-15,"DI + 0,4%",1.5032,1.6269,1.2384,0.02,994.26003763,97.11,676.09,2026-09-16
CRA0250018J,CRA,MARFRIG GLOBAL FOODS S.A.,ECO SECURITIZADORA DE DIREITOS CREDITÓRIOS DO AGRONEGÓCIO S.A.,3ª,2035-04-16,"DI + 0,4%",2.8961,,2.3851,0.45,948.53435488,89.55,1109.11,2026-09-16
CRA025007PT,CRA,SLC AGRÍCOLA S.A.,OPEA SECURITIZADORA S/A,1ª,2033-09-22,"DI + 0,4%",1.1753,1.5121,0.8943,0.19,1034.72336977,96.86,1039.55,2026-09-16
CRA02300Q2Y,CRA,,RIZA SECURITIZADORA S.A.,3ª,2028-11-06,"DI + 0,48%",,,,,,,,2026-09-16
CRA025002S2,CRA,MINERVA S.A.,RIZA SECURITIZADORA S.A.,3ª,2032-04-15,"DI + 0,5%",3.4258,3.9469,3.0901,0.47,951.85895981,89.82,928.34,2026-09-16
23J0019601,CRI,Iguatemi,OPEA SECURITIZADORA S/A,1ª,2028-10-16,"DI + 0,55%",,,,,,,,2026-09-16
23K0018602,CRI,MULTIPLAN EMPREENDIMENTOS IMOBILIÁRIOS S.A.,RIZA SECURITIZADORA S.A.,1ª,2031-01-15,"DI + 0,6%",0.3888,0.6402,0.2569,0.02,1029.99981368,100.56,670.73,2026-09-16
24B0013201,CRI,SOMA,RIZA SECURITIZADORA S.A.,1ª,2028-02-15,"DI + 0,6%",,,,,,,,2026-09-16
23H1188857,CRI,RAIA DROGASIL S.A.,OPEA SECURITIZADORA S/A,2ª,2027-09-15,"DI + 0,65%",0.1491,0.4602,0.0935,0.05,1005.36192599,100.48,240.99,2026-09-16
CRA02300RS5,CRA,CAMIL ALIMENTOS S.A.,ECO SECURITIZADORA DE DIREITOS CREDITÓRIOS DO AGRONEGÓCIO S.A.,1ª,2028-11-16,"DI + 0,65%",3.2146,,2.2361,1.47,1001.05497065,95.48,462.55,2026-09-16
22C0023008,CRI,RAIA DROGASIL S.A.,OPEA SECURITIZADORA S/A,495ª,2027-03-08,"DI + 0,7%",0.1671,0.4369,0.0702,0.25,502.87340376,100.25,116.0,2026-09-16
23K0018401,CRI,DIRECIONAL ENGENHARIA S.A.,OPEA SECURITIZADORA S/A,1ª,2028-11-16,"DI + 0,7%",0.4004,,0.0261,0.15,1054.45535355,100.55,464.98,2026-09-16
CRA02300GCY,CRA,IPIRANGA PRODUTOS DE PETRÓLEO S.A.,VERT COMPANHIA SECURITIZADORA,2ª,2027-07-16,"DI + 0,7%",0.3995,,,0.18,1026.17686446,100.23,194.89,2026-09-16
CRA025005V6,CRA,MINERVA S.A.,RIZA SECURITIZADORA S.A.,2ª,2033-07-15,"DI + 0,7%",3.5434,,3.0581,0.5,912.08132406,89.04,1033.73,2026-09-16
22E1325261,CRI,HYPERA S.A.,OPEA SECURITIZADORA S/A,1ª,2027-08-16,"DI + 0,75%",0.5264,0.7285,0.3452,0.05,1013.52136401,100.2,219.96,2026-09-16
22F0230096,CRI,RAIA DROGASIL S.A.,OPEA SECURITIZADORA S/A,1ª,2029-06-26,"DI + 0,75%",0.2015,0.4935,0.1269,0.05,1042.89008668,101.07,488.56,2026-09-16
22K0934871,CRI,BCBF PARTICIPAÇÕES S.A.,RIZA SECURITIZADORA S.A.,1ª,2027-12-15,"DI + 0,75%",13.8736,,9.473,1.51,902.71249899,87.04,284.44,2026-09-16
22I0970801,CRI,NATURA COSMÉTICOS S.A.,RIZA SECURITIZADORA S.A.,1ª,2027-09-15,"DI + 0,8%",0.3831,0.5569,0.2069,0.03,1004.53167516,100.4,240.9,2026-09-16
22J0305579,CRI,DIAGNÓSTICOS DA AMÉRICA S.A.,VERT COMPANHIA SECURITIZADORA,1ª,2027-10-15,"DI + 0,8%",3.8283,6.215,3.0135,0.98,1030.96770062,97.16,244.97,2026-09-16
CRA02300JG2,CRA,JBS S.A.,RIZA SECURITIZADORA S.A.,2ª,2028-09-15,"DI + 0,8%",0.4464,1.1376,-0.229,0.01,1006.93538375,100.64,453.93,2026-09-16
CRA02300NRM,CRA,BANCO BTG PACTUAL S.A.,OPEA SECURITIZADORA S/A,2ª,2033-11-16,"DI + 0,8%",0.026,,,0.46,1085.29247311,103.52,1136.76,2026-09-16
CRA0240066F,CRA,BRF S.A.,ECO SECURITIZADORA DE DIREITOS CREDITÓRIOS DO AGRONEGÓCIO S.A.,1ª,2029-06-15,"DI + 0,8%",2.3458,2.4502,2.0,0.28,1002.11796333,96.62,569.08,2026-09-16
22E1315701,CRI,EVEN CONSTRUTORA E INCORPORADORA S.A.,OPEA SECURITIZADORA S/A,1ª,2028-09-18,"DI + 0,9%",1.0009,1.0669,0.7002,0.05,959.10715901,99.91,238.6,2026-09-16
23J1142031,CRI,YDUQS PARTICIPAÇÕES S.A.,OPEA SECURITIZADORA S/A,2ª,2028-10-13,"DI + 0,9%",0.907,1.1002,0.6501,0.06,1061.4403649,99.99,343.63,2026-09-16
CRA022008NC,CRA,SOROCABA REFRESCOS S.A.,ECO SECURITIZADORA DE DIREITOS CREDITÓRIOS DO AGRONEGÓCIO S.A.,1ª,2029-08-15,"DI + 0,9%",1.2023,2.1,0.3881,0.22,754.97252141,99.5,421.54,2026-09-16
CRA023000GP,CRA,"VAMOS LOCAÇÃO DE CAMINHÕES, MÁQUINAS E EQUIPAMENTOS S.A.",ECO SECURITIZADORA DE DIREITOS CREDITÓRIOS DO AGRONEGÓCIO S.A.,1ª,2028-01-17,"DI + 0,9%",4.0169,4.8667,3.1042,0.0,987.20375576,96.34,308.9,2026-09-16
CRA024007K9,CRA,COOXUPÉ - COOPERATIVA REGIONAL DE CAFEICULTORES EM GUAXUPÉ LTDA.,VERT COMPANHIA SECURITIZADORA,1ª,2029-07-16,"DI + 0,9%",1.5066,2.0859,0.8359,0.06,1012.61391289,98.82,500.45,2026-09-16
22F0315398,CRI,LOCALIZA RENT A CAR S.A.,RIZA SECURITIZADORA S.A.,1ª,2027-06-07,"DI + 0,95%",0.4828,0.6202,0.2535,0.17,1044.43017653,100.31,169.67,2026-09-16
CRA024002MJ,CRA,MARFRIG GLOBAL FOODS S.A.,ECO SECURITIZADORA DE DIREITOS CREDITÓRIOS DO AGRONEGÓCIO S.A.,1ª,2029-03-15,"DI + 0,95%",2.8147,,2.4526,0.57,961.79175075,96.13,543.3,2026-09-16
23H0027402,CRI,REDE D'OR SÃO LUIZ S.A.,OPEA SECURITIZADORA S/A,1ª,2028-08-15,DI + 1%,0.2677,0.3602,-0.0064,0.05,1024.43354099,101.25,431.83,2026-09-16
CRA022006HJ,CRA,SÃO SALVADOR ALIMENTOS S.A.,ECO SECURITIZADORA DE DIREITOS CREDITÓRIOS DO AGRONEGÓCIO S.A.,1ª,2027-07-15,DI + 1%,1.1432,1.8801,0.3401,0.28,1023.80841562,99.89,197.69,2026-09-16
CRA022008C9,CRA,COMPANHIA DE LOCAÇÃO DAS AMÉRICAS,ECO SECURITIZADORA DE DIREITOS CREDITÓRIOS DO AGRONEGÓCIO S.A.,2ª,2028-09-15,DI + 1%,0.7848,1.2429,0.5358,0.19,1004.41302138,100.39,453.24,2026-09-16
CRA022008CB,CRA,JALLES MACHADO S.A.,ECO SECURITIZADORA DE DIREITOS CREDITÓRIOS DO AGRONEGÓCIO S.A.,1ª,2032-08-09,DI + 1%,1.4073,1.8602,1.2384,0.17,988.30685875,98.5,944.06,2026-09-16
23H1191899,CRI,RAIA DROGASIL S.A.,OPEA SECURITIZADORA S/A,3ª,2030-09-16,"DI + 1,1%",0.4114,0.6101,0.2601,0.17,1020.16363032,101.96,715.14,2026-09-16
CRA024002S1,CRA,MINERVA S.A.,RIZA SECURITIZADORA S.A.,1ª,2029-03-15,"DI + 1,1%",2.8821,,1.8639,1.18,963.58067004,96.3,542.61,2026-09-16
CRA02400AHV,CRA,CEREAL COMÉRCIO EXPORTAÇÃO E REPRESENTAÇÃO AGROPECUÁRIA S.A.,RIZA SECURITIZADORA S.A.,1ª,2029-11-16,"DI + 1,1%",1.6178,2.1876,0.9709,0.06,1036.80291672,98.73,627.8,2026-09-16
23F2455020,CRI,Assai,TRUE SECURITIZADORA S/A,3ª,2028-07-15,"DI + 1,15%",,,,,,,,2026-09-16
CRA023000MC,CRA,"VAMOS LOCAÇÃO DE CAMINHÕES, MÁQUINAS E EQUIPAMENTOS S.A.",ECO SECURITIZADORA DE DIREITOS CREDITÓRIOS DO AGRONEGÓCIO S.A.,2ª,2030-01-15,"DI + 1,2%",4.5926,5.1017,4.0,0.21,1456.54674923,89.71,830.0,2026-09-16
CRA024001P7,CRA,JSL S.A.,ECO SECURITIZADORA DE DIREITOS CREDITÓRIOS DO AGRONEGÓCIO S.A.,3ª,2031-02-17,"DI + 1,2%",4.8794,5.4681,4.025,0.18,918.89532882,90.81,674.15,2026-09-16
CRA024007Q4,CRA,SLC MÁQUINAS LTDA.,OPEA SECURITIZADORA S/A,2ª,2031-08-15,"DI + 1,2%",1.3102,1.9729,0.7015,0.21,1008.96771054,99.71,679.38,2026-09-16
23C0247388,CRI,LOCALIZA RENT A CAR S.A.,RIZA SECURITIZADORA S.A.,1ª,2028-03-10,"DI + 1,25%",0.6004,0.6769,,0.01,1011.17361616,100.89,346.5,2026-09-16
23G0009601,CRI,DIMED S.A.,OPEA SECURITIZADORA S/A,1ª,2028-07-27,"DI + 1,3%",0.3249,,0.0141,0.03,823.79058337,101.0,258.54,2026-09-16
23C0247702,CRI,LOCALIZA RENT A CAR S.A.,RIZA SECURITIZADORA S.A.,2ª,2030-03-11,"DI + 1,4%",0.5239,,,0.2,1027.03600401,102.47,709.39,2026-09-16
CRA022008NF,CRA,IRANI PAPEL E EMBALAGEM S.A.,ECO SECURITIZADORA DE DIREITOS CREDITÓRIOS DO AGRONEGÓCIO S.A.,1ª,2027-08-16,"DI + 1,4%",1.0515,1.7186,0.7161,0.25,1015.14084893,100.3,219.59,2026-09-16
CRA023002GX,CRA,INTEGRADA COOPERATIVA AGROINDUSTRIAL,ECO SECURITIZADORA DE DIREITOS CREDITÓRIOS DO AGRONEGÓCIO S.A.,1ª,2028-05-15,"DI + 1,4%",1.45,2.875,0.6261,0.0,420.23989002,99.95,272.44,2026-09-16
23J1127308,CRI,MOVIDA PARTICIPAÇÕES S.A.,OPEA SECURITIZADORA S/A,1ª,2028-10-16,"DI + 1,45%",4.5811,,,0.17,1009.16679103,94.85,436.89,2026-09-16
22C1235206,CRI,HAVAN S.A.,OPEA SECURITIZADORA S/A,463ª,2027-04-27,"DI + 1,5%",0.7889,0.9085,0.5419,0.08,1012.14997451,100.4,143.54,2026-09-16
23I1257218,CRI,JSL S.A.,OPEA SECURITIZADORA S/A,2ª,2030-09-16,"DI + 1,5%",4.6891,,,1.8,909.06082774,90.85,775.52,2026-09-16
CRA0220080Y,CRA,NEOMILLE S.A.,ECO SECURITIZADORA DE DIREITOS CREDITÓRIOS DO AGRONEGÓCIO S.A.,1ª,2028-04-03,"DI + 1,5%",1.7514,2.5967,0.8967,0.0,427.19221598,99.76,242.9,2026-09-16
CRA02300G7E,CRA,MARFRIG GLOBAL FOODS S.A.,ECO SECURITIZADORA DE DIREITOS CREDITÓRIOS DO AGRONEGÓCIO S.A.,2ª,2028-08-15,"DI + 1,5%",2.4682,3.1002,2.0501,0.32,995.91845656,98.4,429.46,2026-09-16
CRA02300MJ9,CRA,MINERVA S.A.,RIZA SECURITIZADORA S.A.,1ª,2028-09-15,"DI + 1,5%",2.5415,2.6751,1.1,0.61,982.47102946,98.19,451.06,2026-09-16
CRA024003UY,CRA,LAR COOPERATIVA AGROINDUSTRIAL,ECO SECURITIZADORA DE DIREITOS CREDITÓRIOS DO AGRONEGÓCIO S.A.,2ª,2029-04-16,"DI + 1,55%",1.6755,1.8964,1.1714,0.05,998.39642728,99.78,448.48,2026-09-16
CRA0240020A,CRA,VICUNHA TÊXTIL S.A.,RIZA SECURITIZADORA S.A.,1ª,2029-02-15,"DI + 1,6%",3.0532,3.9185,1.5911,0.25,982.97072852,97.11,520.42,2026-09-16
CRA0240099E,CRA,VALE DO TIJUCO AÇÚCAR E ÁLCOOL S.A.,ECO SECURITIZADORA DE DIREITOS CREDITÓRIOS DO AGRONEGÓCIO S.A.,1ª,2034-10-16,"DI + 1,6%",2.2716,,2.2021,0.1,1038.10597639,97.51,959.27,2026-09-16
CRA025009KJ,CRA,Salton,OPEA SECURITIZADORA S/A,1ª,2031-12-09,"DI + 1,6%",,,,,,,,2026-09-16
24A2720884,CRI,DIAGNÓSTICAS DA AMÉRICA S.A.,VERT COMPANHIA SECURITIZADORA,1ª,2029-01-15,"DI + 1,63%",4.5087,6.1984,3.065,0.97,970.88330485,94.62,497.32,2026-09-16
22L1465644,CRI,ÂNIMA HOLDING S.A.,RIZA SECURITIZADORA S.A.,1ª,2027-12-15,"DI + 1,65%",2.1927,2.4601,1.55,0.34,994.56849443,99.4,286.36,2026-09-16
CRA0230073L,CRA,J. MACÊDO S.A.,RIZA SECURITIZADORA S.A.,1ª,2028-04-17,"DI + 1,65%",0.7843,1.4,0.5602,0.08,803.24568522,100.65,190.74,2026-09-16
22J0000801,CRI,TRISUL S.A.,TRUE SECURITIZADORA S/A,1ª,2027-12-15,"DI + 1,7%",,,,,,,,2026-09-16
23F0012002,CRI,LOG COMMERCIAL PROPERTIES E PARTICIPAÇÕES S.A.,OPEA SECURITIZADORA S/A,1ª,2028-06-26,"DI + 1,7%",1.1271,,0.7526,0.08,693.79913715,100.64,282.97,2026-09-16
23L2043099,CRI,Unidas,OPEA SECURITIZADORA S/A,1ª,2028-12-15,"DI + 1,7%",,,,,,,,2026-09-16
CRA02300VBT,CRA,UNIDAS LOCAÇÕES E SERVIÇOS S.A.,OPEA SECURITIZADORA S/A,1ª,2028-12-15,"DI + 1,7%",1.3473,1.9384,0.4717,0.19,1046.58444559,100.67,480.2,2026-09-16
CRA022008NH,CRA,IRANI PAPEL E EMBALAGEM S.A.,ECO SECURITIZADORA DE DIREITOS CREDITÓRIOS DO AGRONEGÓCIO S.A.,2ª,2029-08-15,"DI + 1,75%",0.9913,1.5601,0.5601,0.07,1028.12733244,101.56,519.86,2026-09-16
CRA0230012X,CRA,VALE DO PONTAL AÇÚCAR E ETANOL S.A.,ECO SECURITIZADORA DE DIREITOS CREDITÓRIOS DO AGRONEGÓCIO S.A.,1ª,2031-02-17,"DI + 1,8%",2.309,2.8369,2.2151,0.16,997.31014855,98.51,758.78,2026-09-16
CRA0240005N,CRA,CEREAL COMÉRCIO EXPORTAÇÃO E REPRESENTAÇÃO AGROPECUÁRIA S.A.,RIZA SECURITIZADORA S.A.,1ª,2029-01-15,"DI + 1,8%",1.6398,2.2826,0.7992,0.34,1028.28405389,100.19,296.64,2026-09-16
24K0003002,CRI,PATRIMAR ENGENHARIA S.A.,RIZA SECURITIZADORA S.A.,1ª,2029-11-23,"DI + 1,95%",3.3795,4.2135,,0.23,1018.85979916,97.04,542.51,2026-09-16
CRA02300Q8I,CRA,CAPAL COOPERATIVA AGROINDUSTRIAL,OPEA SECURITIZADORA S/A,1ª,2029-05-17,"DI + 1,95%",1.606,2.3134,0.9717,0.17,609.72147005,100.48,357.98,2026-09-16
23H1023846,CRI,BR PROPERTIES S.A.,OPEA SECURITIZADORA S/A,1ª,2031-08-15,DI + 2%,1.3375,1.5139,1.101,0.13,950.93210346,101.8,692.36,2026-09-16
23J1333602,CRI,PATRIMAR ENGENHARIA S.A.,RIZA SECURITIZADORA S.A.,1ª,2028-10-20,DI + 2%,,,,,,,,2026-09-16
CRA022001P6,CRA,USINA BATATAIS S.A.,RIZA SECURITIZADORA S.A.,1ª,2028-04-20,DI + 2%,1.34,2.0641,0.4841,0.01,1019.45541233,100.92,354.62,2026-09-16
CRA022008C2,CRA,VICUNHA TÊXTIL S.A.,RIZA SECURITIZADORA S.A.,2ª,2027-08-16,DI + 2%,3.2421,3.8089,2.3392,0.64,501.00166945,98.96,219.19,2026-09-16
CRA02300S8P,CRA,FS INDÚSTRIA DE BIOCOMBUSTÍVEIS LTDA.,ECO SECURITIZADORA DE DIREITOS CREDITÓRIOS DO AGRONEGÓCIO S.A.,2ª,2030-06-17,DI + 2%,3.6593,4.4901,3.3026,0.38,955.62989788,95.51,715.33,2026-09-16
CRA024000B7,CRA,FS INDÚSTRIA DE BIOCOMBUSTÍVEIS LTDA.,ECO SECURITIZADORA DE DIREITOS CREDITÓRIOS DO AGRONEGÓCIO S.A.,2ª,2030-07-15,DI + 2%,3.9329,4.5521,3.4517,0.33,947.75889288,94.72,724.82,2026-09-16
23D0005401,CRI,ORIGINAL HOLDING S.A,OPEA SECURITIZADORA S/A,1ª,2028-04-15,"DI + 2,05%",,,,,,,,2026-09-16
CRA02300BQD,CRA,GJA INDÚSTRIAS S.A.,RIZA SECURITIZADORA S.A.,1ª,2029-07-16,"DI + 2,25%",5.2003,,5.0,0.26,583.19674948,97.14,255.14,2026-09-16
CRA025000MJ,CRA,Integrada Cooperativa Agroindustrial,ECO SECURITIZADORA DE DIREITOS CREDITÓRIOS DO AGRONEGÓCIO S.A.,2ª,2029-05-15,"DI + 2,35%",2.2507,2.8061,1.4,0.01,791.95435697,100.14,352.09,2026-09-16
22L1212138,CRI,LAR COOPERATIVA AGROINDUSTRIAL,HABITASEC SECURITIZADORA S.A.,2ª,2034-12-19,"DI + 2,45%",2.394,2.9541,1.925,0.51,911.9583277,100.16,709.19,2026-09-16
CRA02300KZL,CRA,FLORA PRODUTOS DE HIGIENE E LIMPEZA S.A.,OPEA SECURITIZADORA S/A,1ª,2029-10-15,"DI + 2,5%",1.5985,2.2661,0.675,0.38,787.57522646,101.2,339.65,2026-09-16
CRA024005K1,CRA,Natural One S.A.,ECO SECURITIZADORA DE DIREITOS CREDITÓRIOS DO AGRONEGÓCIO S.A.,1ª,2029-05-25,"DI + 2,5%",,,,,,,,2026-09-16
CRA02300795,CRA,FS INDÚSTRIA DE BIOCOMBUSTÍVEIS LTDA.,ECO SECURITIZADORA DE DIREITOS CREDITÓRIOS DO AGRONEGÓCIO S.A.,1ª,2029-10-15,"DI + 2,9%",3.8747,4.1058,3.25,0.38,977.97439574,97.74,611.51,2026-09-16
CRA02300CCH,CRA,FS INDÚSTRIA DE BIOCOMBUSTÍVEIS LTDA.,ECO SECURITIZADORA DE DIREITOS CREDITÓRIOS DO AGRONEGÓCIO S.A.,1ª,2029-12-17,"DI + 2,9%",4.015,4.2829,3.2642,0.07,973.71801608,97.31,636.44,2026-09-16
CRA0250040I,CRA,Natural One S.A,ECO SECURITIZADORA DE DIREITOS CREDITÓRIOS DO AGRONEGÓCIO S.A.,1ª,2029-06-15,"DI + 2,9%",4.5837,,3.5,1.92,1018.11882008,97.63,371.94,2026-09-16
CRA0220099D,CRA,CENTRAL CRESOL BASER,ECO SECURITIZADORA DE DIREITOS CREDITÓRIOS DO AGRONEGÓCIO S.A.,1ª,2027-12-15,"DI + 2,95%",1.1358,1.96,0.4534,0.04,351.92094107,101.23,173.13,2026-09-16
CRA023003JX,CRA,OLFAR S.A.,RIZA SECURITIZADORA S.A.,1ª,2029-03-15,DI + 3%,2.1122,3.2301,1.3467,0.11,722.83831971,101.13,328.13,2026-09-16
CRA0240086H,CRA,DISTRIBUIDORA DE PRODUTOS DE PETRÓLEO CHARRUA LTDA.,OPEA SECURITIZADORA S/A,1ª,2029-08-23,DI + 3%,2.8002,3.6239,1.9191,0.29,1014.18116989,100.39,509.86,2026-09-16
CRA0250012Y,CRA,FS FLORESTAL S.A.,ECO SECURITIZADORA DE DIREITOS CREDITÓRIOS DO AGRONEGÓCIO S.A.,2ª,2031-03-17,DI + 3%,3.4051,3.6502,3.2301,0.16,988.15702776,98.75,805.42,2026-09-16
23F0012602,CRI,FARMACIA E DROGARIA NISSEI S.A.,OPEA SECURITIZADORA S/A,1ª,2028-06-22,"DI + 3,5%",,,,,,,,2026-09-16
CRA022000RU,CRA,MADERO INDÚSTRIA E COMÉRCIO S.A.,ECO SECURITIZADORA DE DIREITOS CREDITÓRIOS DO AGRONEGÓCIO S.A.,2ª,2027-03-15,"DI + 3,5%",3.667,4.0752,,0.46,139.56589146,99.96,69.45,2026-09-16
CRA024002MM,CRA,USINA SANTA FÉ S.A.,ECO SECURITIZADORA DE DIREITOS CREDITÓRIOS DO AGRONEGÓCIO S.A.,1ª,2029-12-17,DI + 4%,3.076,4.2581,1.125,0.84,887.1629834,101.32,371.69,2026-09-16
CRA02400ECU,CRA,USINA CORURIPE AÇÚCAR E ÁLCOOL S.A.,ECO SECURITIZADORA DE DIREITOS CREDITÓRIOS DO AGRONEGÓCIO S.A.,5ª,2030-11-25,"DI + 4,1%",4.6091,5.0219,4.5885,0.45,4953.61992115,99.16,435.96,2026-09-16
CRA023001JL,CRA,PISANI PLÁSTICOS S.A.,ECO SECURITIZADORA DE DIREITOS CREDITÓRIOS DO AGRONEGÓCIO S.A.,1ª,2029-02-20,DI + 5%,4.0502,4.5835,3.2835,0.23,568.08486585,100.96,264.46,2026-09-16
CRA02300KOH,CRA,TECSOIL AUTOMAÇÃO E SISTEMAS S.A.,OPEA SECURITIZADORA S/A,1ª,2028-10-16,"DI + 5,5%",3.0106,4.0413,1.9125,0.14,710.99983174,102.31,241.99,2026-09-16
CRA02300JR6,CRA,RAÍZEN ENERGIA S.A.,TRUE SECURITIZADORA S/A,2ª,2033-10-17,IPCA + 0%,,,,,482.77003641,42.45,,2026-09-16
CRA019003JY,CRA,KLABIN S.A.,VERT COMPANHIA SECURITIZADORA,1ª,2029-06-15,"IPCA + 3,5%",7.222,7.5476,6.6737,0.23,1392.24050276,94.27,418.34,2026-09-16
CRA019003V3,CRA,RAÍZEN ENERGIA S.A.,OPEA SECURITIZADORA S/A,2ª,2029-07-16,"IPCA + 3,602%",,,,,713.86304113,48.73,,2026-09-16
CRA021000MG,CRA,M. DIAS BRANCO S.A. INDÚSTRIA E COMÉRCIO DE ALIMENTOS,RIZA SECURITIZADORA S.A.,1ª,2028-03-15,"IPCA + 3,7992%",7.7972,8.1729,7.6412,0.01,1296.58641081,94.64,366.96,2026-09-16
CRA021000MH,CRA,M. DIAS BRANCO S.A. INDÚSTRIA E COMÉRCIO DE ALIMENTOS,RIZA SECURITIZADORA S.A.,2ª,2031-03-15,"IPCA + 4,1369%",8.2402,8.6169,8.0591,0.1,1209.20772422,88.26,809.23,2026-09-16
CRA02100002,CRA,COCAL COMÉRCIO INDÚSTRIA CANAÃ AÇÚCAR E ÁLCOOL LTDA.,RIZA SECURITIZADORA S.A.,2ª,2028-02-15,"IPCA + 4,2095%",8.6669,9.0531,7.369,0.25,611.19582331,96.86,190.93,2026-09-16
CRA021000MB,CRA,COLOMBO AGROINDÚSTRIA S.A.,ECO SECURITIZADORA DE DIREITOS CREDITÓRIOS DO AGRONEGÓCIO S.A.,1ª,2027-03-15,"IPCA + 4,4474%",8.2039,9.0874,7.3796,0.12,665.16865232,98.32,121.0,2026-09-16
CRA021001PQ,CRA,MARFRIG GLOBAL FOODS S.A.,OPEA SECURITIZADORA S/A,1ª,2028-07-15,"IPCA + 4,5%",12.056,,11.671,0.31,1171.35978598,88.49,440.62,2026-09-16
CRA019001E7,CRA,KLABIN S.A.,VERT COMPANHIA SECURITIZADORA,2ª,2029-03-15,"IPCA + 4,5081%",7.23,7.5662,6.9543,0.14,1450.74221282,96.43,353.98,2026-09-16
CRA021001VA,CRA,MARFRIG GLOBAL FOODS S.A.,OPEA SECURITIZADORA S/A,2ª,2031-07-15,"IPCA + 4,6%",11.6989,,10.7661,0.92,1055.89486185,79.76,857.83,2026-09-16
21G0065100,CRI,ALIANSCE SONAE SHOPPING CENTERS S.A.,RB CAPITAL INVESTIMENTOS DTVM LTDA,347ª,2028-07-17,"IPCA + 4,6197%",8.0265,8.2236,7.8737,0.2,1257.37632387,94.56,439.81,2026-09-16
CRA0210013B,CRA,BRF S.A.,VERT COMPANHIA SECURITIZADORA,1ª,2031-05-15,"IPCA + 4,7843%",11.7619,11.8251,10.8464,1.0,1041.83780134,76.82,1018.8,2026-09-16
CRA021001KB,CRA,COMPANHIA DE LOCAÇÃO DAS AMÉRICAS,ECO SECURITIZADORA DE DIREITOS CREDITÓRIOS DO AGRONEGÓCIO S.A.,1ª,2031-07-15,"IPCA + 4,825%",7.8906,8.6391,7.2716,0.2,1204.64931472,90.53,865.74,2026-09-16
CRA021002SO,CRA,IPIRANGA PRODUTOS DE PETRÓLEO S.A.,VERT COMPANHIA SECURITIZADORA,1ª,2028-09-15,"IPCA + 4,8287%",8.1492,8.6734,7.6522,0.09,1223.48029482,94.19,483.19,2026-09-16
21D0737500,CRI,DIRECIONAL ENGENHARIA S.A.,OPEA SECURITIZADORA S/A,371ª,2028-04-17,"IPCA + 4,8444%",7.478,7.5558,7.234,0.03,873.6253326,97.46,260.23,2026-09-16
21D0862572,CRI,REDE D'OR SÃO LUIZ S.A.,OPEA SECURITIZADORA S/A,324ª,2036-05-15,"IPCA + 4,9347%",8.3296,8.584,8.0004,0.18,1096.00972135,80.33,1701.72,2026-09-16
21H1078699,CRI,SENDAS DISTRIBUIDORA S.A.,OPEA SECURITIZADORA S/A,428ª,2028-10-16,"IPCA + 5,1531%",10.5285,10.8519,10.2714,0.54,1185.61320182,90.77,488.63,2026-09-16
21H1078700,CRI,SENDAS DISTRIBUIDORA S.A.,OPEA SECURITIZADORA S/A,429ª,2031-10-15,"IPCA + 5,2662%",11.5241,11.8012,10.9426,0.44,1063.74299592,81.4,886.27,2026-09-16
CRA021000SC,CRA,COPERSUCAR S.A.,RIZA SECURITIZADORA S.A.,1ª,2028-05-15,"IPCA + 5,2893%",,,,,,,,2026-09-16
CRA020002GZ,CRA,BRF S.A.,VERT COMPANHIA SECURITIZADORA,1ª,2027-07-15,"IPCA + 5,3%",10.0325,10.5457,8.3349,0.42,1395.9874192,96.52,202.77,2026-09-16
21D0694886,CRI,CONSTRUTORA TENDA S.A.,OPEA SECURITIZADORA S/A,378ª,2028-04-17,"IPCA + 5,3621%",8.7509,8.8039,8.4231,0.07,886.96324481,96.82,256.29,2026-09-16
CRA021002NF,CRA,PETROBRAS DISTRIBUIDORA S.A.,RIZA SECURITIZADORA S.A.,1ª,2031-09-15,"IPCA + 5,3995%",8.9996,9.2143,8.5554,0.14,1157.61626998,88.49,912.27,2026-09-16
CRA020001P7,CRA,RAÍZEN ENERGIA S.A.,OPEA SECURITIZADORA S/A,1ª,2027-06-15,"IPCA + 5,4%",,,,,587.75237393,41.31,,2026-09-16
CRA021000RX,CRA,MINERVA S.A.,RIZA SECURITIZADORA S.A.,1ª,2028-04-17,"IPCA + 5,5034%",12.3493,,10.9757,1.11,1252.79664627,91.05,375.13,2026-09-16
21I0278118,CRI,LOG COMMERCIAL PROPERTIES E PARTICIPAÇÕES S.A.,RIZA SECURITIZADORA S.A.,362ª,2028-09-15,"IPCA + 5,5212%",9.7986,10.2716,9.3225,0.66,618.26349595,94.45,360.94,2026-09-16
21K0001806,CRI,REDE D'OR SÃO LUIZ S.A.,OPEA SECURITIZADORA S/A,396ª,2031-12-15,"IPCA + 5,5758%",8.1526,8.4308,7.9739,0.1,1169.16830548,91.39,935.6,2026-09-16
CRA021000RY,CRA,MINERVA S.A.,RIZA SECURITIZADORA S.A.,39ª,2031-04-15,"IPCA + 5,578%",11.0379,11.455,10.5749,0.5,1174.47027709,85.33,784.41,2026-09-16
CRA020002H1,CRA,BRF S.A.,VERT COMPANHIA SECURITIZADORA,2ª,2030-07-15,"IPCA + 5,6%",12.2345,,10.8126,1.07,1237.35731229,85.51,640.55,2026-09-16
CRA022002Y1,CRA,NORSA REFRIGERANTES S.A.,RIZA SECURITIZADORA S.A.,1ª,2027-03-15,"IPCA + 5,685%",7.4191,,6.8741,0.3,599.53820016,99.22,121.0,2026-09-16
CRA020003PY,CRA,"VAMOS LOCAÇÃO DE CAMINHÕES, MÁQUINAS E EQUIPAMENTOS S.A.",ECO SECURITIZADORA DE DIREITOS CREDITÓRIOS DO AGRONEGÓCIO S.A.,1ª,2030-11-18,"IPCA + 5,7315%",11.6015,12.8379,,1.35,1224.25831348,85.84,704.58,2026-09-16
21K0001812,CRI,ULTRA SOM SERVIÇOS MÉDICOS S.A.,RIZA SECURITIZADORA S.A.,378ª,2031-12-15,"IPCA + 5,7505%",20.0488,22.9957,17.1938,0.38,765.07820187,60.07,980.69,2026-09-16
CRA021002YA,CRA,CARAMURU ALIMENTOS S.A.,ECO SECURITIZADORA DE DIREITOS CREDITÓRIOS DO AGRONEGÓCIO S.A.,1ª,2027-09-15,"IPCA + 5,7641%",9.7953,10.8269,8.2969,0.04,246.223671,96.42,245.51,2026-09-16
CRA020001P8,CRA,RAÍZEN ENERGIA S.A.,TRUE SECURITIZADORA S/A,2ª,2030-06-17,"IPCA + 5,8%",,,,,617.27117521,43.34,,2026-09-16
22D1289007,CRI,REDE D'OR SÃO LUIZ S.A.,OPEA SECURITIZADORA S/A,508ª,2029-06-15,"IPCA + 5,83%",7.893,8.106,7.6329,0.16,1150.45556456,95.26,633.17,2026-09-16
22D1289010,CRI,CYRELA BRAZIL REALTY S.A.,OPEA SECURITIZADORA S/A,490ª,2027-06-15,"IPCA + 5,9068%",6.7444,6.9903,6.4828,0.19,1222.12082971,99.44,180.48,2026-09-16
CRA022002Y2,CRA,NORSA REFRIGERANTES S.A.,RIZA SECURITIZADORA S.A.,2ª,2029-03-15,"IPCA + 5,9169%",8.4895,8.5184,8.0136,0.35,1155.05866855,95.58,473.95,2026-09-16
CRA022006N5,CRA,IPIRANGA PRODUTOS DE PETRÓLEO S.A.,VERT COMPANHIA SECURITIZADORA,1ª,2032-06-15,"IPCA + 6,0053%",8.3727,8.9973,7.9271,0.28,1102.42975421,91.39,1021.05,2026-09-16
22D1289008,CRI,REDE D'OR SÃO LUIZ S.A.,OPEA SECURITIZADORA S/A,509ª,2032-06-15,"IPCA + 6,01%",8.1657,8.4038,7.9189,0.12,1113.05941139,92.12,1021.98,2026-09-16
CRA022002Y3,CRA,NORSA REFRIGERANTES S.A.,RIZA SECURITIZADORA S.A.,3ª,2032-03-15,"IPCA + 6,0392%",8.45,,,0.24,1105.98364563,91.52,988.95,2026-09-16
CRA022002XN,CRA,JBS S.A.,RIZA SECURITIZADORA S.A.,3ª,2037-04-15,"IPCA + 6,0953%",,,,,,,,2026-09-16
21K0001807,CRI,REDE D'OR SÃO LUIZ S.A.,OPEA SECURITIZADORA S/A,397ª,2036-12-15,"IPCA + 6,1017%",8.3332,8.5056,8.0798,0.11,1107.92050711,86.49,1731.38,2026-09-16
22D1289011,CRI,CYRELA BRAZIL REALTY S.A.,OPEA SECURITIZADORA S/A,491ª,2029-06-15,"IPCA + 6,128%",,,,,,,,2026-09-16
22K0001201,CRI,PETRÓLEO BRASILEIRO S.A. - PETROBRAS,OPEA SECURITIZADORA S/A,1ª,2030-04-15,"IPCA + 6,2%",7.2138,7.3913,7.072,0.1,1185.40263038,97.0,807.14,2026-09-16
23H0027403,CRI,REDE D'OR SÃO LUIZ S.A.,OPEA SECURITIZADORA S/A,2ª,2030-08-15,"IPCA + 6,2%",8.224,8.4433,7.9419,0.02,1076.74740825,93.63,876.34,2026-09-16
CRA022006MY,CRA,Dexco S.A.,ECO SECURITIZADORA DE DIREITOS CREDITÓRIOS DO AGRONEGÓCIO S.A.,2ª,2032-06-15,"IPCA + 6,2%",,,,,,,,2026-09-16
22K0001203,CRI,PETRÓLEO BRASILEIRO S.A. - PETROBRAS,OPEA SECURITIZADORA S/A,2ª,2032-11-16,"IPCA + 6,25%",7.4851,7.5616,7.4451,0.23,1182.09188784,94.39,1253.8,2026-09-16
22E1325262,CRI,HYPERA S.A.,OPEA SECURITIZADORA S/A,2ª,2029-08-15,"IPCA + 6,279%",8.5019,8.7674,8.1808,0.25,1131.31631505,94.62,672.68,2026-09-16
CRA021002YF,CRA,J. MACÊDO S.A.,ECO SECURITIZADORA DE DIREITOS CREDITÓRIOS DO AGRONEGÓCIO S.A.,1ª,2026-11-16,"IPCA + 6,3071%",9.648,11.4871,7.4524,0.38,61.05376011,99.63,30.43,2026-09-16
CRA02300S35,CRA,CAMIL ALIMENTOS S.A.,ECO SECURITIZADORA DE DIREITOS CREDITÓRIOS DO AGRONEGÓCIO S.A.,2ª,2030-11-18,"IPCA + 6,3416%",12.4917,13.1038,11.1501,0.83,967.88750333,83.5,800.51,2026-09-16
22C1362141,CRI,MATEUS SUPERMERCADOS S.A.,OPEA SECURITIZADORA S/A,1ª,2034-07-17,"IPCA + 6,3423%",10.2451,,9.8024,0.09,823.15941974,88.83,806.57,2026-09-16
22B0004808,CRI,CSN CIMENTOS S.A.,RIZA SECURITIZADORA S.A.,417ª,2032-02-16,"IPCA + 6,3893%",17.2214,18.8568,12.1013,0.58,859.47160805,69.34,929.69,2026-09-16
CRA022008N6,CRA,JBS S.A.,RIZA SECURITIZADORA S.A.,2ª,2032-09-15,"IPCA + 6,3919%",9.001,10.5151,6.8698,0.01,1079.34733327,90.12,1075.66,2026-09-16
22K0001204,CRI,PETRÓLEO BRASILEIRO S.A. - PETROBRAS,OPEA SECURITIZADORA S/A,3ª,2037-11-16,"IPCA + 6,4%",7.2728,7.4386,7.0928,0.17,1181.27394087,94.21,1825.22,2026-09-16
24B0013203,CRI,CIDADE MARAVILHOSA INDÚSTRIA E COMÉRCIO DE ROUPAS S.A.,RIZA SECURITIZADORA S.A.,3ª,2030-02-15,"IPCA + 6,4%",10.3051,10.9598,,0.23,1020.17251237,90.88,666.37,2026-09-16
CRA02300CYS,CRA,BANCO BTG PACTUAL S.A.,OPEA SECURITIZADORA S/A,3ª,2033-07-15,"IPCA + 6,4338%",7.3224,7.5493,7.1007,0.17,1106.32981171,95.49,1392.95,2026-09-16
22E1325264,CRI,HYPERA S.A.,OPEA SECURITIZADORA S/A,3ª,2032-08-16,"IPCA + 6,4451%",8.6839,9.046,8.6618,0.13,1095.50555867,91.61,1055.29,2026-09-16
CRA024001P6,CRA,JSL S.A.,ECO SECURITIZADORA DE DIREITOS CREDITÓRIOS DO AGRONEGÓCIO S.A.,2ª,2031-02-17,"IPCA + 6,4527%",13.2567,14.0145,12.0722,0.65,931.43638119,82.87,755.52,2026-09-16
22E1095384,CRI,MRV ENGENHARIA E PARTICIPAÇÕES S.A.,OPEA SECURITIZADORA S/A,1ª,2030-09-16,"IPCA + 6,4802%",11.9687,,11.2617,0.62,1041.31581198,87.24,678.88,2026-09-16
21J0001208,CRI,TENDA ATACADO S.A.,RIZA SECURITIZADORA S.A.,306ª,2026-10-15,"IPCA + 6,4803%",12.593,12.6631,12.0321,0.26,439.12946504,99.56,20.0,2026-09-16
22F0009804,CRI,DIRECIONAL ENGENHARIA S.A.,OPEA SECURITIZADORA S/A,1ª,2032-06-15,"IPCA + 6,4899%",8.5724,8.7798,8.2314,0.07,1115.15265698,92.48,1011.36,2026-09-16
22F0009409,CRI,GJA INDÚSTRIAS S.A.,RIZA SECURITIZADORA S.A.,1ª,2029-06-15,"IPCA + 6,5%",11.6037,12.1186,11.394,0.41,1078.04345359,90.78,518.24,2026-09-16
CRA022003JT,CRA,BEM BRASIL ALIMENTOS S.A.,ECO SECURITIZADORA DE DIREITOS CREDITÓRIOS DO AGRONEGÓCIO S.A.,1ª,2029-05-15,"IPCA + 6,5348%",9.5691,10.234,9.038,0.4,1169.39097376,95.81,381.52,2026-09-16
CRA022004MS,CRA,"VAMOS LOCAÇÃO DE CAMINHÕES, MÁQUINAS E EQUIPAMENTOS S.A.",ECO SECURITIZADORA DE DIREITOS CREDITÓRIOS DO AGRONEGÓCIO S.A.,1ª,2032-05-17,"IPCA + 6,5473%",13.4317,13.8734,12.617,1.0,955.0147026,78.34,964.6,2026-09-16
23H0027404,CRI,REDE D'OR SÃO LUIZ S.A.,OPEA SECURITIZADORA S/A,3ª,2033-08-15,"IPCA + 6,55%",8.306,8.5457,7.9184,0.04,1061.49226185,92.28,1231.94,2026-09-16
CRA022008NB,CRA,RAÍZEN ENERGIA S.A.,OPEA SECURITIZADORA S/A,1ª,2032-08-16,"IPCA + 6,5885%",,,,,590.06357015,48.73,,2026-09-16
22B0006022,CRI,MRV ENGENHARIA E PARTICIPAÇÕES S.A.,RIZA SECURITIZADORA S.A.,442ª,2029-02-15,"IPCA + 6,5954%",11.4878,11.6175,11.1832,0.19,1146.50797154,92.26,450.38,2026-09-16
CRA024004SA,CRA,JBS S.A.,RIZA SECURITIZADORA S.A.,2ª,2034-05-15,"IPCA + 6,5975%",9.4819,10.1861,8.6547,0.48,964.49461813,85.4,1468.24,2026-09-16
22J0306937,CRI,DIAGNÓSTICOS DA AMÉRICA S.A.,VERT COMPANHIA SECURITIZADORA,2ª,2029-10-15,"IPCA + 6,6%",13.2776,14.5951,11.8276,0.52,1037.86625224,84.74,681.85,2026-09-16
CRA02300G7F,CRA,MARFRIG GLOBAL FOODS S.A.,ECO SECURITIZADORA DE DIREITOS CREDITÓRIOS DO AGRONEGÓCIO S.A.,3ª,2030-08-15,"IPCA + 6,6%",12.2367,,11.6377,0.33,963.95234411,83.72,862.98,2026-09-16
CRA022008C7,CRA,COMPANHIA DE LOCAÇÃO DAS AMÉRICAS,ECO SECURITIZADORA DE DIREITOS CREDITÓRIOS DO AGRONEGÓCIO S.A.,1ª,2028-09-15,"IPCA + 6,6018%",8.4268,8.8515,7.9847,0.27,1158.82065955,96.83,477.46,2026-09-16
24E1835896,CRI,HSL,TRUE SECURITIZADORA S/A,1ª,2034-06-15,"IPCA + 6,6075%",,,,,,,,2026-09-16
CRA022007KI,CRA,COCAL COMÉRCIO INDÚSTRIA CANAÃ AÇÚCAR E ÁLCOOL LTDA.,RIZA SECURITIZADORA S.A.,1ª,2030-08-15,"IPCA + 6,6234%",11.2212,11.5126,10.4392,0.43,1071.04308538,89.49,657.8,2026-09-16
CRA02300JG3,CRA,JBS S.A.,RIZA SECURITIZADORA S.A.,3ª,2030-09-16,"IPCA + 6,6441%",8.9831,10.5132,6.8802,0.04,1056.21898641,92.6,890.88,2026-09-16
CRA022008N7,CRA,JBS S.A.,RIZA SECURITIZADORA S.A.,3ª,2037-09-15,"IPCA + 6,6614%",9.6057,9.9728,8.6,0.55,982.15103317,82.0,1797.0,2026-09-16
CRA022000XF,CRA,MARFRIG GLOBAL FOODS S.A.,ECO SECURITIZADORA DE DIREITOS CREDITÓRIOS DO AGRONEGÓCIO S.A.,3ª,2032-01-15,"IPCA + 6,663%",11.9785,12.0058,11.0605,0.48,1049.87057657,83.49,924.22,2026-09-16
CRA02300JG4,CRA,JBS S.A.,RIZA SECURITIZADORA S.A.,4ª,2033-09-15,"IPCA + 6,6634%",8.9497,10.4335,6.8469,0.01,1026.41127037,89.98,1245.17,2026-09-16
24F1277567,CRI,DIRECIONAL ENGENHARIA S.A.,OPEA SECURITIZADORA S/A,2ª,2031-07-15,"IPCA + 6,6747%",8.5601,8.7194,8.2006,0.07,1039.14889003,93.64,941.44,2026-09-16
23L1737622,CRI,REDE D'OR SÃO LUIZ S.A.,OPEA SECURITIZADORA S/A,1ª,2033-12-15,"IPCA + 6,6941%",8.2495,,7.5343,0.34,1070.52882379,92.93,1269.25,2026-09-16
22G1414303,CRI,SENDAS DISTRIBUIDORA S.A.,OPEA SECURITIZADORA S/A,3ª,2029-09-17,"IPCA + 6,7%",10.9886,11.1304,10.538,0.46,1092.56396649,91.28,581.09,2026-09-16
CRA022008ND,CRA,RAÍZEN ENERGIA S.A.,OPEA SECURITIZADORA S/A,2ª,2037-08-17,"IPCA + 6,7382%",,,,,478.94720667,39.52,,2026-09-16
CRA0240066J,CRA,SLC AGRICOLA II,RIZA SECURITIZADORA S.A.,3ª,2031-07-15,"IPCA + 6,7469%",9.5392,9.8524,9.1996,0.15,1008.26409697,90.66,952.98,2026-09-16
22J0306938,CRI,DIAGNÓSTICOS DA AMÉRICA S.A.,VERT COMPANHIA SECURITIZADORA,3ª,2032-10-15,"IPCA + 6,75%",13.1894,15.1243,11.1439,0.23,960.71974064,78.4,1026.25,2026-09-16
CRA0240020C,CRA,VICUNHA II,RIZA SECURITIZADORA S.A.,3ª,2031-02-15,"IPCA + 6,7641%",,,,,,,,2026-09-16
22G1136492,CRI,REDE D'OR SÃO LUIZ S.A.,OPEA SECURITIZADORA S/A,3ª,2037-07-15,"IPCA + 6,7692%",,,,,,,,2026-09-16
CRA022007EP,CRA,KLABIN S.A.,VERT COMPANHIA SECURITIZADORA,1ª,2034-05-15,"IPCA + 6,7694%",7.655,7.9471,7.3131,0.14,1151.57707442,95.22,1488.76,2026-09-16
CRA024004SB,CRA,JBS S.A.,RIZA SECURITIZADORA S.A.,3ª,2039-05-16,"IPCA + 6,7825%",8.7463,10.0992,6.6353,0.02,978.56088613,86.6,1950.43,2026-09-16
CRA0240086K,CRA,SEARA ALIMENTOS LTDA.,RIZA SECURITIZADORA S.A.,2ª,2034-09-15,"IPCA + 6,7931%",9.2241,9.8462,8.5342,0.39,950.35148088,86.92,1550.76,2026-09-16
CRA024002ML,CRA,MARFRIG GLOBAL FOODS S.A.,ECO SECURITIZADORA DE DIREITOS CREDITÓRIOS DO AGRONEGÓCIO S.A.,3ª,2034-03-15,"IPCA + 6,7996%",12.3548,,11.3347,0.99,853.97623498,76.72,1290.06,2026-09-16
22I0970804,CRI,NATURA COSMÉTICOS S.A.,RIZA SECURITIZADORA S.A.,2ª,2029-09-17,"IPCA + 6,8%",8.8476,8.9499,8.6939,0.07,1137.39118308,94.92,690.37,2026-09-16
CRA0240066B,CRA,CAMIL ALIMENTOS S.A.,ECO SECURITIZADORA DE DIREITOS CREDITÓRIOS DO AGRONEGÓCIO S.A.,2ª,2031-06-16,"IPCA + 6,8286%",11.9467,,10.7963,0.09,946.51316192,84.38,905.67,2026-09-16
CRA0220079D,CRA,BRF S.A.,VERT COMPANHIA SECURITIZADORA,2ª,2032-07-15,"IPCA + 6,8344%",12.3364,,11.9176,0.28,995.11096788,81.59,1006.94,2026-09-16
CRA0240086L,CRA,SEARA ALIMENTOS LTDA.,RIZA SECURITIZADORA S.A.,3ª,2044-09-15,"IPCA + 6,8408%",9.3089,9.7407,8.7757,0.51,877.98273657,80.31,2326.64,2026-09-16
CRA022006HK,CRA,SÃO SALVADOR ALIMENTOS S.A.,ECO SECURITIZADORA DE DIREITOS CREDITÓRIOS DO AGRONEGÓCIO S.A.,2ª,2030-07-15,"IPCA + 6,8911%",8.2515,9.0992,7.408,0.1,1160.87445912,96.83,640.21,2026-09-16
22I0970868,CRI,NATURA COSMÉTICOS S.A.,RIZA SECURITIZADORA S.A.,3ª,2032-09-15,"IPCA + 6,9%",9.0006,9.1687,,0.12,1103.00605392,92.05,1066.79,2026-09-16
23L1737623,CRI,REDE D'OR SÃO LUIZ S.A.,OPEA SECURITIZADORA S/A,2ª,2038-12-15,"IPCA + 6,9527%",8.2343,8.3588,7.8834,0.14,1051.07062593,91.18,1928.89,2026-09-16
CRA022004S9,CRA,"VAMOS LOCAÇÃO DE CAMINHÕES, MÁQUINAS E EQUIPAMENTOS S.A.",ECO SECURITIZADORA DE DIREITOS CREDITÓRIOS DO AGRONEGÓCIO S.A.,2ª,2037-05-15,"IPCA + 6,9739%",12.6172,,11.9503,0.94,864.44661745,70.82,1613.88,2026-09-16
CRA02300JG5,CRA,JBS S.A.,RIZA SECURITIZADORA S.A.,5ª,2038-09-15,"IPCA + 6,9938%",9.6698,10.0233,8.6592,0.68,943.87898441,82.75,1886.89,2026-09-16
CRA024004SC,CRA,JBS S.A.,RIZA SECURITIZADORA S.A.,4ª,2044-05-16,"IPCA + 6,9947%",9.4798,10.1263,8.5993,0.56,916.0497057,81.01,2217.67,2026-09-16
CRA022004XY,CRA,USINA CERRADÃO S.A.,ECO SECURITIZADORA DE DIREITOS CREDITÓRIOS DO AGRONEGÓCIO S.A.,1ª,2028-05-15,"IPCA + 6,9949%",8.0973,8.5466,,0.25,804.62130852,98.89,274.16,2026-09-16
22F0009410,CRI,GJA INDÚSTRIAS S.A.,RIZA SECURITIZADORA S.A.,2ª,2032-06-15,IPCA + 7%,11.5201,12.0965,,0.14,1007.32747839,84.83,990.76,2026-09-16
23F1519397,CRI,MOVIDA PARTICIPAÇÕES S.A.,OPEA SECURITIZADORA S/A,3ª,2028-06-16,IPCA + 7%,13.0917,13.3495,12.8967,0.22,1068.89909379,91.35,411.0,2026-09-16
24G1674104,CRI,JHSF PARTICIPAÇÕES S.A.,OPEA SECURITIZADORA S/A,4ª,2034-07-17,"IPCA + 7,0163%",8.625,8.8059,8.421,0.02,904.68833391,93.5,1121.62,2026-09-16
CRA02200C6Y,CRA,MARFRIG GLOBAL FOODS S.A.,ECO SECURITIZADORA DE DIREITOS CREDITÓRIOS DO AGRONEGÓCIO S.A.,1ª,2029-10-15,"IPCA + 7,0383%",12.0534,,11.852,0.15,1075.57233329,88.33,679.27,2026-09-16
CRA024007PU,CRA,SOROCABA REFRESCOS S.A.,ECO SECURITIZADORA DE DIREITOS CREDITÓRIOS DO AGRONEGÓCIO S.A.,2ª,2034-08-15,"IPCA + 7,05%",9.8274,10.2733,9.4237,0.23,957.91043055,86.92,1363.75,2026-09-16
22K0934880,CRI,BCBF PARTICIPAÇÕES S.A.,RIZA SECURITIZADORA S.A.,2ª,2029-12-17,"IPCA + 7,0913%",20.4681,,16.948,4.03,861.8021012,71.51,707.36,2026-09-16
CRA022006HE,CRA,AÇO VERDE DO BRASIL S.A.,RIZA SECURITIZADORA S.A.,1ª,2029-06-15,"IPCA + 7,1543%",10.2025,10.852,9.591,0.42,1155.49604132,95.61,400.57,2026-09-16
CRA023000RT,CRA,"VAMOS LOCAÇÃO DE CAMINHÕES, MÁQUINAS E EQUIPAMENTOS S.A.",ECO SECURITIZADORA DE DIREITOS CREDITÓRIOS DO AGRONEGÓCIO S.A.,3ª,2030-01-15,"IPCA + 7,1638%",13.9162,14.617,12.8099,0.23,993.89598581,83.54,736.46,2026-09-16
CRA022006BU,CRA,CARAMURU ALIMENTOS S.A.,ECO SECURITIZADORA DE DIREITOS CREDITÓRIOS DO AGRONEGÓCIO S.A.,1ª,2029-07-16,"IPCA + 7,2043%",10.4369,11.4841,8.9468,1.02,683.81045611,95.17,417.35,2026-09-16
CRA0220073P,CRA,MINERVA S.A.,RIZA SECURITIZADORA S.A.,1ª,2029-07-16,"IPCA + 7,2063%",12.0275,,11.1567,0.89,1071.36882788,89.38,640.76,2026-09-16
CRA025000ME,CRA,SEARA ALIMENTOS LTDA.,RIZA SECURITIZADORA S.A.,2ª,2045-02-15,"IPCA + 7,2266%",,,,,,,,2026-09-16
CRA0240066K,CRA,BRF S.A.,ECO SECURITIZADORA DE DIREITOS CREDITÓRIOS DO AGRONEGÓCIO S.A.,3ª,2034-06-15,"IPCA + 7,2336%",11.7336,11.8044,10.8411,1.02,904.56734004,80.65,1292.24,2026-09-16
22K0934889,CRI,BCBF PARTICIPAÇÕES S.A.,RIZA SECURITIZADORA S.A.,3ª,2034-12-15,"IPCA + 7,2792%",20.1501,23.5099,16.5134,1.23,662.33708922,54.94,1238.43,2026-09-16
CRA024001QA,CRA,ZAMP S.A.,RIZA SECURITIZADORA S.A.,3ª,2029-02-15,"IPCA + 7,3%",8.8113,,8.6838,0.14,1100.04551482,96.94,560.0,2026-09-16
CRA024007Q5,CRA,SLC MÁQUINAS LTDA.,OPEA SECURITIZADORA S/A,3ª,2031-08-15,"IPCA + 7,31%",10.0155,10.3159,9.2273,0.34,1027.88064633,92.82,749.31,2026-09-16
CRA02200C6Z,CRA,MARFRIG GLOBAL FOODS S.A.,ECO SECURITIZADORA DE DIREITOS CREDITÓRIOS DO AGRONEGÓCIO S.A.,2ª,2032-10-15,"IPCA + 7,3352%",12.2691,12.6744,11.1577,0.41,1013.38936259,83.13,1019.95,2026-09-16
24A2721507,CRI,DASA,VERT COMPANHIA SECURITIZADORA,3ª,2031-01-15,"IPCA + 7,3402%",12.7893,13.5687,12.1546,1.66,966.40162374,84.88,826.99,2026-09-16
CRA022006HF,CRA,AÇO VERDE DO BRASIL S.A.,RIZA SECURITIZADORA S.A.,2ª,2032-06-15,"IPCA + 7,3686%",10.3351,11.0267,9.7538,0.43,1085.77518648,89.8,987.18,2026-09-16
CRA024009Q4,CRA,MARFRIG GLOBAL FOODS S.A.,ECO SECURITIZADORA DE DIREITOS CREDITÓRIOS DO AGRONEGÓCIO S.A.,3ª,2034-10-16,"IPCA + 7,3693%",12.46,,11.5888,0.46,875.07419958,78.15,1305.31,2026-09-16
22E1314836,CRI,SÃO CARLOS EMPREENDIMENTOS E PARTICIPAÇÕES S.A.,OPEA SECURITIZADORA S/A,1ª,2029-09-17,"IPCA + 7,3826%",9.9546,10.4924,9.7935,0.27,1153.98198818,95.77,458.08,2026-09-16
CRA022001E2,CRA,FS AGRISOLUTIONS INDÚSTRIA DE BIOCOMBUSTÍVEIS LTDA.,ECO SECURITIZADORA DE DIREITOS CREDITÓRIOS DO AGRONEGÓCIO S.A.,2ª,2029-02-15,"IPCA + 7,3913%",11.7222,12.0135,10.9474,0.32,1165.15680882,94.94,328.08,2026-09-16
CRA022004SD,CRA,FS AGRISOLUTIONS INDÚSTRIA DE BIOCOMBUSTÍVEIS LTDA.,ECO SECURITIZADORA DE DIREITOS CREDITÓRIOS DO AGRONEGÓCIO S.A.,2ª,2029-05-15,"IPCA + 7,3913%",11.6366,12.1556,11.1214,0.13,1158.4477829,94.33,376.41,2026-09-16
CRA02400AHZ,CRA,REFRESCOS BANDEIRANTES INDÚSTRIA E COMÉRCIO LTDA.,RIZA SECURITIZADORA S.A.,2ª,2034-11-16,"IPCA + 7,41%",10.6343,11.2591,,0.07,945.1705675,85.13,1349.75,2026-09-16
24J2539865,CRI,JHSF PARTICIPAÇÕES S.A.,OPEA SECURITIZADORA S/A,1ª,2034-10-16,"IPCA + 7,4183%",8.654,8.9345,8.4289,0.09,1060.94109557,93.99,1356.64,2026-09-16
CRA0240005O,CRA,CEREAL COMÉRCIO EXPORTAÇÃO E REPRESENTAÇÃO AGROPECUÁRIA S.A.,RIZA SECURITIZADORA S.A.,2ª,2029-01-15,"IPCA + 7,4367%",8.9118,9.9964,8.1413,0.09,1118.28757864,98.32,311.7,2026-09-16
CRA022004H5,CRA,NARDINI AGROINDUSTRIAL LTDA.,OPEA SECURITIZADORA S/A,1ª,2028-04-15,"IPCA + 7,4986%",9.2778,,7.6934,2.86,808.62361292,98.36,253.19,2026-09-16
23L2043184,CRI,UNIDAS LOCADORA S.A.,OPEA SECURITIZADORA S/A,3ª,2030-12-16,"IPCA + 7,5%",9.7686,10.0867,9.3186,0.3,1078.42684193,93.46,813.15,2026-09-16
CRA024009Q5,CRA,MARFRIG GLOBAL FOODS S.A.,ECO SECURITIZADORA DE DIREITOS CREDITÓRIOS DO AGRONEGÓCIO S.A.,4ª,2039-10-17,"IPCA + 7,5395%",12.6573,,12.2439,0.22,792.50543437,70.73,1761.2,2026-09-16
CRA02300MOQ,CRA,MINERVA S.A.,RIZA SECURITIZADORA S.A.,3ª,2030-09-16,"IPCA + 7,5408%",12.5815,12.834,10.0819,0.86,989.37558168,86.78,775.13,2026-09-16
23L0034761,CRI,FARO ENERGY PROJETOS SOLARES HOLDING S.A.,OPEA SECURITIZADORA S/A,1ª,2038-12-15,"IPCA + 7,5702%",11.5206,12.4358,11.0107,0.45,900.52571573,85.06,1081.88,2026-09-16
CRA0250080Y,CRA,ELDORADO BRASIL CELULOSE S.A.,OPEA SECURITIZADORA S/A,3ª,2040-09-17,"IPCA + 7,6%",8.5179,,8.1754,0.21,965.95840244,92.81,2187.06,2026-09-16
25D0012204,CRI,CYRELA BRAZIL REALTY S.A.,COMPANHIA PROVÍNCIA DE SECURITIZAÇÃO,3ª,2032-04-15,"IPCA + 7,6693%",8.3746,,8.076,0.1,1055.22961414,97.33,1041.0,2026-09-16
23J1127331,CRI,MOVIDA PARTICIPAÇÕES S.A.,OPEA SECURITIZADORA S/A,3ª,2033-10-17,"IPCA + 7,7279%",13.4086,13.7,13.3154,0.42,923.55191439,78.62,1150.69,2026-09-16
CRA0250080X,CRA,ELDORADO BRASIL CELULOSE S.A.,OPEA SECURITIZADORA S/A,2ª,2035-09-17,"IPCA + 7,7281%",8.6725,,8.3659,0.02,982.41332261,94.39,1656.52,2026-09-16
CRA02400AYK,CRA,BEM BRASIL ALIMENTOS S.A.,ECO SECURITIZADORA DE DIREITOS CREDITÓRIOS DO AGRONEGÓCIO S.A.,ª,2031-11-17,"IPCA + 7,737%",9.8849,10.5284,9.2432,0.33,1016.17244514,93.26,886.79,2026-09-16
CRA0230073N,CRA,J. MACÊDO S.A.,RIZA SECURITIZADORA S.A.,2ª,2030-04-15,"IPCA + 7,8%",8.0618,9.011,6.911,0.39,1023.48730831,99.6,415.41,2026-09-16
CRA025003PJ,CRA,SEARA,RIZA SECURITIZADORA S.A.,3ª,2055-05-17,"IPCA + 7,8%",10.0631,,8.8841,0.4,858.54280712,79.88,2518.83,2026-09-16
CRA024003UZ,CRA,LAR COOPERATIVA AGROINDUSTRIAL,ECO SECURITIZADORA DE DIREITOS CREDITÓRIOS DO AGRONEGÓCIO S.A.,3ª,2031-04-15,"IPCA + 7,8363%",9.0947,9.8487,8.565,0.33,1070.18633513,96.48,776.88,2026-09-16
CRA021004NV,CRA,LAR COOPERATIVA AGROINDUSTRIAL,ECO SECURITIZADORA DE DIREITOS CREDITÓRIOS DO AGRONEGÓCIO S.A.,1ª,2026-11-15,"IPCA + 7,8749%",11.0578,,8.3136,2.33,429.84055812,99.5,41.0,2026-09-16
CRA0250066B,CRA,BRF S.A.,ECO SECURITIZADORA DE DIREITOS CREDITÓRIOS DO AGRONEGÓCIO S.A.,3ª,2035-07-16,"IPCA + 7,9064%",12.3951,,11.3875,0.27,818.65803248,77.51,1527.57,2026-09-16
22E1321749,CRI,COGNA EDUCAÇÃO S.A.,OPEA SECURITIZADORA S/A,2ª,2029-07-16,"IPCA + 7,9273%",9.2312,9.5963,8.8488,0.13,1172.96802713,97.49,533.85,2026-09-16
CRA0240005P,CRA,CEREAL COMÉRCIO EXPORTAÇÃO E REPRESENTAÇÃO AGROPECUÁRIA S.A.,RIZA SECURITIZADORA S.A.,3ª,2031-01-15,"IPCA + 7,9443%",9.1791,10.1681,8.0717,0.03,1096.38187095,96.32,829.84,2026-09-16
22E1321750,CRI,COGNA EDUCAÇÃO S.A.,OPEA SECURITIZADORA S/A,3ª,2032-07-15,"IPCA + 8,0031%",9.5867,10.0899,9.0225,0.16,1135.42993163,94.35,1001.9,2026-09-16
CRA025009EZ,CRA,Seara Alimentos Ltda.,ECO SECURITIZADORA DE DIREITOS CREDITÓRIOS DO AGRONEGÓCIO S.A.,4ª,2065-10-15,"IPCA + 8,0313%",,,,,,,,2026-09-16
CRA0250020C,CRA,BRF S.A.,ECO SECURITIZADORA DE DIREITOS CREDITÓRIOS DO AGRONEGÓCIO S.A.,2ª,2035-04-16,"IPCA + 8,04%",12.0257,12.5574,11.5355,1.02,875.37411185,80.48,1467.96,2026-09-16
22L1469805,CRI,ÂNIMA HOLDING S.A.,RIZA SECURITIZADORA S.A.,2ª,2029-12-17,"IPCA + 8,0481%",,,,,,,,2026-09-16
CRA02200795,CRA,ADUBOS ARAGUAIA INDÚSTRIA E COMÉRCIO LTDA.,ECO SECURITIZADORA DE DIREITOS CREDITÓRIOS DO AGRONEGÓCIO S.A.,1ª,2027-07-15,"IPCA + 8,1191%",9.7782,9.9951,9.4022,0.03,594.72036086,98.79,201.22,2026-09-16
CRA0250020D,CRA,BRF S.A.,ECO SECURITIZADORA DE DIREITOS CREDITÓRIOS DO AGRONEGÓCIO S.A.,3ª,2040-04-16,"IPCA + 8,2345%",11.4688,11.8888,10.3734,1.25,872.54539086,80.16,1813.79,2026-09-16
CRA0250018K,CRA,MARFRIG GLOBAL FOODS S.A.,ECO SECURITIZADORA DE DIREITOS CREDITÓRIOS DO AGRONEGÓCIO S.A.,4ª,2040-04-16,"IPCA + 8,2503%",12.6249,12.8203,11.791,0.72,814.5561773,74.6,1757.42,2026-09-16
CRA0250018L,CRA,MARFRIG GLOBAL FOODS S.A,ECO SECURITIZADORA DE DIREITOS CREDITÓRIOS DO AGRONEGÓCIO S.A.,5ª,2045-04-17,"IPCA + 8,3405%",11.6509,,,1.44,841.06894367,77.0,2041.97,2026-09-16
CRA0240099F,CRA,VALE DO TIJUCO AÇÚCAR E ÁLCOOL S.A.,ECO SECURITIZADORA DE DIREITOS CREDITÓRIOS DO AGRONEGÓCIO S.A.,2ª,2034-10-16,"IPCA + 8,3558%",9.8504,,9.5528,0.07,1055.48694801,93.84,1160.67,2026-09-16
CRA0250020E,CRA,BRF S.A.,ECO SECURITIZADORA DE DIREITOS CREDITÓRIOS DO AGRONEGÓCIO S.A.,3ª,2045-04-17,"IPCA + 8,38%",10.1919,10.9531,10.0047,0.03,939.36020271,86.25,2166.72,2026-09-16
CRA02500BVX,CRA,BRF S.A.,ECO SECURITIZADORA DE DIREITOS CREDITÓRIOS DO AGRONEGÓCIO S.A.,5ª,2055-12-15,"IPCA + 8,3857%",,,,,,,,2026-09-16
CRA025008C2,CRA,Neomille S.A.,ECO SECURITIZADORA DE DIREITOS CREDITÓRIOS DO AGRONEGÓCIO S.A.,2ª,2032-12-15,"IPCA + 8,4473%",9.2398,,9.2204,0.23,1027.96336692,96.74,1143.03,2026-09-16
CRA02400AHX,CRA,CEREAL COMÉRCIO EXPORTAÇÃO E,RIZA SECURITIZADORA S.A.,3ª,2034-11-16,"IPCA + 8,4704%",9.8603,11.5853,8.0675,0.07,1051.60134931,93.46,1329.73,2026-09-16
CRA025008HR,CRA,Nardini II,OPEA SECURITIZADORA S/A,ª,2032-10-15,"IPCA + 8,4773%",,,,,,,,2026-09-16
CRA025006NC,CRA,LAR COOPERATIVA AGROINDUSTRIAL,ECO SECURITIZADORA DE DIREITOS CREDITÓRIOS DO AGRONEGÓCIO S.A.,3ª,2032-08-16,"IPCA + 8,7268%",9.6357,,,0.09,1005.09235731,96.46,1086.51,2026-09-16
CRA0250005M,CRA,Boa Safra,OPEA SECURITIZADORA S/A,3ª,2032-01-15,"IPCA + 8,7384%",,,,,,,,2026-09-16
CRA0250005L,CRA,Boa Safra,OPEA SECURITIZADORA S/A,4ª,2035-01-15,"IPCA + 8,9518%",,,,,,,,2026-09-16
CRA02300796,CRA,FS INDÚSTRIA DE BIOCOMBUSTÍVEIS LTDA.,ECO SECURITIZADORA DE DIREITOS CREDITÓRIOS DO AGRONEGÓCIO S.A.,2ª,2029-10-15,"IPCA + 8,9555%",11.7812,12.3757,11.0371,0.01,1075.85601795,93.35,674.78,2026-09-16
CRA023003JY,CRA,OLFAR S.A.,RIZA SECURITIZADORA S.A.,2ª,2030-03-15,"IPCA + 8,9738%",9.5545,10.9259,8.3965,0.24,1147.59215157,99.06,449.35,2026-09-16
23F2455004,CRI,SENDAS DISTRIBUIDORA S.A.,OPEA SECURITIZADORA S/A,2ª,2027-07-15,,16.1802,,15.4444,1.83,988.72313035,96.97,199.18,2026-09-16
23I1259644,CRI,JSL,OPEA SECURITIZADORA S/A,4ª,2030-09-15,,19.7536,,17.8166,1.6,819.13705959,81.88,799.45,2026-09-16
23J1141681,CRI,YDUQS PARTICIPAÇÕES S.A.,OPEA SECURITIZADORA S/A,1ª,2028-10-16,,14.9047,,14.4437,0.28,988.18506802,94.45,456.47,2026-09-16
23K0018801,CRI,MULTIPLAN EMPREENDIMENTOS IMOBILIÁRIOS S.A.,RIZA SECURITIZADORA S.A.,3ª,2031-01-15,,14.318,,,0.06,942.98309597,92.57,692.23,2026-09-16
23K0022041,CRI,Cogna,TRUE SECURITIZADORA S/A,2ª,2028-11-15,,14.8349,15.115,14.363,0.07,1010.02430757,97.02,369.79,2026-09-16
24A2715837,CRI,DIAGNÓSTICOS DA AMÉRICA S.A.,VERT COMPANHIA SECURITIZADORA,2ª,2029-01-15,,19.483,,18.6596,0.23,899.61803197,88.16,509.6,2026-09-16
24A2721829,CRI,DIAGNÓSTICOS DA AMÉRICA S.A,VERT COMPANHIA SECURITIZADORA,4ª,2031-01-15,,19.733,,19.065,0.59,854.18318801,83.63,749.22,2026-09-16
25A1946535,CRI,Cury,OPEA SECURITIZADORA S/A,3ª,2032-01-15,,14.9968,,14.2149,0.03,1027.54813925,100.26,815.6,2026-09-16
25D0271049,CRI,Log,OPEA SECURITIZADORA S/A,3ª,2032-04-15,,,,,,,,,2026-09-16
CRA02300G7D,CRA,MARFRIG GLOBAL FOODS S.A.,ECO SECURITIZADORA DE DIREITOS CREDITÓRIOS DO AGRONEGÓCIO S.A.,1ª,2027-08-16,,17.3666,,,0.64,960.44323496,95.21,221.57,2026-09-16
CRA02300HWK,CRA,BANCO BTG PACTUAL S.A.,OPEA SECURITIZADORA S/A,4ª,2033-09-15,,13.4922,13.6983,13.2557,0.26,935.9449125,93.55,1229.37,2026-09-16
CRA02300JR7,CRA,RAÍZEN ENERGIA S.A.,OPEA SECURITIZADORA S/A,3ª,2033-10-17,,,,,,451.5748128,43.13,,2026-09-16
CRA02300NX8,CRA,BTG Pactual III,OPEA SECURITIZADORA S/A,4ª,2033-11-16,,13.3614,,,0.38,1006.56069706,96.72,1189.07,2026-09-16
CRA02300SPD,CRA,FS Agrisolutions Indústria de Biocombustíveis LTDA,ECO SECURITIZADORA DE DIREITOS CREDITÓRIOS DO AGRONEGÓCIO S.A.,3ª,2030-06-15,,18.3881,18.4124,17.6666,0.61,876.29477819,87.59,737.63,2026-09-16
CRA02300SUZ,CRA,"Vamos Locação de Caminhões, Máquinas e Equipamentos S.A.",ECO SECURITIZADORA DE DIREITOS CREDITÓRIOS DO AGRONEGÓCIO S.A.,1ª,2030-11-18,,19.4734,,18.1058,1.14,863.43501963,83.06,717.11,2026-09-16
CRA02300TSF,CRA,BTG PACTUAL IV,OPEA SECURITIZADORA S/A,4ª,2033-12-15,,,,,,,,,2026-09-16
CRA024000B8,CRA,FS Indústria De Biocombustíveis Ltda,ECO SECURITIZADORA DE DIREITOS CREDITÓRIOS DO AGRONEGÓCIO S.A.,3ª,2030-07-15,,18.5195,19.0579,17.8216,0.1,871.61474848,87.12,748.38,2026-09-16
CRA024001P5,CRA,JSL S.A.,ECO SECURITIZADORA DE DIREITOS CREDITÓRIOS DO AGRONEGÓCIO S.A.,1ª,2031-02-15,,,,,,,,,2026-09-16
CRA024001Q9,CRA,ZAMP S.A.,RIZA SECURITIZADORA S.A.,2ª,2029-02-15,,17.1056,,16.78,1.17,936.97919646,92.75,529.99,2026-09-16
CRA0240020B,CRA,VICUNHA II,RIZA SECURITIZADORA S.A.,2ª,2031-02-15,,,,,,,,,2026-09-16
CRA024002MH,CRA,JF CITRUS AGROPECUÁRIA S.A.,ECO SECURITIZADORA DE DIREITOS CREDITÓRIOS DO AGRONEGÓCIO S.A.,1ª,2029-03-15,,,,,,,,,2026-09-16
CRA024002S2,CRA,Minerva VII,RIZA SECURITIZADORA S.A.,2ª,2029-03-15,,18.7205,,16.9241,0.29,876.39289251,87.6,553.65,2026-09-16
CRA024002S3,CRA,MINERVA S.A.,RIZA SECURITIZADORA S.A.,3ª,2031-03-17,,18.7389,,17.0484,0.54,817.78739257,81.74,877.33,2026-09-16
CRA0240066D,CRA,FS Florestal S.A.,ECO SECURITIZADORA DE DIREITOS CREDITÓRIOS DO AGRONEGÓCIO S.A.,1ª,2030-06-15,,17.8684,18.2532,17.3337,1.05,941.03282557,94.05,721.65,2026-09-16
CRA0240066G,CRA,BRF S.A.,ECO SECURITIZADORA DE DIREITOS CREDITÓRIOS DO AGRONEGÓCIO S.A.,2ª,2031-06-16,,17.3427,,16.7975,0.67,901.62075889,87.34,877.23,2026-09-16
CRA024007PT,CRA,Sorocaba Refrescos S.A,ECO SECURITIZADORA DE DIREITOS CREDITÓRIOS DO AGRONEGÓCIO S.A.,1ª,2031-08-15,,15.7098,16.4711,14.0662,0.22,914.93411429,90.6,863.09,2026-09-16
CRA024007Q3,CRA,SLC Maquinas,OPEA SECURITIZADORA S/A,1ª,2031-08-15,,16.5563,17.1233,16.1375,0.29,924.07707192,91.48,688.05,2026-09-16
CRA024009Q3,CRA,MARFRIG GLOBAL FOODS S.A.,ECO SECURITIZADORA DE DIREITOS CREDITÓRIOS DO AGRONEGÓCIO S.A.,2ª,2031-10-15,,17.4398,,16.7743,0.82,927.69146201,88.01,893.59,2026-09-16
CRA02400AHY,CRA,REFRESCOS BANDEIRANTES INDÚSTRIA E COMÉRCIO LTDA.,RIZA SECURITIZADORA S.A.,1ª,2032-11-16,,17.0308,,,1.42,928.41294396,88.9,968.96,2026-09-16
CRA02400AYM,CRA,MINERVA S.A.,RIZA SECURITIZADORA S.A.,2ª,2029-11-16,,18.5935,,17.1172,0.35,949.94654577,90.8,630.61,2026-09-16
CRA02400AYP,CRA,MINERVA S.A.,RIZA SECURITIZADORA S.A.,5ª,2034-11-16,,18.2143,,17.5206,0.85,917.59066403,87.57,1075.38,2026-09-16
CRA02500001,CRA,BOA SAFRA SEMENTES S.A.,OPEA SECURITIZADORA S/A,1ª,2030-01-15,,16.0829,16.6257,15.8292,0.15,985.35422408,98.48,663.62,2026-09-16
CRA0250012X,CRA,FS FLORESTAL S.A.,ECO SECURITIZADORA DE DIREITOS CREDITÓRIOS DO AGRONEGÓCIO S.A.,1ª,2030-03-15,,18.2241,18.6476,17.8975,0.61,992.42392853,99.18,667.65,2026-09-16
CRA0250018I,CRA,Marfrig Global Foods S.A,ECO SECURITIZADORA DE DIREITOS CREDITÓRIOS DO AGRONEGÓCIO S.A.,2ª,2032-04-15,,17.4576,,16.7844,0.96,966.9523238,91.3,931.93,2026-09-16
CRA025002S3,CRA,MINERVA S.A,RIZA SECURITIZADORA S.A.,2ª,2030-04-15,,18.8206,,,0.35,990.11427147,93.12,669.88,2026-09-16
CRA025002S4,CRA,MINERVA S.A.,RIZA SECURITIZADORA S.A.,4ª,2032-04-15,,18.9027,,,0.3,962.36833631,90.51,905.88,2026-09-16
CRA0250040J,CRA,Natural One S.A,ECO SECURITIZADORA DE DIREITOS CREDITÓRIOS DO AGRONEGÓCIO S.A.,2ª,2029-06-15,,,,,,,,,2026-09-16
CRA025005EH,CRA,GDM GENÉTICA DO BRASIL S.A.,ECO SECURITIZADORA DE DIREITOS CREDITÓRIOS DO AGRONEGÓCIO S.A.,1ª,2032-07-15,,15.7515,16.3847,15.121,0.07,1004.24692313,97.98,967.01,2026-09-16
CRA025005V7,CRA,MINERVA S.A.,RIZA SECURITIZADORA S.A.,3ª,2033-07-15,,18.8102,,17.5511,0.45,883.05277475,86.22,1027.88,2026-09-16
CRA025005V8,CRA,MINERVA S.A,RIZA SECURITIZADORA S.A.,4ª,2035-07-16,,18.4142,,17.4651,0.48,891.63896241,87.02,1147.64,2026-09-16
CRA0250066A,CRA,BRF S.A.,ECO SECURITIZADORA DE DIREITOS CREDITÓRIOS DO AGRONEGÓCIO S.A.,2ª,2032-07-15,,17.96,,,0.59,891.86770841,87.17,998.33,2026-09-16
CRA025006NB,CRA,LAR COOPERATIVA AGROINDUSTRIAL,ECO SECURITIZADORA DE DIREITOS CREDITÓRIOS DO AGRONEGÓCIO S.A.,2ª,2032-08-16,,16.3497,,,0.33,943.01892483,94.25,950.13,2026-09-16
CRA025007KE,CRA,Cereal Comércio Exportação e Representação Agropecuária S.A.,ECO SECURITIZADORA DE DIREITOS CREDITÓRIOS DO AGRONEGÓCIO S.A.,2ª,2032-09-15,,16.3634,16.567,15.9596,0.42,938.03008859,93.75,989.31,2026-09-16
CRA025007KK,CRA,ELDORADO BRASIL CELULOSE S.A.,OPEA SECURITIZADORA S/A,1ª,2032-09-15,,15.316,,,0.42,956.53882169,95.6,1063.36,2026-09-16
CRA025008ND,CRA,São Salvador Alimentos S.A.,ECO SECURITIZADORA DE DIREITOS CREDITÓRIOS DO AGRONEGÓCIO S.A.,2ª,2033-10-15,,15.7135,16.3434,14.8181,0.32,996.88132366,94.28,1105.27,2026-09-16
CRA025009VO,CRA,EUCATEX INDÚSTRIA E COMÉRCIO LTDA,VERT COMPANHIA SECURITIZADORA,3ª,2032-11-16,,,,,,,,,2026-09-16
CRA02500A15,CRA,Açucareira Quatá S.A.,ECO SECURITIZADORA DE DIREITOS CREDITÓRIOS DO AGRONEGÓCIO S.A.,1ª,2032-11-15,,16.5018,,15.9032,0.09,980.80936108,93.64,960.65,2026-09-16
CRA02500AHU,CRA,C. Vale - Cooperativa Agroindustrial,ECO SECURITIZADORA DE DIREITOS CREDITÓRIOS DO AGRONEGÓCIO S.A.,2ª,2030-11-15,,15.4291,16.0117,14.956,0.33,1033.68330045,98.58,781.63,2026-09-16
CRA02500BVU,CRA,BRF S.A.,ECO SECURITIZADORA DE DIREITOS CREDITÓRIOS DO AGRONEGÓCIO S.A.,2ª,2032-12-15,,17.5434,,16.7846,0.97,894.91565566,86.56,1038.13,2026-09-16
CRA02500C1D,CRA,Alibem Alimentos S.A.,ECO SECURITIZADORA DE DIREITOS CREDITÓRIOS DO AGRONEGÓCIO S.A.,1ª,2030-12-18,,16.0065,16.7937,15.6366,0.37,1013.89566799,97.9,510.47,2026-09-16
CRA026001JM,CRA,Lar Cooperativa Agroindustrial,ECO SECURITIZADORA DE DIREITOS CREDITÓRIOS DO AGRONEGÓCIO S.A.,2ª,2033-03-15,,16.4755,,16.2869,0.19,950.87525362,95.03,1007.26,2026-09-16
CRA026002BE,CRA,BRF S.A.,ECO SECURITIZADORA DE DIREITOS CREDITÓRIOS DO AGRONEGÓCIO S.A.,2ª,2033-04-15,,16.4653,17.2618,16.0281,0.83,964.11718316,91.86,1057.58,2026-09-16
