codigo,tipo,emissor,securitizadora,serie,vencimento,indexador,taxa_indicativa,taxa_compra,taxa_venda,desvio,pu,pct_pu_par,duration,referencia
25B0013406,CRI,Direcional,OPEA SECURITIZADORA S/A,1ª,2032-02-16,100% do DI,,,,,,,,2026-10-08
CRA019003V2,CRA,RAÍZEN ENERGIA S.A.,OPEA SECURITIZADORA S/A,1ª,2029-07-16,100% do DI,,,,,435.60662695,42.68,,2026-10-08
CRA024004H7,CRA,SÃO MARTINHO S.A.,RIZA SECURITIZADORA S.A.,3ª,2029-04-12,100% do DI,101.614,103.1125,98.9125,1.94,1063.18534385,99.61,522.34,2026-10-08
CRA0250018H,CRA,Marfrig Global Foods S.A,ECO SECURITIZADORA DE DIREITOS CREDITÓRIOS DO AGRONEGÓCIO S.A.,1ª,2030-04-15,100% do DI,,,,,,,,2026-10-08
CRA02500BVT,CRA,BRF S.A.,ECO SECURITIZADORA DE DIREITOS CREDITÓRIOS DO AGRONEGÓCIO S.A.,1ª,2030-06-17,100% do DI,122.4133,,115.55,1.91,1011.41206841,90.89,919.0,2026-10-08
24D2765715,CRI,CYRELA BRAZIL REALTY S.A.,COMPANHIA PROVÍNCIA DE SECURITIZAÇÃO,3ª,2031-04-15,101% do DI,100.1108,102.04,97.5733,0.65,1070.30338613,100.32,769.3,2026-10-08
CRA023007VD,CRA,ENGELHART CTP,OPEA SECURITIZADORA S/A,1ª,2028-07-05,101% do DI,97.2891,98.7625,94.7625,0.24,1042.62492752,100.67,390.92,2026-10-08
25L2997442,CRI,Even Construtora e Incorporadora S/A,VERT COMPANHIA SECURITIZADORA,ª,2032-12-15,"101,5% do DI",,,,,,,,2026-10-08
CRA026002BD,CRA,BRF S.A.,ECO SECURITIZADORA DE DIREITOS CREDITÓRIOS DO AGRONEGÓCIO S.A.,1ª,2030-10-15,"101,5% do DI",,,,,,,,2026-10-08
24D3313768,CRI,CURY CONSTRUTORA E INCORPORADORA S.A.,TRUE SECURITIZADORA S/A,1ª,2027-05-31,102% do DI,99.4716,101.5666,97.625,0.19,1052.68730141,100.19,149.04,2026-10-08
CRA023003UX,CRA,ENGELHART CTP,OPEA SECURITIZADORA S/A,1ª,2027-03-15,102% do DI,95.6286,97.69,93.74,0.72,1012.20075757,100.33,105.0,2026-10-08
CRA02500669,CRA,BRF S.A,ECO SECURITIZADORA DE DIREITOS CREDITÓRIOS DO AGRONEGÓCIO S.A.,1ª,2029-07-16,102% do DI,124.0244,,116.23,1.44,1097.78952164,93.21,690.0,2026-10-08
24F1277566,CRI,DIRECIONAL ENGENHARIA S.A.,OPEA SECURITIZADORA S/A,1ª,2029-07-16,103% do DI,101.5002,103.4933,98.46,1.31,1036.69061398,100.41,587.28,2026-10-08
CRA02300209,CRA,ENGELHART CTP,VERT COMPANHIA SECURITIZADORA,1ª,2027-01-15,103% do DI,94.2225,,,3.79,1035.45743399,100.29,66.0,2026-10-08
25G5313879,CRI,MOURA DUBEUX ENGENHARIA S.A.,VERT COMPANHIA SECURITIZADORA,1ª,2030-07-15,"103,75% do DI",105.6719,,104.5,0.93,1002.29231677,99.33,750.56,2026-10-08
CRA025008N8,CRA,3Tentos,OPEA SECURITIZADORA S/A,1ª,2030-10-15,"103,75% do DI",110.4765,,,2.26,1043.48775832,97.64,763.51,2026-10-08
22J0346710,CRI,BANCO BTG PACTUAL S.A.,OPEA SECURITIZADORA S/A,1ª,2027-01-15,104% do DI,,,,,,,,2026-10-08
CRA0240066A,CRA,CAMIL ALIMENTOS S.A.,ECO SECURITIZADORA DE DIREITOS CREDITÓRIOS DO AGRONEGÓCIO S.A.,1ª,2029-06-15,104% do DI,,,,,,,,2026-10-08
CRA025006SR,CRA,Boa Safra II,OPEA SECURITIZADORA S/A,1ª,2032-02-16,104% do DI,,,,,,,,2026-10-08
CRA025002S1,CRA,MINERVA S.A.,RIZA SECURITIZADORA S.A.,1ª,2030-04-15,"104,5% do DI",132.5888,,127.0,1.18,978.338017,91.5,675.87,2026-10-08
CRA025005V5,CRA,MINERVA S.A.,RIZA SECURITIZADORA S.A.,1ª,2030-07-15,"104,5% do DI",132.56,,127.0,1.18,937.18225272,90.73,741.08,2026-10-08
24D0006602,CRI,ALLOS S.A.,OPEA SECURITIZADORA S/A,2ª,2029-04-16,105% do DI,99.9786,103.445,98.595,2.91,1082.62455322,101.22,521.06,2026-10-08
25E0013305,CRI,JHSF IV,OPEA SECURITIZADORA S/A,2ª,2030-05-15,105% do DI,105.2933,,,0.65,1056.5861254,99.9,707.72,2026-10-08
CRA02300TSB,CRA,BANCO BTG PACTUAL S.A.,OPEA SECURITIZADORA S/A,1ª,2033-12-15,105% do DI,96.7691,,,2.1,1094.87033547,104.7,1196.07,2026-10-08
CRA02400AYL,CRA,MINERVA S.A.,RIZA SECURITIZADORA S.A.,1ª,2029-11-16,105% do DI,127.3904,,114.9133,3.32,991.06389611,93.71,622.89,2026-10-08
CRA025008C3,CRA,Neomille S.A.,ECO SECURITIZADORA DE DIREITOS CREDITÓRIOS DO AGRONEGÓCIO S.A.,3ª,2032-12-15,105% do DI,,,,,,,,2026-10-08
CRA02500AC9,CRA,,ECO SECURITIZADORA DE DIREITOS CREDITÓRIOS DO AGRONEGÓCIO S.A.,1ª,2030-11-15,105% do DI,,,,,,,,2026-10-08
CRA02500AHT,CRA,C. Vale - Cooperativa Agroindustrial,ECO SECURITIZADORA DE DIREITOS CREDITÓRIOS DO AGRONEGÓCIO S.A.,1ª,2030-11-15,"105,5% do DI",,,,,,,,2026-10-08
CRA025005EI,CRA,GDM Genética do Brasil S.A.,ECO SECURITIZADORA DE DIREITOS CREDITÓRIOS DO AGRONEGÓCIO S.A.,2ª,2032-07-15,"105,75% do DI",,,,,,,,2026-10-08
23K0018802,CRI,MULTIPLAN EMPREENDIMENTOS IMOBILIÁRIOS S.A.,RIZA SECURITIZADORA S.A.,2ª,2031-01-15,106% do DI,99.2508,101.2833,96.95,0.77,1055.23796338,102.11,666.28,2026-10-08
CRA025006NA,CRA,Lar Cooperativa Agroindustrial,ECO SECURITIZADORA DE DIREITOS CREDITÓRIOS DO AGRONEGÓCIO S.A.,1ª,2030-08-15,106% do DI,113.8606,,112.0,2.26,984.55379559,97.56,677.2,2026-10-08
23K0019201,CRI,DIRECIONAL ENGENHARIA S.A.,TRUE SECURITIZADORA S/A,2ª,2028-11-16,"106,5% do DI",100.1711,102.2933,98.76,1.23,1072.46772264,101.33,452.01,2026-10-08
CRA026001JL,CRA,Lar Cooperativa Agroindustrial,ECO SECURITIZADORA DE DIREITOS CREDITÓRIOS DO AGRONEGÓCIO S.A.,1ª,2031-03-15,"106,5% do DI",,,,,,,,2026-10-08
25H0243072,CRI,BTSA,RIZA SECURITIZADORA S.A.,2ª,2032-08-16,107% do DI,,,,,,,,2026-10-08
CRA02300NRL,CRA,BANCO BTG PACTUAL S.A.,OPEA SECURITIZADORA S/A,1ª,2033-11-16,107% do DI,98.0911,,,0.76,1110.59116305,104.97,1167.49,2026-10-08
CRA025003UZ,CRA,COOXUPÉ - COOPERATIVA REGIONAL DE,VERT COMPANHIA SECURITIZADORA,2ª,2030-06-17,"107,5% do DI",,,,,,,,2026-10-08
CRA02300CYQ,CRA,BANCO BTG PACTUAL S.A.,OPEA SECURITIZADORA S/A,1ª,2033-07-15,109% do DI,96.7455,,,0.68,1104.78092499,106.81,1155.25,2026-10-08
CRA02300HWH,CRA,BANCO BTG PACTUAL S.A.,OPEA SECURITIZADORA S/A,1ª,2033-09-15,109% do DI,98.28,100.81,96.3433,0.63,1071.75173336,106.17,1198.16,2026-10-08
24I1980390,CRI,MRV ENGENHARIA E PARTICIPAÇÕES S.A,OPEA SECURITIZADORA S/A,1ª,2029-10-15,110% do DI,130.4144,,126.0,0.31,1013.99198053,94.5,594.99,2026-10-08
25B3099731,CRI,IGUATEMI PPPH PARTICIPAÇÕES LTDA.,OPEA SECURITIZADORA S/A,1ª,2030-02-18,96% do DI,99.8608,102.31,96.8433,1.05,1005.63254152,98.75,705.4,2026-10-08
25D0012202,CRI,CYRELA BRAZIL REALTY S.A. EMPREENDIMENTOS,COMPANHIA PROVÍNCIA DE SECURITIZAÇÃO,1ª,2029-04-15,96% do DI,99.5555,,,0.4,1054.29188253,99.14,527.76,2026-10-08
25J4546988,CRI,CYRELA BRAZIL REALTY S.A. EMPREENDIMENTOS E,COMPANHIA PROVÍNCIA DE SECURITIZAÇÃO,1ª,2032-11-16,"96,5% do DI",,,,,,,,2026-10-08
25D0012203,CRI,CYRELA BRAZIL REALTY S.A. EMPREENDIMENTOS E PARTICIPAÇÕES,COMPANHIA PROVÍNCIA DE SECURITIZAÇÃO,2ª,2030-04-15,97% do DI,99.44,,97.5,1.59,1055.78626677,99.21,698.32,2026-10-08
26C3164285,CRI,Allos VI,OPEA SECURITIZADORA S/A,1ª,2031-03-12,97% do DI,100.2844,,,2.02,995.70416275,98.69,863.87,2026-10-08
26G0012801,CRI,Cury III,OPEA SECURITIZADORA S/A,1ª,2032-07-06,97% do DI,100.4977,,97.5,0.38,1010.49563934,98.4,985.13,2026-10-08
CRA025003PD,CRA,SÃO MARTINHO S.A.,VERT COMPANHIA SECURITIZADORA,1ª,2032-06-15,97% do DI,106.0044,,,0.45,997.85990672,95.75,1025.44,2026-10-08
24H1684874,CRI,SOCIEDADE BENEFICENTE ISRAELITA BRASILEIRA HOSPITAL ALBERT EINSTEIN,RIZA SECURITIZADORA S.A.,1ª,2029-08-17,"97,5% do DI",98.1166,100.34,96.0066,1.11,871.41393688,99.9,362.53,2026-10-08
24D2765586,CRI,CYRELA BRAZIL REALTY S.A.,COMPANHIA PROVÍNCIA DE SECURITIZAÇÃO,1ª,2028-04-15,98% do DI,98.9874,100.935,97.38,0.58,709.15020486,99.89,227.86,2026-10-08
25G3629974,CRI,PLANO E PLANO II,RIZA SECURITIZADORA S.A.,1ª,2030-07-15,98% do DI,106.1448,,104.5,2.06,1001.64625969,97.16,759.4,2026-10-08
25I0014209,CRI,Multiplan,OPEA SECURITIZADORA S/A,1ª,2035-09-19,98% do DI,,,,,,,,2026-10-08
CRA024004H5,CRA,SÃO MARTINHO S.A.,RIZA SECURITIZADORA S.A.,1ª,2027-04-12,98% do DI,99.0,100.7333,96.2666,1.22,1065.34258784,99.94,116.33,2026-10-08
25G3629975,CRI,PLANO E PLANO II,RIZA SECURITIZADORA S.A.,2ª,2031-07-15,99% do DI,107.3711,,104.5,2.62,995.16428115,96.51,908.64,2026-10-08
CRA025009Q2,CRA,Jalles Machado S.A.,ECO SECURITIZADORA DE DIREITOS CREDITÓRIOS DO AGRONEGÓCIO S.A.,1ª,2031-10-15,99% do DI,,,,,,,,2026-10-08
24E1393588,CRI,MULTIPLAN EMPREENDIMENTOS IMOBILIÁRIOS S.A.,RIZA SECURITIZADORA S.A.,1ª,2029-05-17,"99,5% do DI",99.0983,101.59,97.1233,0.47,1054.27689357,100.09,452.46,2026-10-08
CRA025008NB,CRA,Bem Brasil Alimentos S.A.,ECO SECURITIZADORA DE DIREITOS CREDITÓRIOS DO AGRONEGÓCIO S.A.,ª,2032-10-15,"DI + 0,33%",,,,,,,,2026-10-08
CRA024009Q2,CRA,MARFRIG GLOBAL FOODS S.A.,ECO SECURITIZADORA DE DIREITOS CREDITÓRIOS DO AGRONEGÓCIO S.A.,1ª,2031-10-15,"DI + 0,35%",3.1326,3.4435,2.8717,0.52,968.67891345,90.7,887.66,2026-10-08
22D1289009,CRI,CYRELA BRAZIL REALTY S.A.,OPEA SECURITIZADORA S/A,489ª,2027-06-15,"DI + 0,4%",0.3424,0.5401,0.2151,0.16,1045.29991194,100.04,160.0,2026-10-08
CRA02400AYN,CRA,MINERVA S.A.,RIZA SECURITIZADORA S.A.,3ª,2031-11-17,"DI + 0,4%",3.6004,4.4402,2.4402,0.61,942.23169683,89.19,905.99,2026-10-08
CRA02500003,CRA,BOA SAFRA SEMENTES S.A.,OPEA SECURITIZADORA S/A,2ª,2030-01-15,"DI + 0,4%",2.5533,,2.2501,0.13,975.86265237,94.51,667.91,2026-10-08
CRA0250018J,CRA,MARFRIG GLOBAL FOODS S.A.,ECO SECURITIZADORA DE DIREITOS CREDITÓRIOS DO AGRONEGÓCIO S.A.,3ª,2035-04-16,"DI + 0,4%",3.1411,,2.4486,0.62,943.43599502,88.32,1135.13,2026-10-08
CRA025007PT,CRA,SLC AGRÍCOLA S.A.,OPEA SECURITIZADORA S/A,1ª,2033-09-22,"DI + 0,4%",1.1726,1.6402,0.8,0.34,971.41230341,96.58,1139.57,2026-10-08
CRA025002S2,CRA,MINERVA S.A.,RIZA SECURITIZADORA S.A.,3ª,2032-04-15,"DI + 0,5%",3.7477,,,0.57,947.52568238,88.66,937.7,2026-10-08
23J0019601,CRI,Iguatemi,OPEA SECURITIZADORA S/A,1ª,2028-10-16,"DI + 0,55%",,,,,,,,2026-10-08
23K0018602,CRI,MULTIPLAN EMPREENDIMENTOS IMOBILIÁRIOS S.A.,RIZA SECURITIZADORA S.A.,1ª,2031-01-15,"DI + 0,6%",0.5027,,,0.09,1035.67430228,100.26,665.12,2026-10-08
24B0013201,CRI,SOMA,RIZA SECURITIZADORA S.A.,1ª,2028-02-15,"DI + 0,6%",,,,,,,,2026-10-08
23H1188857,CRI,RAIA DROGASIL S.A.,OPEA SECURITIZADORA S/A,2ª,2027-09-15,"DI + 0,65%",0.218,0.4235,0.0735,0.26,1013.08042174,100.39,225.11,2026-10-08
CRA02300RS5,CRA,CAMIL ALIMENTOS S.A.,ECO SECURITIZADORA DE DIREITOS CREDITÓRIOS DO AGRONEGÓCIO S.A.,1ª,2028-11-16,"DI + 0,65%",4.1155,4.2369,3.0456,0.82,995.39594651,94.13,448.91,2026-10-08
22C0023008,CRI,RAIA DROGASIL S.A.,OPEA SECURITIZADORA S/A,495ª,2027-03-08,"DI + 0,7%",0.2216,0.4269,0.0769,0.26,506.93441251,100.19,100.0,2026-10-08
23K0018401,CRI,DIRECIONAL ENGENHARIA S.A.,OPEA SECURITIZADORA S/A,1ª,2028-11-16,"DI + 0,7%",,,,,,,,2026-10-08
CRA02300GCY,CRA,IPIRANGA PRODUTOS DE PETRÓLEO S.A.,VERT COMPANHIA SECURITIZADORA,2ª,2027-07-16,"DI + 0,7%",0.3465,,,0.26,1035.20815881,100.25,179.02,2026-10-08
CRA025005V6,CRA,MINERVA S.A.,RIZA SECURITIZADORA S.A.,2ª,2033-07-15,"DI + 0,7%",3.4422,,2.5772,0.83,921.62817505,89.2,1055.52,2026-10-08
22E1325261,CRI,HYPERA S.A.,OPEA SECURITIZADORA S/A,1ª,2027-08-16,"DI + 0,75%",0.5164,0.7219,0.3385,0.1,1022.23851936,100.19,204.03,2026-10-08
22F0230096,CRI,RAIA DROGASIL S.A.,OPEA SECURITIZADORA S/A,1ª,2029-06-26,"DI + 0,75%",0.3032,0.4702,0.1369,0.23,1049.62794739,100.84,476.49,2026-10-08
22K0934871,CRI,BCBF PARTICIPAÇÕES S.A.,RIZA SECURITIZADORA S.A.,1ª,2027-12-15,"DI + 0,75%",14.4561,,10.5134,2.8,912.46790882,87.23,268.75,2026-10-08
22I0970801,CRI,NATURA COSMÉTICOS S.A.,RIZA SECURITIZADORA S.A.,1ª,2027-09-15,"DI + 0,8%",0.4561,0.5602,0.2102,0.17,1012.33622926,100.31,225.03,2026-10-08
22J0305579,CRI,DIAGNÓSTICOS DA AMÉRICA S.A.,VERT COMPANHIA SECURITIZADORA,1ª,2027-10-15,"DI + 0,8%",4.6315,6.4685,3.2259,0.21,1034.57407382,96.66,229.01,2026-10-08
CRA02300JG2,CRA,JBS S.A.,RIZA SECURITIZADORA S.A.,2ª,2028-09-15,"DI + 0,8%",0.5273,0.6585,0.2919,0.07,1014.08621761,100.48,440.44,2026-10-08
CRA02300NRM,CRA,BANCO BTG PACTUAL S.A.,OPEA SECURITIZADORA S/A,2ª,2033-11-16,"DI + 0,8%",0.0473,,,0.39,1094.5467145,103.5,1163.74,2026-10-08
CRA0240066F,CRA,BRF S.A.,ECO SECURITIZADORA DE DIREITOS CREDITÓRIOS DO AGRONEGÓCIO S.A.,1ª,2029-06-15,"DI + 0,8%",3.5115,,2.7435,0.1,986.34234572,94.28,557.53,2026-10-08
22E1315701,CRI,EVEN CONSTRUTORA E INCORPORADORA S.A.,OPEA SECURITIZADORA S/A,1ª,2028-09-18,"DI + 0,9%",1.3657,,,0.29,964.4608588,99.59,223.26,2026-10-08
23J1142031,CRI,YDUQS PARTICIPAÇÕES S.A.,OPEA SECURITIZADORA S/A,2ª,2028-10-13,"DI + 0,9%",0.975,,0.54,0.11,1069.78122384,99.9,329.03,2026-10-08
CRA022008NC,CRA,SOROCABA REFRESCOS S.A.,ECO SECURITIZADORA DE DIREITOS CREDITÓRIOS DO AGRONEGÓCIO S.A.,1ª,2029-08-15,"DI + 0,9%",,,,,,,,2026-10-08
CRA023000GP,CRA,"VAMOS LOCAÇÃO DE CAMINHÕES, MÁQUINAS E EQUIPAMENTOS S.A.",ECO SECURITIZADORA DE DIREITOS CREDITÓRIOS DO AGRONEGÓCIO S.A.,1ª,2028-01-17,"DI + 0,9%",3.9552,4.6381,3.0,0.05,998.38680041,96.58,293.46,2026-10-08
CRA024007K9,CRA,COOXUPÉ - COOPERATIVA REGIONAL DE CAFEICULTORES EM GUAXUPÉ LTDA.,VERT COMPANHIA SECURITIZADORA,1ª,2029-07-16,"DI + 0,9%",1.4481,1.6785,1.0452,0.07,1022.89642857,98.95,488.88,2026-10-08
22F0315398,CRI,LOCALIZA RENT A CAR S.A.,RIZA SECURITIZADORA S.A.,1ª,2027-06-07,"DI + 0,95%",0.5407,0.6835,0.3169,0.22,1052.91116573,100.25,153.68,2026-10-08
CRA024002MJ,CRA,MARFRIG GLOBAL FOODS S.A.,ECO SECURITIZADORA DE DIREITOS CREDITÓRIOS DO AGRONEGÓCIO S.A.,1ª,2029-03-15,"DI + 0,95%",3.4915,,2.88,0.12,957.65969368,94.88,531.69,2026-10-08
23H0027402,CRI,REDE D'OR SÃO LUIZ S.A.,OPEA SECURITIZADORA S/A,1ª,2028-08-15,DI + 1%,0.1432,0.3169,0.1251,0.09,1035.17066109,101.42,418.06,2026-10-08
CRA022006HJ,CRA,SÃO SALVADOR ALIMENTOS S.A.,ECO SECURITIZADORA DE DIREITOS CREDITÓRIOS DO AGRONEGÓCIO S.A.,1ª,2027-07-15,DI + 1%,1.2542,,,0.72,1032.10998896,99.82,181.73,2026-10-08
CRA022008C9,CRA,COMPANHIA DE LOCAÇÃO DAS AMÉRICAS,ECO SECURITIZADORA DE DIREITOS CREDITÓRIOS DO AGRONEGÓCIO S.A.,2ª,2028-09-15,DI + 1%,0.7458,1.0476,0.4981,0.07,1013.83514058,100.44,439.81,2026-10-08
CRA022008CB,CRA,JALLES MACHADO S.A.,ECO SECURITIZADORA DE DIREITOS CREDITÓRIOS DO AGRONEGÓCIO S.A.,1ª,2032-08-09,DI + 1%,1.6689,,1.4401,0.34,974.90185763,97.49,967.65,2026-10-08
23H1191899,CRI,RAIA DROGASIL S.A.,OPEA SECURITIZADORA S/A,3ª,2030-09-16,"DI + 1,1%",0.4,0.5666,0.2666,0.23,1029.45344616,101.98,710.91,2026-10-08
CRA024002S1,CRA,MINERVA S.A.,RIZA SECURITIZADORA S.A.,1ª,2029-03-15,"DI + 1,1%",3.1728,3.4639,2.25,1.2,967.11869541,95.81,531.32,2026-10-08
CRA02400AHV,CRA,CEREAL COMÉRCIO EXPORTAÇÃO E REPRESENTAÇÃO AGROPECUÁRIA S.A.,RIZA SECURITIZADORA S.A.,1ª,2029-11-16,"DI + 1,1%",1.7463,1.9652,1.2652,0.37,1042.89198889,98.44,620.25,2026-10-08
23F2455020,CRI,Assai,TRUE SECURITIZADORA S/A,3ª,2028-07-15,"DI + 1,15%",,,,,,,,2026-10-08
CRA023000MC,CRA,"VAMOS LOCAÇÃO DE CAMINHÕES, MÁQUINAS E EQUIPAMENTOS S.A.",ECO SECURITIZADORA DE DIREITOS CREDITÓRIOS DO AGRONEGÓCIO S.A.,2ª,2030-01-15,"DI + 1,2%",4.8509,5.5601,3.85,0.05,1461.03138128,89.19,814.0,2026-10-08
CRA024001P7,CRA,JSL S.A.,ECO SECURITIZADORA DE DIREITOS CREDITÓRIOS DO AGRONEGÓCIO S.A.,3ª,2031-02-17,"DI + 1,2%",4.7254,5.4401,3.8,0.1,931.33964622,91.22,670.04,2026-10-08
CRA024007Q4,CRA,SLC MÁQUINAS LTDA.,OPEA SECURITIZADORA S/A,2ª,2031-08-15,"DI + 1,2%",1.3957,1.7035,1.0035,0.25,1015.71535851,99.49,674.82,2026-10-08
23C0247388,CRI,LOCALIZA RENT A CAR S.A.,RIZA SECURITIZADORA S.A.,1ª,2028-03-10,"DI + 1,25%",0.559,,,0.19,1020.39323794,100.9,331.38,2026-10-08
23G0009601,CRI,DIMED S.A.,OPEA SECURITIZADORA S/A,1ª,2028-07-27,"DI + 1,3%",,,,,,,,2026-10-08
23C0247702,CRI,LOCALIZA RENT A CAR S.A.,RIZA SECURITIZADORA S.A.,2ª,2030-03-11,"DI + 1,4%",0.3676,,,0.04,1040.6881171,102.9,705.01,2026-10-08
CRA022008NF,CRA,IRANI PAPEL E EMBALAGEM S.A.,ECO SECURITIZADORA DE DIREITOS CREDITÓRIOS DO AGRONEGÓCIO S.A.,1ª,2027-08-16,"DI + 1,4%",1.0095,1.3976,0.6067,0.14,1024.4727091,100.31,203.67,2026-10-08
CRA023002GX,CRA,INTEGRADA COOPERATIVA AGROINDUSTRIAL,ECO SECURITIZADORA DE DIREITOS CREDITÓRIOS DO AGRONEGÓCIO S.A.,1ª,2028-05-15,"DI + 1,4%",,,,,,,,2026-10-08
23J1127308,CRI,MOVIDA PARTICIPAÇÕES S.A.,OPEA SECURITIZADORA S/A,1ª,2028-10-16,"DI + 1,45%",4.9696,5.0126,,0.13,1013.63374667,94.41,423.27,2026-10-08
22C1235206,CRI,HAVAN S.A.,OPEA SECURITIZADORA S/A,463ª,2027-04-27,"DI + 1,5%",0.72,1.0164,0.6914,0.36,1009.09898846,100.4,129.24,2026-10-08
23I1257218,CRI,JSL S.A.,OPEA SECURITIZADORA S/A,2ª,2030-09-16,"DI + 1,5%",,,,,,,,2026-10-08
CRA0220080Y,CRA,NEOMILLE S.A.,ECO SECURITIZADORA DE DIREITOS CREDITÓRIOS DO AGRONEGÓCIO S.A.,1ª,2028-04-03,"DI + 1,5%",2.0138,2.6269,1.6467,0.33,430.18117972,99.55,226.88,2026-10-08
CRA02300G7E,CRA,MARFRIG GLOBAL FOODS S.A.,ECO SECURITIZADORA DE DIREITOS CREDITÓRIOS DO AGRONEGÓCIO S.A.,2ª,2028-08-15,"DI + 1,5%",3.2336,3.4735,2.7902,0.46,993.27116138,97.25,415.28,2026-10-08
CRA02300MJ9,CRA,MINERVA S.A.,RIZA SECURITIZADORA S.A.,1ª,2028-09-15,"DI + 1,5%",2.3908,2.7276,1.3026,0.22,994.52972598,98.5,437.68,2026-10-08
CRA024003UY,CRA,LAR COOPERATIVA AGROINDUSTRIAL,ECO SECURITIZADORA DE DIREITOS CREDITÓRIOS DO AGRONEGÓCIO S.A.,2ª,2029-04-16,"DI + 1,55%",1.7034,2.1752,1.1752,0.07,1007.11331121,99.74,436.67,2026-10-08
CRA0240020A,CRA,VICUNHA TÊXTIL S.A.,RIZA SECURITIZADORA S.A.,1ª,2029-02-15,"DI + 1,6%",,,,,,,,2026-10-08
CRA0240099E,CRA,VALE DO TIJUCO AÇÚCAR E ÁLCOOL S.A.,ECO SECURITIZADORA DE DIREITOS CREDITÓRIOS DO AGRONEGÓCIO S.A.,1ª,2034-10-16,"DI + 1,6%",2.7892,,2.45,0.63,1027.02303757,95.59,967.96,2026-10-08
CRA025009KJ,CRA,Salton,OPEA SECURITIZADORA S/A,1ª,2031-12-09,"DI + 1,6%",,,,,,,,2026-10-08
24A2720884,CRI,DIAGNÓSTICAS DA AMÉRICA S.A.,VERT COMPANHIA SECURITIZADORA,1ª,2029-01-15,"DI + 1,63%",4.602,6.0583,3.155,1.21,979.45295247,94.59,485.22,2026-10-08
22L1465644,CRI,ÂNIMA HOLDING S.A.,RIZA SECURITIZADORA S.A.,1ª,2027-12-15,"DI + 1,65%",2.8606,3.5,1.75,0.47,997.04296262,98.73,271.09,2026-10-08
CRA0230073L,CRA,J. MACÊDO S.A.,RIZA SECURITIZADORA S.A.,1ª,2028-04-17,"DI + 1,65%",,,,,,,,2026-10-08
23F0012002,CRI,LOG COMMERCIAL PROPERTIES E PARTICIPAÇÕES S.A.,OPEA SECURITIZADORA S/A,1ª,2028-06-26,"DI + 1,7%",1.1031,,0.7041,0.12,674.12489118,100.65,278.74,2026-10-08
23L2043099,CRI,Unidas,OPEA SECURITIZADORA S/A,1ª,2028-12-15,"DI + 1,7%",,,,,,,,2026-10-08
CRA02300VBT,CRA,UNIDAS LOCAÇÕES E SERVIÇOS S.A.,OPEA SECURITIZADORA S/A,1ª,2028-12-15,"DI + 1,7%",1.1315,1.3702,0.5702,0.08,1060.27499762,101.05,467.92,2026-10-08
CRA022008NH,CRA,IRANI PAPEL E EMBALAGEM S.A.,ECO SECURITIZADORA DE DIREITOS CREDITÓRIOS DO AGRONEGÓCIO S.A.,2ª,2029-08-15,"DI + 1,75%",0.9377,1.1201,0.5576,0.06,1038.447738,101.63,508.67,2026-10-08
CRA0230012X,CRA,VALE DO PONTAL AÇÚCAR E ETANOL S.A.,ECO SECURITIZADORA DE DIREITOS CREDITÓRIOS DO AGRONEGÓCIO S.A.,1ª,2031-02-17,"DI + 1,8%",,,,,,,,2026-10-08
CRA0240005N,CRA,CEREAL COMÉRCIO EXPORTAÇÃO E REPRESENTAÇÃO AGROPECUÁRIA S.A.,RIZA SECURITIZADORA S.A.,1ª,2029-01-15,"DI + 1,8%",1.9401,2.0252,1.2252,0.18,1034.36205124,99.85,281.67,2026-10-08
24K0003002,CRI,PATRIMAR ENGENHARIA S.A.,RIZA SECURITIZADORA S.A.,1ª,2029-11-23,"DI + 1,95%",,,,,,,,2026-10-08
CRA02300Q8I,CRA,CAPAL COOPERATIVA AGROINDUSTRIAL,OPEA SECURITIZADORA S/A,1ª,2029-05-17,"DI + 1,95%",,,,,,,,2026-10-08
23H1023846,CRI,BR PROPERTIES S.A.,OPEA SECURITIZADORA S/A,1ª,2031-08-15,DI + 2%,,,,,,,,2026-10-08
23J1333602,CRI,PATRIMAR ENGENHARIA S.A.,RIZA SECURITIZADORA S.A.,1ª,2028-10-20,DI + 2%,,,,,,,,2026-10-08
CRA022001P6,CRA,USINA BATATAIS S.A.,RIZA SECURITIZADORA S.A.,1ª,2028-04-20,DI + 2%,1.5995,,,0.23,1011.9037836,100.54,344.92,2026-10-08
CRA022008C2,CRA,VICUNHA TÊXTIL S.A.,RIZA SECURITIZADORA S.A.,2ª,2027-08-16,DI + 2%,5.498,,4.1069,2.15,497.38194893,97.32,203.18,2026-10-08
CRA02300S8P,CRA,FS INDÚSTRIA DE BIOCOMBUSTÍVEIS LTDA.,ECO SECURITIZADORA DE DIREITOS CREDITÓRIOS DO AGRONEGÓCIO S.A.,2ª,2030-06-17,DI + 2%,4.1882,4.4635,3.6363,0.15,950.91539058,94.15,712.46,2026-10-08
CRA024000B7,CRA,FS INDÚSTRIA DE BIOCOMBUSTÍVEIS LTDA.,ECO SECURITIZADORA DE DIREITOS CREDITÓRIOS DO AGRONEGÓCIO S.A.,2ª,2030-07-15,DI + 2%,4.11,4.7261,3.5829,0.1,952.06722074,94.26,723.77,2026-10-08
CRA02300BQD,CRA,GJA INDÚSTRIAS S.A.,RIZA SECURITIZADORA S.A.,1ª,2029-07-16,"DI + 2,25%",,,,,,,,2026-10-08
CRA025000MJ,CRA,Integrada Cooperativa Agroindustrial,ECO SECURITIZADORA DE DIREITOS CREDITÓRIOS DO AGRONEGÓCIO S.A.,2ª,2029-05-15,"DI + 2,35%",,,,,,,,2026-10-08
22L1212138,CRI,LAR COOPERATIVA AGROINDUSTRIAL,HABITASEC SECURITIZADORA S.A.,2ª,2034-12-19,"DI + 2,45%",,,,,,,,2026-10-08
CRA02300KZL,CRA,FLORA PRODUTOS DE HIGIENE E LIMPEZA S.A.,OPEA SECURITIZADORA S/A,1ª,2029-10-15,"DI + 2,5%",,,,,,,,2026-10-08
CRA02300795,CRA,FS INDÚSTRIA DE BIOCOMBUSTÍVEIS LTDA.,ECO SECURITIZADORA DE DIREITOS CREDITÓRIOS DO AGRONEGÓCIO S.A.,1ª,2029-10-15,"DI + 2,9%",4.2463,4.8301,3.9001,0.17,979.55252644,96.92,604.46,2026-10-08
CRA02300CCH,CRA,FS INDÚSTRIA DE BIOCOMBUSTÍVEIS LTDA.,ECO SECURITIZADORA DE DIREITOS CREDITÓRIOS DO AGRONEGÓCIO S.A.,1ª,2029-12-17,"DI + 2,9%",4.1907,4.7417,3.9001,0.15,979.51911423,96.92,630.94,2026-10-08
CRA0250040I,CRA,Natural One S.A,ECO SECURITIZADORA DE DIREITOS CREDITÓRIOS DO AGRONEGÓCIO S.A.,1ª,2029-06-15,"DI + 2,9%",5.4151,,3.75,1.88,1017.71622986,96.62,357.04,2026-10-08
CRA0220099D,CRA,CENTRAL CRESOL BASER,ECO SECURITIZADORA DE DIREITOS CREDITÓRIOS DO AGRONEGÓCIO S.A.,1ª,2027-12-15,"DI + 2,95%",,,,,,,,2026-10-08
CRA023003JX,CRA,OLFAR S.A.,RIZA SECURITIZADORA S.A.,1ª,2029-03-15,DI + 3%,2.1782,,,0.04,729.17862933,101.0,314.33,2026-10-08
CRA0240086H,CRA,DISTRIBUIDORA DE PRODUTOS DE PETRÓLEO CHARRUA LTDA.,OPEA SECURITIZADORA S/A,1ª,2029-08-23,DI + 3%,3.2236,3.4385,,0.14,1002.52300435,99.57,506.02,2026-10-08
CRA0250012Y,CRA,FS FLORESTAL S.A.,ECO SECURITIZADORA DE DIREITOS CREDITÓRIOS DO AGRONEGÓCIO S.A.,2ª,2031-03-17,DI + 3%,4.3331,,3.5434,0.23,969.87163421,95.96,804.66,2026-10-08
CRA022000RU,CRA,MADERO INDÚSTRIA E COMÉRCIO S.A.,ECO SECURITIZADORA DE DIREITOS CREDITÓRIOS DO AGRONEGÓCIO S.A.,2ª,2027-03-15,"DI + 3,5%",3.2685,,,0.19,141.14315222,100.05,53.47,2026-10-08
CRA024002MM,CRA,USINA SANTA FÉ S.A.,ECO SECURITIZADORA DE DIREITOS CREDITÓRIOS DO AGRONEGÓCIO S.A.,1ª,2029-12-17,DI + 4%,3.1351,,,0.48,895.51884772,101.19,359.39,2026-10-08
CRA02400ECU,CRA,USINA CORURIPE AÇÚCAR E ÁLCOOL S.A.,ECO SECURITIZADORA DE DIREITOS CREDITÓRIOS DO AGRONEGÓCIO S.A.,5ª,2030-11-25,"DI + 4,1%",4.7386,5.0519,4.6185,0.24,4997.40303761,98.97,425.21,2026-10-08
CRA023001JL,CRA,PISANI PLÁSTICOS S.A.,ECO SECURITIZADORA DE DIREITOS CREDITÓRIOS DO AGRONEGÓCIO S.A.,1ª,2029-02-20,DI + 5%,,,,,,,,2026-10-08
CRA02300KOH,CRA,TECSOIL AUTOMAÇÃO E SISTEMAS S.A.,OPEA SECURITIZADORA S/A,1ª,2028-10-16,"DI + 5,5%",3.0786,3.85,2.25,0.0,717.79964226,102.1,226.96,2026-10-08
CRA02300JR6,CRA,RAÍZEN ENERGIA S.A.,TRUE SECURITIZADORA S/A,2ª,2033-10-17,IPCA + 0%,,,,,484.85502671,42.63,,2026-10-08
CRA019003JY,CRA,KLABIN S.A.,VERT COMPANHIA SECURITIZADORA,1ª,2029-06-15,"IPCA + 3,5%",6.8159,6.9886,6.5769,0.15,1414.74137439,95.05,402.97,2026-10-08
CRA019003V3,CRA,RAÍZEN ENERGIA S.A.,OPEA SECURITIZADORA S/A,2ª,2029-07-16,"IPCA + 3,602%",,,,,686.37789507,46.86,,2026-10-08
CRA021000MG,CRA,M. DIAS BRANCO S.A. INDÚSTRIA E COMÉRCIO DE ALIMENTOS,RIZA SECURITIZADORA S.A.,1ª,2028-03-15,"IPCA + 3,7992%",7.526,7.6719,7.1898,0.2,1304.17257577,95.2,350.97,2026-10-08
CRA021000MH,CRA,M. DIAS BRANCO S.A. INDÚSTRIA E COMÉRCIO DE ALIMENTOS,RIZA SECURITIZADORA S.A.,2ª,2031-03-15,"IPCA + 4,1369%",7.9252,7.9343,7.4095,0.45,1223.51685916,89.3,793.95,2026-10-08
CRA02100002,CRA,COCAL COMÉRCIO INDÚSTRIA CANAÃ AÇÚCAR E ÁLCOOL LTDA.,RIZA SECURITIZADORA S.A.,2ª,2028-02-15,"IPCA + 4,2095%",8.2735,,6.3093,0.61,619.40247149,97.36,175.1,2026-10-08
CRA021000MB,CRA,COLOMBO AGROINDÚSTRIA S.A.,ECO SECURITIZADORA DE DIREITOS CREDITÓRIOS DO AGRONEGÓCIO S.A.,1ª,2027-03-15,"IPCA + 4,4474%",7.9998,8.7332,7.021,0.78,672.75098041,98.62,105.0,2026-10-08
CRA021001PQ,CRA,MARFRIG GLOBAL FOODS S.A.,OPEA SECURITIZADORA S/A,1ª,2028-07-15,"IPCA + 4,5%",12.4945,,11.6571,0.66,1178.63144691,88.3,424.54,2026-10-08
CRA019001E7,CRA,KLABIN S.A.,VERT COMPANHIA SECURITIZADORA,2ª,2029-03-15,"IPCA + 4,5081%",6.7559,7.0322,6.5269,0.11,1474.02785018,97.17,338.72,2026-10-08
CRA021001VA,CRA,MARFRIG GLOBAL FOODS S.A.,OPEA SECURITIZADORA S/A,2ª,2031-07-15,"IPCA + 4,6%",12.292,,10.2395,0.79,1050.51606464,78.69,840.15,2026-10-08
21G0065100,CRI,ALIANSCE SONAE SHOPPING CENTERS S.A.,RB CAPITAL INVESTIMENTOS DTVM LTDA,347ª,2028-07-17,"IPCA + 4,6197%",7.5211,,,0.2,1270.4552508,95.5,423.91,2026-10-08
CRA0210013B,CRA,BRF S.A.,VERT COMPANHIA SECURITIZADORA,1ª,2031-05-15,"IPCA + 4,7843%",11.5346,,10.7813,1.41,1063.63574001,77.77,1003.59,2026-10-08
CRA021001KB,CRA,COMPANHIA DE LOCAÇÃO DAS AMÉRICAS,ECO SECURITIZADORA DE DIREITOS CREDITÓRIOS DO AGRONEGÓCIO S.A.,1ª,2031-07-15,"IPCA + 4,825%",7.7666,8.1167,7.4373,0.61,1221.92910714,91.04,850.1,2026-10-08
CRA021002SO,CRA,IPIRANGA PRODUTOS DE PETRÓLEO S.A.,VERT COMPANHIA SECURITIZADORA,1ª,2028-09-15,"IPCA + 4,8287%",7.4991,8.0557,7.2973,0.51,1250.31378356,95.44,467.31,2026-10-08
21D0737500,CRI,DIRECIONAL ENGENHARIA S.A.,OPEA SECURITIZADORA S/A,371ª,2028-04-17,"IPCA + 4,8444%",7.4959,7.802,7.2089,0.33,882.36938003,97.6,244.22,2026-10-08
21D0862572,CRI,REDE D'OR SÃO LUIZ S.A.,OPEA SECURITIZADORA S/A,324ª,2036-05-15,"IPCA + 4,9347%",7.7497,,7.3516,0.23,1148.34239266,83.45,1696.65,2026-10-08
21H1078699,CRI,SENDAS DISTRIBUIDORA S.A.,OPEA SECURITIZADORA S/A,428ª,2028-10-16,"IPCA + 5,1531%",10.5921,10.7677,10.2236,0.36,1198.50959861,90.96,472.6,2026-10-08
21H1078700,CRI,SENDAS DISTRIBUIDORA S.A.,OPEA SECURITIZADORA S/A,429ª,2031-10-15,"IPCA + 5,2662%",11.2025,11.5177,10.2233,0.16,1087.89064576,82.52,871.47,2026-10-08
CRA020002GZ,CRA,BRF S.A.,VERT COMPANHIA SECURITIZADORA,1ª,2027-07-15,"IPCA + 5,3%",11.0693,,10.6269,0.3,1402.50965647,96.12,186.76,2026-10-08
21D0694886,CRI,CONSTRUTORA TENDA S.A.,OPEA SECURITIZADORA S/A,378ª,2028-04-17,"IPCA + 5,3621%",9.5347,,,0.79,890.54236067,96.35,239.81,2026-10-08
CRA021002NF,CRA,PETROBRAS DISTRIBUIDORA S.A.,RIZA SECURITIZADORA S.A.,1ª,2031-09-15,"IPCA + 5,3995%",7.9142,8.3641,7.7607,0.1,1203.27209829,91.9,899.19,2026-10-08
CRA020001P7,CRA,RAÍZEN ENERGIA S.A.,OPEA SECURITIZADORA S/A,1ª,2027-06-15,"IPCA + 5,4%",,,,,619.08904837,43.51,,2026-10-08
CRA021000RX,CRA,MINERVA S.A.,RIZA SECURITIZADORA S.A.,1ª,2028-04-17,"IPCA + 5,5034%",12.1854,,10.4842,0.36,1271.75009124,91.6,359.17,2026-10-08
21I0278118,CRI,LOG COMMERCIAL PROPERTIES E PARTICIPAÇÕES S.A.,RIZA SECURITIZADORA S.A.,362ª,2028-09-15,"IPCA + 5,5212%",10.3926,,9.6514,1.04,615.86449678,93.99,344.58,2026-10-08
21K0001806,CRI,REDE D'OR SÃO LUIZ S.A.,OPEA SECURITIZADORA S/A,396ª,2031-12-15,"IPCA + 5,5758%",7.7099,7.891,7.3944,0.14,1199.36495779,92.91,921.3,2026-10-08
CRA021000RY,CRA,MINERVA S.A.,RIZA SECURITIZADORA S.A.,39ª,2031-04-15,"IPCA + 5,578%",11.2349,11.7011,10.0366,1.21,1182.46793399,85.14,767.81,2026-10-08
CRA020002H1,CRA,BRF S.A.,VERT COMPANHIA SECURITIZADORA,2ª,2030-07-15,"IPCA + 5,6%",11.8758,12.0129,10.1536,0.48,1263.37398627,86.53,625.25,2026-10-08
CRA022002Y1,CRA,NORSA REFRIGERANTES S.A.,RIZA SECURITIZADORA S.A.,1ª,2027-03-15,"IPCA + 5,685%",7.1043,7.5177,6.9599,0.26,606.35663636,99.45,105.0,2026-10-08
CRA020003PY,CRA,"VAMOS LOCAÇÃO DE CAMINHÕES, MÁQUINAS E EQUIPAMENTOS S.A.",ECO SECURITIZADORA DE DIREITOS CREDITÓRIOS DO AGRONEGÓCIO S.A.,1ª,2030-11-18,"IPCA + 5,7315%",11.8053,12.6584,11.1972,0.18,1233.50859136,85.71,688.08,2026-10-08
21K0001812,CRI,ULTRA SOM SERVIÇOS MÉDICOS S.A.,RIZA SECURITIZADORA S.A.,378ª,2031-12-15,"IPCA + 5,7505%",20.1661,22.2979,17.781,0.4,775.40384926,60.33,964.16,2026-10-08
CRA021002YA,CRA,CARAMURU ALIMENTOS S.A.,ECO SECURITIZADORA DE DIREITOS CREDITÓRIOS DO AGRONEGÓCIO S.A.,1ª,2027-09-15,"IPCA + 5,7641%",,,,,,,,2026-10-08
CRA020001P8,CRA,RAÍZEN ENERGIA S.A.,TRUE SECURITIZADORA S/A,2ª,2030-06-17,"IPCA + 5,8%",,,,,638.14669209,44.81,,2026-10-08
22D1289007,CRI,REDE D'OR SÃO LUIZ S.A.,OPEA SECURITIZADORA S/A,508ª,2029-06-15,"IPCA + 5,83%",7.4434,,7.0551,0.27,1174.39498209,96.36,617.53,2026-10-08
22D1289010,CRI,CYRELA BRAZIL REALTY S.A.,OPEA SECURITIZADORA S/A,490ª,2027-06-15,"IPCA + 5,9068%",7.142,,6.6971,0.76,1231.02460617,99.25,164.47,2026-10-08
CRA022002Y2,CRA,NORSA REFRIGERANTES S.A.,RIZA SECURITIZADORA S.A.,2ª,2029-03-15,"IPCA + 5,9169%",7.827,8.2321,7.448,0.45,1180.57719618,96.8,458.42,2026-10-08
CRA022006N5,CRA,IPIRANGA PRODUTOS DE PETRÓLEO S.A.,VERT COMPANHIA SECURITIZADORA,1ª,2032-06-15,"IPCA + 6,0053%",7.5373,8.0959,7.055,0.5,1149.2269533,94.4,1009.13,2026-10-08
22D1289008,CRI,REDE D'OR SÃO LUIZ S.A.,OPEA SECURITIZADORA S/A,509ª,2032-06-15,"IPCA + 6,01%",7.5536,7.6186,7.276,0.22,1150.64889137,94.36,1008.96,2026-10-08
CRA022002Y3,CRA,NORSA REFRIGERANTES S.A.,RIZA SECURITIZADORA S.A.,3ª,2032-03-15,"IPCA + 6,0392%",7.9031,,7.6332,0.54,1139.93143476,93.46,975.09,2026-10-08
21K0001807,CRI,REDE D'OR SÃO LUIZ S.A.,OPEA SECURITIZADORA S/A,397ª,2036-12-15,"IPCA + 6,1017%",7.8353,8.0021,7.5846,0.15,1155.54356472,89.38,1726.82,2026-10-08
22K0001201,CRI,PETRÓLEO BRASILEIRO S.A. - PETROBRAS,OPEA SECURITIZADORA S/A,1ª,2030-04-15,"IPCA + 6,2%",6.5558,6.7395,6.3373,0.34,1220.65358423,98.95,792.18,2026-10-08
23H0027403,CRI,REDE D'OR SÃO LUIZ S.A.,OPEA SECURITIZADORA S/A,2ª,2030-08-15,"IPCA + 6,2%",7.7225,7.9266,7.4476,0.11,1105.58093429,95.24,861.34,2026-10-08
CRA022006MY,CRA,Dexco S.A.,ECO SECURITIZADORA DE DIREITOS CREDITÓRIOS DO AGRONEGÓCIO S.A.,2ª,2032-06-15,"IPCA + 6,2%",,,,,,,,2026-10-08
22K0001203,CRI,PETRÓLEO BRASILEIRO S.A. - PETROBRAS,OPEA SECURITIZADORA S/A,2ª,2032-11-16,"IPCA + 6,25%",6.6853,6.8852,,0.25,1238.87278776,98.0,1244.87,2026-10-08
22E1325262,CRI,HYPERA S.A.,OPEA SECURITIZADORA S/A,2ª,2029-08-15,"IPCA + 6,279%",8.161,8.3996,7.6978,0.24,1152.92985396,95.52,656.96,2026-10-08
CRA021002YF,CRA,J. MACÊDO S.A.,ECO SECURITIZADORA DE DIREITOS CREDITÓRIOS DO AGRONEGÓCIO S.A.,1ª,2026-11-16,"IPCA + 6,3071%",,,,,,,,2026-10-08
CRA02300S35,CRA,CAMIL ALIMENTOS S.A.,ECO SECURITIZADORA DE DIREITOS CREDITÓRIOS DO AGRONEGÓCIO S.A.,2ª,2030-11-18,"IPCA + 6,3416%",11.8576,12.1069,11.5464,0.74,997.99378957,85.29,786.1,2026-10-08
22C1362141,CRI,MATEUS SUPERMERCADOS S.A.,OPEA SECURITIZADORA S/A,1ª,2034-07-17,"IPCA + 6,3423%",10.0464,,9.456,0.73,837.60908636,89.54,792.72,2026-10-08
22B0004808,CRI,CSN CIMENTOS S.A.,RIZA SECURITIZADORA S.A.,417ª,2032-02-16,"IPCA + 6,3893%",16.4131,19.0639,13.1442,0.11,895.23001901,71.54,916.94,2026-10-08
CRA022008N6,CRA,JBS S.A.,RIZA SECURITIZADORA S.A.,2ª,2032-09-15,"IPCA + 6,3919%",8.0954,,,0.4,1130.35034765,93.49,1064.2,2026-10-08
22K0001204,CRI,PETRÓLEO BRASILEIRO S.A. - PETROBRAS,OPEA SECURITIZADORA S/A,3ª,2037-11-16,"IPCA + 6,4%",,,,,,,,2026-10-08
24B0013203,CRI,CIDADE MARAVILHOSA INDÚSTRIA E COMÉRCIO DE ROUPAS S.A.,RIZA SECURITIZADORA S.A.,3ª,2030-02-15,"IPCA + 6,4%",12.042,,12.021,0.96,991.52481515,87.49,648.11,2026-10-08
CRA02300CYS,CRA,BANCO BTG PACTUAL S.A.,OPEA SECURITIZADORA S/A,3ª,2033-07-15,"IPCA + 6,4338%",,,,,,,,2026-10-08
22E1325264,CRI,HYPERA S.A.,OPEA SECURITIZADORA S/A,3ª,2032-08-16,"IPCA + 6,4451%",8.2733,8.4702,8.0321,0.22,1124.87367754,93.18,1041.35,2026-10-08
CRA024001P6,CRA,JSL S.A.,ECO SECURITIZADORA DE DIREITOS CREDITÓRIOS DO AGRONEGÓCIO S.A.,2ª,2031-02-17,"IPCA + 6,4527%",13.1835,13.5812,12.0512,0.38,945.83781566,83.35,739.7,2026-10-08
22E1095384,CRI,MRV ENGENHARIA E PARTICIPAÇÕES S.A.,OPEA SECURITIZADORA S/A,1ª,2030-09-16,"IPCA + 6,4802%",11.8884,,,0.87,1048.23596668,87.68,663.05,2026-10-08
21J0001208,CRI,TENDA ATACADO S.A.,RIZA SECURITIZADORA S.A.,306ª,2026-10-15,"IPCA + 6,4803%",11.7368,,11.1854,0.41,441.42347245,99.92,4.0,2026-10-08
22F0009804,CRI,DIRECIONAL ENGENHARIA S.A.,OPEA SECURITIZADORA S/A,1ª,2032-06-15,"IPCA + 6,4899%",8.0094,8.1967,7.6856,0.09,1150.64132059,94.52,998.19,2026-10-08
22F0009409,CRI,GJA INDÚSTRIAS S.A.,RIZA SECURITIZADORA S.A.,1ª,2029-06-15,"IPCA + 6,5%",11.8673,,,0.04,1086.49759101,90.63,502.0,2026-10-08
CRA022003JT,CRA,BEM BRASIL ALIMENTOS S.A.,ECO SECURITIZADORA DE DIREITOS CREDITÓRIOS DO AGRONEGÓCIO S.A.,1ª,2029-05-15,"IPCA + 6,5348%",,,,,,,,2026-10-08
CRA022004MS,CRA,"VAMOS LOCAÇÃO DE CAMINHÕES, MÁQUINAS E EQUIPAMENTOS S.A.",ECO SECURITIZADORA DE DIREITOS CREDITÓRIOS DO AGRONEGÓCIO S.A.,1ª,2032-05-17,"IPCA + 6,5473%",13.3368,13.4078,11.9003,0.17,971.09263736,78.9,949.08,2026-10-08
23H0027404,CRI,REDE D'OR SÃO LUIZ S.A.,OPEA SECURITIZADORA S/A,3ª,2033-08-15,"IPCA + 6,55%",7.8135,8.0501,7.612,0.12,1096.70380789,94.43,1219.7,2026-10-08
CRA022008NB,CRA,RAÍZEN ENERGIA S.A.,OPEA SECURITIZADORA S/A,1ª,2032-08-16,"IPCA + 6,5885%",,,,,582.40949794,48.1,,2026-10-08
22B0006022,CRI,MRV ENGENHARIA E PARTICIPAÇÕES S.A.,RIZA SECURITIZADORA S.A.,442ª,2029-02-15,"IPCA + 6,5954%",12.2927,,11.5379,1.24,1146.57031183,91.39,433.81,2026-10-08
CRA024004SA,CRA,JBS S.A.,RIZA SECURITIZADORA S.A.,2ª,2034-05-15,"IPCA + 6,5975%",8.37,9.1295,7.7709,0.41,1034.89903635,90.76,1468.69,2026-10-08
22J0306937,CRI,DIAGNÓSTICOS DA AMÉRICA S.A.,VERT COMPANHIA SECURITIZADORA,2ª,2029-10-15,"IPCA + 6,6%",11.8267,12.1854,10.2346,0.9,1088.43313993,88.02,667.92,2026-10-08
CRA02300G7F,CRA,MARFRIG GLOBAL FOODS S.A.,ECO SECURITIZADORA DE DIREITOS CREDITÓRIOS DO AGRONEGÓCIO S.A.,3ª,2030-08-15,"IPCA + 6,6%",12.1565,12.2822,11.4519,0.42,978.78882678,84.2,847.16,2026-10-08
CRA022008C7,CRA,COMPANHIA DE LOCAÇÃO DAS AMÉRICAS,ECO SECURITIZADORA DE DIREITOS CREDITÓRIOS DO AGRONEGÓCIO S.A.,1ª,2028-09-15,"IPCA + 6,6018%",7.5353,8.0541,7.4334,0.28,1189.10806048,98.42,461.67,2026-10-08
CRA022007KI,CRA,COCAL COMÉRCIO INDÚSTRIA CANAÃ AÇÚCAR E ÁLCOOL LTDA.,RIZA SECURITIZADORA S.A.,1ª,2030-08-15,"IPCA + 6,6234%",9.5928,10.115,,0.7,1116.95546136,93.18,645.17,2026-10-08
CRA02300JG3,CRA,JBS S.A.,RIZA SECURITIZADORA S.A.,3ª,2030-09-16,"IPCA + 6,6441%",8.1061,,,0.17,1098.31700714,95.37,876.71,2026-10-08
CRA022008N7,CRA,JBS S.A.,RIZA SECURITIZADORA S.A.,3ª,2037-09-15,"IPCA + 6,6614%",8.3874,8.9122,7.915,0.75,1075.81226723,88.96,1813.52,2026-10-08
CRA022000XF,CRA,MARFRIG GLOBAL FOODS S.A.,ECO SECURITIZADORA DE DIREITOS CREDITÓRIOS DO AGRONEGÓCIO S.A.,3ª,2032-01-15,"IPCA + 6,663%",11.9284,11.9731,11.2334,0.58,1065.03211889,83.88,908.42,2026-10-08
CRA02300JG4,CRA,JBS S.A.,RIZA SECURITIZADORA S.A.,4ª,2033-09-15,"IPCA + 6,6634%",8.2682,,,0.2,1070.07078888,92.91,1234.44,2026-10-08
24F1277567,CRI,DIRECIONAL ENGENHARIA S.A.,OPEA SECURITIZADORA S/A,2ª,2031-07-15,"IPCA + 6,6747%",7.9694,8.1601,7.6838,0.16,1071.66770287,95.65,927.34,2026-10-08
23L1737622,CRI,REDE D'OR SÃO LUIZ S.A.,OPEA SECURITIZADORA S/A,1ª,2033-12-15,"IPCA + 6,6941%",,,,,,,,2026-10-08
22G1414303,CRI,SENDAS DISTRIBUIDORA S.A.,OPEA SECURITIZADORA S/A,3ª,2029-09-17,"IPCA + 6,7%",10.9126,,,0.18,1107.63222872,91.65,565.16,2026-10-08
CRA022008ND,CRA,RAÍZEN ENERGIA S.A.,OPEA SECURITIZADORA S/A,2ª,2037-08-17,"IPCA + 6,7382%",,,,,552.07441206,45.56,,2026-10-08
CRA0240066J,CRA,SLC AGRICOLA II,RIZA SECURITIZADORA S.A.,3ª,2031-07-15,"IPCA + 6,7469%",8.5615,9.016,7.9053,0.24,1054.36977526,93.89,939.82,2026-10-08
22J0306938,CRI,DIAGNÓSTICOS DA AMÉRICA S.A.,VERT COMPANHIA SECURITIZADORA,3ª,2032-10-15,"IPCA + 6,75%",11.9864,12.822,10.7406,0.25,1016.47040525,82.15,1018.02,2026-10-08
CRA0240020C,CRA,VICUNHA II,RIZA SECURITIZADORA S.A.,3ª,2031-02-15,"IPCA + 6,7641%",,,,,,,,2026-10-08
CRA022007EP,CRA,KLABIN S.A.,VERT COMPANHIA SECURITIZADORA,1ª,2034-05-15,"IPCA + 6,7694%",6.9417,7.2113,6.7784,0.1,1209.66849032,99.05,1483.12,2026-10-08
CRA024004SB,CRA,JBS S.A.,RIZA SECURITIZADORA S.A.,3ª,2039-05-16,"IPCA + 6,7825%",8.3397,,,0.83,1018.23564803,89.24,1950.95,2026-10-08
CRA0240086K,CRA,SEARA ALIMENTOS LTDA.,RIZA SECURITIZADORA S.A.,2ª,2034-09-15,"IPCA + 6,7931%",8.277,8.9392,7.8336,0.45,1013.59776077,91.81,1548.9,2026-10-08
CRA024002ML,CRA,MARFRIG GLOBAL FOODS S.A.,ECO SECURITIZADORA DE DIREITOS CREDITÓRIOS DO AGRONEGÓCIO S.A.,3ª,2034-03-15,"IPCA + 6,7996%",12.2134,12.3704,11.3799,0.37,870.62525442,77.46,1275.43,2026-10-08
22I0970804,CRI,NATURA COSMÉTICOS S.A.,RIZA SECURITIZADORA S.A.,2ª,2029-09-17,"IPCA + 6,8%",8.3451,,8.0365,0.27,1164.21677022,96.22,674.81,2026-10-08
CRA0240066B,CRA,CAMIL ALIMENTOS S.A.,ECO SECURITIZADORA DE DIREITOS CREDITÓRIOS DO AGRONEGÓCIO S.A.,2ª,2031-06-16,"IPCA + 6,8286%",11.7522,,10.5071,0.7,964.52281426,85.15,890.35,2026-10-08
CRA0220079D,CRA,BRF S.A.,VERT COMPANHIA SECURITIZADORA,2ª,2032-07-15,"IPCA + 6,8344%",12.2699,12.3608,11.3579,0.32,1010.40934183,82.04,991.28,2026-10-08
CRA0240086L,CRA,SEARA ALIMENTOS LTDA.,RIZA SECURITIZADORA S.A.,3ª,2044-09-15,"IPCA + 6,8408%",8.7245,,8.3016,0.64,933.03387017,84.51,2354.68,2026-10-08
CRA02300SV1,CRA,"VAMOS LOCAÇÃO DE CAMINHÕES, MÁQUINAS E EQUIPAMENTOS S.A.",ECO SECURITIZADORA DE DIREITOS CREDITÓRIOS DO AGRONEGÓCIO S.A.,3ª,2033-11-16,"IPCA + 6,8453%",,,,,,,,2026-10-08
CRA022006HK,CRA,SÃO SALVADOR ALIMENTOS S.A.,ECO SECURITIZADORA DE DIREITOS CREDITÓRIOS DO AGRONEGÓCIO S.A.,2ª,2030-07-15,"IPCA + 6,8911%",,,,,,,,2026-10-08
22I0970868,CRI,NATURA COSMÉTICOS S.A.,RIZA SECURITIZADORA S.A.,3ª,2032-09-15,"IPCA + 6,9%",8.6131,8.9416,8.4144,0.32,1131.92215752,93.55,1052.78,2026-10-08
23L1737623,CRI,REDE D'OR SÃO LUIZ S.A.,OPEA SECURITIZADORA S/A,2ª,2038-12-15,"IPCA + 6,9527%",7.8164,,7.4367,0.02,1094.01984796,93.98,1928.28,2026-10-08
CRA022004S9,CRA,"VAMOS LOCAÇÃO DE CAMINHÕES, MÁQUINAS E EQUIPAMENTOS S.A.",ECO SECURITIZADORA DE DIREITOS CREDITÓRIOS DO AGRONEGÓCIO S.A.,2ª,2037-05-15,"IPCA + 6,9739%",12.5474,,11.5156,1.11,879.28521885,71.33,1599.81,2026-10-08
CRA02300JG5,CRA,JBS S.A.,RIZA SECURITIZADORA S.A.,5ª,2038-09-15,"IPCA + 6,9938%",8.7768,9.1324,8.4103,0.64,1014.9434254,88.11,1900.9,2026-10-08
CRA024004SC,CRA,JBS S.A.,RIZA SECURITIZADORA S.A.,4ª,2044-05-16,"IPCA + 6,9947%",8.941,9.5091,8.3673,0.6,967.64226549,84.73,2242.1,2026-10-08
CRA022004XY,CRA,USINA CERRADÃO S.A.,ECO SECURITIZADORA DE DIREITOS CREDITÓRIOS DO AGRONEGÓCIO S.A.,1ª,2028-05-15,"IPCA + 6,9949%",7.472,,7.4,0.07,817.95294038,99.54,258.55,2026-10-08
22F0009410,CRI,GJA INDÚSTRIAS S.A.,RIZA SECURITIZADORA S.A.,2ª,2032-06-15,IPCA + 7%,10.5804,,,0.11,1053.98462175,87.89,979.56,2026-10-08
23F1519397,CRI,MOVIDA PARTICIPAÇÕES S.A.,OPEA SECURITIZADORA S/A,3ª,2028-06-16,IPCA + 7%,12.6078,13.0456,,0.4,1081.90275886,92.29,395.12,2026-10-08
24G1674104,CRI,JHSF PARTICIPAÇÕES S.A.,OPEA SECURITIZADORA S/A,4ª,2034-07-17,"IPCA + 7,0163%",8.0958,8.2924,7.8721,0.09,926.96077757,95.63,1114.17,2026-10-08
CRA02200C6Y,CRA,MARFRIG GLOBAL FOODS S.A.,ECO SECURITIZADORA DE DIREITOS CREDITÓRIOS DO AGRONEGÓCIO S.A.,1ª,2029-10-15,"IPCA + 7,0383%",12.417,,10.395,0.35,1080.14702192,87.83,662.73,2026-10-08
CRA024007PU,CRA,SOROCABA REFRESCOS S.A.,ECO SECURITIZADORA DE DIREITOS CREDITÓRIOS DO AGRONEGÓCIO S.A.,2ª,2034-08-15,"IPCA + 7,05%",8.7744,9.2946,8.5664,0.26,1020.45502613,91.68,1359.81,2026-10-08
22K0934880,CRI,BCBF PARTICIPAÇÕES S.A.,RIZA SECURITIZADORA S.A.,2ª,2029-12-17,"IPCA + 7,0913%",20.6899,22.9752,17.8795,1.09,872.48489261,71.69,691.01,2026-10-08
CRA022006HE,CRA,AÇO VERDE DO BRASIL S.A.,RIZA SECURITIZADORA S.A.,1ª,2029-06-15,"IPCA + 7,1543%",8.9647,,,0.25,1189.48589791,97.45,386.52,2026-10-08
CRA023000RT,CRA,"VAMOS LOCAÇÃO DE CAMINHÕES, MÁQUINAS E EQUIPAMENTOS S.A.",ECO SECURITIZADORA DE DIREITOS CREDITÓRIOS DO AGRONEGÓCIO S.A.,3ª,2030-01-15,"IPCA + 7,1638%",13.2673,13.7899,12.0729,0.2,1024.32600638,85.25,721.44,2026-10-08
CRA022006BU,CRA,CARAMURU ALIMENTOS S.A.,ECO SECURITIZADORA DE DIREITOS CREDITÓRIOS DO AGRONEGÓCIO S.A.,1ª,2029-07-16,"IPCA + 7,2043%",10.437,,,1.51,691.95727314,95.35,401.35,2026-10-08
CRA0220073P,CRA,MINERVA S.A.,RIZA SECURITIZADORA S.A.,1ª,2029-07-16,"IPCA + 7,2063%",11.2619,11.5861,9.8866,1.21,1103.73596205,91.17,625.47,2026-10-08
CRA0240066K,CRA,BRF S.A.,ECO SECURITIZADORA DE DIREITOS CREDITÓRIOS DO AGRONEGÓCIO S.A.,3ª,2034-06-15,"IPCA + 7,2336%",11.9677,12.2255,11.1273,1.46,906.37628499,80.0,1273.47,2026-10-08
22K0934889,CRI,BCBF PARTICIPAÇÕES S.A.,RIZA SECURITIZADORA S.A.,3ª,2034-12-15,"IPCA + 7,2792%",20.135,22.0393,17.1755,1.43,674.23685643,55.37,1222.65,2026-10-08
CRA024001QA,CRA,ZAMP S.A.,RIZA SECURITIZADORA S.A.,3ª,2029-02-15,"IPCA + 7,3%",9.0382,,8.8037,0.16,1098.31288881,96.59,543.88,2026-10-08
CRA024007Q5,CRA,SLC MÁQUINAS LTDA.,OPEA SECURITIZADORA S/A,3ª,2031-08-15,"IPCA + 7,31%",9.1198,,8.8766,0.64,1056.49780018,95.21,736.57,2026-10-08
CRA02200C6Z,CRA,MARFRIG GLOBAL FOODS S.A.,ECO SECURITIZADORA DE DIREITOS CREDITÓRIOS DO AGRONEGÓCIO S.A.,2ª,2032-10-15,"IPCA + 7,3352%",12.3623,,10.2282,0.4,1023.1491451,83.09,1003.33,2026-10-08
24A2721507,CRI,DASA,VERT COMPANHIA SECURITIZADORA,3ª,2031-01-15,"IPCA + 7,3402%",11.8831,12.4077,11.2166,1.74,1005.01987372,87.39,813.42,2026-10-08
CRA022006HF,CRA,AÇO VERDE DO BRASIL S.A.,RIZA SECURITIZADORA S.A.,2ª,2032-06-15,"IPCA + 7,3686%",,,,,,,,2026-10-08
CRA024009Q4,CRA,MARFRIG GLOBAL FOODS S.A.,ECO SECURITIZADORA DE DIREITOS CREDITÓRIOS DO AGRONEGÓCIO S.A.,3ª,2034-10-16,"IPCA + 7,3693%",12.2256,12.4127,11.4074,0.36,896.04881343,79.23,1292.61,2026-10-08
22E1314836,CRI,SÃO CARLOS EMPREENDIMENTOS E PARTICIPAÇÕES S.A.,OPEA SECURITIZADORA S/A,1ª,2029-09-17,"IPCA + 7,3826%",9.1374,9.2034,8.8611,0.53,1176.27258774,97.18,443.43,2026-10-08
CRA022001E2,CRA,FS AGRISOLUTIONS INDÚSTRIA DE BIOCOMBUSTÍVEIS LTDA.,ECO SECURITIZADORA DE DIREITOS CREDITÓRIOS DO AGRONEGÓCIO S.A.,2ª,2029-02-15,"IPCA + 7,3913%",11.4952,11.7779,10.6702,0.55,1182.88378191,95.41,312.4,2026-10-08
CRA022004SD,CRA,FS AGRISOLUTIONS INDÚSTRIA DE BIOCOMBUSTÍVEIS LTDA.,ECO SECURITIZADORA DE DIREITOS CREDITÓRIOS DO AGRONEGÓCIO S.A.,2ª,2029-05-15,"IPCA + 7,3913%",11.2295,11.7379,10.561,0.35,1179.20609238,95.05,361.04,2026-10-08
CRA02400AHZ,CRA,REFRESCOS BANDEIRANTES INDÚSTRIA E COMÉRCIO LTDA.,RIZA SECURITIZADORA S.A.,2ª,2034-11-16,"IPCA + 7,41%",9.4435,12.9591,,0.65,1013.28716464,90.35,1350.25,2026-10-08
24J2539865,CRI,JHSF PARTICIPAÇÕES S.A.,OPEA SECURITIZADORA S/A,1ª,2034-10-16,"IPCA + 7,4183%",8.2068,8.391,7.8093,0.17,1087.60261065,96.15,1346.74,2026-10-08
CRA0240005O,CRA,CEREAL COMÉRCIO EXPORTAÇÃO E REPRESENTAÇÃO AGROPECUÁRIA S.A.,RIZA SECURITIZADORA S.A.,2ª,2029-01-15,"IPCA + 7,4367%",,,,,,,,2026-10-08
CRA022004H5,CRA,NARDINI AGROINDUSTRIAL LTDA.,OPEA SECURITIZADORA S/A,1ª,2028-04-15,"IPCA + 7,4986%",,,,,,,,2026-10-08
23L2043184,CRI,UNIDAS LOCADORA S.A.,OPEA SECURITIZADORA S/A,3ª,2030-12-16,"IPCA + 7,5%",9.324,9.5253,8.7163,0.21,1104.96186302,94.79,798.34,2026-10-08
CRA024009Q5,CRA,MARFRIG GLOBAL FOODS S.A.,ECO SECURITIZADORA DE DIREITOS CREDITÓRIOS DO AGRONEGÓCIO S.A.,4ª,2039-10-17,"IPCA + 7,5395%",,,,,,,,2026-10-08
CRA02300MOQ,CRA,MINERVA S.A.,RIZA SECURITIZADORA S.A.,3ª,2030-09-16,"IPCA + 7,5408%",11.9696,12.3446,10.9487,0.91,1018.99362667,88.47,760.33,2026-10-08
23L0034761,CRI,FARO ENERGY PROJETOS SOLARES HOLDING S.A.,OPEA SECURITIZADORA S/A,1ª,2038-12-15,"IPCA + 7,5702%",,,,,,,,2026-10-08
CRA0250080Y,CRA,ELDORADO BRASIL CELULOSE S.A.,OPEA SECURITIZADORA S/A,3ª,2040-09-17,"IPCA + 7,6%",7.8742,,7.5799,0.49,1028.17374418,97.79,2207.5,2026-10-08
24A2722748,CRI,DIAGNÓSTICOS DA AMÉRICA S.A.,VERT COMPANHIA SECURITIZADORA,5ª,2034-01-16,"IPCA + 7,6075%",13.288,14.8157,9.2096,1.48,895.1455127,77.79,1201.79,2026-10-08
25D0012204,CRI,CYRELA BRAZIL REALTY S.A.,COMPANHIA PROVÍNCIA DE SECURITIZAÇÃO,3ª,2032-04-15,"IPCA + 7,6693%",7.5852,,7.2137,0.16,1098.79117649,100.32,1029.71,2026-10-08
23J1127331,CRI,MOVIDA PARTICIPAÇÕES S.A.,OPEA SECURITIZADORA S/A,3ª,2033-10-17,"IPCA + 7,7279%",12.6144,,,0.49,966.33782057,81.43,1142.71,2026-10-08
CRA0250080X,CRA,ELDORADO BRASIL CELULOSE S.A.,OPEA SECURITIZADORA S/A,2ª,2035-09-17,"IPCA + 7,7281%",7.8122,,,0.39,1046.13235495,99.49,1658.2,2026-10-08
CRA02400AYK,CRA,BEM BRASIL ALIMENTOS S.A.,ECO SECURITIZADORA DE DIREITOS CREDITÓRIOS DO AGRONEGÓCIO S.A.,ª,2031-11-17,"IPCA + 7,737%",8.7159,,,0.78,1066.76290773,96.9,875.53,2026-10-08
CRA0230073N,CRA,J. MACÊDO S.A.,RIZA SECURITIZADORA S.A.,2ª,2030-04-15,"IPCA + 7,8%",,,,,,,,2026-10-08
CRA025003PJ,CRA,SEARA,RIZA SECURITIZADORA S.A.,3ª,2055-05-17,"IPCA + 7,8%",,,,,,,,2026-10-08
CRA024003UZ,CRA,LAR COOPERATIVA AGROINDUSTRIAL,ECO SECURITIZADORA DE DIREITOS CREDITÓRIOS DO AGRONEGÓCIO S.A.,3ª,2031-04-15,"IPCA + 7,8363%",8.8991,9.3736,8.7666,0.43,1087.97900991,97.07,761.49,2026-10-08
CRA021004NV,CRA,LAR COOPERATIVA AGROINDUSTRIAL,ECO SECURITIZADORA DE DIREITOS CREDITÓRIOS DO AGRONEGÓCIO S.A.,1ª,2026-11-15,"IPCA + 7,8749%",11.2642,,9.1314,2.37,435.03696357,99.66,25.0,2026-10-08
CRA0250066B,CRA,BRF S.A.,ECO SECURITIZADORA DE DIREITOS CREDITÓRIOS DO AGRONEGÓCIO S.A.,3ª,2035-07-16,"IPCA + 7,9064%",12.2458,,,0.35,835.98351165,78.33,1514.78,2026-10-08
22E1321749,CRI,COGNA EDUCAÇÃO S.A.,OPEA SECURITIZADORA S/A,2ª,2029-07-16,"IPCA + 7,9273%",8.531,8.8879,8.0567,0.27,1201.90701471,98.86,518.56,2026-10-08
CRA0240005P,CRA,CEREAL COMÉRCIO EXPORTAÇÃO E REPRESENTAÇÃO AGROPECUÁRIA S.A.,RIZA SECURITIZADORA S.A.,3ª,2031-01-15,"IPCA + 7,9443%",,,,,,,,2026-10-08
22E1321750,CRI,COGNA EDUCAÇÃO S.A.,OPEA SECURITIZADORA S/A,3ª,2032-07-15,"IPCA + 8,0031%",9.465,,8.888,0.4,1153.40012511,94.85,986.56,2026-10-08
CRA025009EZ,CRA,Seara Alimentos Ltda.,ECO SECURITIZADORA DE DIREITOS CREDITÓRIOS DO AGRONEGÓCIO S.A.,4ª,2065-10-15,"IPCA + 8,0313%",,,,,,,,2026-10-08
CRA0250020C,CRA,BRF S.A.,ECO SECURITIZADORA DE DIREITOS CREDITÓRIOS DO AGRONEGÓCIO S.A.,2ª,2035-04-16,"IPCA + 8,04%",11.3225,11.8619,9.9495,1.33,919.53931676,83.66,1467.01,2026-10-08
CRA02200795,CRA,ADUBOS ARAGUAIA INDÚSTRIA E COMÉRCIO LTDA.,ECO SECURITIZADORA DE DIREITOS CREDITÓRIOS DO AGRONEGÓCIO S.A.,1ª,2027-07-15,"IPCA + 8,1191%",,,,,,,,2026-10-08
CRA0250020D,CRA,BRF S.A.,ECO SECURITIZADORA DE DIREITOS CREDITÓRIOS DO AGRONEGÓCIO S.A.,3ª,2040-04-16,"IPCA + 8,2345%",11.9216,11.986,10.1573,1.6,858.42970374,78.04,1775.96,2026-10-08
CRA0250018K,CRA,MARFRIG GLOBAL FOODS S.A.,ECO SECURITIZADORA DE DIREITOS CREDITÓRIOS DO AGRONEGÓCIO S.A.,4ª,2040-04-16,"IPCA + 8,2503%",12.7114,,11.5143,0.55,820.92751117,74.39,1737.28,2026-10-08
CRA0250018L,CRA,MARFRIG GLOBAL FOODS S.A,ECO SECURITIZADORA DE DIREITOS CREDITÓRIOS DO AGRONEGÓCIO S.A.,5ª,2045-04-17,"IPCA + 8,3405%",13.3506,,,0.21,757.48184346,68.62,1885.04,2026-10-08
CRA0240099F,CRA,VALE DO TIJUCO AÇÚCAR E ÁLCOOL S.A.,ECO SECURITIZADORA DE DIREITOS CREDITÓRIOS DO AGRONEGÓCIO S.A.,2ª,2034-10-16,"IPCA + 8,3558%",10.1104,,9.0214,0.7,1056.31338727,92.92,1141.64,2026-10-08
CRA0250020E,CRA,BRF S.A.,ECO SECURITIZADORA DE DIREITOS CREDITÓRIOS DO AGRONEGÓCIO S.A.,3ª,2045-04-17,"IPCA + 8,38%",10.0551,,9.3392,1.98,960.57764103,87.26,2162.85,2026-10-08
CRA025008C2,CRA,Neomille S.A.,ECO SECURITIZADORA DE DIREITOS CREDITÓRIOS DO AGRONEGÓCIO S.A.,2ª,2032-12-15,"IPCA + 8,4473%",8.0422,,,0.14,1092.24891804,101.7,1136.38,2026-10-08
CRA02400AHX,CRA,CEREAL COMÉRCIO EXPORTAÇÃO E,RIZA SECURITIZADORA S.A.,3ª,2034-11-16,"IPCA + 8,4704%",,,,,,,,2026-10-08
CRA025008HR,CRA,Nardini II,OPEA SECURITIZADORA S/A,ª,2032-10-15,"IPCA + 8,4773%",,,,,,,,2026-10-08
CRA025006NC,CRA,LAR COOPERATIVA AGROINDUSTRIAL,ECO SECURITIZADORA DE DIREITOS CREDITÓRIOS DO AGRONEGÓCIO S.A.,3ª,2032-08-16,"IPCA + 8,7268%",,,,,,,,2026-10-08
CRA0250005M,CRA,Boa Safra,OPEA SECURITIZADORA S/A,3ª,2032-01-15,"IPCA + 8,7384%",,,,,,,,2026-10-08
CRA0250005L,CRA,Boa Safra,OPEA SECURITIZADORA S/A,4ª,2035-01-15,"IPCA + 8,9518%",,,,,,,,2026-10-08
CRA02300796,CRA,FS INDÚSTRIA DE BIOCOMBUSTÍVEIS LTDA.,ECO SECURITIZADORA DE DIREITOS CREDITÓRIOS DO AGRONEGÓCIO S.A.,2ª,2029-10-15,"IPCA + 8,9555%",11.2905,11.7682,10.6459,0.35,1102.12157049,94.59,659.48,2026-10-08
CRA023003JY,CRA,OLFAR S.A.,RIZA SECURITIZADORA S.A.,2ª,2030-03-15,"IPCA + 8,9738%",9.0744,,,2.34,1169.48532376,99.84,434.46,2026-10-08
23F2455004,CRI,SENDAS DISTRIBUIDORA S.A.,OPEA SECURITIZADORA S/A,2ª,2027-07-15,,16.559,,16.2344,1.42,995.8237703,96.98,183.17,2026-10-08
23I1259644,CRI,JSL,OPEA SECURITIZADORA S/A,4ª,2030-09-15,,,,,,,,,2026-10-08
23J1141681,CRI,YDUQS PARTICIPAÇÕES S.A.,OPEA SECURITIZADORA S/A,1ª,2028-10-16,,14.2628,,,0.44,1006.75539917,95.57,440.93,2026-10-08
23K0018801,CRI,MULTIPLAN EMPREENDIMENTOS IMOBILIÁRIOS S.A.,RIZA SECURITIZADORA S.A.,3ª,2031-01-15,,,,,,,,,2026-10-08
23K0022041,CRI,Cogna,TRUE SECURITIZADORA S/A,2ª,2028-11-15,,,,,,,,,2026-10-08
24A2715837,CRI,DIAGNÓSTICOS DA AMÉRICA S.A.,VERT COMPANHIA SECURITIZADORA,2ª,2029-01-15,,17.7048,,,1.06,936.99799051,91.15,494.92,2026-10-08
24A2721829,CRI,DIAGNÓSTICOS DA AMÉRICA S.A,VERT COMPANHIA SECURITIZADORA,4ª,2031-01-15,,18.2251,,17.1655,0.95,896.57448879,87.11,738.2,2026-10-08
25A1946535,CRI,Cury,OPEA SECURITIZADORA S/A,3ª,2032-01-15,,13.9236,,13.3527,0.28,1068.11862371,103.3,804.99,2026-10-08
CRA02300G7D,CRA,MARFRIG GLOBAL FOODS S.A.,ECO SECURITIZADORA DE DIREITOS CREDITÓRIOS DO AGRONEGÓCIO S.A.,1ª,2027-08-16,,17.9578,,,0.27,966.28930671,95.16,205.56,2026-10-08
CRA02300HWK,CRA,BANCO BTG PACTUAL S.A.,OPEA SECURITIZADORA S/A,4ª,2033-09-15,,12.4132,12.7508,12.3651,0.23,988.15823346,98.07,1226.76,2026-10-08
CRA02300JR7,CRA,RAÍZEN ENERGIA S.A.,OPEA SECURITIZADORA S/A,3ª,2033-10-17,,,,,,450.78951588,43.05,,2026-10-08
CRA02300NX8,CRA,BTG Pactual III,OPEA SECURITIZADORA S/A,4ª,2033-11-16,,,,,,,,,2026-10-08
CRA02300SPD,CRA,FS Agrisolutions Indústria de Biocombustíveis LTDA,ECO SECURITIZADORA DE DIREITOS CREDITÓRIOS DO AGRONEGÓCIO S.A.,3ª,2030-06-15,,17.7862,18.0941,17.6051,0.37,898.7761973,89.13,723.42,2026-10-08
CRA02300SUZ,CRA,"Vamos Locação de Caminhões, Máquinas e Equipamentos S.A.",ECO SECURITIZADORA DE DIREITOS CREDITÓRIOS DO AGRONEGÓCIO S.A.,1ª,2030-11-18,,19.0306,,18.2065,0.28,882.32165424,84.26,702.56,2026-10-08
CRA024000B8,CRA,FS Indústria De Biocombustíveis Ltda,ECO SECURITIZADORA DE DIREITOS CREDITÓRIOS DO AGRONEGÓCIO S.A.,3ª,2030-07-15,,17.9234,18.1309,16.8345,0.37,894.09158185,88.66,734.25,2026-10-08
CRA024001P5,CRA,JSL S.A.,ECO SECURITIZADORA DE DIREITOS CREDITÓRIOS DO AGRONEGÓCIO S.A.,1ª,2031-02-15,,,,,,,,,2026-10-08
CRA024001Q9,CRA,ZAMP S.A.,RIZA SECURITIZADORA S.A.,2ª,2029-02-15,,17.1131,,15.4122,2.54,946.2967679,92.95,513.98,2026-10-08
CRA0240020B,CRA,VICUNHA II,RIZA SECURITIZADORA S.A.,2ª,2031-02-15,,,,,,,,,2026-10-08
CRA024002MH,CRA,JF CITRUS AGROPECUÁRIA S.A.,ECO SECURITIZADORA DE DIREITOS CREDITÓRIOS DO AGRONEGÓCIO S.A.,1ª,2029-03-15,,,,,,,,,2026-10-08
CRA024002MK,CRA,Marfrig Global Foods S.A.,ECO SECURITIZADORA DE DIREITOS CREDITÓRIOS DO AGRONEGÓCIO S.A.,2ª,2031-03-15,,,,,,,,,2026-10-08
CRA024002S2,CRA,Minerva VII,RIZA SECURITIZADORA S.A.,2ª,2029-03-15,,18.1967,,,0.11,894.39471436,88.77,538.03,2026-10-08
CRA024002S3,CRA,MINERVA S.A.,RIZA SECURITIZADORA S.A.,3ª,2031-03-17,,17.8686,,15.9989,1.26,847.85046887,84.13,864.91,2026-10-08
CRA0240066D,CRA,FS Florestal S.A.,ECO SECURITIZADORA DE DIREITOS CREDITÓRIOS DO AGRONEGÓCIO S.A.,1ª,2030-06-15,,17.4382,,16.5016,0.95,960.70237781,95.15,706.99,2026-10-08
CRA0240066G,CRA,BRF S.A.,ECO SECURITIZADORA DE DIREITOS CREDITÓRIOS DO AGRONEGÓCIO S.A.,2ª,2031-06-16,,17.632,,,0.37,903.19688108,86.82,859.63,2026-10-08
CRA024007PT,CRA,Sorocaba Refrescos S.A,ECO SECURITIZADORA DE DIREITOS CREDITÓRIOS DO AGRONEGÓCIO S.A.,1ª,2031-08-15,,14.4971,14.5268,13.5945,0.63,956.84642219,94.05,852.37,2026-10-08
CRA024007Q3,CRA,SLC Maquinas,OPEA SECURITIZADORA S/A,1ª,2031-08-15,,,,,,,,,2026-10-08
CRA024009Q3,CRA,MARFRIG GLOBAL FOODS S.A.,ECO SECURITIZADORA DE DIREITOS CREDITÓRIOS DO AGRONEGÓCIO S.A.,2ª,2031-10-15,,17.8642,,17.1247,0.1,925.52875409,87.11,874.58,2026-10-08
CRA02400AHY,CRA,REFRESCOS BANDEIRANTES INDÚSTRIA E COMÉRCIO LTDA.,RIZA SECURITIZADORA S.A.,1ª,2032-11-16,,17.878,,,0.82,912.59616436,86.68,945.37,2026-10-08
CRA02400AYM,CRA,MINERVA S.A.,RIZA SECURITIZADORA S.A.,2ª,2029-11-16,,18.2573,,15.9848,0.12,966.9638875,91.66,615.34,2026-10-08
CRA02400AYP,CRA,MINERVA S.A.,RIZA SECURITIZADORA S.A.,5ª,2034-11-16,,18.2271,,16.0735,0.41,926.96918506,87.7,1059.19,2026-10-08
CRA02500001,CRA,BOA SAFRA SEMENTES S.A.,OPEA SECURITIZADORA S/A,1ª,2030-01-15,,15.6504,,,0.26,1004.32431786,99.47,648.61,2026-10-08
CRA0250012X,CRA,FS FLORESTAL S.A.,ECO SECURITIZADORA DE DIREITOS CREDITÓRIOS DO AGRONEGÓCIO S.A.,1ª,2030-03-15,,17.7705,,17.6132,0.83,1013.05895712,100.19,652.88,2026-10-08
CRA0250018I,CRA,Marfrig Global Foods S.A,ECO SECURITIZADORA DE DIREITOS CREDITÓRIOS DO AGRONEGÓCIO S.A.,2ª,2032-04-15,,17.2767,,15.8046,0.37,982.37444161,91.95,917.53,2026-10-08
CRA025002S3,CRA,MINERVA S.A,RIZA SECURITIZADORA S.A.,2ª,2030-04-15,,18.2689,,15.9885,0.13,1013.19243078,94.41,655.65,2026-10-08
CRA025002S4,CRA,MINERVA S.A.,RIZA SECURITIZADORA S.A.,4ª,2032-04-15,,18.3414,,,0.13,989.44686966,92.2,894.85,2026-10-08
CRA025002S5,CRA,MINERVA S.A.,RIZA SECURITIZADORA S.A.,5ª,2035-04-16,,,,,,,,,2026-10-08
CRA0250040J,CRA,Natural One S.A,ECO SECURITIZADORA DE DIREITOS CREDITÓRIOS DO AGRONEGÓCIO S.A.,2ª,2029-06-15,,21.4622,,16.85,5.18,1000.5109106,95.03,352.91,2026-10-08
CRA025005EH,CRA,GDM GENÉTICA DO BRASIL S.A.,ECO SECURITIZADORA DE DIREITOS CREDITÓRIOS DO AGRONEGÓCIO S.A.,1ª,2032-07-15,,14.9663,,,0.04,1040.07965386,100.57,957.29,2026-10-08
CRA025005V7,CRA,MINERVA S.A.,RIZA SECURITIZADORA S.A.,3ª,2033-07-15,,17.3524,,15.6116,1.28,938.50434292,90.84,1027.59,2026-10-08
CRA025005V8,CRA,MINERVA S.A,RIZA SECURITIZADORA S.A.,4ª,2035-07-16,,17.3851,,15.6583,1.26,937.56843577,90.7,1148.95,2026-10-08
CRA0250066A,CRA,BRF S.A.,ECO SECURITIZADORA DE DIREITOS CREDITÓRIOS DO AGRONEGÓCIO S.A.,2ª,2032-07-15,,17.6787,,,0.39,909.70821641,88.17,984.81,2026-10-08
CRA025006NB,CRA,LAR COOPERATIVA AGROINDUSTRIAL,ECO SECURITIZADORA DE DIREITOS CREDITÓRIOS DO AGRONEGÓCIO S.A.,2ª,2032-08-16,,15.2902,,,0.2,985.11664218,97.61,942.34,2026-10-08
CRA025007KE,CRA,Cereal Comércio Exportação e Representação Agropecuária S.A.,ECO SECURITIZADORA DE DIREITOS CREDITÓRIOS DO AGRONEGÓCIO S.A.,2ª,2032-09-15,,16.3676,,14.5541,0.05,946.96744048,93.84,973.28,2026-10-08
CRA025007KK,CRA,ELDORADO BRASIL CELULOSE S.A.,OPEA SECURITIZADORA S/A,1ª,2032-09-15,,14.014,,,0.59,1012.13828767,100.32,1058.78,2026-10-08
CRA025008ND,CRA,São Salvador Alimentos S.A.,ECO SECURITIZADORA DE DIREITOS CREDITÓRIOS DO AGRONEGÓCIO S.A.,2ª,2033-10-15,,14.7831,,,0.68,1042.12093469,97.73,1102.95,2026-10-08
CRA02500A15,CRA,Açucareira Quatá S.A.,ECO SECURITIZADORA DE DIREITOS CREDITÓRIOS DO AGRONEGÓCIO S.A.,1ª,2032-11-15,,14.9523,,14.554,0.13,1041.73152309,98.61,958.62,2026-10-08
CRA02500AHU,CRA,C. Vale - Cooperativa Agroindustrial,ECO SECURITIZADORA DE DIREITOS CREDITÓRIOS DO AGRONEGÓCIO S.A.,2ª,2030-11-15,,,,,,,,,2026-10-08
CRA02500BVU,CRA,BRF S.A.,ECO SECURITIZADORA DE DIREITOS CREDITÓRIOS DO AGRONEGÓCIO S.A.,2ª,2032-12-15,,17.6743,,,0.36,900.07740941,86.36,1020.74,2026-10-08
CRA02500C1D,CRA,Alibem Alimentos S.A.,ECO SECURITIZADORA DE DIREITOS CREDITÓRIOS DO AGRONEGÓCIO S.A.,1ª,2030-12-18,,,,,,,,,2026-10-08
CRA026001JM,CRA,Lar Cooperativa Agroindustrial,ECO SECURITIZADORA DE DIREITOS CREDITÓRIOS DO AGRONEGÓCIO S.A.,2ª,2033-03-15,,14.9055,,14.77,0.19,1013.19190834,100.37,1006.55,2026-10-08
CRA026002BE,CRA,BRF S.A.,ECO SECURITIZADORA DE DIREITOS CREDITÓRIOS DO AGRONEGÓCIO S.A.,2ª,2033-04-15,,16.9517,,15.7301,1.14,956.9149015,90.41,1035.54,2026-10-08
25B0013406,CRI,Direcional,OPEA SECURITIZADORA S/A,1ª,2032-02-16,100% do DI,,,,,,,,2026-10-07
CRA019003V2,CRA,RAÍZEN ENERGIA S.A.,OPEA SECURITIZADORA S/A,1ª,2029-07-16,100% do DI,,,,,450.83627986,44.17,,2026-10-07
CRA024004H7,CRA,SÃO MARTINHO S.A.,RIZA SECURITIZADORA S.A.,3ª,2029-04-12,100% do DI,101.4533,103.2675,98.8675,2.0,1063.02330174,99.65,523.11,2026-10-07
CRA0250018H,CRA,Marfrig Global Foods S.A,ECO SECURITIZADORA DE DIREITOS CREDITÓRIOS DO AGRONEGÓCIO S.A.,1ª,2030-04-15,100% do DI,,,,,,,,2026-10-07
CRA02500BVT,CRA,BRF S.A.,ECO SECURITIZADORA DE DIREITOS CREDITÓRIOS DO AGRONEGÓCIO S.A.,1ª,2030-06-17,100% do DI,121.3977,,115.055,2.42,1014.26546404,91.19,920.0,2026-10-07
24D2765715,CRI,CYRELA BRAZIL REALTY S.A.,COMPANHIA PROVÍNCIA DE SECURITIZAÇÃO,3ª,2031-04-15,101% do DI,100.1191,102.0433,97.5766,0.65,1069.75644716,100.32,769.19,2026-10-07
CRA023007VD,CRA,ENGELHART CTP,OPEA SECURITIZADORA S/A,1ª,2028-07-05,101% do DI,97.2541,98.7525,94.7525,0.24,1042.21484143,100.69,391.88,2026-10-07
25L2997442,CRI,Even Construtora e Incorporadora S/A,VERT COMPANHIA SECURITIZADORA,ª,2032-12-15,"101,5% do DI",,,,,,,,2026-10-07
CRA026002BD,CRA,BRF S.A.,ECO SECURITIZADORA DE DIREITOS CREDITÓRIOS DO AGRONEGÓCIO S.A.,1ª,2030-10-15,"101,5% do DI",,,,,,,,2026-10-07
24D3313768,CRI,CURY CONSTRUTORA E INCORPORADORA S.A.,TRUE SECURITIZADORA S/A,1ª,2027-05-31,102% do DI,99.4025,101.5466,97.6666,0.2,1052.20839606,100.19,150.04,2026-10-07
CRA023003UX,CRA,ENGELHART CTP,OPEA SECURITIZADORA S/A,1ª,2027-03-15,102% do DI,95.5611,97.64,93.69,0.74,1011.74185237,100.34,106.0,2026-10-07
CRA02500669,CRA,BRF S.A,ECO SECURITIZADORA DE DIREITOS CREDITÓRIOS DO AGRONEGÓCIO S.A.,1ª,2029-07-16,102% do DI,124.145,,116.5675,1.6,1095.97155526,93.11,691.0,2026-10-07
24F1277566,CRI,DIRECIONAL ENGENHARIA S.A.,OPEA SECURITIZADORA S/A,1ª,2029-07-16,103% do DI,101.4822,103.45,98.4166,0.31,1036.24124939,100.42,587.9,2026-10-07
CRA02300209,CRA,ENGELHART CTP,VERT COMPANHIA SECURITIZADORA,1ª,2027-01-15,103% do DI,94.185,,,3.82,1034.97258514,100.3,67.0,2026-10-07
25G5313879,CRI,MOURA DUBEUX ENGENHARIA S.A.,VERT COMPANHIA SECURITIZADORA,1ª,2030-07-15,"103,75% do DI",105.8544,,,0.87,1001.05539432,99.26,750.37,2026-10-07
CRA025008N8,CRA,3Tentos,OPEA SECURITIZADORA S/A,1ª,2030-10-15,"103,75% do DI",110.9085,,103.0,2.18,1041.0642238,97.46,763.12,2026-10-07
22J0346710,CRI,BANCO BTG PACTUAL S.A.,OPEA SECURITIZADORA S/A,1ª,2027-01-15,104% do DI,,,,,,,,2026-10-07
CRA0240066A,CRA,CAMIL ALIMENTOS S.A.,ECO SECURITIZADORA DE DIREITOS CREDITÓRIOS DO AGRONEGÓCIO S.A.,1ª,2029-06-15,104% do DI,,,,,,,,2026-10-07
CRA025006SR,CRA,Boa Safra II,OPEA SECURITIZADORA S/A,1ª,2032-02-16,104% do DI,,,,,,,,2026-10-07
CRA025002S1,CRA,MINERVA S.A.,RIZA SECURITIZADORA S.A.,1ª,2030-04-15,"104,5% do DI",131.6777,,127.026,1.66,979.80919015,91.68,676.35,2026-10-07
CRA025005V5,CRA,MINERVA S.A.,RIZA SECURITIZADORA S.A.,1ª,2030-07-15,"104,5% do DI",131.6655,,127.01,1.71,938.69679805,90.92,741.37,2026-10-07
24D0006602,CRI,ALLOS S.A.,OPEA SECURITIZADORA S/A,2ª,2029-04-16,105% do DI,99.58,102.0433,97.2433,0.31,1083.22110755,101.33,521.87,2026-10-07
25E0013305,CRI,JHSF IV,OPEA SECURITIZADORA S/A,2ª,2030-05-15,105% do DI,105.2588,,,0.68,1056.13347429,99.92,707.91,2026-10-07
CRA02300TSB,CRA,BANCO BTG PACTUAL S.A.,OPEA SECURITIZADORA S/A,1ª,2033-12-15,105% do DI,96.7133,,,2.1,1095.09575363,104.78,1193.27,2026-10-07
CRA02400AYL,CRA,MINERVA S.A.,RIZA SECURITIZADORA S.A.,1ª,2029-11-16,105% do DI,126.6781,,115.032,9.84,991.95068092,93.85,623.49,2026-10-07
CRA025008C3,CRA,Neomille S.A.,ECO SECURITIZADORA DE DIREITOS CREDITÓRIOS DO AGRONEGÓCIO S.A.,3ª,2032-12-15,105% do DI,,,,,,,,2026-10-07
CRA02500AC9,CRA,,ECO SECURITIZADORA DE DIREITOS CREDITÓRIOS DO AGRONEGÓCIO S.A.,1ª,2030-11-15,105% do DI,,,,,,,,2026-10-07
CRA02500AHT,CRA,C. Vale - Cooperativa Agroindustrial,ECO SECURITIZADORA DE DIREITOS CREDITÓRIOS DO AGRONEGÓCIO S.A.,1ª,2030-11-15,"105,5% do DI",,,,,,,,2026-10-07
CRA025005EI,CRA,GDM Genética do Brasil S.A.,ECO SECURITIZADORA DE DIREITOS CREDITÓRIOS DO AGRONEGÓCIO S.A.,2ª,2032-07-15,"105,75% do DI",,,,,,,,2026-10-07
23K0018802,CRI,MULTIPLAN EMPREENDIMENTOS IMOBILIÁRIOS S.A.,RIZA SECURITIZADORA S.A.,2ª,2031-01-15,106% do DI,99.145,101.2833,96.95,0.33,1055.2281882,102.16,666.64,2026-10-07
CRA025006NA,CRA,Lar Cooperativa Agroindustrial,ECO SECURITIZADORA DE DIREITOS CREDITÓRIOS DO AGRONEGÓCIO S.A.,1ª,2030-08-15,106% do DI,113.2508,,111.23,1.96,985.69702565,97.72,677.51,2026-10-07
23K0019201,CRI,DIRECIONAL ENGENHARIA S.A.,TRUE SECURITIZADORA S/A,2ª,2028-11-16,"106,5% do DI",99.9777,,,0.3,1072.4554357,101.38,452.9,2026-10-07
CRA026001JL,CRA,Lar Cooperativa Agroindustrial,ECO SECURITIZADORA DE DIREITOS CREDITÓRIOS DO AGRONEGÓCIO S.A.,1ª,2031-03-15,"106,5% do DI",,,,,,,,2026-10-07
25H0243072,CRI,BTSA,RIZA SECURITIZADORA S.A.,2ª,2032-08-16,107% do DI,,,,,,,,2026-10-07
CRA02300NRL,CRA,BANCO BTG PACTUAL S.A.,OPEA SECURITIZADORA S/A,1ª,2033-11-16,107% do DI,97.9877,,,0.78,1111.09353871,105.07,1164.85,2026-10-07
CRA025003UZ,CRA,COOXUPÉ - COOPERATIVA REGIONAL DE,VERT COMPANHIA SECURITIZADORA,2ª,2030-06-17,"107,5% do DI",,,,,,,,2026-10-07
CRA02300CYQ,CRA,BANCO BTG PACTUAL S.A.,OPEA SECURITIZADORA S/A,1ª,2033-07-15,109% do DI,96.6655,,,0.66,1105.33688623,106.92,1152.84,2026-10-07
CRA02300HWH,CRA,BANCO BTG PACTUAL S.A.,OPEA SECURITIZADORA S/A,1ª,2033-09-15,109% do DI,98.2333,100.8,96.3333,0.63,1072.00399547,106.25,1195.39,2026-10-07
24I1980390,CRI,MRV ENGENHARIA E PARTICIPAÇÕES S.A,OPEA SECURITIZADORA S/A,1ª,2029-10-15,110% do DI,130.4355,,125.7966,0.08,1012.78975114,94.44,595.41,2026-10-07
25B3099731,CRI,IGUATEMI PPPH PARTICIPAÇÕES LTDA.,OPEA SECURITIZADORA S/A,1ª,2030-02-18,96% do DI,99.7266,102.0666,96.7333,0.86,1005.47237975,98.78,705.76,2026-10-07
25D0012202,CRI,CYRELA BRAZIL REALTY S.A. EMPREENDIMENTOS,COMPANHIA PROVÍNCIA DE SECURITIZAÇÃO,1ª,2029-04-15,96% do DI,99.4933,,,0.39,1053.85332845,99.14,528.51,2026-10-07
25J4546988,CRI,CYRELA BRAZIL REALTY S.A. EMPREENDIMENTOS E,COMPANHIA PROVÍNCIA DE SECURITIZAÇÃO,1ª,2032-11-16,"96,5% do DI",,,,,,,,2026-10-07
25D0012203,CRI,CYRELA BRAZIL REALTY S.A. EMPREENDIMENTOS E PARTICIPAÇÕES,COMPANHIA PROVÍNCIA DE SECURITIZAÇÃO,2ª,2030-04-15,97% do DI,,,,,,,,2026-10-07
26C3164285,CRI,Allos VI,OPEA SECURITIZADORA S/A,1ª,2031-03-12,97% do DI,99.5966,,96.6866,0.62,997.86662306,98.95,863.69,2026-10-07
26G0012801,CRI,Cury III,OPEA SECURITIZADORA S/A,1ª,2032-07-06,97% do DI,100.2833,,97.7666,0.45,1010.84185508,98.48,984.19,2026-10-07
CRA025003PD,CRA,SÃO MARTINHO S.A.,VERT COMPANHIA SECURITIZADORA,1ª,2032-06-15,97% do DI,105.9087,,,1.15,997.4099131,95.75,1023.98,2026-10-07
24H1684874,CRI,SOCIEDADE BENEFICENTE ISRAELITA BRASILEIRA HOSPITAL ALBERT EINSTEIN,RIZA SECURITIZADORA S.A.,1ª,2029-08-17,"97,5% do DI",98.0166,100.2733,95.94,1.13,871.12499081,99.92,363.42,2026-10-07
24D2765586,CRI,CYRELA BRAZIL REALTY S.A.,COMPANHIA PROVÍNCIA DE SECURITIZAÇÃO,1ª,2028-04-15,98% do DI,98.9354,100.955,97.1,0.58,708.83142513,99.9,228.86,2026-10-07
25G3629974,CRI,PLANO E PLANO II,RIZA SECURITIZADORA S.A.,1ª,2030-07-15,98% do DI,105.2837,,104.05,1.64,1003.93300269,97.43,759.81,2026-10-07
25I0014209,CRI,Multiplan,OPEA SECURITIZADORA S/A,1ª,2035-09-19,98% do DI,,,,,,,,2026-10-07
CRA024004H5,CRA,SÃO MARTINHO S.A.,RIZA SECURITIZADORA S.A.,1ª,2027-04-12,98% do DI,99.0,100.7333,96.2666,1.22,1064.80780007,99.94,117.33,2026-10-07
25G3629975,CRI,PLANO E PLANO II,RIZA SECURITIZADORA S.A.,2ª,2031-07-15,99% do DI,106.0166,,105.45,3.31,1000.09851378,97.03,908.91,2026-10-07
CRA025009Q2,CRA,Jalles Machado S.A.,ECO SECURITIZADORA DE DIREITOS CREDITÓRIOS DO AGRONEGÓCIO S.A.,1ª,2031-10-15,99% do DI,,,,,,,,2026-10-07
24E1393588,CRI,MULTIPLAN EMPREENDIMENTOS IMOBILIÁRIOS S.A.,RIZA SECURITIZADORA S.A.,1ª,2029-05-17,"99,5% do DI",99.0725,101.59,97.1233,0.59,1053.8096698,100.09,453.3,2026-10-07
CRA025008NB,CRA,Bem Brasil Alimentos S.A.,ECO SECURITIZADORA DE DIREITOS CREDITÓRIOS DO AGRONEGÓCIO S.A.,ª,2032-10-15,"DI + 0,33%",,,,,,,,2026-10-07
CRA024009Q2,CRA,MARFRIG GLOBAL FOODS S.A.,ECO SECURITIZADORA DE DIREITOS CREDITÓRIOS DO AGRONEGÓCIO S.A.,1ª,2031-10-15,"DI + 0,35%",3.0575,3.4317,2.7992,0.52,970.74852637,90.95,887.43,2026-10-07
22D1289009,CRI,CYRELA BRAZIL REALTY S.A.,OPEA SECURITIZADORA S/A,489ª,2027-06-15,"DI + 0,4%",0.3389,0.5463,0.2213,0.16,1044.77914285,100.04,161.01,2026-10-07
CRA02400AYN,CRA,MINERVA S.A.,RIZA SECURITIZADORA S.A.,3ª,2031-11-17,"DI + 0,4%",3.6541,4.4551,3.4413,0.61,940.09492213,89.03,904.64,2026-10-07
CRA02500003,CRA,BOA SAFRA SEMENTES S.A.,OPEA SECURITIZADORA S/A,2ª,2030-01-15,"DI + 0,4%",2.4783,,2.273,0.15,977.21605737,94.69,668.46,2026-10-07
CRA0250018J,CRA,MARFRIG GLOBAL FOODS S.A.,ECO SECURITIZADORA DE DIREITOS CREDITÓRIOS DO AGRONEGÓCIO S.A.,3ª,2035-04-16,"DI + 0,4%",3.1225,,2.4875,0.62,944.0311115,88.42,1132.34,2026-10-07
CRA025007PT,CRA,SLC AGRÍCOLA S.A.,OPEA SECURITIZADORA S/A,1ª,2033-09-22,"DI + 0,4%",1.1456,1.6451,0.8725,0.34,972.14582827,96.71,1137.5,2026-10-07
CRA025002S2,CRA,MINERVA S.A.,RIZA SECURITIZADORA S.A.,3ª,2032-04-15,"DI + 0,5%",3.7713,4.4651,3.4817,0.22,946.37762802,88.6,936.21,2026-10-07
23J0019601,CRI,Iguatemi,OPEA SECURITIZADORA S/A,1ª,2028-10-16,"DI + 0,55%",,,,,,,,2026-10-07
23K0018602,CRI,MULTIPLAN EMPREENDIMENTOS IMOBILIÁRIOS S.A.,RIZA SECURITIZADORA S.A.,1ª,2031-01-15,"DI + 0,6%",0.4916,,,0.09,1035.42832006,100.29,665.48,2026-10-07
24B0013201,CRI,SOMA,RIZA SECURITIZADORA S.A.,1ª,2028-02-15,"DI + 0,6%",,,,,,,,2026-10-07
23H1188857,CRI,RAIA DROGASIL S.A.,OPEA SECURITIZADORA S/A,2ª,2027-09-15,"DI + 0,65%",0.2045,0.4451,0.0951,0.15,1012.68097745,100.4,226.12,2026-10-07
CRA02300RS5,CRA,CAMIL ALIMENTOS S.A.,ECO SECURITIZADORA DE DIREITOS CREDITÓRIOS DO AGRONEGÓCIO S.A.,1ª,2028-11-16,"DI + 0,65%",4.1442,4.4638,3.8675,0.81,994.25925128,94.07,449.75,2026-10-07
22C0023008,CRI,RAIA DROGASIL S.A.,OPEA SECURITIZADORA S/A,495ª,2027-03-08,"DI + 0,7%",0.2089,0.4484,0.0984,0.16,506.69872307,100.2,101.0,2026-10-07
23K0018401,CRI,DIRECIONAL ENGENHARIA S.A.,OPEA SECURITIZADORA S/A,1ª,2028-11-16,"DI + 0,7%",,,,,,,,2026-10-07
CRA02300GCY,CRA,IPIRANGA PRODUTOS DE PETRÓLEO S.A.,VERT COMPANHIA SECURITIZADORA,2ª,2027-07-16,"DI + 0,7%",0.2884,,,0.25,1035.09671179,100.29,180.03,2026-10-07
CRA025005V6,CRA,MINERVA S.A.,RIZA SECURITIZADORA S.A.,2ª,2033-07-15,"DI + 0,7%",3.5225,,2.6508,0.83,918.35157859,88.93,1052.54,2026-10-07
22E1325261,CRI,HYPERA S.A.,OPEA SECURITIZADORA S/A,1ª,2027-08-16,"DI + 0,75%",0.5178,0.7301,0.3467,0.03,1021.68791516,100.19,205.04,2026-10-07
22F0230096,CRI,RAIA DROGASIL S.A.,OPEA SECURITIZADORA S/A,1ª,2029-06-26,"DI + 0,75%",0.2879,0.4784,0.1451,0.23,1049.38232189,100.88,477.29,2026-10-07
22K0934871,CRI,BCBF PARTICIPAÇÕES S.A.,RIZA SECURITIZADORA S.A.,1ª,2027-12-15,"DI + 0,75%",14.6628,,11.385,1.05,909.75856175,87.02,269.72,2026-10-07
22I0970801,CRI,NATURA COSMÉTICOS S.A.,RIZA SECURITIZADORA S.A.,1ª,2027-09-15,"DI + 0,8%",0.408,0.655,0.2925,0.15,1012.23926639,100.35,226.04,2026-10-07
22J0305579,CRI,DIAGNÓSTICOS DA AMÉRICA S.A.,VERT COMPANHIA SECURITIZADORA,1ª,2027-10-15,"DI + 0,8%",4.6767,6.4967,3.338,0.22,1033.45460612,96.61,230.01,2026-10-07
CRA02300JG2,CRA,JBS S.A.,RIZA SECURITIZADORA S.A.,2ª,2028-09-15,"DI + 0,8%",0.5108,0.6701,0.3034,0.04,1013.84191288,100.51,441.37,2026-10-07
CRA02300NRM,CRA,BANCO BTG PACTUAL S.A.,OPEA SECURITIZADORA S/A,2ª,2033-11-16,"DI + 0,8%",0.0163,,,0.39,1095.42824067,103.64,1161.44,2026-10-07
CRA0240066F,CRA,BRF S.A.,ECO SECURITIZADORA DE DIREITOS CREDITÓRIOS DO AGRONEGÓCIO S.A.,1ª,2029-06-15,"DI + 0,8%",3.46,,2.7417,0.1,986.83068873,94.37,558.26,2026-10-07
22E1315701,CRI,EVEN CONSTRUTORA E INCORPORADORA S.A.,OPEA SECURITIZADORA S/A,1ª,2028-09-18,"DI + 0,9%",1.2782,,,0.29,964.66096272,99.67,224.3,2026-10-07
23J1142031,CRI,YDUQS PARTICIPAÇÕES S.A.,OPEA SECURITIZADORA S/A,2ª,2028-10-13,"DI + 0,9%",1.0083,,,0.11,1068.73564427,99.86,329.95,2026-10-07
CRA022008NC,CRA,SOROCABA REFRESCOS S.A.,ECO SECURITIZADORA DE DIREITOS CREDITÓRIOS DO AGRONEGÓCIO S.A.,1ª,2029-08-15,"DI + 0,9%",,,,,,,,2026-10-07
CRA023000GP,CRA,"VAMOS LOCAÇÃO DE CAMINHÕES, MÁQUINAS E EQUIPAMENTOS S.A.",ECO SECURITIZADORA DE DIREITOS CREDITÓRIOS DO AGRONEGÓCIO S.A.,1ª,2028-01-17,"DI + 0,9%",4.0203,4.6363,3.0,0.11,996.99729735,96.5,294.45,2026-10-07
CRA024007K9,CRA,COOXUPÉ - COOPERATIVA REGIONAL DE CAFEICULTORES EM GUAXUPÉ LTDA.,VERT COMPANHIA SECURITIZADORA,1ª,2029-07-16,"DI + 0,9%",1.4356,1.6834,1.0501,0.07,1022.56864276,98.98,489.69,2026-10-07
22F0315398,CRI,LOCALIZA RENT A CAR S.A.,RIZA SECURITIZADORA S.A.,1ª,2027-06-07,"DI + 0,95%",0.5279,0.6951,0.3284,0.22,1052.43641286,100.26,154.68,2026-10-07
CRA024002MJ,CRA,MARFRIG GLOBAL FOODS S.A.,ECO SECURITIZADORA DE DIREITOS CREDITÓRIOS DO AGRONEGÓCIO S.A.,1ª,2029-03-15,"DI + 0,95%",3.4234,,2.8875,0.13,958.3980935,95.0,532.51,2026-10-07
23H0027402,CRI,REDE D'OR SÃO LUIZ S.A.,OPEA SECURITIZADORA S/A,1ª,2028-08-15,DI + 1%,0.1338,0.3284,0.1338,0.08,1034.7985037,101.44,419.0,2026-10-07
CRA022006HJ,CRA,SÃO SALVADOR ALIMENTOS S.A.,ECO SECURITIZADORA DE DIREITOS CREDITÓRIOS DO AGRONEGÓCIO S.A.,1ª,2027-07-15,DI + 1%,1.1662,2.7217,,0.3,1032.18629536,99.88,182.73,2026-10-07
CRA022008C9,CRA,COMPANHIA DE LOCAÇÃO DAS AMÉRICAS,ECO SECURITIZADORA DE DIREITOS CREDITÓRIOS DO AGRONEGÓCIO S.A.,2ª,2028-09-15,DI + 1%,0.7213,1.0563,0.465,0.07,1013.72128645,100.49,440.74,2026-10-07
CRA022008CB,CRA,JALLES MACHADO S.A.,ECO SECURITIZADORA DE DIREITOS CREDITÓRIOS DO AGRONEGÓCIO S.A.,1ª,2032-08-09,DI + 1%,1.6248,,1.439,0.34,988.20067875,97.68,954.74,2026-10-07
23H1191899,CRI,RAIA DROGASIL S.A.,OPEA SECURITIZADORA S/A,3ª,2030-09-16,"DI + 1,1%",0.4,0.5666,0.2666,0.23,1028.89471915,101.98,711.17,2026-10-07
CRA024002S1,CRA,MINERVA S.A.,RIZA SECURITIZADORA S.A.,1ª,2029-03-15,"DI + 1,1%",3.1593,3.4775,2.397,1.2,966.79418453,95.83,532.1,2026-10-07
CRA02400AHV,CRA,CEREAL COMÉRCIO EXPORTAÇÃO E REPRESENTAÇÃO AGROPECUÁRIA S.A.,RIZA SECURITIZADORA S.A.,1ª,2029-11-16,"DI + 1,1%",1.8042,1.9834,1.2834,0.37,1040.8385301,98.3,620.61,2026-10-07
23F2455020,CRI,Assai,TRUE SECURITIZADORA S/A,3ª,2028-07-15,"DI + 1,15%",,,,,,,,2026-10-07
CRA023000MC,CRA,"VAMOS LOCAÇÃO DE CAMINHÕES, MÁQUINAS E EQUIPAMENTOS S.A.",ECO SECURITIZADORA DE DIREITOS CREDITÓRIOS DO AGRONEGÓCIO S.A.,2ª,2030-01-15,"DI + 1,2%",4.8804,5.587,3.8208,0.09,1458.68137248,89.09,815.0,2026-10-07
CRA024001P7,CRA,JSL S.A.,ECO SECURITIZADORA DE DIREITOS CREDITÓRIOS DO AGRONEGÓCIO S.A.,3ª,2031-02-17,"DI + 1,2%",4.7909,5.4288,3.79,0.02,929.24011312,91.07,670.11,2026-10-07
CRA024007Q4,CRA,SLC MÁQUINAS LTDA.,OPEA SECURITIZADORA S/A,2ª,2031-08-15,"DI + 1,2%",1.4357,1.6984,0.9984,0.25,1014.0787574,99.38,674.88,2026-10-07
23C0247388,CRI,LOCALIZA RENT A CAR S.A.,RIZA SECURITIZADORA S.A.,1ª,2028-03-10,"DI + 1,25%",0.5488,,,0.19,1019.98867795,100.92,332.36,2026-10-07
23G0009601,CRI,DIMED S.A.,OPEA SECURITIZADORA S/A,1ª,2028-07-27,"DI + 1,3%",,,,,,,,2026-10-07
23C0247702,CRI,LOCALIZA RENT A CAR S.A.,RIZA SECURITIZADORA S.A.,2ª,2030-03-11,"DI + 1,4%",0.355,,,0.03,1040.48041975,102.94,705.33,2026-10-07
CRA022008NF,CRA,IRANI PAPEL E EMBALAGEM S.A.,ECO SECURITIZADORA DE DIREITOS CREDITÓRIOS DO AGRONEGÓCIO S.A.,1ª,2027-08-16,"DI + 1,4%",0.9721,1.4088,0.6481,0.14,1024.22067687,100.35,204.68,2026-10-07
CRA023002GX,CRA,INTEGRADA COOPERATIVA AGROINDUSTRIAL,ECO SECURITIZADORA DE DIREITOS CREDITÓRIOS DO AGRONEGÓCIO S.A.,1ª,2028-05-15,"DI + 1,4%",,,,,,,,2026-10-07
23J1127308,CRI,MOVIDA PARTICIPAÇÕES S.A.,OPEA SECURITIZADORA S/A,1ª,2028-10-16,"DI + 1,45%",4.8784,4.9951,,0.18,1014.42159446,94.54,424.26,2026-10-07
22C1235206,CRI,HAVAN S.A.,OPEA SECURITIZADORA S/A,463ª,2027-04-27,"DI + 1,5%",0.6867,0.8901,0.5234,0.2,1008.73052834,100.42,130.25,2026-10-07
23I1257218,CRI,JSL S.A.,OPEA SECURITIZADORA S/A,2ª,2030-09-16,"DI + 1,5%",,,,,,,,2026-10-07
CRA0220080Y,CRA,NEOMILLE S.A.,ECO SECURITIZADORA DE DIREITOS CREDITÓRIOS DO AGRONEGÓCIO S.A.,1ª,2028-04-03,"DI + 1,5%",1.9577,2.6117,1.647,0.34,430.14282841,99.6,227.92,2026-10-07
CRA02300G7E,CRA,MARFRIG GLOBAL FOODS S.A.,ECO SECURITIZADORA DE DIREITOS CREDITÓRIOS DO AGRONEGÓCIO S.A.,2ª,2028-08-15,"DI + 1,5%",3.2,3.4917,2.8084,0.46,993.18017195,97.29,416.23,2026-10-07
CRA02300MJ9,CRA,MINERVA S.A.,RIZA SECURITIZADORA S.A.,1ª,2028-09-15,"DI + 1,5%",2.2894,2.7388,1.3138,0.2,995.65071222,98.66,438.64,2026-10-07
CRA024003UY,CRA,LAR COOPERATIVA AGROINDUSTRIAL,ECO SECURITIZADORA DE DIREITOS CREDITÓRIOS DO AGRONEGÓCIO S.A.,2ª,2029-04-16,"DI + 1,55%",1.7253,2.8875,1.1834,0.17,1006.15971546,99.7,437.44,2026-10-07
CRA0240020A,CRA,VICUNHA TÊXTIL S.A.,RIZA SECURITIZADORA S.A.,1ª,2029-02-15,"DI + 1,6%",,,,,,,,2026-10-07
CRA0240099E,CRA,VALE DO TIJUCO AÇÚCAR E ÁLCOOL S.A.,ECO SECURITIZADORA DE DIREITOS CREDITÓRIOS DO AGRONEGÓCIO S.A.,1ª,2034-10-16,"DI + 1,6%",2.8568,,2.45,0.91,1023.93263027,95.36,965.4,2026-10-07
CRA025009KJ,CRA,Salton,OPEA SECURITIZADORA S/A,1ª,2031-12-09,"DI + 1,6%",,,,,,,,2026-10-07
24A2720884,CRI,DIAGNÓSTICAS DA AMÉRICA S.A.,VERT COMPANHIA SECURITIZADORA,1ª,2029-01-15,"DI + 1,63%",4.3986,6.0583,3.1937,1.21,982.48268541,94.93,486.24,2026-10-07
22L1465644,CRI,ÂNIMA HOLDING S.A.,RIZA SECURITIZADORA S.A.,1ª,2027-12-15,"DI + 1,65%",2.6972,3.0617,1.9284,0.45,998.13784749,98.9,272.1,2026-10-07
CRA0230073L,CRA,J. MACÊDO S.A.,RIZA SECURITIZADORA S.A.,1ª,2028-04-17,"DI + 1,65%",,,,,,,,2026-10-07
23F0012002,CRI,LOG COMMERCIAL PROPERTIES E PARTICIPAÇÕES S.A.,OPEA SECURITIZADORA S/A,1ª,2028-06-26,"DI + 1,7%",1.0973,,0.7438,0.07,673.79644252,100.66,279.71,2026-10-07
23L2043099,CRI,Unidas,OPEA SECURITIZADORA S/A,1ª,2028-12-15,"DI + 1,7%",,,,,,,,2026-10-07
CRA02300VBT,CRA,UNIDAS LOCAÇÕES E SERVIÇOS S.A.,OPEA SECURITIZADORA S/A,1ª,2028-12-15,"DI + 1,7%",1.1357,1.3784,0.5784,0.52,1059.60455954,101.04,468.75,2026-10-07
CRA022008NH,CRA,IRANI PAPEL E EMBALAGEM S.A.,ECO SECURITIZADORA DE DIREITOS CREDITÓRIOS DO AGRONEGÓCIO S.A.,2ª,2029-08-15,"DI + 1,75%",0.905,1.1163,0.5538,0.06,1038.55525349,101.7,509.48,2026-10-07
CRA0230012X,CRA,VALE DO PONTAL AÇÚCAR E ETANOL S.A.,ECO SECURITIZADORA DE DIREITOS CREDITÓRIOS DO AGRONEGÓCIO S.A.,1ª,2031-02-17,"DI + 1,8%",,,,,,,,2026-10-07
CRA0240005N,CRA,CEREAL COMÉRCIO EXPORTAÇÃO E REPRESENTAÇÃO AGROPECUÁRIA S.A.,RIZA SECURITIZADORA S.A.,1ª,2029-01-15,"DI + 1,8%",1.8754,2.0201,1.2201,0.18,1034.49599571,99.92,282.71,2026-10-07
24K0003002,CRI,PATRIMAR ENGENHARIA S.A.,RIZA SECURITIZADORA S.A.,1ª,2029-11-23,"DI + 1,95%",5.4983,7.7617,4.8284,3.52,985.34033438,93.03,528.88,2026-10-07
CRA02300Q8I,CRA,CAPAL COOPERATIVA AGROINDUSTRIAL,OPEA SECURITIZADORA S/A,1ª,2029-05-17,"DI + 1,95%",1.0292,,,0.9,612.61790888,101.27,351.13,2026-10-07
23H1023846,CRI,BR PROPERTIES S.A.,OPEA SECURITIZADORA S/A,1ª,2031-08-15,DI + 2%,,,,,,,,2026-10-07
23J1333602,CRI,PATRIMAR ENGENHARIA S.A.,RIZA SECURITIZADORA S.A.,1ª,2028-10-20,DI + 2%,,,,,,,,2026-10-07
CRA022001P6,CRA,USINA BATATAIS S.A.,RIZA SECURITIZADORA S.A.,1ª,2028-04-20,DI + 2%,1.5958,,1.1251,0.23,1011.37619877,100.55,345.87,2026-10-07
CRA022008C2,CRA,VICUNHA TÊXTIL S.A.,RIZA SECURITIZADORA S.A.,2ª,2027-08-16,DI + 2%,5.5006,,3.7138,2.15,497.01416782,97.31,204.18,2026-10-07
CRA02300S8P,CRA,FS INDÚSTRIA DE BIOCOMBUSTÍVEIS LTDA.,ECO SECURITIZADORA DE DIREITOS CREDITÓRIOS DO AGRONEGÓCIO S.A.,2ª,2030-06-17,DI + 2%,4.1151,4.5463,3.5856,0.2,952.24424172,94.33,712.74,2026-10-07
CRA024000B7,CRA,FS INDÚSTRIA DE BIOCOMBUSTÍVEIS LTDA.,ECO SECURITIZADORA DE DIREITOS CREDITÓRIOS DO AGRONEGÓCIO S.A.,2ª,2030-07-15,DI + 2%,4.1099,4.733,3.6108,0.1,951.5136918,94.26,723.75,2026-10-07
CRA02300BQD,CRA,GJA INDÚSTRIAS S.A.,RIZA SECURITIZADORA S.A.,1ª,2029-07-16,"DI + 2,25%",,,,,,,,2026-10-07
CRA025000MJ,CRA,Integrada Cooperativa Agroindustrial,ECO SECURITIZADORA DE DIREITOS CREDITÓRIOS DO AGRONEGÓCIO S.A.,2ª,2029-05-15,"DI + 2,35%",,,,,,,,2026-10-07
22L1212138,CRI,LAR COOPERATIVA AGROINDUSTRIAL,HABITASEC SECURITIZADORA S.A.,2ª,2034-12-19,"DI + 2,45%",,,,,,,,2026-10-07
CRA02300KZL,CRA,FLORA PRODUTOS DE HIGIENE E LIMPEZA S.A.,OPEA SECURITIZADORA S/A,1ª,2029-10-15,"DI + 2,5%",,,,,,,,2026-10-07
CRA02300795,CRA,FS INDÚSTRIA DE BIOCOMBUSTÍVEIS LTDA.,ECO SECURITIZADORA DE DIREITOS CREDITÓRIOS DO AGRONEGÓCIO S.A.,1ª,2029-10-15,"DI + 2,9%",4.2268,4.827,3.8058,0.17,979.36256265,96.96,604.93,2026-10-07
CRA02300CCH,CRA,FS INDÚSTRIA DE BIOCOMBUSTÍVEIS LTDA.,ECO SECURITIZADORA DE DIREITOS CREDITÓRIOS DO AGRONEGÓCIO S.A.,1ª,2029-12-17,"DI + 2,9%",4.1759,4.7425,3.8221,0.14,979.24326076,96.95,631.31,2026-10-07
CRA0250040I,CRA,Natural One S.A,ECO SECURITIZADORA DE DIREITOS CREDITÓRIOS DO AGRONEGÓCIO S.A.,1ª,2029-06-15,"DI + 2,9%",5.3166,,3.75,1.95,1018.34944228,96.74,358.07,2026-10-07
CRA0220099D,CRA,CENTRAL CRESOL BASER,ECO SECURITIZADORA DE DIREITOS CREDITÓRIOS DO AGRONEGÓCIO S.A.,1ª,2027-12-15,"DI + 2,95%",,,,,,,,2026-10-07
CRA023003JX,CRA,OLFAR S.A.,RIZA SECURITIZADORA S.A.,1ª,2029-03-15,DI + 3%,2.1637,8.1878,,0.03,728.87325659,101.02,315.24,2026-10-07
CRA0240086H,CRA,DISTRIBUIDORA DE PRODUTOS DE PETRÓLEO CHARRUA LTDA.,OPEA SECURITIZADORA S/A,1ª,2029-08-23,DI + 3%,3.222,3.545,3.1114,0.15,1001.92190245,99.57,506.71,2026-10-07
CRA0250012Y,CRA,FS FLORESTAL S.A.,ECO SECURITIZADORA DE DIREITOS CREDITÓRIOS DO AGRONEGÓCIO S.A.,2ª,2031-03-17,DI + 3%,4.2415,,3.6692,0.23,972.00991093,96.23,804.72,2026-10-07
CRA022000RU,CRA,MADERO INDÚSTRIA E COMÉRCIO S.A.,ECO SECURITIZADORA DE DIREITOS CREDITÓRIOS DO AGRONEGÓCIO S.A.,2ª,2027-03-15,"DI + 3,5%",3.2682,,2.4634,0.45,141.05359071,100.05,54.48,2026-10-07
CRA024002MM,CRA,USINA SANTA FÉ S.A.,ECO SECURITIZADORA DE DIREITOS CREDITÓRIOS DO AGRONEGÓCIO S.A.,1ª,2029-12-17,DI + 4%,3.32,,,1.01,892.66175593,100.94,359.75,2026-10-07
CRA02400ECU,CRA,USINA CORURIPE AÇÚCAR E ÁLCOOL S.A.,ECO SECURITIZADORA DE DIREITOS CREDITÓRIOS DO AGRONEGÓCIO S.A.,5ª,2030-11-25,"DI + 4,1%",4.7092,5.0434,4.6101,0.24,4996.35797403,99.02,425.96,2026-10-07
CRA023001JL,CRA,PISANI PLÁSTICOS S.A.,ECO SECURITIZADORA DE DIREITOS CREDITÓRIOS DO AGRONEGÓCIO S.A.,1ª,2029-02-20,DI + 5%,,,,,,,,2026-10-07
CRA02300KOH,CRA,TECSOIL AUTOMAÇÃO E SISTEMAS S.A.,OPEA SECURITIZADORA S/A,1ª,2028-10-16,"DI + 5,5%",3.0945,3.85,2.1375,0.05,717.24676754,102.1,227.91,2026-10-07
CRA02300JR6,CRA,RAÍZEN ENERGIA S.A.,TRUE SECURITIZADORA S/A,2ª,2033-10-17,IPCA + 0%,,,,,484.8802993,42.64,,2026-10-07
CRA019003JY,CRA,KLABIN S.A.,VERT COMPANHIA SECURITIZADORA,1ª,2029-06-15,"IPCA + 3,5%",6.9238,7.0992,6.6945,0.13,1411.60208127,94.89,403.8,2026-10-07
CRA019003V3,CRA,RAÍZEN ENERGIA S.A.,OPEA SECURITIZADORA S/A,2ª,2029-07-16,"IPCA + 3,602%",,,,,690.70004136,47.15,,2026-10-07
CRA021000MG,CRA,M. DIAS BRANCO S.A. INDÚSTRIA E COMÉRCIO DE ALIMENTOS,RIZA SECURITIZADORA S.A.,1ª,2028-03-15,"IPCA + 3,7992%",7.6185,7.775,7.3098,0.32,1302.43089382,95.08,351.97,2026-10-07
CRA021000MH,CRA,M. DIAS BRANCO S.A. INDÚSTRIA E COMÉRCIO DE ALIMENTOS,RIZA SECURITIZADORA S.A.,2ª,2031-03-15,"IPCA + 4,1369%",7.8996,7.9988,7.5485,0.39,1224.24914838,89.35,795.01,2026-10-07
CRA02100002,CRA,COCAL COMÉRCIO INDÚSTRIA CANAÃ AÇÚCAR E ÁLCOOL LTDA.,RIZA SECURITIZADORA S.A.,2ª,2028-02-15,"IPCA + 4,2095%",8.2712,,6.3232,0.77,619.00480728,97.35,176.1,2026-10-07
CRA021000MB,CRA,COLOMBO AGROINDÚSTRIA S.A.,ECO SECURITIZADORA DE DIREITOS CREDITÓRIOS DO AGRONEGÓCIO S.A.,1ª,2027-03-15,"IPCA + 4,4474%",7.9476,8.712,7.0023,0.95,672.45256848,98.62,106.0,2026-10-07
CRA021001PQ,CRA,MARFRIG GLOBAL FOODS S.A.,OPEA SECURITIZADORA S/A,1ª,2028-07-15,"IPCA + 4,5%",12.4642,12.5126,11.8082,0.33,1178.21436816,88.32,425.55,2026-10-07
CRA019001E7,CRA,KLABIN S.A.,VERT COMPANHIA SECURITIZADORA,2ª,2029-03-15,"IPCA + 4,5081%",6.8549,7.1322,6.7019,0.12,1471.3029382,97.04,339.56,2026-10-07
CRA021001VA,CRA,MARFRIG GLOBAL FOODS S.A.,OPEA SECURITIZADORA S/A,2ª,2031-07-15,"IPCA + 4,6%",12.0621,12.1759,10.3915,0.73,1056.8822844,79.2,841.8,2026-10-07
21G0065100,CRI,ALIANSCE SONAE SHOPPING CENTERS S.A.,RB CAPITAL INVESTIMENTOS DTVM LTDA,347ª,2028-07-17,"IPCA + 4,6197%",7.5597,,,0.15,1269.51497263,95.43,424.9,2026-10-07
CRA0210013B,CRA,BRF S.A.,VERT COMPANHIA SECURITIZADORA,1ª,2031-05-15,"IPCA + 4,7843%",11.3426,11.3922,10.8679,1.4,1070.13924763,78.28,1005.25,2026-10-07
CRA021001KB,CRA,COMPANHIA DE LOCAÇÃO DAS AMÉRICAS,ECO SECURITIZADORA DE DIREITOS CREDITÓRIOS DO AGRONEGÓCIO S.A.,1ª,2031-07-15,"IPCA + 4,825%",7.7685,8.2145,7.525,0.49,1221.07651104,91.03,851.09,2026-10-07
CRA021002SO,CRA,IPIRANGA PRODUTOS DE PETRÓLEO S.A.,VERT COMPANHIA SECURITIZADORA,1ª,2028-09-15,"IPCA + 4,8287%",7.4186,8.0697,,0.34,1251.26886502,95.56,468.32,2026-10-07
21D0737500,CRI,DIRECIONAL ENGENHARIA S.A.,OPEA SECURITIZADORA S/A,371ª,2028-04-17,"IPCA + 4,8444%",7.4602,7.8716,7.2782,0.18,882.10010276,97.62,245.24,2026-10-07
21D0862572,CRI,REDE D'OR SÃO LUIZ S.A.,OPEA SECURITIZADORA S/A,324ª,2036-05-15,"IPCA + 4,9347%",7.7293,,7.4676,0.21,1149.0751435,83.54,1698.03,2026-10-07
21H1078699,CRI,SENDAS DISTRIBUIDORA S.A.,OPEA SECURITIZADORA S/A,428ª,2028-10-16,"IPCA + 5,1531%",10.6372,10.8693,10.2509,0.34,1196.70434494,90.87,473.58,2026-10-07
21H1078700,CRI,SENDAS DISTRIBUIDORA S.A.,OPEA SECURITIZADORA S/A,429ª,2031-10-15,"IPCA + 5,2662%",11.2289,11.5969,10.3174,0.18,1086.16794233,82.43,872.38,2026-10-07
CRA020002GZ,CRA,BRF S.A.,VERT COMPANHIA SECURITIZADORA,1ª,2027-07-15,"IPCA + 5,3%",11.0356,,10.7118,0.49,1401.76352903,96.12,187.76,2026-10-07
21D0694886,CRI,CONSTRUTORA TENDA S.A.,OPEA SECURITIZADORA S/A,378ª,2028-04-17,"IPCA + 5,3621%",9.2997,,,0.85,891.74539259,96.54,240.96,2026-10-07
CRA021002NF,CRA,PETROBRAS DISTRIBUIDORA S.A.,RIZA SECURITIZADORA S.A.,1ª,2031-09-15,"IPCA + 5,3995%",8.0318,8.4723,7.9029,0.12,1198.4211222,91.54,899.87,2026-10-07
CRA020001P7,CRA,RAÍZEN ENERGIA S.A.,OPEA SECURITIZADORA S/A,1ª,2027-06-15,"IPCA + 5,4%",,,,,644.82875879,45.32,,2026-10-07
CRA021000RX,CRA,MINERVA S.A.,RIZA SECURITIZADORA S.A.,1ª,2028-04-17,"IPCA + 5,5034%",12.1082,12.2023,10.6229,0.36,1271.98661855,91.67,360.18,2026-10-07
21I0278118,CRI,LOG COMMERCIAL PROPERTIES E PARTICIPAÇÕES S.A.,RIZA SECURITIZADORA S.A.,362ª,2028-09-15,"IPCA + 5,5212%",10.3876,,9.7567,2.14,615.75509956,93.98,345.58,2026-10-07
21K0001806,CRI,REDE D'OR SÃO LUIZ S.A.,OPEA SECURITIZADORA S/A,396ª,2031-12-15,"IPCA + 5,5758%",7.7678,7.9655,7.5341,0.12,1196.24708325,92.72,922.07,2026-10-07
CRA021000RY,CRA,MINERVA S.A.,RIZA SECURITIZADORA S.A.,39ª,2031-04-15,"IPCA + 5,578%",11.1995,11.7652,10.1524,1.22,1182.71271647,85.21,768.92,2026-10-07
CRA020002H1,CRA,BRF S.A.,VERT COMPANHIA SECURITIZADORA,2ª,2030-07-15,"IPCA + 5,6%",11.7356,12.0567,10.3716,0.47,1266.32107549,86.78,626.53,2026-10-07
CRA022002Y1,CRA,NORSA REFRIGERANTES S.A.,RIZA SECURITIZADORA S.A.,1ª,2027-03-15,"IPCA + 5,685%",7.0636,7.4784,6.9555,0.19,606.08134461,99.46,106.0,2026-10-07
CRA020003PY,CRA,"VAMOS LOCAÇÃO DE CAMINHÕES, MÁQUINAS E EQUIPAMENTOS S.A.",ECO SECURITIZADORA DE DIREITOS CREDITÓRIOS DO AGRONEGÓCIO S.A.,1ª,2030-11-18,"IPCA + 5,7315%",11.86,12.6708,11.3353,0.14,1230.89410955,85.58,688.95,2026-10-07
21K0001812,CRI,ULTRA SOM SERVIÇOS MÉDICOS S.A.,RIZA SECURITIZADORA S.A.,378ª,2031-12-15,"IPCA + 5,7505%",20.1519,22.1271,18.3227,1.44,774.92480751,60.33,965.22,2026-10-07
CRA021002YA,CRA,CARAMURU ALIMENTOS S.A.,ECO SECURITIZADORA DE DIREITOS CREDITÓRIOS DO AGRONEGÓCIO S.A.,1ª,2027-09-15,"IPCA + 5,7641%",,,,,,,,2026-10-07
CRA020001P8,CRA,RAÍZEN ENERGIA S.A.,TRUE SECURITIZADORA S/A,2ª,2030-06-17,"IPCA + 5,8%",,,,,664.74027146,46.67,,2026-10-07
22D1289007,CRI,REDE D'OR SÃO LUIZ S.A.,OPEA SECURITIZADORA S/A,508ª,2029-06-15,"IPCA + 5,83%",7.4953,,7.2523,0.24,1172.26912003,96.24,618.48,2026-10-07
22D1289010,CRI,CYRELA BRAZIL REALTY S.A.,OPEA SECURITIZADORA S/A,490ª,2027-06-15,"IPCA + 5,9068%",7.0138,,6.7462,0.83,1231.23488979,99.32,165.48,2026-10-07
CRA022002Y2,CRA,NORSA REFRIGERANTES S.A.,RIZA SECURITIZADORA S.A.,2ª,2029-03-15,"IPCA + 5,9169%",7.8609,8.3356,7.5717,0.37,1179.1451534,96.73,459.4,2026-10-07
CRA022006N5,CRA,IPIRANGA PRODUTOS DE PETRÓLEO S.A.,VERT COMPANHIA SECURITIZADORA,1ª,2032-06-15,"IPCA + 6,0053%",7.3892,7.832,7.2447,0.39,1154.86758971,94.91,1010.85,2026-10-07
22D1289008,CRI,REDE D'OR SÃO LUIZ S.A.,OPEA SECURITIZADORA S/A,509ª,2032-06-15,"IPCA + 6,01%",7.6446,,,0.19,1146.03329491,94.03,1009.52,2026-10-07
CRA022002Y3,CRA,NORSA REFRIGERANTES S.A.,RIZA SECURITIZADORA S.A.,3ª,2032-03-15,"IPCA + 6,0392%",7.7563,20.1074,,0.08,1145.22305176,93.94,976.66,2026-10-07
21K0001807,CRI,REDE D'OR SÃO LUIZ S.A.,OPEA SECURITIZADORA S/A,397ª,2036-12-15,"IPCA + 6,1017%",7.8639,8.0502,7.6194,0.13,1152.70574785,89.21,1727.17,2026-10-07
22K0001201,CRI,PETRÓLEO BRASILEIRO S.A. - PETROBRAS,OPEA SECURITIZADORA S/A,1ª,2030-04-15,"IPCA + 6,2%",6.5547,6.8367,,0.34,1219.96885418,98.96,793.18,2026-10-07
23H0027403,CRI,REDE D'OR SÃO LUIZ S.A.,OPEA SECURITIZADORA S/A,2ª,2030-08-15,"IPCA + 6,2%",7.7721,8.0011,7.5555,0.1,1103.13811514,95.09,862.24,2026-10-07
CRA022006MY,CRA,Dexco S.A.,ECO SECURITIZADORA DE DIREITOS CREDITÓRIOS DO AGRONEGÓCIO S.A.,2ª,2032-06-15,"IPCA + 6,2%",,,,,,,,2026-10-07
22K0001203,CRI,PETRÓLEO BRASILEIRO S.A. - PETROBRAS,OPEA SECURITIZADORA S/A,2ª,2032-11-16,"IPCA + 6,25%",6.6911,6.9511,,0.29,1237.79891497,97.97,1245.82,2026-10-07
22E1325262,CRI,HYPERA S.A.,OPEA SECURITIZADORA S/A,2ª,2029-08-15,"IPCA + 6,279%",8.21,8.4725,7.8058,0.24,1150.81561645,95.4,657.92,2026-10-07
CRA021002YF,CRA,J. MACÊDO S.A.,ECO SECURITIZADORA DE DIREITOS CREDITÓRIOS DO AGRONEGÓCIO S.A.,1ª,2026-11-16,"IPCA + 6,3071%",,,,,,,,2026-10-07
CRA02300S35,CRA,CAMIL ALIMENTOS S.A.,ECO SECURITIZADORA DE DIREITOS CREDITÓRIOS DO AGRONEGÓCIO S.A.,2ª,2030-11-18,"IPCA + 6,3416%",11.7696,12.1963,11.6601,0.75,999.66409171,85.48,787.33,2026-10-07
22C1362141,CRI,MATEUS SUPERMERCADOS S.A.,OPEA SECURITIZADORA S/A,1ª,2034-07-17,"IPCA + 6,3423%",9.9055,,9.5885,0.84,840.39263038,89.89,795.24,2026-10-07
22B0004808,CRI,CSN CIMENTOS S.A.,RIZA SECURITIZADORA S.A.,417ª,2032-02-16,"IPCA + 6,3893%",16.5037,18.7546,13.4304,0.12,891.85427061,71.31,917.57,2026-10-07
CRA022008N6,CRA,JBS S.A.,RIZA SECURITIZADORA S.A.,2ª,2032-09-15,"IPCA + 6,3919%",8.1326,,,0.44,1127.97365773,93.35,1065.01,2026-10-07
22K0001204,CRI,PETRÓLEO BRASILEIRO S.A. - PETROBRAS,OPEA SECURITIZADORA S/A,3ª,2037-11-16,"IPCA + 6,4%",,,,,,,,2026-10-07
24B0013203,CRI,CIDADE MARAVILHOSA INDÚSTRIA E COMÉRCIO DE ROUPAS S.A.,RIZA SECURITIZADORA S.A.,3ª,2030-02-15,"IPCA + 6,4%",12.0102,13.0524,,0.47,991.46370091,87.54,649.15,2026-10-07
CRA02300CYS,CRA,BANCO BTG PACTUAL S.A.,OPEA SECURITIZADORA S/A,3ª,2033-07-15,"IPCA + 6,4338%",,,,,,,,2026-10-07
22E1325264,CRI,HYPERA S.A.,OPEA SECURITIZADORA S/A,3ª,2032-08-16,"IPCA + 6,4451%",8.2969,8.5412,8.1029,0.23,1123.12193927,93.09,1042.23,2026-10-07
CRA024001P6,CRA,JSL S.A.,ECO SECURITIZADORA DE DIREITOS CREDITÓRIOS DO AGRONEGÓCIO S.A.,2ª,2031-02-17,"IPCA + 6,4527%",12.9523,13.4209,12.1615,0.58,950.74952438,83.84,741.28,2026-10-07
22E1095384,CRI,MRV ENGENHARIA E PARTICIPAÇÕES S.A.,OPEA SECURITIZADORA S/A,1ª,2030-09-16,"IPCA + 6,4802%",11.8687,,,0.37,1048.41507045,87.7,664.09,2026-10-07
21J0001208,CRI,TENDA ATACADO S.A.,RIZA SECURITIZADORA S.A.,306ª,2026-10-15,"IPCA + 6,4803%",11.8025,,11.3032,0.76,441.29130803,99.9,5.0,2026-10-07
22F0009804,CRI,DIRECIONAL ENGENHARIA S.A.,OPEA SECURITIZADORA S/A,1ª,2032-06-15,"IPCA + 6,4899%",8.0656,8.2543,7.7888,0.1,1147.52769847,94.32,998.91,2026-10-07
22F0009409,CRI,GJA INDÚSTRIAS S.A.,RIZA SECURITIZADORA S.A.,1ª,2029-06-15,"IPCA + 6,5%",11.9894,,11.6829,0.41,1083.28219324,90.41,502.88,2026-10-07
CRA022003JT,CRA,BEM BRASIL ALIMENTOS S.A.,ECO SECURITIZADORA DE DIREITOS CREDITÓRIOS DO AGRONEGÓCIO S.A.,1ª,2029-05-15,"IPCA + 6,5348%",,,,,,,,2026-10-07
CRA022004MS,CRA,"VAMOS LOCAÇÃO DE CAMINHÕES, MÁQUINAS E EQUIPAMENTOS S.A.",ECO SECURITIZADORA DE DIREITOS CREDITÓRIOS DO AGRONEGÓCIO S.A.,1ª,2032-05-17,"IPCA + 6,5473%",13.3509,13.467,12.0221,0.26,969.82384262,78.85,950.01,2026-10-07
23H0027404,CRI,REDE D'OR SÃO LUIZ S.A.,OPEA SECURITIZADORA S/A,3ª,2033-08-15,"IPCA + 6,55%",7.8627,8.2453,7.483,0.13,1093.58278438,94.22,1220.33,2026-10-07
CRA022008NB,CRA,RAÍZEN ENERGIA S.A.,OPEA SECURITIZADORA S/A,1ª,2032-08-16,"IPCA + 6,5885%",,,,,581.3577857,48.01,,2026-10-07
22B0006022,CRI,MRV ENGENHARIA E PARTICIPAÇÕES S.A.,RIZA SECURITIZADORA S.A.,442ª,2029-02-15,"IPCA + 6,5954%",12.2187,,11.5839,1.05,1146.95538609,91.47,434.86,2026-10-07
CRA024004SA,CRA,JBS S.A.,RIZA SECURITIZADORA S.A.,2ª,2034-05-15,"IPCA + 6,5975%",8.4045,9.2237,7.864,0.48,1032.29782686,90.59,1469.18,2026-10-07
22J0306937,CRI,DIAGNÓSTICOS DA AMÉRICA S.A.,VERT COMPANHIA SECURITIZADORA,2ª,2029-10-15,"IPCA + 6,6%",11.7331,12.3888,10.5499,0.76,1089.99916491,88.2,669.06,2026-10-07
CRA02300G7F,CRA,MARFRIG GLOBAL FOODS S.A.,ECO SECURITIZADORA DE DIREITOS CREDITÓRIOS DO AGRONEGÓCIO S.A.,3ª,2030-08-15,"IPCA + 6,6%",12.0765,12.2708,11.5289,0.53,980.3609731,84.38,848.33,2026-10-07
CRA022008C7,CRA,COMPANHIA DE LOCAÇÃO DAS AMÉRICAS,ECO SECURITIZADORA DE DIREITOS CREDITÓRIOS DO AGRONEGÓCIO S.A.,1ª,2028-09-15,"IPCA + 6,6018%",7.6763,8.1773,7.5428,0.47,1185.50385459,98.18,462.64,2026-10-07
CRA022007KI,CRA,COCAL COMÉRCIO INDÚSTRIA CANAÃ AÇÚCAR E ÁLCOOL LTDA.,RIZA SECURITIZADORA S.A.,1ª,2030-08-15,"IPCA + 6,6234%",9.8831,10.2772,9.8432,0.77,1109.17408577,92.54,645.57,2026-10-07
CRA02300JG3,CRA,JBS S.A.,RIZA SECURITIZADORA S.A.,3ª,2030-09-16,"IPCA + 6,6441%",8.1931,,,0.17,1094.53162046,95.09,877.53,2026-10-07
CRA022008N7,CRA,JBS S.A.,RIZA SECURITIZADORA S.A.,3ª,2037-09-15,"IPCA + 6,6614%",8.3641,9.0456,8.0473,0.78,1076.76701562,89.09,1815.14,2026-10-07
CRA022000XF,CRA,MARFRIG GLOBAL FOODS S.A.,ECO SECURITIZADORA DE DIREITOS CREDITÓRIOS DO AGRONEGÓCIO S.A.,3ª,2032-01-15,"IPCA + 6,663%",11.8627,,11.3101,0.61,1066.45001702,84.04,909.69,2026-10-07
CRA02300JG4,CRA,JBS S.A.,RIZA SECURITIZADORA S.A.,4ª,2033-09-15,"IPCA + 6,6634%",8.3252,,8.0019,0.28,1066.6128062,92.67,1235.0,2026-10-07
24F1277567,CRI,DIRECIONAL ENGENHARIA S.A.,OPEA SECURITIZADORA S/A,2ª,2031-07-15,"IPCA + 6,6747%",7.9903,8.238,7.7788,0.11,1070.2123879,95.58,928.28,2026-10-07
23L1737622,CRI,REDE D'OR SÃO LUIZ S.A.,OPEA SECURITIZADORA S/A,1ª,2033-12-15,"IPCA + 6,6941%",,,,,,,,2026-10-07
22G1414303,CRI,SENDAS DISTRIBUIDORA S.A.,OPEA SECURITIZADORA S/A,3ª,2029-09-17,"IPCA + 6,7%",10.9648,,,0.16,1105.62954498,91.54,566.11,2026-10-07
CRA022008ND,CRA,RAÍZEN ENERGIA S.A.,OPEA SECURITIZADORA S/A,2ª,2037-08-17,"IPCA + 6,7382%",,,,,568.04971579,46.88,,2026-10-07
CRA0240066J,CRA,SLC AGRICOLA II,RIZA SECURITIZADORA S.A.,3ª,2031-07-15,"IPCA + 6,7469%",8.6877,9.0645,7.9538,0.63,1049.10663871,93.48,940.45,2026-10-07
22J0306938,CRI,DIAGNÓSTICOS DA AMÉRICA S.A.,VERT COMPANHIA SECURITIZADORA,3ª,2032-10-15,"IPCA + 6,75%",12.0533,12.6662,10.2561,0.63,1013.21749764,81.93,1018.59,2026-10-07
CRA0240020C,CRA,VICUNHA II,RIZA SECURITIZADORA S.A.,3ª,2031-02-15,"IPCA + 6,7641%",,,,,,,,2026-10-07
CRA022007EP,CRA,KLABIN S.A.,VERT COMPANHIA SECURITIZADORA,1ª,2034-05-15,"IPCA + 6,7694%",6.9771,7.2676,6.8737,0.1,1206.57955899,98.86,1483.61,2026-10-07
CRA024004SB,CRA,JBS S.A.,RIZA SECURITIZADORA S.A.,3ª,2039-05-16,"IPCA + 6,7825%",8.3779,,,1.67,1014.79062592,88.99,1950.4,2026-10-07
CRA0240086K,CRA,SEARA ALIMENTOS LTDA.,RIZA SECURITIZADORA S.A.,2ª,2034-09-15,"IPCA + 6,7931%",8.3636,8.9752,7.8802,1.32,1007.96542651,91.36,1548.61,2026-10-07
CRA024002ML,CRA,MARFRIG GLOBAL FOODS S.A.,ECO SECURITIZADORA DE DIREITOS CREDITÓRIOS DO AGRONEGÓCIO S.A.,3ª,2034-03-15,"IPCA + 6,7996%",12.1183,12.3079,11.4401,0.52,873.67532816,77.78,1277.35,2026-10-07
22I0970804,CRI,NATURA COSMÉTICOS S.A.,RIZA SECURITIZADORA S.A.,2ª,2029-09-17,"IPCA + 6,8%",8.3344,13.5764,8.2204,0.22,1163.75719992,96.24,675.82,2026-10-07
CRA0240066B,CRA,CAMIL ALIMENTOS S.A.,ECO SECURITIZADORA DE DIREITOS CREDITÓRIOS DO AGRONEGÓCIO S.A.,2ª,2031-06-16,"IPCA + 6,8286%",11.6866,,10.6226,0.85,965.77233503,85.31,891.58,2026-10-07
CRA0220079D,CRA,BRF S.A.,VERT COMPANHIA SECURITIZADORA,2ª,2032-07-15,"IPCA + 6,8344%",12.1319,12.2907,11.4258,0.44,1014.50359696,82.42,993.0,2026-10-07
CRA0240086L,CRA,SEARA ALIMENTOS LTDA.,RIZA SECURITIZADORA S.A.,3ª,2044-09-15,"IPCA + 6,8408%",8.6281,,8.3438,0.65,940.18131729,85.21,2362.96,2026-10-07
CRA02300SV1,CRA,"VAMOS LOCAÇÃO DE CAMINHÕES, MÁQUINAS E EQUIPAMENTOS S.A.",ECO SECURITIZADORA DE DIREITOS CREDITÓRIOS DO AGRONEGÓCIO S.A.,3ª,2033-11-16,"IPCA + 6,8453%",,,,,,,,2026-10-07
CRA022006HK,CRA,SÃO SALVADOR ALIMENTOS S.A.,ECO SECURITIZADORA DE DIREITOS CREDITÓRIOS DO AGRONEGÓCIO S.A.,2ª,2030-07-15,"IPCA + 6,8911%",,,,,,,,2026-10-07
22I0970868,CRI,NATURA COSMÉTICOS S.A.,RIZA SECURITIZADORA S.A.,3ª,2032-09-15,"IPCA + 6,9%",8.5409,9.0129,8.4854,0.33,1134.31493449,93.8,1054.16,2026-10-07
23L1737623,CRI,REDE D'OR SÃO LUIZ S.A.,OPEA SECURITIZADORA S/A,2ª,2038-12-15,"IPCA + 6,9527%",7.8974,,7.5135,0.19,1087.05637623,93.44,1926.3,2026-10-07
CRA022004S9,CRA,"VAMOS LOCAÇÃO DE CAMINHÕES, MÁQUINAS E EQUIPAMENTOS S.A.",ECO SECURITIZADORA DE DIREITOS CREDITÓRIOS DO AGRONEGÓCIO S.A.,2ª,2037-05-15,"IPCA + 6,9739%",12.5412,12.9036,11.6373,1.1,878.88020682,71.34,1600.98,2026-10-07
CRA02300JG5,CRA,JBS S.A.,RIZA SECURITIZADORA S.A.,5ª,2038-09-15,"IPCA + 6,9938%",8.8197,9.2002,8.5184,0.67,1011.24535349,87.84,1900.47,2026-10-07
CRA024004SC,CRA,JBS S.A.,RIZA SECURITIZADORA S.A.,4ª,2044-05-16,"IPCA + 6,9947%",8.9368,9.5804,8.4453,0.62,967.31500687,84.76,2243.41,2026-10-07
CRA022004XY,CRA,USINA CERRADÃO S.A.,ECO SECURITIZADORA DE DIREITOS CREDITÓRIOS DO AGRONEGÓCIO S.A.,1ª,2028-05-15,"IPCA + 6,9949%",7.5187,,7.4589,0.16,817.07411217,99.5,259.52,2026-10-07
22F0009410,CRI,GJA INDÚSTRIAS S.A.,RIZA SECURITIZADORA S.A.,2ª,2032-06-15,IPCA + 7%,10.6391,,,1.23,1051.03192217,87.69,980.26,2026-10-07
23F1519397,CRI,MOVIDA PARTICIPAÇÕES S.A.,OPEA SECURITIZADORA S/A,3ª,2028-06-16,IPCA + 7%,12.7219,13.0792,11.1237,0.34,1079.83780095,92.12,396.09,2026-10-07
24G1674104,CRI,JHSF PARTICIPAÇÕES S.A.,OPEA SECURITIZADORA S/A,4ª,2034-07-17,"IPCA + 7,0163%",8.1378,8.3599,7.9394,0.02,925.22446318,95.46,1114.49,2026-10-07
CRA02200C6Y,CRA,MARFRIG GLOBAL FOODS S.A.,ECO SECURITIZADORA DE DIREITOS CREDITÓRIOS DO AGRONEGÓCIO S.A.,1ª,2029-10-15,"IPCA + 7,0383%",12.1244,12.2892,10.5129,0.45,1086.71308664,88.42,664.16,2026-10-07
CRA024007PU,CRA,SOROCABA REFRESCOS S.A.,ECO SECURITIZADORA DE DIREITOS CREDITÓRIOS DO AGRONEGÓCIO S.A.,2ª,2034-08-15,"IPCA + 7,05%",8.7493,9.3539,8.6531,0.44,1021.03783971,91.79,1361.1,2026-10-07
22K0934880,CRI,BCBF PARTICIPAÇÕES S.A.,RIZA SECURITIZADORA S.A.,2ª,2029-12-17,"IPCA + 7,0913%",20.4246,22.8212,18.4868,1.15,876.82053041,72.09,692.43,2026-10-07
CRA022006HE,CRA,AÇO VERDE DO BRASIL S.A.,RIZA SECURITIZADORA S.A.,1ª,2029-06-15,"IPCA + 7,1543%",9.2844,,9.1528,0.29,1183.33491898,97.01,387.01,2026-10-07
CRA023000RT,CRA,"VAMOS LOCAÇÃO DE CAMINHÕES, MÁQUINAS E EQUIPAMENTOS S.A.",ECO SECURITIZADORA DE DIREITOS CREDITÓRIOS DO AGRONEGÓCIO S.A.,3ª,2030-01-15,"IPCA + 7,1638%",13.3112,13.888,12.187,0.2,1022.33373786,85.14,722.37,2026-10-07
CRA022006BU,CRA,CARAMURU ALIMENTOS S.A.,ECO SECURITIZADORA DE DIREITOS CREDITÓRIOS DO AGRONEGÓCIO S.A.,1ª,2029-07-16,"IPCA + 7,2043%",10.7355,,8.1968,1.51,688.47672946,94.93,401.87,2026-10-07
CRA0220073P,CRA,MINERVA S.A.,RIZA SECURITIZADORA S.A.,1ª,2029-07-16,"IPCA + 7,2063%",11.332,11.6974,10.4162,1.22,1101.16634617,91.01,626.41,2026-10-07
CRA0240066K,CRA,BRF S.A.,ECO SECURITIZADORA DE DIREITOS CREDITÓRIOS DO AGRONEGÓCIO S.A.,3ª,2034-06-15,"IPCA + 7,2336%",11.9919,12.1934,11.3458,0.58,904.67114688,79.9,1274.19,2026-10-07
22K0934889,CRI,BCBF PARTICIPAÇÕES S.A.,RIZA SECURITIZADORA S.A.,3ª,2034-12-15,"IPCA + 7,2792%",20.1694,21.9992,17.7602,1.51,672.58059546,55.26,1223.15,2026-10-07
CRA024001QA,CRA,ZAMP S.A.,RIZA SECURITIZADORA S.A.,3ª,2029-02-15,"IPCA + 7,3%",9.2265,,8.9334,0.17,1094.0145901,96.22,544.79,2026-10-07
CRA024007Q5,CRA,SLC MÁQUINAS LTDA.,OPEA SECURITIZADORA S/A,3ª,2031-08-15,"IPCA + 7,31%",9.0978,10.0482,8.9741,0.6,1056.9167196,95.26,737.65,2026-10-07
CRA02200C6Z,CRA,MARFRIG GLOBAL FOODS S.A.,ECO SECURITIZADORA DE DIREITOS CREDITÓRIOS DO AGRONEGÓCIO S.A.,2ª,2032-10-15,"IPCA + 7,3352%",12.1731,,10.3159,0.53,1029.22056906,83.63,1005.58,2026-10-07
24A2721507,CRI,DASA,VERT COMPANHIA SECURITIZADORA,3ª,2031-01-15,"IPCA + 7,3402%",12.0868,12.4803,9.8341,1.79,998.34480777,86.86,813.87,2026-10-07
CRA022006HF,CRA,AÇO VERDE DO BRASIL S.A.,RIZA SECURITIZADORA S.A.,2ª,2032-06-15,"IPCA + 7,3686%",,,,,,,,2026-10-07
CRA024009Q4,CRA,MARFRIG GLOBAL FOODS S.A.,ECO SECURITIZADORA DE DIREITOS CREDITÓRIOS DO AGRONEGÓCIO S.A.,3ª,2034-10-16,"IPCA + 7,3693%",12.1383,12.3569,11.4652,0.51,898.91839155,79.53,1294.84,2026-10-07
22E1314836,CRI,SÃO CARLOS EMPREENDIMENTOS E PARTICIPAÇÕES S.A.,OPEA SECURITIZADORA S/A,1ª,2029-09-17,"IPCA + 7,3826%",9.3774,,,0.3,1171.32000351,96.8,444.03,2026-10-07
CRA022001E2,CRA,FS AGRISOLUTIONS INDÚSTRIA DE BIOCOMBUSTÍVEIS LTDA.,ECO SECURITIZADORA DE DIREITOS CREDITÓRIOS DO AGRONEGÓCIO S.A.,2ª,2029-02-15,"IPCA + 7,3913%",11.4512,11.7939,10.8432,0.56,1182.54968804,95.45,313.47,2026-10-07
CRA022004SD,CRA,FS AGRISOLUTIONS INDÚSTRIA DE BIOCOMBUSTÍVEIS LTDA.,ECO SECURITIZADORA DE DIREITOS CREDITÓRIOS DO AGRONEGÓCIO S.A.,2ª,2029-05-15,"IPCA + 7,3913%",11.2397,11.8277,10.7437,0.39,1178.15036173,95.03,362.02,2026-10-07
CRA02400AHZ,CRA,REFRESCOS BANDEIRANTES INDÚSTRIA E COMÉRCIO LTDA.,RIZA SECURITIZADORA S.A.,2ª,2034-11-16,"IPCA + 7,41%",9.6846,11.1771,,1.08,1000.71520958,89.28,1347.92,2026-10-07
24J2539865,CRI,JHSF PARTICIPAÇÕES S.A.,OPEA SECURITIZADORA S/A,1ª,2034-10-16,"IPCA + 7,4183%",8.1956,8.438,7.9061,0.03,1088.03037077,96.2,1347.89,2026-10-07
CRA0240005O,CRA,CEREAL COMÉRCIO EXPORTAÇÃO E REPRESENTAÇÃO AGROPECUÁRIA S.A.,RIZA SECURITIZADORA S.A.,2ª,2029-01-15,"IPCA + 7,4367%",,,,,,,,2026-10-07
CRA022004H5,CRA,NARDINI AGROINDUSTRIAL LTDA.,OPEA SECURITIZADORA S/A,1ª,2028-04-15,"IPCA + 7,4986%",,,,,,,,2026-10-07
23L2043184,CRI,UNIDAS LOCADORA S.A.,OPEA SECURITIZADORA S/A,3ª,2030-12-16,"IPCA + 7,5%",9.3121,9.5871,8.8874,0.24,1104.57510181,94.82,799.37,2026-10-07
CRA024009Q5,CRA,MARFRIG GLOBAL FOODS S.A.,ECO SECURITIZADORA DE DIREITOS CREDITÓRIOS DO AGRONEGÓCIO S.A.,4ª,2039-10-17,"IPCA + 7,5395%",,,,,,,,2026-10-07
CRA02300MOQ,CRA,MINERVA S.A.,RIZA SECURITIZADORA S.A.,3ª,2030-09-16,"IPCA + 7,5408%",12.09,12.4403,11.0436,0.94,1014.88861185,88.17,761.09,2026-10-07
23L0034761,CRI,FARO ENERGY PROJETOS SOLARES HOLDING S.A.,OPEA SECURITIZADORA S/A,1ª,2038-12-15,"IPCA + 7,5702%",,,,,,,,2026-10-07
CRA0250080Y,CRA,ELDORADO BRASIL CELULOSE S.A.,OPEA SECURITIZADORA S/A,3ª,2040-09-17,"IPCA + 7,6%",7.8409,,7.5357,0.5,1030.29861764,98.05,2210.38,2026-10-07
24A2722748,CRI,DIAGNÓSTICOS DA AMÉRICA S.A.,VERT COMPANHIA SECURITIZADORA,5ª,2034-01-16,"IPCA + 7,6075%",13.4617,14.1439,11.4295,3.8,887.8850331,77.21,1201.04,2026-10-07
25D0012204,CRI,CYRELA BRAZIL REALTY S.A.,COMPANHIA PROVÍNCIA DE SECURITIZAÇÃO,3ª,2032-04-15,"IPCA + 7,6693%",7.5889,,7.3468,0.24,1097.94277711,100.31,1030.69,2026-10-07
23J1127331,CRI,MOVIDA PARTICIPAÇÕES S.A.,OPEA SECURITIZADORA S/A,3ª,2033-10-17,"IPCA + 7,7279%",12.6617,,,0.43,963.71437693,81.26,1143.23,2026-10-07
CRA0250080X,CRA,ELDORADO BRASIL CELULOSE S.A.,OPEA SECURITIZADORA S/A,2ª,2035-09-17,"IPCA + 7,7281%",7.8711,,7.8259,0.54,1041.7114847,99.13,1657.99,2026-10-07
CRA02400AYK,CRA,BEM BRASIL ALIMENTOS S.A.,ECO SECURITIZADORA DE DIREITOS CREDITÓRIOS DO AGRONEGÓCIO S.A.,ª,2031-11-17,"IPCA + 7,737%",8.7949,,,0.77,1063.35533939,96.65,876.21,2026-10-07
CRA0230073N,CRA,J. MACÊDO S.A.,RIZA SECURITIZADORA S.A.,2ª,2030-04-15,"IPCA + 7,8%",,,,,,,,2026-10-07
CRA025003PJ,CRA,SEARA,RIZA SECURITIZADORA S.A.,3ª,2055-05-17,"IPCA + 7,8%",,,,,,,,2026-10-07
CRA024003UZ,CRA,LAR COOPERATIVA AGROINDUSTRIAL,ECO SECURITIZADORA DE DIREITOS CREDITÓRIOS DO AGRONEGÓCIO S.A.,3ª,2031-04-15,"IPCA + 7,8363%",8.8751,9.4452,8.8512,0.3,1087.96487095,97.13,762.56,2026-10-07
CRA021004NV,CRA,LAR COOPERATIVA AGROINDUSTRIAL,ECO SECURITIZADORA DE DIREITOS CREDITÓRIOS DO AGRONEGÓCIO S.A.,1ª,2026-11-15,"IPCA + 7,8749%",11.4246,,9.0,2.47,434.63959831,99.64,26.0,2026-10-07
CRA0250066B,CRA,BRF S.A.,ECO SECURITIZADORA DE DIREITOS CREDITÓRIOS DO AGRONEGÓCIO S.A.,3ª,2035-07-16,"IPCA + 7,9064%",12.1708,,,0.47,838.68182812,78.63,1517.39,2026-10-07
22E1321749,CRI,COGNA EDUCAÇÃO S.A.,OPEA SECURITIZADORA S/A,2ª,2029-07-16,"IPCA + 7,9273%",8.6686,8.9935,8.2586,0.13,1197.97307529,98.6,519.42,2026-10-07
CRA0240005P,CRA,CEREAL COMÉRCIO EXPORTAÇÃO E REPRESENTAÇÃO AGROPECUÁRIA S.A.,RIZA SECURITIZADORA S.A.,3ª,2031-01-15,"IPCA + 7,9443%",,,,,,,,2026-10-07
22E1321750,CRI,COGNA EDUCAÇÃO S.A.,OPEA SECURITIZADORA S/A,3ª,2032-07-15,"IPCA + 8,0031%",9.4134,,8.9848,0.51,1154.72442237,95.02,987.84,2026-10-07
CRA025009EZ,CRA,Seara Alimentos Ltda.,ECO SECURITIZADORA DE DIREITOS CREDITÓRIOS DO AGRONEGÓCIO S.A.,4ª,2065-10-15,"IPCA + 8,0313%",,,,,,,,2026-10-07
CRA0250020C,CRA,BRF S.A.,ECO SECURITIZADORA DE DIREITOS CREDITÓRIOS DO AGRONEGÓCIO S.A.,2ª,2035-04-16,"IPCA + 8,04%",11.4206,11.8371,9.7505,1.35,914.13470381,83.23,1465.92,2026-10-07
CRA02200795,CRA,ADUBOS ARAGUAIA INDÚSTRIA E COMÉRCIO LTDA.,ECO SECURITIZADORA DE DIREITOS CREDITÓRIOS DO AGRONEGÓCIO S.A.,1ª,2027-07-15,"IPCA + 8,1191%",,,,,,,,2026-10-07
CRA0250020D,CRA,BRF S.A.,ECO SECURITIZADORA DE DIREITOS CREDITÓRIOS DO AGRONEGÓCIO S.A.,3ª,2040-04-16,"IPCA + 8,2345%",11.8848,12.0025,9.9049,1.69,859.74538023,78.21,1778.73,2026-10-07
CRA0250018K,CRA,MARFRIG GLOBAL FOODS S.A.,ECO SECURITIZADORA DE DIREITOS CREDITÓRIOS DO AGRONEGÓCIO S.A.,4ª,2040-04-16,"IPCA + 8,2503%",12.6846,,11.5758,0.66,821.60463723,74.51,1739.56,2026-10-07
CRA0250018L,CRA,MARFRIG GLOBAL FOODS S.A,ECO SECURITIZADORA DE DIREITOS CREDITÓRIOS DO AGRONEGÓCIO S.A.,5ª,2045-04-17,"IPCA + 8,3405%",13.3973,,,0.13,754.51930815,68.39,1882.28,2026-10-07
CRA0240099F,CRA,VALE DO TIJUCO AÇÚCAR E ÁLCOOL S.A.,ECO SECURITIZADORA DE DIREITOS CREDITÓRIOS DO AGRONEGÓCIO S.A.,2ª,2034-10-16,"IPCA + 8,3558%",9.7665,,9.0823,0.93,1070.65401911,94.24,1146.64,2026-10-07
CRA0250020E,CRA,BRF S.A.,ECO SECURITIZADORA DE DIREITOS CREDITÓRIOS DO AGRONEGÓCIO S.A.,3ª,2045-04-17,"IPCA + 8,38%",10.085,,9.3912,0.32,957.64952494,87.06,2161.19,2026-10-07
CRA025008C2,CRA,Neomille S.A.,ECO SECURITIZADORA DE DIREITOS CREDITÓRIOS DO AGRONEGÓCIO S.A.,2ª,2032-12-15,"IPCA + 8,4473%",8.1613,,,0.14,1086.12861765,101.2,1136.45,2026-10-07
CRA02400AHX,CRA,CEREAL COMÉRCIO EXPORTAÇÃO E,RIZA SECURITIZADORA S.A.,3ª,2034-11-16,"IPCA + 8,4704%",,,,,,,,2026-10-07
CRA025008HR,CRA,Nardini II,OPEA SECURITIZADORA S/A,ª,2032-10-15,"IPCA + 8,4773%",,,,,,,,2026-10-07
CRA025006NC,CRA,LAR COOPERATIVA AGROINDUSTRIAL,ECO SECURITIZADORA DE DIREITOS CREDITÓRIOS DO AGRONEGÓCIO S.A.,3ª,2032-08-16,"IPCA + 8,7268%",,,,,,,,2026-10-07
CRA0250005M,CRA,Boa Safra,OPEA SECURITIZADORA S/A,3ª,2032-01-15,"IPCA + 8,7384%",,,,,,,,2026-10-07
CRA0250005L,CRA,Boa Safra,OPEA SECURITIZADORA S/A,4ª,2035-01-15,"IPCA + 8,9518%",,,,,,,,2026-10-07
CRA02300796,CRA,FS INDÚSTRIA DE BIOCOMBUSTÍVEIS LTDA.,ECO SECURITIZADORA DE DIREITOS CREDITÓRIOS DO AGRONEGÓCIO S.A.,2ª,2029-10-15,"IPCA + 8,9555%",11.3248,11.9676,10.8077,0.38,1100.38845562,94.5,660.43,2026-10-07
CRA023003JY,CRA,OLFAR S.A.,RIZA SECURITIZADORA S.A.,2ª,2030-03-15,"IPCA + 8,9738%",,,,,,,,2026-10-07
23F2455004,CRI,SENDAS DISTRIBUIDORA S.A.,OPEA SECURITIZADORA S/A,2ª,2027-07-15,,16.9044,,13.6135,0.71,993.06871904,96.76,184.16,2026-10-07
23I1259644,CRI,JSL,OPEA SECURITIZADORA S/A,4ª,2030-09-15,,,,,,,,,2026-10-07
23J1141681,CRI,YDUQS PARTICIPAÇÕES S.A.,OPEA SECURITIZADORA S/A,1ª,2028-10-16,,14.1356,,,0.42,1008.19047296,95.75,442.02,2026-10-07
23K0018801,CRI,MULTIPLAN EMPREENDIMENTOS IMOBILIÁRIOS S.A.,RIZA SECURITIZADORA S.A.,3ª,2031-01-15,,,,,,,,,2026-10-07
23K0022041,CRI,Cogna,TRUE SECURITIZADORA S/A,2ª,2028-11-15,,,,,,,,,2026-10-07
24A2715837,CRI,DIAGNÓSTICOS DA AMÉRICA S.A.,VERT COMPANHIA SECURITIZADORA,2ª,2029-01-15,,17.9187,,17.09,1.19,933.05285975,90.81,495.76,2026-10-07
24A2721829,CRI,DIAGNÓSTICOS DA AMÉRICA S.A,VERT COMPANHIA SECURITIZADORA,4ª,2031-01-15,,18.2659,,17.464,0.21,895.07272777,87.01,739.06,2026-10-07
25A1946535,CRI,Cury,OPEA SECURITIZADORA S/A,3ª,2032-01-15,,14.0588,,,0.36,1063.52586617,102.91,805.31,2026-10-07
CRA02300G7D,CRA,MARFRIG GLOBAL FOODS S.A.,ECO SECURITIZADORA DE DIREITOS CREDITÓRIOS DO AGRONEGÓCIO S.A.,1ª,2027-08-16,,17.8936,,,0.24,966.08723584,95.18,206.56,2026-10-07
CRA02300HWK,CRA,BANCO BTG PACTUAL S.A.,OPEA SECURITIZADORA S/A,4ª,2033-09-15,,12.5077,12.8852,12.4993,0.38,983.66607792,97.66,1226.59,2026-10-07
CRA02300JR7,CRA,RAÍZEN ENERGIA S.A.,OPEA SECURITIZADORA S/A,3ª,2033-10-17,,,,,,453.3298332,43.3,,2026-10-07
CRA02300NX8,CRA,BTG Pactual III,OPEA SECURITIZADORA S/A,4ª,2033-11-16,,,,,,,,,2026-10-07
CRA02300SPD,CRA,FS Agrisolutions Indústria de Biocombustíveis LTDA,ECO SECURITIZADORA DE DIREITOS CREDITÓRIOS DO AGRONEGÓCIO S.A.,3ª,2030-06-15,,17.9129,,16.927,0.35,895.4216184,88.84,724.04,2026-10-07
CRA02300SUZ,CRA,"Vamos Locação de Caminhões, Máquinas e Equipamentos S.A.",ECO SECURITIZADORA DE DIREITOS CREDITÓRIOS DO AGRONEGÓCIO S.A.,1ª,2030-11-18,,19.1759,,,0.38,878.7149457,83.95,703.08,2026-10-07
CRA024000B8,CRA,FS Indústria De Biocombustíveis Ltda,ECO SECURITIZADORA DE DIREITOS CREDITÓRIOS DO AGRONEGÓCIO S.A.,3ª,2030-07-15,,18.0242,,16.9459,0.23,891.28262915,88.43,734.94,2026-10-07
CRA024001P5,CRA,JSL S.A.,ECO SECURITIZADORA DE DIREITOS CREDITÓRIOS DO AGRONEGÓCIO S.A.,1ª,2031-02-15,,,,,,,,,2026-10-07
CRA024001Q9,CRA,ZAMP S.A.,RIZA SECURITIZADORA S.A.,2ª,2029-02-15,,,,,,,,,2026-10-07
CRA0240020B,CRA,VICUNHA II,RIZA SECURITIZADORA S.A.,2ª,2031-02-15,,,,,,,,,2026-10-07
CRA024002MH,CRA,JF CITRUS AGROPECUÁRIA S.A.,ECO SECURITIZADORA DE DIREITOS CREDITÓRIOS DO AGRONEGÓCIO S.A.,1ª,2029-03-15,,,,,,,,,2026-10-07
CRA024002MK,CRA,Marfrig Global Foods S.A.,ECO SECURITIZADORA DE DIREITOS CREDITÓRIOS DO AGRONEGÓCIO S.A.,2ª,2031-03-15,,,,,,,,,2026-10-07
CRA024002S2,CRA,Minerva VII,RIZA SECURITIZADORA S.A.,2ª,2029-03-15,,18.2009,,,0.08,893.73362726,88.74,539.02,2026-10-07
CRA024002S3,CRA,MINERVA S.A.,RIZA SECURITIZADORA S.A.,3ª,2031-03-17,,17.9874,,16.1622,0.15,844.37046213,83.82,865.42,2026-10-07
CRA0240066D,CRA,FS Florestal S.A.,ECO SECURITIZADORA DE DIREITOS CREDITÓRIOS DO AGRONEGÓCIO S.A.,1ª,2030-06-15,,17.4555,,16.7461,0.97,959.6925516,95.1,707.93,2026-10-07
CRA0240066G,CRA,BRF S.A.,ECO SECURITIZADORA DE DIREITOS CREDITÓRIOS DO AGRONEGÓCIO S.A.,2ª,2031-06-16,,17.6763,,12.4929,0.35,901.45525891,86.69,860.39,2026-10-07
CRA024007PT,CRA,Sorocaba Refrescos S.A,ECO SECURITIZADORA DE DIREITOS CREDITÓRIOS DO AGRONEGÓCIO S.A.,1ª,2031-08-15,,14.7146,,13.7704,0.73,950.2095517,93.44,852.42,2026-10-07
CRA024007Q3,CRA,SLC Maquinas,OPEA SECURITIZADORA S/A,1ª,2031-08-15,,,,,,,,,2026-10-07
CRA024009Q3,CRA,MARFRIG GLOBAL FOODS S.A.,ECO SECURITIZADORA DE DIREITOS CREDITÓRIOS DO AGRONEGÓCIO S.A.,2ª,2031-10-15,,17.8447,,17.1812,0.04,925.45721389,87.14,875.72,2026-10-07
CRA02400AHY,CRA,REFRESCOS BANDEIRANTES INDÚSTRIA E COMÉRCIO LTDA.,RIZA SECURITIZADORA S.A.,1ª,2032-11-16,,18.1252,,17.5104,1.01,904.86226465,85.99,944.16,2026-10-07
CRA02400AYM,CRA,MINERVA S.A.,RIZA SECURITIZADORA S.A.,2ª,2029-11-16,,18.1999,,16.1481,0.08,967.46887839,91.75,616.47,2026-10-07
CRA02400AYP,CRA,MINERVA S.A.,RIZA SECURITIZADORA S.A.,5ª,2034-11-16,,18.2177,,16.2437,0.07,926.66343001,87.72,1060.33,2026-10-07
CRA02500001,CRA,BOA SAFRA SEMENTES S.A.,OPEA SECURITIZADORA S/A,1ª,2030-01-15,,15.7002,,8.3592,0.25,1002.6317655,99.35,649.5,2026-10-07
CRA0250012X,CRA,FS FLORESTAL S.A.,ECO SECURITIZADORA DE DIREITOS CREDITÓRIOS DO AGRONEGÓCIO S.A.,1ª,2030-03-15,,17.7369,,17.66,0.67,1013.15151844,100.26,653.97,2026-10-07
CRA0250018I,CRA,Marfrig Global Foods S.A,ECO SECURITIZADORA DE DIREITOS CREDITÓRIOS DO AGRONEGÓCIO S.A.,2ª,2032-04-15,,17.1773,,15.9362,0.34,984.79378293,92.23,919.4,2026-10-07
CRA025002S3,CRA,MINERVA S.A,RIZA SECURITIZADORA S.A.,2ª,2030-04-15,,18.2134,,16.1549,0.09,1013.75735349,94.52,656.82,2026-10-07
CRA025002S4,CRA,MINERVA S.A.,RIZA SECURITIZADORA S.A.,4ª,2032-04-15,,18.2858,,,0.08,990.43958815,92.35,896.34,2026-10-07
CRA025002S5,CRA,MINERVA S.A.,RIZA SECURITIZADORA S.A.,5ª,2035-04-16,,,,,,,,,2026-10-07
CRA0250040J,CRA,Natural One S.A,ECO SECURITIZADORA DE DIREITOS CREDITÓRIOS DO AGRONEGÓCIO S.A.,2ª,2029-06-15,,,,,,,,,2026-10-07
CRA025005EH,CRA,GDM GENÉTICA DO BRASIL S.A.,ECO SECURITIZADORA DE DIREITOS CREDITÓRIOS DO AGRONEGÓCIO S.A.,1ª,2032-07-15,,15.0155,16.2081,14.8103,0.16,1037.81459654,100.41,957.89,2026-10-07
CRA025005V7,CRA,MINERVA S.A.,RIZA SECURITIZADORA S.A.,3ª,2033-07-15,,17.3659,,16.0721,1.01,937.46837745,90.79,1028.45,2026-10-07
CRA025005V8,CRA,MINERVA S.A,RIZA SECURITIZADORA S.A.,4ª,2035-07-16,,17.395,,16.1176,0.98,936.61177391,90.66,1149.79,2026-10-07
CRA0250066A,CRA,BRF S.A.,ECO SECURITIZADORA DE DIREITOS CREDITÓRIOS DO AGRONEGÓCIO S.A.,2ª,2032-07-15,,17.8172,18.3186,17.1869,0.41,904.94971568,87.76,984.59,2026-10-07
CRA025006NB,CRA,LAR COOPERATIVA AGROINDUSTRIAL,ECO SECURITIZADORA DE DIREITOS CREDITÓRIOS DO AGRONEGÓCIO S.A.,2ª,2032-08-16,,15.2223,,,0.25,986.73486479,97.83,943.86,2026-10-07
CRA025007KE,CRA,Cereal Comércio Exportação e Representação Agropecuária S.A.,ECO SECURITIZADORA DE DIREITOS CREDITÓRIOS DO AGRONEGÓCIO S.A.,2ª,2032-09-15,,16.355,,14.69,0.08,946.79429371,93.87,974.37,2026-10-07
CRA025007KK,CRA,ELDORADO BRASIL CELULOSE S.A.,OPEA SECURITIZADORA S/A,1ª,2032-09-15,,14.1678,,,0.77,1005.89649898,99.75,1058.43,2026-10-07
CRA025008ND,CRA,São Salvador Alimentos S.A.,ECO SECURITIZADORA DE DIREITOS CREDITÓRIOS DO AGRONEGÓCIO S.A.,2ª,2033-10-15,,14.9412,,,0.63,1035.2960421,97.14,1101.62,2026-10-07
CRA02500A15,CRA,Açucareira Quatá S.A.,ECO SECURITIZADORA DE DIREITOS CREDITÓRIOS DO AGRONEGÓCIO S.A.,1ª,2032-11-15,,,,,,,,,2026-10-07
CRA02500AHU,CRA,C. Vale - Cooperativa Agroindustrial,ECO SECURITIZADORA DE DIREITOS CREDITÓRIOS DO AGRONEGÓCIO S.A.,2ª,2030-11-15,,,,,,,,,2026-10-07
CRA02500BVU,CRA,BRF S.A.,ECO SECURITIZADORA DE DIREITOS CREDITÓRIOS DO AGRONEGÓCIO S.A.,2ª,2032-12-15,,17.7128,,16.7836,0.32,898.30430396,86.23,1021.33,2026-10-07
CRA02500C1D,CRA,Alibem Alimentos S.A.,ECO SECURITIZADORA DE DIREITOS CREDITÓRIOS DO AGRONEGÓCIO S.A.,1ª,2030-12-18,,,,,,,,,2026-10-07
CRA026001JM,CRA,Lar Cooperativa Agroindustrial,ECO SECURITIZADORA DE DIREITOS CREDITÓRIOS DO AGRONEGÓCIO S.A.,2ª,2033-03-15,,15.4903,,14.8,0.48,992.34413892,98.36,1001.86,2026-10-07
CRA026002BE,CRA,BRF S.A.,ECO SECURITIZADORA DE DIREITOS CREDITÓRIOS DO AGRONEGÓCIO S.A.,2ª,2033-04-15,,17.0523,,,1.1,952.94631124,90.08,1035.29,2026-10-07
25B0013406,CRI,Direcional,OPEA SECURITIZADORA S/A,1ª,2032-02-16,100% do DI,,,,,,,,2026-10-06
CRA019003V2,CRA,RAÍZEN ENERGIA S.A.,OPEA SECURITIZADORA S/A,1ª,2029-07-16,100% do DI,,,,,456.1893384,44.7,,2026-10-06
CRA024004H7,CRA,SÃO MARTINHO S.A.,RIZA SECURITIZADORA S.A.,3ª,2029-04-12,100% do DI,101.267,101.638,98.118,1.43,1062.95594309,99.69,524.07,2026-10-06
CRA0250018H,CRA,Marfrig Global Foods S.A,ECO SECURITIZADORA DE DIREITOS CREDITÓRIOS DO AGRONEGÓCIO S.A.,1ª,2030-04-15,100% do DI,,,,,,,,2026-10-06
CRA02500BVT,CRA,BRF S.A.,ECO SECURITIZADORA DE DIREITOS CREDITÓRIOS DO AGRONEGÓCIO S.A.,1ª,2030-06-17,100% do DI,120.2233,,113.1285,2.95,1018.80017988,91.64,921.0,2026-10-06
24D2765715,CRI,CYRELA BRAZIL REALTY S.A.,COMPANHIA PROVÍNCIA DE SECURITIZAÇÃO,3ª,2031-04-15,101% do DI,100.1308,102.06,97.5933,0.65,1069.16406271,100.31,770.09,2026-10-06
CRA023007VD,CRA,ENGELHART CTP,OPEA SECURITIZADORA S/A,1ª,2028-07-05,101% do DI,97.2125,98.7025,93.9728,0.29,1041.7934993,100.7,392.87,2026-10-06
25L2997442,CRI,Even Construtora e Incorporadora S/A,VERT COMPANHIA SECURITIZADORA,ª,2032-12-15,"101,5% do DI",,,,,,,,2026-10-06
CRA026002BD,CRA,BRF S.A.,ECO SECURITIZADORA DE DIREITOS CREDITÓRIOS DO AGRONEGÓCIO S.A.,1ª,2030-10-15,"101,5% do DI",,,,,,,,2026-10-06
24D3313768,CRI,CURY CONSTRUTORA E INCORPORADORA S.A.,TRUE SECURITIZADORA S/A,1ª,2027-05-31,102% do DI,99.3433,101.5233,97.6666,0.22,1051.72129624,100.2,151.04,2026-10-06
CRA023003UX,CRA,ENGELHART CTP,OPEA SECURITIZADORA S/A,1ª,2027-03-15,102% do DI,95.3583,97.096,94.825,0.73,1011.35343852,100.35,107.0,2026-10-06
CRA02500669,CRA,BRF S.A,ECO SECURITIZADORA DE DIREITOS CREDITÓRIOS DO AGRONEGÓCIO S.A.,1ª,2029-07-16,102% do DI,124.4666,,114.0416,2.3,1094.09302834,93.0,692.0,2026-10-06
24F1277566,CRI,DIRECIONAL ENGENHARIA S.A.,OPEA SECURITIZADORA S/A,1ª,2029-07-16,103% do DI,101.3544,103.3766,98.3766,0.34,1036.07481326,100.46,588.82,2026-10-06
CRA02300209,CRA,ENGELHART CTP,VERT COMPANHIA SECURITIZADORA,1ª,2027-01-15,103% do DI,94.0283,,,3.17,1034.53004169,100.31,68.0,2026-10-06
25G5313879,CRI,MOURA DUBEUX ENGENHARIA S.A.,VERT COMPANHIA SECURITIZADORA,1ª,2030-07-15,"103,75% do DI",105.9311,,,0.92,1000.2521922,99.23,751.19,2026-10-06
CRA025008N8,CRA,3Tentos,OPEA SECURITIZADORA S/A,1ª,2030-10-15,"103,75% do DI",110.606,,,6.18,1041.6404989,97.57,764.18,2026-10-06
22J0346710,CRI,BANCO BTG PACTUAL S.A.,OPEA SECURITIZADORA S/A,1ª,2027-01-15,104% do DI,,,,,,,,2026-10-06
CRA0240066A,CRA,CAMIL ALIMENTOS S.A.,ECO SECURITIZADORA DE DIREITOS CREDITÓRIOS DO AGRONEGÓCIO S.A.,1ª,2029-06-15,104% do DI,,,,,,,,2026-10-06
CRA025006SR,CRA,Boa Safra II,OPEA SECURITIZADORA S/A,1ª,2032-02-16,104% do DI,,,,,,,,2026-10-06
CRA025007KD,CRA,CEREAL COMÉRCIO EXPORTAÇÃO E REPRESENTAÇÃO AGROPECUÁRIA S.A.,ECO SECURITIZADORA DE DIREITOS CREDITÓRIOS DO AGRONEGÓCIO S.A.,1ª,2030-09-16,104% do DI,,,,,,,,2026-10-06
CRA025002S1,CRA,MINERVA S.A.,RIZA SECURITIZADORA S.A.,1ª,2030-04-15,"104,5% do DI",130.7277,,122.4628,2.16,982.11724307,91.95,677.64,2026-10-06
CRA025005V5,CRA,MINERVA S.A.,RIZA SECURITIZADORA S.A.,1ª,2030-07-15,"104,5% do DI",130.6511,,122.4457,2.22,941.44791155,91.24,742.66,2026-10-06
24D0006602,CRI,ALLOS S.A.,OPEA SECURITIZADORA S/A,2ª,2029-04-16,105% do DI,99.4258,103.365,98.515,0.37,1083.09873229,101.37,522.83,2026-10-06
25E0013305,CRI,JHSF IV,OPEA SECURITIZADORA S/A,2ª,2030-05-15,105% do DI,105.2211,,,0.68,1055.7019694,99.93,708.78,2026-10-06
CRA02300TSB,CRA,BANCO BTG PACTUAL S.A.,OPEA SECURITIZADORA S/A,1ª,2033-12-15,105% do DI,96.62,,,2.11,1094.98770536,104.82,1194.97,2026-10-06
CRA02400AYL,CRA,MINERVA S.A.,RIZA SECURITIZADORA S.A.,1ª,2029-11-16,105% do DI,126.86,,114.5,9.47,990.75191692,93.78,624.3,2026-10-06
CRA025008C3,CRA,Neomille S.A.,ECO SECURITIZADORA DE DIREITOS CREDITÓRIOS DO AGRONEGÓCIO S.A.,3ª,2032-12-15,105% do DI,,,,,,,,2026-10-06
CRA02500AC9,CRA,,ECO SECURITIZADORA DE DIREITOS CREDITÓRIOS DO AGRONEGÓCIO S.A.,1ª,2030-11-15,105% do DI,,,,,,,,2026-10-06
CRA02500AHT,CRA,C. Vale - Cooperativa Agroindustrial,ECO SECURITIZADORA DE DIREITOS CREDITÓRIOS DO AGRONEGÓCIO S.A.,1ª,2030-11-15,"105,5% do DI",,,,,,,,2026-10-06
CRA025005EI,CRA,GDM Genética do Brasil S.A.,ECO SECURITIZADORA DE DIREITOS CREDITÓRIOS DO AGRONEGÓCIO S.A.,2ª,2032-07-15,"105,75% do DI",,,,,,,,2026-10-06
23K0018802,CRI,MULTIPLAN EMPREENDIMENTOS IMOBILIÁRIOS S.A.,RIZA SECURITIZADORA S.A.,2ª,2031-01-15,106% do DI,99.145,101.27,96.9366,0.33,1054.70113721,102.17,667.53,2026-10-06
CRA025006NA,CRA,Lar Cooperativa Agroindustrial,ECO SECURITIZADORA DE DIREITOS CREDITÓRIOS DO AGRONEGÓCIO S.A.,1ª,2030-08-15,106% do DI,112.4499,,112.0,1.63,987.63898326,97.97,678.67,2026-10-06
23K0019201,CRI,DIRECIONAL ENGENHARIA S.A.,TRUE SECURITIZADORA S/A,2ª,2028-11-16,"106,5% do DI",100.0433,102.3633,98.83,0.36,1071.79018757,101.38,453.85,2026-10-06
CRA026001JL,CRA,Lar Cooperativa Agroindustrial,ECO SECURITIZADORA DE DIREITOS CREDITÓRIOS DO AGRONEGÓCIO S.A.,1ª,2031-03-15,"106,5% do DI",,,,,,,,2026-10-06
25H0243072,CRI,BTSA,RIZA SECURITIZADORA S.A.,2ª,2032-08-16,107% do DI,,,,,,,,2026-10-06
CRA02300NRL,CRA,BANCO BTG PACTUAL S.A.,OPEA SECURITIZADORA S/A,1ª,2033-11-16,107% do DI,97.8844,,,0.88,1111.0414011,105.12,1166.6,2026-10-06
CRA025003UZ,CRA,COOXUPÉ - COOPERATIVA REGIONAL DE,VERT COMPANHIA SECURITIZADORA,2ª,2030-06-17,"107,5% do DI",,,,,,,,2026-10-06
CRA02300CYQ,CRA,BANCO BTG PACTUAL S.A.,OPEA SECURITIZADORA S/A,1ª,2033-07-15,109% do DI,96.6155,,,0.71,1104.91325899,106.94,1154.33,2026-10-06
CRA02300HWH,CRA,BANCO BTG PACTUAL S.A.,OPEA SECURITIZADORA S/A,1ª,2033-09-15,109% do DI,98.2025,100.71,96.2433,0.66,1071.49779029,106.26,1196.95,2026-10-06
24I1980390,CRI,MRV ENGENHARIA E PARTICIPAÇÕES S.A,OPEA SECURITIZADORA S/A,1ª,2029-10-15,110% do DI,130.3944,,125.8833,0.18,1012.20400783,94.44,596.3,2026-10-06
25B3099731,CRI,IGUATEMI PPPH PARTICIPAÇÕES LTDA.,OPEA SECURITIZADORA S/A,1ª,2030-02-18,96% do DI,99.4033,101.9666,96.6333,0.92,1006.03362865,98.88,706.71,2026-10-06
25D0012202,CRI,CYRELA BRAZIL REALTY S.A. EMPREENDIMENTOS,COMPANHIA PROVÍNCIA DE SECURITIZAÇÃO,1ª,2029-04-15,96% do DI,99.4344,,,0.4,1053.46342701,99.15,529.45,2026-10-06
25J4546988,CRI,CYRELA BRAZIL REALTY S.A. EMPREENDIMENTOS E,COMPANHIA PROVÍNCIA DE SECURITIZAÇÃO,1ª,2032-11-16,"96,5% do DI",,,,,,,,2026-10-06
25D0012203,CRI,CYRELA BRAZIL REALTY S.A. EMPREENDIMENTOS E PARTICIPAÇÕES,COMPANHIA PROVÍNCIA DE SECURITIZAÇÃO,2ª,2030-04-15,97% do DI,,,,,,,,2026-10-06
26C3164285,CRI,Allos VI,OPEA SECURITIZADORA S/A,1ª,2031-03-12,97% do DI,99.2611,,,0.78,998.74082103,99.09,864.82,2026-10-06
26G0012801,CRI,Cury III,OPEA SECURITIZADORA S/A,1ª,2032-07-06,97% do DI,100.1149,,97.7666,0.58,1011.15466728,98.56,985.39,2026-10-06
CRA025003PD,CRA,SÃO MARTINHO S.A.,VERT COMPANHIA SECURITIZADORA,1ª,2032-06-15,97% do DI,105.6398,,101.4966,1.56,998.26798395,95.88,1025.46,2026-10-06
24H1684874,CRI,SOCIEDADE BENEFICENTE ISRAELITA BRASILEIRA HOSPITAL ALBERT EINSTEIN,RIZA SECURITIZADORA S.A.,1ª,2029-08-17,"97,5% do DI",97.8244,100.29,95.99,0.52,870.97925256,99.95,364.44,2026-10-06
24D2765586,CRI,CYRELA BRAZIL REALTY S.A.,COMPANHIA PROVÍNCIA DE SECURITIZAÇÃO,1ª,2028-04-15,98% do DI,99.0155,100.95,96.925,0.58,708.41327507,99.89,229.85,2026-10-06
25G3629974,CRI,PLANO E PLANO II,RIZA SECURITIZADORA S.A.,1ª,2030-07-15,98% do DI,104.8497,,104.5,0.26,1004.96949058,97.58,760.84,2026-10-06
25I0014209,CRI,Multiplan,OPEA SECURITIZADORA S/A,1ª,2035-09-19,98% do DI,,,,,,,,2026-10-06
CRA024004H5,CRA,SÃO MARTINHO S.A.,RIZA SECURITIZADORA S.A.,1ª,2027-04-12,98% do DI,99.0,99.3,95.95,1.22,1064.27372442,99.94,118.33,2026-10-06
25G3629975,CRI,PLANO E PLANO II,RIZA SECURITIZADORA S.A.,2ª,2031-07-15,99% do DI,105.0935,,104.7,0.4,1003.57344606,97.42,910.53,2026-10-06
CRA025009Q2,CRA,Jalles Machado S.A.,ECO SECURITIZADORA DE DIREITOS CREDITÓRIOS DO AGRONEGÓCIO S.A.,1ª,2031-10-15,99% do DI,,,,,,,,2026-10-06
24E1393588,CRI,MULTIPLAN EMPREENDIMENTOS IMOBILIÁRIOS S.A.,RIZA SECURITIZADORA S.A.,1ª,2029-05-17,"99,5% do DI",99.0683,101.58,97.1133,0.59,1053.29025242,100.09,454.26,2026-10-06
CRA025008NB,CRA,Bem Brasil Alimentos S.A.,ECO SECURITIZADORA DE DIREITOS CREDITÓRIOS DO AGRONEGÓCIO S.A.,ª,2032-10-15,"DI + 0,33%",,,,,,,,2026-10-06
CRA024009Q2,CRA,MARFRIG GLOBAL FOODS S.A.,ECO SECURITIZADORA DE DIREITOS CREDITÓRIOS DO AGRONEGÓCIO S.A.,1ª,2031-10-15,"DI + 0,35%",2.9937,3.4274,2.5,0.45,972.25965107,91.13,888.95,2026-10-06
22D1289009,CRI,CYRELA BRAZIL REALTY S.A.,OPEA SECURITIZADORA S/A,489ª,2027-06-15,"DI + 0,4%",0.3279,0.5241,0.218,0.06,1044.30837521,100.05,162.01,2026-10-06
CRA02400AYN,CRA,MINERVA S.A.,RIZA SECURITIZADORA S.A.,3ª,2031-11-17,"DI + 0,4%",3.6572,4.4607,2.4607,0.62,939.38365818,89.01,905.6,2026-10-06
CRA02500003,CRA,BOA SAFRA SEMENTES S.A.,OPEA SECURITIZADORA S/A,2ª,2030-01-15,"DI + 0,4%",2.407,,2.25,0.25,978.44336256,94.86,669.51,2026-10-06
CRA0250018J,CRA,MARFRIG GLOBAL FOODS S.A.,ECO SECURITIZADORA DE DIREITOS CREDITÓRIOS DO AGRONEGÓCIO S.A.,3ª,2035-04-16,"DI + 0,4%",3.1235,,2.5,0.51,943.33222221,88.4,1133.92,2026-10-06
CRA025007PT,CRA,SLC AGRÍCOLA S.A.,OPEA SECURITIZADORA S/A,1ª,2033-09-22,"DI + 0,4%",1.1295,1.6507,0.8,0.25,972.2997746,96.77,1139.04,2026-10-06
CRA025002S2,CRA,MINERVA S.A.,RIZA SECURITIZADORA S.A.,3ª,2032-04-15,"DI + 0,5%",3.6865,,2.8374,0.57,948.62555622,88.85,938.16,2026-10-06
23J0019601,CRI,Iguatemi,OPEA SECURITIZADORA S/A,1ª,2028-10-16,"DI + 0,55%",,,,,,,,2026-10-06
23K0018602,CRI,MULTIPLAN EMPREENDIMENTOS IMOBILIÁRIOS S.A.,RIZA SECURITIZADORA S.A.,1ª,2031-01-15,"DI + 0,6%",0.4916,,,0.09,1034.88322536,100.29,666.38,2026-10-06
24B0013201,CRI,SOMA,RIZA SECURITIZADORA S.A.,1ª,2028-02-15,"DI + 0,6%",,,,,,,,2026-10-06
23H1188857,CRI,RAIA DROGASIL S.A.,OPEA SECURITIZADORA S/A,2ª,2027-09-15,"DI + 0,65%",0.2343,0.4274,0.0774,0.26,1011.88980747,100.38,227.13,2026-10-06
CRA02300RS5,CRA,CAMIL ALIMENTOS S.A.,ECO SECURITIZADORA DE DIREITOS CREDITÓRIOS DO AGRONEGÓCIO S.A.,1ª,2028-11-16,"DI + 0,65%",4.0008,4.473,3.856,0.25,996.05181073,94.29,450.84,2026-10-06
22C0023008,CRI,RAIA DROGASIL S.A.,OPEA SECURITIZADORA S/A,495ª,2027-03-08,"DI + 0,7%",0.2418,0.4341,0.0841,0.26,506.37073991,100.19,102.0,2026-10-06
23K0018401,CRI,DIRECIONAL ENGENHARIA S.A.,OPEA SECURITIZADORA S/A,1ª,2028-11-16,"DI + 0,7%",,,,,,,,2026-10-06
CRA02300GCY,CRA,IPIRANGA PRODUTOS DE PETRÓLEO S.A.,VERT COMPANHIA SECURITIZADORA,2ª,2027-07-16,"DI + 0,7%",0.2267,0.4741,,0.08,1035.01707885,100.34,181.04,2026-10-06
CRA025005V6,CRA,MINERVA S.A.,RIZA SECURITIZADORA S.A.,2ª,2033-07-15,"DI + 0,7%",3.6042,,2.5,1.45,914.71050222,88.62,1052.8,2026-10-06
22E1325261,CRI,HYPERA S.A.,OPEA SECURITIZADORA S/A,1ª,2027-08-16,"DI + 0,75%",0.5107,0.7257,0.3424,0.03,1021.20883841,100.2,206.05,2026-10-06
22F0230096,CRI,RAIA DROGASIL S.A.,OPEA SECURITIZADORA S/A,1ª,2029-06-26,"DI + 0,75%",0.2822,0.4641,0.1307,0.23,1048.95043481,100.89,478.24,2026-10-06
22K0934871,CRI,BCBF PARTICIPAÇÕES S.A.,RIZA SECURITIZADORA S.A.,1ª,2027-12-15,"DI + 0,75%",14.4661,,12.576,3.24,910.4764378,87.13,270.76,2026-10-06
22I0970801,CRI,NATURA COSMÉTICOS S.A.,RIZA SECURITIZADORA S.A.,1ª,2027-09-15,"DI + 0,8%",0.3929,0.5641,0.2141,0.04,1011.84705714,100.37,227.05,2026-10-06
22J0305579,CRI,DIAGNÓSTICOS DA AMÉRICA S.A.,VERT COMPANHIA SECURITIZADORA,1ª,2027-10-15,"DI + 0,8%",4.7257,6.5624,3.1091,0.3,1032.29782894,96.55,231.02,2026-10-06
CRA02300JG2,CRA,JBS S.A.,RIZA SECURITIZADORA S.A.,2ª,2028-09-15,"DI + 0,8%",0.5126,0.6657,0.2991,0.05,1013.27684672,100.51,442.35,2026-10-06
CRA02300NRM,CRA,BANCO BTG PACTUAL S.A.,OPEA SECURITIZADORA S/A,2ª,2033-11-16,"DI + 0,8%",-0.0044,,,0.43,1095.93739409,103.75,1163.36,2026-10-06
CRA0240066F,CRA,BRF S.A.,ECO SECURITIZADORA DE DIREITOS CREDITÓRIOS DO AGRONEGÓCIO S.A.,1ª,2029-06-15,"DI + 0,8%",3.4191,,2.7241,0.13,987.07095692,94.45,559.24,2026-10-06
22E1315701,CRI,EVEN CONSTRUTORA E INCORPORADORA S.A.,OPEA SECURITIZADORA S/A,1ª,2028-09-18,"DI + 0,9%",1.2156,,,0.03,964.65587892,99.72,225.35,2026-10-06
23J1142031,CRI,YDUQS PARTICIPAÇÕES S.A.,OPEA SECURITIZADORA S/A,2ª,2028-10-13,"DI + 0,9%",1.0416,,,0.27,1067.68837157,99.82,330.91,2026-10-06
CRA022008NC,CRA,SOROCABA REFRESCOS S.A.,ECO SECURITIZADORA DE DIREITOS CREDITÓRIOS DO AGRONEGÓCIO S.A.,1ª,2029-08-15,"DI + 0,9%",,,,,,,,2026-10-06
CRA023000GP,CRA,"VAMOS LOCAÇÃO DE CAMINHÕES, MÁQUINAS E EQUIPAMENTOS S.A.",ECO SECURITIZADORA DE DIREITOS CREDITÓRIOS DO AGRONEGÓCIO S.A.,1ª,2028-01-17,"DI + 0,9%",4.0855,4.3218,3.2468,0.14,995.60322913,96.42,295.44,2026-10-06
CRA024007K9,CRA,COOXUPÉ - COOPERATIVA REGIONAL DE CAFEICULTORES EM GUAXUPÉ LTDA.,VERT COMPANHIA SECURITIZADORA,1ª,2029-07-16,"DI + 0,9%",1.4165,1.6824,1.0491,0.07,1022.36815343,99.01,490.66,2026-10-06
22F0315398,CRI,LOCALIZA RENT A CAR S.A.,RIZA SECURITIZADORA S.A.,1ª,2027-06-07,"DI + 0,95%",0.5255,0.6841,0.3174,0.22,1051.89574945,100.26,155.69,2026-10-06
CRA024002MJ,CRA,MARFRIG GLOBAL FOODS S.A.,ECO SECURITIZADORA DE DIREITOS CREDITÓRIOS DO AGRONEGÓCIO S.A.,1ª,2029-03-15,"DI + 0,95%",3.3635,3.3807,2.9284,0.17,958.96398221,95.11,533.52,2026-10-06
23H0027402,CRI,REDE D'OR SÃO LUIZ S.A.,OPEA SECURITIZADORA S/A,1ª,2028-08-15,DI + 1%,0.1347,0.3274,0.133,0.08,1034.25191144,101.44,419.99,2026-10-06
CRA022006HJ,CRA,SÃO SALVADOR ALIMENTOS S.A.,ECO SECURITIZADORA DE DIREITOS CREDITÓRIOS DO AGRONEGÓCIO S.A.,1ª,2027-07-15,DI + 1%,1.1565,,,0.32,1031.68769699,99.89,183.74,2026-10-06
CRA022008C9,CRA,COMPANHIA DE LOCAÇÃO DAS AMÉRICAS,ECO SECURITIZADORA DE DIREITOS CREDITÓRIOS DO AGRONEGÓCIO S.A.,2ª,2028-09-15,DI + 1%,0.7194,1.043,0.4603,0.04,1013.21181243,100.49,441.72,2026-10-06
CRA022008CB,CRA,JALLES MACHADO S.A.,ECO SECURITIZADORA DE DIREITOS CREDITÓRIOS DO AGRONEGÓCIO S.A.,1ª,2032-08-09,DI + 1%,1.5854,,1.45,0.27,989.08727413,97.83,956.18,2026-10-06
23H1191899,CRI,RAIA DROGASIL S.A.,OPEA SECURITIZADORA S/A,3ª,2030-09-16,"DI + 1,1%",0.4,0.5666,0.2666,0.23,1028.35487971,101.98,712.05,2026-10-06
CRA024002S1,CRA,MINERVA S.A.,RIZA SECURITIZADORA S.A.,1ª,2029-03-15,"DI + 1,1%",3.1756,3.4768,2.5,1.18,965.86624468,95.79,533.04,2026-10-06
CRA02400AHV,CRA,CEREAL COMÉRCIO EXPORTAÇÃO E REPRESENTAÇÃO AGROPECUÁRIA S.A.,RIZA SECURITIZADORA S.A.,1ª,2029-11-16,"DI + 1,1%",1.8201,2.0207,1.1718,0.3,1039.83796007,98.26,621.47,2026-10-06
23F2455020,CRI,Assai,TRUE SECURITIZADORA S/A,3ª,2028-07-15,"DI + 1,15%",,,,,,,,2026-10-06
CRA023000MC,CRA,"VAMOS LOCAÇÃO DE CAMINHÕES, MÁQUINAS E EQUIPAMENTOS S.A.",ECO SECURITIZADORA DE DIREITOS CREDITÓRIOS DO AGRONEGÓCIO S.A.,2ª,2030-01-15,"DI + 1,2%",4.9835,5.5705,4.0,0.14,1453.03445542,88.8,816.0,2026-10-06
CRA024001P7,CRA,JSL S.A.,ECO SECURITIZADORA DE DIREITOS CREDITÓRIOS DO AGRONEGÓCIO S.A.,3ª,2031-02-17,"DI + 1,2%",4.7078,5.0455,4.0,0.18,930.57228001,91.25,671.29,2026-10-06
CRA024007Q4,CRA,SLC MÁQUINAS LTDA.,OPEA SECURITIZADORA S/A,2ª,2031-08-15,"DI + 1,2%",1.3858,1.673,0.898,0.19,1014.84729988,99.51,676.01,2026-10-06
23C0247388,CRI,LOCALIZA RENT A CAR S.A.,RIZA SECURITIZADORA S.A.,1ª,2028-03-10,"DI + 1,25%",0.5505,,,0.19,1019.42609275,100.92,333.37,2026-10-06
23G0009601,CRI,DIMED S.A.,OPEA SECURITIZADORA S/A,1ª,2028-07-27,"DI + 1,3%",,,,,,,,2026-10-06
23C0247702,CRI,LOCALIZA RENT A CAR S.A.,RIZA SECURITIZADORA S.A.,2ª,2030-03-11,"DI + 1,4%",0.3574,,,0.03,1039.8628286,102.93,706.21,2026-10-06
CRA022008NF,CRA,IRANI PAPEL E EMBALAGEM S.A.,ECO SECURITIZADORA DE DIREITOS CREDITÓRIOS DO AGRONEGÓCIO S.A.,1ª,2027-08-16,"DI + 1,4%",0.9782,1.4105,0.6903,0.14,1023.61256166,100.34,205.69,2026-10-06
CRA023002GX,CRA,INTEGRADA COOPERATIVA AGROINDUSTRIAL,ECO SECURITIZADORA DE DIREITOS CREDITÓRIOS DO AGRONEGÓCIO S.A.,1ª,2028-05-15,"DI + 1,4%",,,,,,,,2026-10-06
23J1127308,CRI,MOVIDA PARTICIPAÇÕES S.A.,OPEA SECURITIZADORA S/A,1ª,2028-10-16,"DI + 1,45%",4.7815,4.9541,,0.21,1015.30095957,94.67,425.33,2026-10-06
22C1235206,CRI,HAVAN S.A.,OPEA SECURITIZADORA S/A,463ª,2027-04-27,"DI + 1,5%",0.706,1.0218,0.6968,0.17,1008.09062454,100.41,131.25,2026-10-06
23I1257218,CRI,JSL S.A.,OPEA SECURITIZADORA S/A,2ª,2030-09-16,"DI + 1,5%",,,,,,,,2026-10-06
CRA0220080Y,CRA,NEOMILLE S.A.,ECO SECURITIZADORA DE DIREITOS CREDITÓRIOS DO AGRONEGÓCIO S.A.,1ª,2028-04-03,"DI + 1,5%",1.8769,2.6041,1.6155,0.08,430.2013886,99.67,228.98,2026-10-06
CRA02300G7E,CRA,MARFRIG GLOBAL FOODS S.A.,ECO SECURITIZADORA DE DIREITOS CREDITÓRIOS DO AGRONEGÓCIO S.A.,2ª,2028-08-15,"DI + 1,5%",3.2243,3.4941,2.8107,0.46,992.16640126,97.25,417.21,2026-10-06
CRA02300MJ9,CRA,MINERVA S.A.,RIZA SECURITIZADORA S.A.,1ª,2028-09-15,"DI + 1,5%",2.2997,2.3304,1.2304,1.29,994.88308091,98.64,439.62,2026-10-06
CRA024003UY,CRA,LAR COOPERATIVA AGROINDUSTRIAL,ECO SECURITIZADORA DE DIREITOS CREDITÓRIOS DO AGRONEGÓCIO S.A.,2ª,2029-04-16,"DI + 1,55%",1.7171,2.1724,1.1724,0.06,1005.7220704,99.71,438.4,2026-10-06
CRA0240020A,CRA,VICUNHA TÊXTIL S.A.,RIZA SECURITIZADORA S.A.,1ª,2029-02-15,"DI + 1,6%",,,,,,,,2026-10-06
CRA0240099E,CRA,VALE DO TIJUCO AÇÚCAR E ÁLCOOL S.A.,ECO SECURITIZADORA DE DIREITOS CREDITÓRIOS DO AGRONEGÓCIO S.A.,1ª,2034-10-16,"DI + 1,6%",2.8048,,2.45,0.91,1025.27278873,95.54,967.36,2026-10-06
CRA025009KJ,CRA,Salton,OPEA SECURITIZADORA S/A,1ª,2031-12-09,"DI + 1,6%",,,,,,,,2026-10-06
24A2720884,CRI,DIAGNÓSTICAS DA AMÉRICA S.A.,VERT COMPANHIA SECURITIZADORA,1ª,2029-01-15,"DI + 1,63%",4.4027,6.0583,3.4625,1.2,981.747917,94.92,487.18,2026-10-06
22L1465644,CRI,ÂNIMA HOLDING S.A.,RIZA SECURITIZADORA S.A.,1ª,2027-12-15,"DI + 1,65%",2.4847,2.9241,1.9244,0.23,999.76757047,99.12,273.14,2026-10-06
CRA0230073L,CRA,J. MACÊDO S.A.,RIZA SECURITIZADORA S.A.,1ª,2028-04-17,"DI + 1,65%",,,,,,,,2026-10-06
23F0012002,CRI,LOG COMMERCIAL PROPERTIES E PARTICIPAÇÕES S.A.,OPEA SECURITIZADORA S/A,1ª,2028-06-26,"DI + 1,7%",1.0652,,,0.08,673.66419483,100.7,280.73,2026-10-06
23L2043099,CRI,Unidas,OPEA SECURITIZADORA S/A,1ª,2028-12-15,"DI + 1,7%",,,,,,,,2026-10-06
CRA02300VBT,CRA,UNIDAS LOCAÇÕES E SERVIÇOS S.A.,OPEA SECURITIZADORA S/A,1ª,2028-12-15,"DI + 1,7%",1.1271,1.3941,0.5941,0.1,1059.18625682,101.06,469.72,2026-10-06
CRA022008NH,CRA,IRANI PAPEL E EMBALAGEM S.A.,ECO SECURITIZADORA DE DIREITOS CREDITÓRIOS DO AGRONEGÓCIO S.A.,2ª,2029-08-15,"DI + 1,75%",0.8584,1.1205,0.558,0.06,1038.96241095,101.8,510.49,2026-10-06
CRA0230012X,CRA,VALE DO PONTAL AÇÚCAR E ETANOL S.A.,ECO SECURITIZADORA DE DIREITOS CREDITÓRIOS DO AGRONEGÓCIO S.A.,1ª,2031-02-17,"DI + 1,8%",,,,,,,,2026-10-06
CRA0240005N,CRA,CEREAL COMÉRCIO EXPORTAÇÃO E REPRESENTAÇÃO AGROPECUÁRIA S.A.,RIZA SECURITIZADORA S.A.,1ª,2029-01-15,"DI + 1,8%",1.8289,1.9891,1.7224,0.22,1034.42734577,99.97,283.77,2026-10-06
24K0003002,CRI,PATRIMAR ENGENHARIA S.A.,RIZA SECURITIZADORA S.A.,1ª,2029-11-23,"DI + 1,95%",4.9822,5.4074,4.6805,1.67,994.85756072,93.98,530.83,2026-10-06
CRA02300Q8I,CRA,CAPAL COOPERATIVA AGROINDUSTRIAL,OPEA SECURITIZADORA S/A,1ª,2029-05-17,"DI + 1,95%",1.3665,,,0.91,609.43883455,100.8,351.54,2026-10-06
23H1023846,CRI,BR PROPERTIES S.A.,OPEA SECURITIZADORA S/A,1ª,2031-08-15,DI + 2%,,,,,,,,2026-10-06
23J1333602,CRI,PATRIMAR ENGENHARIA S.A.,RIZA SECURITIZADORA S.A.,1ª,2028-10-20,DI + 2%,,,,,,,,2026-10-06
CRA022001P6,CRA,USINA BATATAIS S.A.,RIZA SECURITIZADORA S.A.,1ª,2028-04-20,DI + 2%,1.5677,,,0.24,1011.18414487,100.59,346.88,2026-10-06
CRA022008C2,CRA,VICUNHA TÊXTIL S.A.,RIZA SECURITIZADORA S.A.,2ª,2027-08-16,DI + 2%,5.5,,,2.63,496.65911893,97.29,205.19,2026-10-06
CRA02300S8P,CRA,FS INDÚSTRIA DE BIOCOMBUSTÍVEIS LTDA.,ECO SECURITIZADORA DE DIREITOS CREDITÓRIOS DO AGRONEGÓCIO S.A.,2ª,2030-06-17,DI + 2%,4.1268,4.4841,3.6224,0.13,951.31625736,94.3,713.56,2026-10-06
CRA024000B7,CRA,FS INDÚSTRIA DE BIOCOMBUSTÍVEIS LTDA.,ECO SECURITIZADORA DE DIREITOS CREDITÓRIOS DO AGRONEGÓCIO S.A.,2ª,2030-07-15,DI + 2%,4.1076,4.6655,3.45,0.1,950.94948286,94.26,724.62,2026-10-06
CRA02300BQD,CRA,GJA INDÚSTRIAS S.A.,RIZA SECURITIZADORA S.A.,1ª,2029-07-16,"DI + 2,25%",,,,,,,,2026-10-06
CRA025000MJ,CRA,Integrada Cooperativa Agroindustrial,ECO SECURITIZADORA DE DIREITOS CREDITÓRIOS DO AGRONEGÓCIO S.A.,2ª,2029-05-15,"DI + 2,35%",,,,,,,,2026-10-06
22L1212138,CRI,LAR COOPERATIVA AGROINDUSTRIAL,HABITASEC SECURITIZADORA S.A.,2ª,2034-12-19,"DI + 2,45%",,,,,,,,2026-10-06
CRA02300KZL,CRA,FLORA PRODUTOS DE HIGIENE E LIMPEZA S.A.,OPEA SECURITIZADORA S/A,1ª,2029-10-15,"DI + 2,5%",,,,,,,,2026-10-06
CRA02300795,CRA,FS INDÚSTRIA DE BIOCOMBUSTÍVEIS LTDA.,ECO SECURITIZADORA DE DIREITOS CREDITÓRIOS DO AGRONEGÓCIO S.A.,1ª,2029-10-15,"DI + 2,9%",4.1768,4.7755,3.678,0.17,979.84037409,97.07,605.91,2026-10-06
CRA02300CCH,CRA,FS INDÚSTRIA DE BIOCOMBUSTÍVEIS LTDA.,ECO SECURITIZADORA DE DIREITOS CREDITÓRIOS DO AGRONEGÓCIO S.A.,1ª,2029-12-17,"DI + 2,9%",4.1506,4.6884,3.7042,0.04,979.18988365,97.01,632.24,2026-10-06
CRA0250040I,CRA,Natural One S.A,ECO SECURITIZADORA DE DIREITOS CREDITÓRIOS DO AGRONEGÓCIO S.A.,1ª,2029-06-15,"DI + 2,9%",,,,,,,,2026-10-06
CRA0220099D,CRA,CENTRAL CRESOL BASER,ECO SECURITIZADORA DE DIREITOS CREDITÓRIOS DO AGRONEGÓCIO S.A.,1ª,2027-12-15,"DI + 2,95%",,,,,,,,2026-10-06
CRA023003JX,CRA,OLFAR S.A.,RIZA SECURITIZADORA S.A.,1ª,2029-03-15,DI + 3%,2.1647,,,0.03,728.43194196,101.03,316.22,2026-10-06
CRA0240086H,CRA,DISTRIBUIDORA DE PRODUTOS DE PETRÓLEO CHARRUA LTDA.,OPEA SECURITIZADORA S/A,1ª,2029-08-23,DI + 3%,3.202,3.5693,,0.35,1001.6788803,99.61,507.66,2026-10-06
CRA0250012Y,CRA,FS FLORESTAL S.A.,ECO SECURITIZADORA DE DIREITOS CREDITÓRIOS DO AGRONEGÓCIO S.A.,2ª,2031-03-17,DI + 3%,4.2122,,3.45,0.24,972.23346675,96.31,805.8,2026-10-06
CRA022000RU,CRA,MADERO INDÚSTRIA E COMÉRCIO S.A.,ECO SECURITIZADORA DE DIREITOS CREDITÓRIOS DO AGRONEGÓCIO S.A.,2ª,2027-03-15,"DI + 3,5%",3.3112,,,0.45,140.95108101,100.04,55.47,2026-10-06
CRA024002MM,CRA,USINA SANTA FÉ S.A.,ECO SECURITIZADORA DE DIREITOS CREDITÓRIOS DO AGRONEGÓCIO S.A.,1ª,2029-12-17,DI + 4%,,,,,,,,2026-10-06
CRA02400ECU,CRA,USINA CORURIPE AÇÚCAR E ÁLCOOL S.A.,ECO SECURITIZADORA DE DIREITOS CREDITÓRIOS DO AGRONEGÓCIO S.A.,5ª,2030-11-25,"DI + 4,1%",4.6543,5.0091,4.5757,0.26,4997.35803841,99.1,427.11,2026-10-06
CRA023001JL,CRA,PISANI PLÁSTICOS S.A.,ECO SECURITIZADORA DE DIREITOS CREDITÓRIOS DO AGRONEGÓCIO S.A.,1ª,2029-02-20,DI + 5%,,,,,,,,2026-10-06
CRA02300KOH,CRA,TECSOIL AUTOMAÇÃO E SISTEMAS S.A.,OPEA SECURITIZADORA S/A,1ª,2028-10-16,"DI + 5,5%",3.1057,3.9005,2.1,0.04,716.725032,102.1,228.9,2026-10-06
CRA02300JR6,CRA,RAÍZEN ENERGIA S.A.,TRUE SECURITIZADORA S/A,2ª,2033-10-17,IPCA + 0%,,,,,484.34957456,42.59,,2026-10-06
CRA019003JY,CRA,KLABIN S.A.,VERT COMPANHIA SECURITIZADORA,1ª,2029-06-15,"IPCA + 3,5%",7.0206,7.1912,6.791,0.17,1408.69628946,94.74,404.65,2026-10-06
CRA019003V3,CRA,RAÍZEN ENERGIA S.A.,OPEA SECURITIZADORA S/A,2ª,2029-07-16,"IPCA + 3,602%",,,,,693.60293102,47.35,,2026-10-06
CRA021000MG,CRA,M. DIAS BRANCO S.A. INDÚSTRIA E COMÉRCIO DE ALIMENTOS,RIZA SECURITIZADORA S.A.,1ª,2028-03-15,"IPCA + 3,7992%",7.701,7.8803,7.3859,0.28,1300.85318416,94.96,352.96,2026-10-06
CRA021000MH,CRA,M. DIAS BRANCO S.A. INDÚSTRIA E COMÉRCIO DE ALIMENTOS,RIZA SECURITIZADORA S.A.,2ª,2031-03-15,"IPCA + 4,1369%",7.9718,8.1078,7.5995,0.34,1221.4832075,89.15,795.85,2026-10-06
CRA02100002,CRA,COCAL COMÉRCIO INDÚSTRIA CANAÃ AÇÚCAR E ÁLCOOL LTDA.,RIZA SECURITIZADORA S.A.,2ª,2028-02-15,"IPCA + 4,2095%",8.0877,,,2.21,619.33627878,97.45,177.17,2026-10-06
CRA021000MB,CRA,COLOMBO AGROINDÚSTRIA S.A.,ECO SECURITIZADORA DE DIREITOS CREDITÓRIOS DO AGRONEGÓCIO S.A.,1ª,2027-03-15,"IPCA + 4,4474%",7.729,,,1.38,672.59757802,98.7,107.0,2026-10-06
CRA021001PQ,CRA,MARFRIG GLOBAL FOODS S.A.,OPEA SECURITIZADORA S/A,1ª,2028-07-15,"IPCA + 4,5%",12.4106,12.5813,11.8746,0.33,1178.21337356,88.36,426.56,2026-10-06
CRA019001E7,CRA,KLABIN S.A.,VERT COMPANHIA SECURITIZADORA,2ª,2029-03-15,"IPCA + 4,5081%",6.9363,7.2352,6.7561,0.19,1468.90131072,96.93,340.44,2026-10-06
CRA021001VA,CRA,MARFRIG GLOBAL FOODS S.A.,OPEA SECURITIZADORA S/A,2ª,2031-07-15,"IPCA + 4,6%",12.3282,,10.3743,1.3,1047.70398516,78.56,842.05,2026-10-06
21G0065100,CRI,ALIANSCE SONAE SHOPPING CENTERS S.A.,RB CAPITAL INVESTIMENTOS DTVM LTDA,347ª,2028-07-17,"IPCA + 4,6197%",7.6412,,7.3865,0.16,1267.71774766,95.3,425.88,2026-10-06
CRA0210013B,CRA,BRF S.A.,VERT COMPANHIA SECURITIZADORA,1ª,2031-05-15,"IPCA + 4,7843%",11.3427,11.8984,10.3797,1.34,1069.31388408,78.26,1006.25,2026-10-06
CRA021001KB,CRA,COMPANHIA DE LOCAÇÃO DAS AMÉRICAS,ECO SECURITIZADORA DE DIREITOS CREDITÓRIOS DO AGRONEGÓCIO S.A.,1ª,2031-07-15,"IPCA + 4,825%",7.8125,8.1092,7.5312,0.43,1218.61405637,90.89,851.97,2026-10-06
CRA021002SO,CRA,IPIRANGA PRODUTOS DE PETRÓLEO S.A.,VERT COMPANHIA SECURITIZADORA,1ª,2028-09-15,"IPCA + 4,8287%",7.4994,8.1534,7.4341,0.29,1248.73643501,95.42,469.31,2026-10-06
21D0737500,CRI,DIRECIONAL ENGENHARIA S.A.,OPEA SECURITIZADORA S/A,371ª,2028-04-17,"IPCA + 4,8444%",7.4966,7.9538,7.3601,0.3,881.25540106,97.58,246.22,2026-10-06
21D0862572,CRI,REDE D'OR SÃO LUIZ S.A.,OPEA SECURITIZADORA S/A,324ª,2036-05-15,"IPCA + 4,9347%",7.7868,,7.4657,0.13,1144.22072259,83.24,1697.95,2026-10-06
21H1078699,CRI,SENDAS DISTRIBUIDORA S.A.,OPEA SECURITIZADORA S/A,428ª,2028-10-16,"IPCA + 5,1531%",10.7133,10.8644,9.8855,0.35,1194.26836368,90.73,474.55,2026-10-06
21H1078700,CRI,SENDAS DISTRIBUIDORA S.A.,OPEA SECURITIZADORA S/A,429ª,2031-10-15,"IPCA + 5,2662%",11.3419,11.6261,11.0798,0.02,1081.5266422,82.12,872.95,2026-10-06
CRA020002GZ,CRA,BRF S.A.,VERT COMPANHIA SECURITIZADORA,1ª,2027-07-15,"IPCA + 5,3%",10.8256,11.0613,10.7193,0.49,1402.6903568,96.24,188.76,2026-10-06
21D0694886,CRI,CONSTRUTORA TENDA S.A.,OPEA SECURITIZADORA S/A,378ª,2028-04-17,"IPCA + 5,3621%",9.2129,,,0.77,891.80637752,96.59,242.01,2026-10-06
CRA021002NF,CRA,PETROBRAS DISTRIBUIDORA S.A.,RIZA SECURITIZADORA S.A.,1ª,2031-09-15,"IPCA + 5,3995%",8.2223,8.5914,7.9973,0.3,1190.71563207,90.95,900.36,2026-10-06
CRA020001P7,CRA,RAÍZEN ENERGIA S.A.,OPEA SECURITIZADORA S/A,1ª,2027-06-15,"IPCA + 5,4%",,,,,661.36233296,46.48,,2026-10-06
CRA021000RX,CRA,MINERVA S.A.,RIZA SECURITIZADORA S.A.,1ª,2028-04-17,"IPCA + 5,5034%",12.2763,12.304,10.5804,0.19,1268.24922221,91.45,361.15,2026-10-06
21I0278118,CRI,LOG COMMERCIAL PROPERTIES E PARTICIPAÇÕES S.A.,RIZA SECURITIZADORA S.A.,362ª,2028-09-15,"IPCA + 5,5212%",10.5084,,9.6177,2.16,614.68237483,93.82,346.51,2026-10-06
21K0001806,CRI,REDE D'OR SÃO LUIZ S.A.,OPEA SECURITIZADORA S/A,396ª,2031-12-15,"IPCA + 5,5758%",7.8685,8.0845,7.6283,0.09,1191.40143654,92.4,922.69,2026-10-06
CRA021000RY,CRA,MINERVA S.A.,RIZA SECURITIZADORA S.A.,39ª,2031-04-15,"IPCA + 5,578%",11.2408,11.7993,10.1289,1.11,1180.47088206,85.1,769.79,2026-10-06
CRA020002H1,CRA,BRF S.A.,VERT COMPANHIA SECURITIZADORA,2ª,2030-07-15,"IPCA + 5,6%",11.8611,12.1327,10.5167,1.08,1261.79978837,86.52,627.28,2026-10-06
CRA022002Y1,CRA,NORSA REFRIGERANTES S.A.,RIZA SECURITIZADORA S.A.,1ª,2027-03-15,"IPCA + 5,685%",,,,,,,,2026-10-06
CRA020003PY,CRA,"VAMOS LOCAÇÃO DE CAMINHÕES, MÁQUINAS E EQUIPAMENTOS S.A.",ECO SECURITIZADORA DE DIREITOS CREDITÓRIOS DO AGRONEGÓCIO S.A.,1ª,2030-11-18,"IPCA + 5,7315%",12.048,12.854,11.4173,0.56,1224.2866809,85.16,689.48,2026-10-06
21K0001812,CRI,ULTRA SOM SERVIÇOS MÉDICOS S.A.,RIZA SECURITIZADORA S.A.,378ª,2031-12-15,"IPCA + 5,7505%",19.9359,22.2099,18.3785,1.42,779.45770335,60.71,967.2,2026-10-06
CRA021002YA,CRA,CARAMURU ALIMENTOS S.A.,ECO SECURITIZADORA DE DIREITOS CREDITÓRIOS DO AGRONEGÓCIO S.A.,1ª,2027-09-15,"IPCA + 5,7641%",,,,,,,,2026-10-06
CRA020001P8,CRA,RAÍZEN ENERGIA S.A.,TRUE SECURITIZADORA S/A,2ª,2030-06-17,"IPCA + 5,8%",,,,,666.33163349,46.79,,2026-10-06
22D1289007,CRI,REDE D'OR SÃO LUIZ S.A.,OPEA SECURITIZADORA S/A,508ª,2029-06-15,"IPCA + 5,83%",7.631,,7.3012,0.21,1167.90529549,95.93,619.38,2026-10-06
22D1289010,CRI,CYRELA BRAZIL REALTY S.A.,OPEA SECURITIZADORA S/A,490ª,2027-06-15,"IPCA + 5,9068%",6.9852,,6.4562,0.76,1230.70058471,99.33,166.48,2026-10-06
CRA022002Y2,CRA,NORSA REFRIGERANTES S.A.,RIZA SECURITIZADORA S.A.,2ª,2029-03-15,"IPCA + 5,9169%",7.9426,8.4647,7.6279,0.39,1176.75961244,96.59,460.34,2026-10-06
CRA022006N5,CRA,IPIRANGA PRODUTOS DE PETRÓLEO S.A.,VERT COMPANHIA SECURITIZADORA,1ª,2032-06-15,"IPCA + 6,0053%",7.4912,8.1165,7.185,0.1,1149.75647354,94.55,1011.35,2026-10-06
22D1289008,CRI,REDE D'OR SÃO LUIZ S.A.,OPEA SECURITIZADORA S/A,509ª,2032-06-15,"IPCA + 6,01%",7.7129,,,0.2,1142.39806853,93.79,1010.19,2026-10-06
CRA022002Y3,CRA,NORSA REFRIGERANTES S.A.,RIZA SECURITIZADORA S.A.,3ª,2032-03-15,"IPCA + 6,0392%",7.9167,,7.8365,0.03,1137.90918171,93.4,977.04,2026-10-06
21K0001807,CRI,REDE D'OR SÃO LUIZ S.A.,OPEA SECURITIZADORA S/A,397ª,2036-12-15,"IPCA + 6,1017%",7.9307,8.1435,7.6688,0.08,1147.08751675,88.82,1726.64,2026-10-06
22K0001201,CRI,PETRÓLEO BRASILEIRO S.A. - PETROBRAS,OPEA SECURITIZADORA S/A,1ª,2030-04-15,"IPCA + 6,2%",6.6171,6.9226,6.5377,0.1,1216.99760901,98.77,794.08,2026-10-06
23H0027403,CRI,REDE D'OR SÃO LUIZ S.A.,OPEA SECURITIZADORA S/A,2ª,2030-08-15,"IPCA + 6,2%",7.8704,8.1168,7.6477,0.09,1098.99661935,94.79,863.04,2026-10-06
CRA022006MY,CRA,Dexco S.A.,ECO SECURITIZADORA DE DIREITOS CREDITÓRIOS DO AGRONEGÓCIO S.A.,2ª,2032-06-15,"IPCA + 6,2%",,,,,,,,2026-10-06
22K0001203,CRI,PETRÓLEO BRASILEIRO S.A. - PETROBRAS,OPEA SECURITIZADORA S/A,2ª,2032-11-16,"IPCA + 6,25%",6.7178,7.0397,,0.06,1235.52771534,97.85,1246.59,2026-10-06
22E1325262,CRI,HYPERA S.A.,OPEA SECURITIZADORA S/A,2ª,2029-08-15,"IPCA + 6,279%",8.303,8.576,7.8896,0.26,1147.48207307,95.18,658.85,2026-10-06
CRA021002YF,CRA,J. MACÊDO S.A.,ECO SECURITIZADORA DE DIREITOS CREDITÓRIOS DO AGRONEGÓCIO S.A.,1ª,2026-11-16,"IPCA + 6,3071%",,,,,,,,2026-10-06
CRA02300S35,CRA,CAMIL ALIMENTOS S.A.,ECO SECURITIZADORA DE DIREITOS CREDITÓRIOS DO AGRONEGÓCIO S.A.,2ª,2030-11-18,"IPCA + 6,3416%",11.9098,12.3352,11.3969,0.72,994.97287401,85.13,787.97,2026-10-06
22C1362141,CRI,MATEUS SUPERMERCADOS S.A.,OPEA SECURITIZADORA S/A,1ª,2034-07-17,"IPCA + 6,3423%",9.8446,,9.6319,0.22,841.26340419,90.03,796.91,2026-10-06
22B0004808,CRI,CSN CIMENTOS S.A.,RIZA SECURITIZADORA S.A.,417ª,2032-02-16,"IPCA + 6,3893%",16.6415,18.845,13.2505,0.17,887.17952971,70.98,918.02,2026-10-06
CRA022008N6,CRA,JBS S.A.,RIZA SECURITIZADORA S.A.,2ª,2032-09-15,"IPCA + 6,3919%",8.3277,,,0.4,1118.67937246,92.63,1065.04,2026-10-06
22K0001204,CRI,PETRÓLEO BRASILEIRO S.A. - PETROBRAS,OPEA SECURITIZADORA S/A,3ª,2037-11-16,"IPCA + 6,4%",,,,,,,,2026-10-06
24B0013203,CRI,CIDADE MARAVILHOSA INDÚSTRIA E COMÉRCIO DE ROUPAS S.A.,RIZA SECURITIZADORA S.A.,3ª,2030-02-15,"IPCA + 6,4%",12.198,,11.2004,0.91,986.40738774,87.14,649.9,2026-10-06
CRA02300CYS,CRA,BANCO BTG PACTUAL S.A.,OPEA SECURITIZADORA S/A,3ª,2033-07-15,"IPCA + 6,4338%",,,,,,,,2026-10-06
22E1325264,CRI,HYPERA S.A.,OPEA SECURITIZADORA S/A,3ª,2032-08-16,"IPCA + 6,4451%",8.393,8.6494,8.2108,0.21,1118.2704383,92.74,1042.75,2026-10-06
CRA024001P6,CRA,JSL S.A.,ECO SECURITIZADORA DE DIREITOS CREDITÓRIOS DO AGRONEGÓCIO S.A.,2ª,2031-02-17,"IPCA + 6,4527%",13.0418,13.3802,12.5301,0.58,947.75213059,83.62,742.06,2026-10-06
22E1095384,CRI,MRV ENGENHARIA E PARTICIPAÇÕES S.A.,OPEA SECURITIZADORA S/A,1ª,2030-09-16,"IPCA + 6,4802%",12.0284,,,0.29,1044.17074645,87.36,664.76,2026-10-06
21J0001208,CRI,TENDA ATACADO S.A.,RIZA SECURITIZADORA S.A.,306ª,2026-10-15,"IPCA + 6,4803%",11.978,,11.141,0.67,441.14682782,99.88,6.0,2026-10-06
22F0009804,CRI,DIRECIONAL ENGENHARIA S.A.,OPEA SECURITIZADORA S/A,1ª,2032-06-15,"IPCA + 6,4899%",8.1668,8.3656,7.8541,0.03,1142.53244751,93.97,999.4,2026-10-06
22F0009409,CRI,GJA INDÚSTRIAS S.A.,RIZA SECURITIZADORA S.A.,1ª,2029-06-15,"IPCA + 6,5%",12.0509,,,0.01,1081.23816122,90.29,503.83,2026-10-06
CRA022003JT,CRA,BEM BRASIL ALIMENTOS S.A.,ECO SECURITIZADORA DE DIREITOS CREDITÓRIOS DO AGRONEGÓCIO S.A.,1ª,2029-05-15,"IPCA + 6,5348%",,,,,,,,2026-10-06
CRA022004MS,CRA,"VAMOS LOCAÇÃO DE CAMINHÕES, MÁQUINAS E EQUIPAMENTOS S.A.",ECO SECURITIZADORA DE DIREITOS CREDITÓRIOS DO AGRONEGÓCIO S.A.,1ª,2032-05-17,"IPCA + 6,5473%",13.4458,13.5028,11.9638,0.2,965.95582498,78.58,950.52,2026-10-06
23H0027404,CRI,REDE D'OR SÃO LUIZ S.A.,OPEA SECURITIZADORA S/A,3ª,2033-08-15,"IPCA + 6,55%",7.9465,8.2092,7.4701,0.05,1088.77626881,93.86,1220.69,2026-10-06
CRA022008NB,CRA,RAÍZEN ENERGIA S.A.,OPEA SECURITIZADORA S/A,1ª,2032-08-16,"IPCA + 6,5885%",,,,,576.75481145,47.63,,2026-10-06
22B0006022,CRI,MRV ENGENHARIA E PARTICIPAÇÕES S.A.,RIZA SECURITIZADORA S.A.,442ª,2029-02-15,"IPCA + 6,5954%",11.9853,,10.8407,1.19,1150.17448178,91.78,436.03,2026-10-06
CRA024004SA,CRA,JBS S.A.,RIZA SECURITIZADORA S.A.,2ª,2034-05-15,"IPCA + 6,5975%",8.5032,8.9192,7.5742,1.22,1026.1548042,90.1,1468.73,2026-10-06
22J0306937,CRI,DIAGNÓSTICOS DA AMÉRICA S.A.,VERT COMPANHIA SECURITIZADORA,2ª,2029-10-15,"IPCA + 6,6%",11.9946,12.9241,11.0997,0.66,1082.400256,87.64,669.68,2026-10-06
CRA02300G7F,CRA,MARFRIG GLOBAL FOODS S.A.,ECO SECURITIZADORA DE DIREITOS CREDITÓRIOS DO AGRONEGÓCIO S.A.,3ª,2030-08-15,"IPCA + 6,6%",12.0755,12.363,11.6205,0.48,979.61227851,84.37,849.33,2026-10-06
CRA022008C7,CRA,COMPANHIA DE LOCAÇÃO DAS AMÉRICAS,ECO SECURITIZADORA DE DIREITOS CREDITÓRIOS DO AGRONEGÓCIO S.A.,1ª,2028-09-15,"IPCA + 6,6018%",7.7987,8.2756,7.6162,0.43,1182.27742427,97.97,463.61,2026-10-06
CRA022007KI,CRA,COCAL COMÉRCIO INDÚSTRIA CANAÃ AÇÚCAR E ÁLCOOL LTDA.,RIZA SECURITIZADORA S.A.,1ª,2030-08-15,"IPCA + 6,6234%",10.1479,10.3883,9.9244,0.99,1102.10426453,91.96,646.02,2026-10-06
CRA02300JG3,CRA,JBS S.A.,RIZA SECURITIZADORA S.A.,3ª,2030-09-16,"IPCA + 6,6441%",8.3253,,,1.03,1089.16995846,94.68,878.25,2026-10-06
CRA022008N7,CRA,JBS S.A.,RIZA SECURITIZADORA S.A.,3ª,2037-09-15,"IPCA + 6,6614%",8.4644,8.815,7.8262,1.68,1068.91065716,88.5,1813.48,2026-10-06
CRA022000XF,CRA,MARFRIG GLOBAL FOODS S.A.,ECO SECURITIZADORA DE DIREITOS CREDITÓRIOS DO AGRONEGÓCIO S.A.,3ª,2032-01-15,"IPCA + 6,663%",11.8779,,11.4086,0.57,1065.08852097,83.99,910.63,2026-10-06
CRA02300JG4,CRA,JBS S.A.,RIZA SECURITIZADORA S.A.,4ª,2033-09-15,"IPCA + 6,6634%",8.4302,,,1.16,1060.85874982,92.22,1235.19,2026-10-06
24F1277567,CRI,DIRECIONAL ENGENHARIA S.A.,OPEA SECURITIZADORA S/A,2ª,2031-07-15,"IPCA + 6,6747%",8.0995,8.3572,7.8735,0.1,1065.54257477,95.22,928.92,2026-10-06
23L1737622,CRI,REDE D'OR SÃO LUIZ S.A.,OPEA SECURITIZADORA S/A,1ª,2033-12-15,"IPCA + 6,6941%",,,,,,,,2026-10-06
22G1414303,CRI,SENDAS DISTRIBUIDORA S.A.,OPEA SECURITIZADORA S/A,3ª,2029-09-17,"IPCA + 6,7%",11.0675,,,0.13,1102.49823111,91.34,567.01,2026-10-06
CRA022008ND,CRA,RAÍZEN ENERGIA S.A.,OPEA SECURITIZADORA S/A,2ª,2037-08-17,"IPCA + 6,7382%",,,,,563.54573643,46.5,,2026-10-06
CRA0240066J,CRA,SLC AGRICOLA II,RIZA SECURITIZADORA S.A.,3ª,2031-07-15,"IPCA + 6,7469%",8.6947,9.154,8.0429,0.25,1048.14943166,93.45,941.43,2026-10-06
22J0306938,CRI,DIAGNÓSTICOS DA AMÉRICA S.A.,VERT COMPANHIA SECURITIZADORA,3ª,2032-10-15,"IPCA + 6,75%",12.197,12.8887,11.294,0.25,1007.18034745,81.49,1018.66,2026-10-06
CRA0240020C,CRA,VICUNHA II,RIZA SECURITIZADORA S.A.,3ª,2031-02-15,"IPCA + 6,7641%",,,,,,,,2026-10-06
CRA022007EP,CRA,KLABIN S.A.,VERT COMPANHIA SECURITIZADORA,1ª,2034-05-15,"IPCA + 6,7694%",7.0699,7.3545,6.9166,0.2,1199.7032727,98.36,1483.27,2026-10-06
CRA024004SB,CRA,JBS S.A.,RIZA SECURITIZADORA S.A.,3ª,2039-05-16,"IPCA + 6,7825%",,,,,,,,2026-10-06
CRA0240086K,CRA,SEARA ALIMENTOS LTDA.,RIZA SECURITIZADORA S.A.,2ª,2034-09-15,"IPCA + 6,7931%",,,,,,,,2026-10-06
CRA024002ML,CRA,MARFRIG GLOBAL FOODS S.A.,ECO SECURITIZADORA DE DIREITOS CREDITÓRIOS DO AGRONEGÓCIO S.A.,3ª,2034-03-15,"IPCA + 6,7996%",12.113,12.3878,10.9489,0.47,873.18994214,77.78,1278.4,2026-10-06
22I0970804,CRI,NATURA COSMÉTICOS S.A.,RIZA SECURITIZADORA S.A.,2ª,2029-09-17,"IPCA + 6,8%",8.4325,,8.1923,0.23,1160.16661757,96.0,676.73,2026-10-06
CRA0240066B,CRA,CAMIL ALIMENTOS S.A.,ECO SECURITIZADORA DE DIREITOS CREDITÓRIOS DO AGRONEGÓCIO S.A.,2ª,2031-06-16,"IPCA + 6,8286%",11.8356,,10.8448,0.69,960.47419368,84.9,892.06,2026-10-06
CRA0220079D,CRA,BRF S.A.,VERT COMPANHIA SECURITIZADORA,2ª,2032-07-15,"IPCA + 6,8344%",12.1054,12.3716,11.4958,0.44,1014.6419349,82.48,994.14,2026-10-06
CRA0240086L,CRA,SEARA ALIMENTOS LTDA.,RIZA SECURITIZADORA S.A.,3ª,2044-09-15,"IPCA + 6,8408%",8.6405,,8.3143,0.59,938.54626538,85.12,2363.03,2026-10-06
CRA02300SV1,CRA,"VAMOS LOCAÇÃO DE CAMINHÕES, MÁQUINAS E EQUIPAMENTOS S.A.",ECO SECURITIZADORA DE DIREITOS CREDITÓRIOS DO AGRONEGÓCIO S.A.,3ª,2033-11-16,"IPCA + 6,8453%",11.7015,,10.9468,2.64,943.77699977,80.62,1198.04,2026-10-06
CRA022006HK,CRA,SÃO SALVADOR ALIMENTOS S.A.,ECO SECURITIZADORA DE DIREITOS CREDITÓRIOS DO AGRONEGÓCIO S.A.,2ª,2030-07-15,"IPCA + 6,8911%",,,,,,,,2026-10-06
22I0970868,CRI,NATURA COSMÉTICOS S.A.,RIZA SECURITIZADORA S.A.,3ª,2032-09-15,"IPCA + 6,9%",8.6273,9.1115,8.5837,0.38,1129.78918442,93.48,1054.71,2026-10-06
23L1737623,CRI,REDE D'OR SÃO LUIZ S.A.,OPEA SECURITIZADORA S/A,2ª,2038-12-15,"IPCA + 6,9527%",7.9461,,7.5451,0.0,1082.61631041,93.12,1925.51,2026-10-06
CRA022004S9,CRA,"VAMOS LOCAÇÃO DE CAMINHÕES, MÁQUINAS E EQUIPAMENTOS S.A.",ECO SECURITIZADORA DE DIREITOS CREDITÓRIOS DO AGRONEGÓCIO S.A.,2ª,2037-05-15,"IPCA + 6,9739%",12.6391,,11.5982,1.07,873.33146543,70.93,1599.28,2026-10-06
CRA02300JG5,CRA,JBS S.A.,RIZA SECURITIZADORA S.A.,5ª,2038-09-15,"IPCA + 6,9938%",8.9068,9.2598,8.5265,0.62,1004.48316465,87.31,1898.55,2026-10-06
CRA024004SC,CRA,JBS S.A.,RIZA SECURITIZADORA S.A.,4ª,2044-05-16,"IPCA + 6,9947%",8.9708,9.5561,8.3776,0.56,963.97481304,84.52,2241.86,2026-10-06
CRA022004XY,CRA,USINA CERRADÃO S.A.,ECO SECURITIZADORA DE DIREITOS CREDITÓRIOS DO AGRONEGÓCIO S.A.,1ª,2028-05-15,"IPCA + 6,9949%",7.5837,,,0.1,816.05010518,99.43,260.48,2026-10-06
22F0009410,CRI,GJA INDÚSTRIAS S.A.,RIZA SECURITIZADORA S.A.,2ª,2032-06-15,IPCA + 7%,10.5728,,,0.04,1052.7061361,87.89,981.59,2026-10-06
23F1519397,CRI,MOVIDA PARTICIPAÇÕES S.A.,OPEA SECURITIZADORA S/A,3ª,2028-06-16,IPCA + 7%,12.8283,13.1923,,0.38,1077.8858914,91.97,397.06,2026-10-06
24G1674104,CRI,JHSF PARTICIPAÇÕES S.A.,OPEA SECURITIZADORA S/A,4ª,2034-07-17,"IPCA + 7,0163%",8.2244,8.4781,8.0573,0.09,921.80827305,95.12,1114.09,2026-10-06
CRA02200C6Y,CRA,MARFRIG GLOBAL FOODS S.A.,ECO SECURITIZADORA DE DIREITOS CREDITÓRIOS DO AGRONEGÓCIO S.A.,1ª,2029-10-15,"IPCA + 7,0383%",12.1012,12.3755,10.4387,0.4,1086.44195632,88.45,665.2,2026-10-06
CRA024007PU,CRA,SOROCABA REFRESCOS S.A.,ECO SECURITIZADORA DE DIREITOS CREDITÓRIOS DO AGRONEGÓCIO S.A.,2ª,2034-08-15,"IPCA + 7,05%",8.8528,9.4413,8.8415,0.39,1015.11871227,91.31,1360.92,2026-10-06
22K0934880,CRI,BCBF PARTICIPAÇÕES S.A.,RIZA SECURITIZADORA S.A.,2ª,2029-12-17,"IPCA + 7,0913%",20.5431,22.9434,18.4889,1.11,873.50789447,71.86,693.24,2026-10-06
CRA022006HE,CRA,AÇO VERDE DO BRASIL S.A.,RIZA SECURITIZADORA S.A.,1ª,2029-06-15,"IPCA + 7,1543%",9.4636,,9.208,0.31,1179.53573743,96.76,387.73,2026-10-06
CRA023000RT,CRA,"VAMOS LOCAÇÃO DE CAMINHÕES, MÁQUINAS E EQUIPAMENTOS S.A.",ECO SECURITIZADORA DE DIREITOS CREDITÓRIOS DO AGRONEGÓCIO S.A.,3ª,2030-01-15,"IPCA + 7,1638%",13.4016,13.9232,12.1115,0.12,1019.14238124,84.92,723.24,2026-10-06
CRA022006BU,CRA,CARAMURU ALIMENTOS S.A.,ECO SECURITIZADORA DE DIREITOS CREDITÓRIOS DO AGRONEGÓCIO S.A.,1ª,2029-07-16,"IPCA + 7,2043%",10.8362,,,1.5,686.96433768,94.78,402.71,2026-10-06
CRA0220073P,CRA,MINERVA S.A.,RIZA SECURITIZADORA S.A.,1ª,2029-07-16,"IPCA + 7,2063%",11.4401,11.8229,10.0703,1.09,1097.6661727,90.78,627.31,2026-10-06
CRA0240066K,CRA,BRF S.A.,ECO SECURITIZADORA DE DIREITOS CREDITÓRIOS DO AGRONEGÓCIO S.A.,3ª,2034-06-15,"IPCA + 7,2336%",11.9611,12.3634,11.6003,1.22,905.21502456,80.0,1275.55,2026-10-06
22K0934889,CRI,BCBF PARTICIPAÇÕES S.A.,RIZA SECURITIZADORA S.A.,3ª,2034-12-15,"IPCA + 7,2792%",20.2809,22.1094,17.8665,1.47,668.84277798,54.99,1222.53,2026-10-06
CRA024001QA,CRA,ZAMP S.A.,RIZA SECURITIZADORA S.A.,3ª,2029-02-15,"IPCA + 7,3%",9.3621,,9.0191,0.17,1090.86339974,95.96,545.72,2026-10-06
CRA024007Q5,CRA,SLC MÁQUINAS LTDA.,OPEA SECURITIZADORA S/A,3ª,2031-08-15,"IPCA + 7,31%",9.1585,,9.0311,0.52,1054.99164188,95.1,738.43,2026-10-06
CRA02200C6Z,CRA,MARFRIG GLOBAL FOODS S.A.,ECO SECURITIZADORA DE DIREITOS CREDITÓRIOS DO AGRONEGÓCIO S.A.,2ª,2032-10-15,"IPCA + 7,3352%",12.0977,,10.2263,0.55,1031.16662305,83.84,1007.08,2026-10-06
24A2721507,CRI,DASA,VERT COMPANHIA SECURITIZADORA,3ª,2031-01-15,"IPCA + 7,3402%",12.4235,12.7586,11.2232,1.66,987.92883939,86.01,813.97,2026-10-06
CRA022006HF,CRA,AÇO VERDE DO BRASIL S.A.,RIZA SECURITIZADORA S.A.,2ª,2032-06-15,"IPCA + 7,3686%",,,,,,,,2026-10-06
CRA024009Q4,CRA,MARFRIG GLOBAL FOODS S.A.,ECO SECURITIZADORA DE DIREITOS CREDITÓRIOS DO AGRONEGÓCIO S.A.,3ª,2034-10-16,"IPCA + 7,3693%",12.1495,12.4401,11.542,0.46,897.7417824,79.47,1295.68,2026-10-06
22E1314836,CRI,SÃO CARLOS EMPREENDIMENTOS E PARTICIPAÇÕES S.A.,OPEA SECURITIZADORA S/A,1ª,2029-09-17,"IPCA + 7,3826%",9.452,9.4923,9.1495,0.55,1169.49463097,96.67,444.91,2026-10-06
CRA022001E2,CRA,FS AGRISOLUTIONS INDÚSTRIA DE BIOCOMBUSTÍVEIS LTDA.,ECO SECURITIZADORA DE DIREITOS CREDITÓRIOS DO AGRONEGÓCIO S.A.,2ª,2029-02-15,"IPCA + 7,3913%",11.6164,12.0845,10.9028,0.56,1179.45607385,95.26,314.23,2026-10-06
CRA022004SD,CRA,FS AGRISOLUTIONS INDÚSTRIA DE BIOCOMBUSTÍVEIS LTDA.,ECO SECURITIZADORA DE DIREITOS CREDITÓRIOS DO AGRONEGÓCIO S.A.,2ª,2029-05-15,"IPCA + 7,3913%",11.3662,11.9315,10.7912,0.34,1175.32487432,94.86,362.83,2026-10-06
CRA02400AHZ,CRA,REFRESCOS BANDEIRANTES INDÚSTRIA E COMÉRCIO LTDA.,RIZA SECURITIZADORA S.A.,2ª,2034-11-16,"IPCA + 7,41%",9.4885,11.3511,,0.62,1009.641001,90.13,1351.63,2026-10-06
24J2539865,CRI,JHSF PARTICIPAÇÕES S.A.,OPEA SECURITIZADORA S/A,1ª,2034-10-16,"IPCA + 7,4183%",8.2699,8.5332,7.9539,0.13,1083.86774066,95.85,1347.88,2026-10-06
CRA0240005O,CRA,CEREAL COMÉRCIO EXPORTAÇÃO E REPRESENTAÇÃO AGROPECUÁRIA S.A.,RIZA SECURITIZADORA S.A.,2ª,2029-01-15,"IPCA + 7,4367%",,,,,,,,2026-10-06
CRA022004H5,CRA,NARDINI AGROINDUSTRIAL LTDA.,OPEA SECURITIZADORA S/A,1ª,2028-04-15,"IPCA + 7,4986%",,,,,,,,2026-10-06
23L2043184,CRI,UNIDAS LOCADORA S.A.,OPEA SECURITIZADORA S/A,3ª,2030-12-16,"IPCA + 7,5%",9.3717,9.684,8.8258,0.23,1101.89866978,94.65,800.21,2026-10-06
CRA024009Q5,CRA,MARFRIG GLOBAL FOODS S.A.,ECO SECURITIZADORA DE DIREITOS CREDITÓRIOS DO AGRONEGÓCIO S.A.,4ª,2039-10-17,"IPCA + 7,5395%",,,,,,,,2026-10-06
CRA02300MOQ,CRA,MINERVA S.A.,RIZA SECURITIZADORA S.A.,3ª,2030-09-16,"IPCA + 7,5408%",12.1333,12.5467,11.1489,0.88,1012.89886409,88.06,762.01,2026-10-06
23L0034761,CRI,FARO ENERGY PROJETOS SOLARES HOLDING S.A.,OPEA SECURITIZADORA S/A,1ª,2038-12-15,"IPCA + 7,5702%",,,,,,,,2026-10-06
CRA0250080Y,CRA,ELDORADO BRASIL CELULOSE S.A.,OPEA SECURITIZADORA S/A,3ª,2040-09-17,"IPCA + 7,6%",7.8451,,7.6138,0.45,1029.28642028,98.02,2211.15,2026-10-06
24A2722748,CRI,DIAGNÓSTICOS DA AMÉRICA S.A.,VERT COMPANHIA SECURITIZADORA,5ª,2034-01-16,"IPCA + 7,6075%",13.8011,14.3757,9.7116,1.5,874.60512363,76.1,1198.61,2026-10-06
25D0012204,CRI,CYRELA BRAZIL REALTY S.A.,COMPANHIA PROVÍNCIA DE SECURITIZAÇÃO,3ª,2032-04-15,"IPCA + 7,6693%",7.6764,,7.4095,0.08,1093.60432394,99.97,1031.17,2026-10-06
23J1127331,CRI,MOVIDA PARTICIPAÇÕES S.A.,OPEA SECURITIZADORA S/A,3ª,2033-10-17,"IPCA + 7,7279%",12.7338,,,0.49,960.13725146,81.01,1143.51,2026-10-06
CRA0250080X,CRA,ELDORADO BRASIL CELULOSE S.A.,OPEA SECURITIZADORA S/A,2ª,2035-09-17,"IPCA + 7,7281%",7.8905,,7.5839,0.36,1039.81104934,99.01,1658.6,2026-10-06
CRA02400AYK,CRA,BEM BRASIL ALIMENTOS S.A.,ECO SECURITIZADORA DE DIREITOS CREDITÓRIOS DO AGRONEGÓCIO S.A.,ª,2031-11-17,"IPCA + 7,737%",8.9861,,,2.19,1056.16417154,96.06,876.44,2026-10-06
CRA0230073N,CRA,J. MACÊDO S.A.,RIZA SECURITIZADORA S.A.,2ª,2030-04-15,"IPCA + 7,8%",,,,,,,,2026-10-06
CRA025003PJ,CRA,SEARA,RIZA SECURITIZADORA S.A.,3ª,2055-05-17,"IPCA + 7,8%",,,,,,,,2026-10-06
CRA024003UZ,CRA,LAR COOPERATIVA AGROINDUSTRIAL,ECO SECURITIZADORA DE DIREITOS CREDITÓRIOS DO AGRONEGÓCIO S.A.,3ª,2031-04-15,"IPCA + 7,8363%",8.9383,9.4897,8.7295,0.22,1085.31654238,96.96,763.37,2026-10-06
CRA021004NV,CRA,LAR COOPERATIVA AGROINDUSTRIAL,ECO SECURITIZADORA DE DIREITOS CREDITÓRIOS DO AGRONEGÓCIO S.A.,1ª,2026-11-15,"IPCA + 7,8749%",10.9245,,9.1451,2.13,434.514034,99.67,27.0,2026-10-06
CRA0250066B,CRA,BRF S.A.,ECO SECURITIZADORA DE DIREITOS CREDITÓRIOS DO AGRONEGÓCIO S.A.,3ª,2035-07-16,"IPCA + 7,9064%",12.1375,,9.8936,0.43,839.51424825,78.76,1519.11,2026-10-06
22E1321749,CRI,COGNA EDUCAÇÃO S.A.,OPEA SECURITIZADORA S/A,2ª,2029-07-16,"IPCA + 7,9273%",8.7728,9.1063,8.347,0.08,1194.80192733,98.4,520.31,2026-10-06
CRA0240005P,CRA,CEREAL COMÉRCIO EXPORTAÇÃO E REPRESENTAÇÃO AGROPECUÁRIA S.A.,RIZA SECURITIZADORA S.A.,3ª,2031-01-15,"IPCA + 7,9443%",,,,,,,,2026-10-06
22E1321750,CRI,COGNA EDUCAÇÃO S.A.,OPEA SECURITIZADORA S/A,3ª,2032-07-15,"IPCA + 8,0031%",9.4511,,8.6721,0.56,1152.359299,94.89,988.64,2026-10-06
CRA025009EZ,CRA,Seara Alimentos Ltda.,ECO SECURITIZADORA DE DIREITOS CREDITÓRIOS DO AGRONEGÓCIO S.A.,4ª,2065-10-15,"IPCA + 8,0313%",,,,,,,,2026-10-06
CRA0250020C,CRA,BRF S.A.,ECO SECURITIZADORA DE DIREITOS CREDITÓRIOS DO AGRONEGÓCIO S.A.,2ª,2035-04-16,"IPCA + 8,04%",11.4159,12.006,10.0706,1.25,913.65472486,83.24,1467.02,2026-10-06
CRA02200795,CRA,ADUBOS ARAGUAIA INDÚSTRIA E COMÉRCIO LTDA.,ECO SECURITIZADORA DE DIREITOS CREDITÓRIOS DO AGRONEGÓCIO S.A.,1ª,2027-07-15,"IPCA + 8,1191%",9.4841,,,0.12,601.92072537,99.07,187.23,2026-10-06
CRA0250020D,CRA,BRF S.A.,ECO SECURITIZADORA DE DIREITOS CREDITÓRIOS DO AGRONEGÓCIO S.A.,3ª,2040-04-16,"IPCA + 8,2345%",11.9243,12.2642,9.9492,1.63,856.931049,78.0,1777.83,2026-10-06
CRA0250018K,CRA,MARFRIG GLOBAL FOODS S.A.,ECO SECURITIZADORA DE DIREITOS CREDITÓRIOS DO AGRONEGÓCIO S.A.,4ª,2040-04-16,"IPCA + 8,2503%",12.7454,,11.8249,0.58,817.88452431,74.22,1737.65,2026-10-06
CRA0250018L,CRA,MARFRIG GLOBAL FOODS S.A,ECO SECURITIZADORA DE DIREITOS CREDITÓRIOS DO AGRONEGÓCIO S.A.,5ª,2045-04-17,"IPCA + 8,3405%",13.4517,,,0.2,751.19115791,68.14,1878.91,2026-10-06
CRA0240099F,CRA,VALE DO TIJUCO AÇÚCAR E ÁLCOOL S.A.,ECO SECURITIZADORA DE DIREITOS CREDITÓRIOS DO AGRONEGÓCIO S.A.,2ª,2034-10-16,"IPCA + 8,3558%",9.5467,,9.0634,1.39,1079.71485748,95.1,1150.21,2026-10-06
CRA0250020E,CRA,BRF S.A.,ECO SECURITIZADORA DE DIREITOS CREDITÓRIOS DO AGRONEGÓCIO S.A.,3ª,2045-04-17,"IPCA + 8,38%",10.052,,9.4137,0.26,959.42403805,87.27,2165.12,2026-10-06
CRA025008C2,CRA,Neomille S.A.,ECO SECURITIZADORA DE DIREITOS CREDITÓRIOS DO AGRONEGÓCIO S.A.,2ª,2032-12-15,"IPCA + 8,4473%",8.2709,,7.9905,0.41,1080.47093186,100.74,1136.6,2026-10-06
CRA02400AHX,CRA,CEREAL COMÉRCIO EXPORTAÇÃO E,RIZA SECURITIZADORA S.A.,3ª,2034-11-16,"IPCA + 8,4704%",,,,,,,,2026-10-06
CRA025008HR,CRA,Nardini II,OPEA SECURITIZADORA S/A,ª,2032-10-15,"IPCA + 8,4773%",,,,,,,,2026-10-06
CRA025006NC,CRA,LAR COOPERATIVA AGROINDUSTRIAL,ECO SECURITIZADORA DE DIREITOS CREDITÓRIOS DO AGRONEGÓCIO S.A.,3ª,2032-08-16,"IPCA + 8,7268%",,,,,,,,2026-10-06
CRA0250005M,CRA,Boa Safra,OPEA SECURITIZADORA S/A,3ª,2032-01-15,"IPCA + 8,7384%",,,,,,,,2026-10-06
CRA0250005L,CRA,Boa Safra,OPEA SECURITIZADORA S/A,4ª,2035-01-15,"IPCA + 8,9518%",,,,,,,,2026-10-06
CRA02300796,CRA,FS INDÚSTRIA DE BIOCOMBUSTÍVEIS LTDA.,ECO SECURITIZADORA DE DIREITOS CREDITÓRIOS DO AGRONEGÓCIO S.A.,2ª,2029-10-15,"IPCA + 8,9555%",11.4729,12.0799,10.8848,0.34,1095.7148801,94.17,661.22,2026-10-06
CRA023003JY,CRA,OLFAR S.A.,RIZA SECURITIZADORA S.A.,2ª,2030-03-15,"IPCA + 8,9738%",,,,,,,,2026-10-06
23F2455004,CRI,SENDAS DISTRIBUIDORA S.A.,OPEA SECURITIZADORA S/A,2ª,2027-07-15,,17.1361,,15.5764,0.36,991.01065949,96.6,185.15,2026-10-06
23I1259644,CRI,JSL,OPEA SECURITIZADORA S/A,4ª,2030-09-15,,,,,,,,,2026-10-06
23J1141681,CRI,YDUQS PARTICIPAÇÕES S.A.,OPEA SECURITIZADORA S/A,1ª,2028-10-16,,14.1833,,,0.73,1006.9217576,95.67,442.98,2026-10-06
23K0018801,CRI,MULTIPLAN EMPREENDIMENTOS IMOBILIÁRIOS S.A.,RIZA SECURITIZADORA S.A.,3ª,2031-01-15,,,,,,,,,2026-10-06
23K0022041,CRI,Cogna,TRUE SECURITIZADORA S/A,2ª,2028-11-15,,,,,,,,,2026-10-06
24A2715837,CRI,DIAGNÓSTICOS DA AMÉRICA S.A.,VERT COMPANHIA SECURITIZADORA,2ª,2029-01-15,,18.2664,,,1.11,927.04794443,90.26,496.5,2026-10-06
24A2721829,CRI,DIAGNÓSTICOS DA AMÉRICA S.A,VERT COMPANHIA SECURITIZADORA,4ª,2031-01-15,,18.4524,,17.1781,1.12,890.34913784,86.59,739.45,2026-10-06
25A1946535,CRI,Cury,OPEA SECURITIZADORA S/A,3ª,2032-01-15,,14.3908,,13.5308,0.59,1053.14129419,101.96,804.64,2026-10-06
25D0271049,CRI,Log,OPEA SECURITIZADORA S/A,3ª,2032-04-15,,,,,,,,,2026-10-06
CRA02300G7D,CRA,MARFRIG GLOBAL FOODS S.A.,ECO SECURITIZADORA DE DIREITOS CREDITÓRIOS DO AGRONEGÓCIO S.A.,1ª,2027-08-16,,17.9054,,,0.32,965.37678672,95.15,207.56,2026-10-06
CRA02300HWK,CRA,BANCO BTG PACTUAL S.A.,OPEA SECURITIZADORA S/A,4ª,2033-09-15,,12.7617,12.9676,12.5818,0.47,972.47808602,96.6,1224.44,2026-10-06
CRA02300JR7,CRA,RAÍZEN ENERGIA S.A.,OPEA SECURITIZADORA S/A,3ª,2033-10-17,,,,,,457.83630144,43.73,,2026-10-06
CRA02300NX8,CRA,BTG Pactual III,OPEA SECURITIZADORA S/A,4ª,2033-11-16,,,,,,,,,2026-10-06
CRA02300SPD,CRA,FS Agrisolutions Indústria de Biocombustíveis LTDA,ECO SECURITIZADORA DE DIREITOS CREDITÓRIOS DO AGRONEGÓCIO S.A.,3ª,2030-06-15,,18.1321,,,0.52,890.06951144,88.35,724.39,2026-10-06
CRA02300SUZ,CRA,"Vamos Locação de Caminhões, Máquinas e Equipamentos S.A.",ECO SECURITIZADORA DE DIREITOS CREDITÓRIOS DO AGRONEGÓCIO S.A.,1ª,2030-11-18,,19.534,,,0.64,870.7793611,83.23,702.91,2026-10-06
CRA02300TSF,CRA,BTG PACTUAL IV,OPEA SECURITIZADORA S/A,4ª,2033-12-15,,,,,,,,,2026-10-06
CRA024000B8,CRA,FS Indústria De Biocombustíveis Ltda,ECO SECURITIZADORA DE DIREITOS CREDITÓRIOS DO AGRONEGÓCIO S.A.,3ª,2030-07-15,,18.0553,,16.8596,0.37,890.01167404,88.35,735.84,2026-10-06
CRA024001P5,CRA,JSL S.A.,ECO SECURITIZADORA DE DIREITOS CREDITÓRIOS DO AGRONEGÓCIO S.A.,1ª,2031-02-15,,,,,,,,,2026-10-06
CRA024001Q9,CRA,ZAMP S.A.,RIZA SECURITIZADORA S.A.,2ª,2029-02-15,,17.1658,,15.25,1.25,944.24093041,92.83,515.94,2026-10-06
CRA0240020B,CRA,VICUNHA II,RIZA SECURITIZADORA S.A.,2ª,2031-02-15,,,,,,,,,2026-10-06
CRA024002MH,CRA,JF CITRUS AGROPECUÁRIA S.A.,ECO SECURITIZADORA DE DIREITOS CREDITÓRIOS DO AGRONEGÓCIO S.A.,1ª,2029-03-15,,,,,,,,,2026-10-06
CRA024002MK,CRA,Marfrig Global Foods S.A.,ECO SECURITIZADORA DE DIREITOS CREDITÓRIOS DO AGRONEGÓCIO S.A.,2ª,2031-03-15,,,,,,,,,2026-10-06
CRA024002S2,CRA,Minerva VII,RIZA SECURITIZADORA S.A.,2ª,2029-03-15,,18.1794,,,0.15,893.48902425,88.76,540.04,2026-10-06
CRA024002S3,CRA,MINERVA S.A.,RIZA SECURITIZADORA S.A.,3ª,2031-03-17,,18.1425,,,0.63,840.01516565,83.43,865.78,2026-10-06
CRA0240066D,CRA,FS Florestal S.A.,ECO SECURITIZADORA DE DIREITOS CREDITÓRIOS DO AGRONEGÓCIO S.A.,1ª,2030-06-15,,17.4834,,16.35,1.05,958.43946165,95.03,708.85,2026-10-06
CRA0240066G,CRA,BRF S.A.,ECO SECURITIZADORA DE DIREITOS CREDITÓRIOS DO AGRONEGÓCIO S.A.,2ª,2031-06-16,,17.9089,,,0.52,894.81744422,86.09,860.11,2026-10-06
CRA024007PT,CRA,Sorocaba Refrescos S.A,ECO SECURITIZADORA DE DIREITOS CREDITÓRIOS DO AGRONEGÓCIO S.A.,1ª,2031-08-15,,15.0696,,13.9137,0.86,939.81511194,92.46,851.88,2026-10-06
CRA024007Q3,CRA,SLC Maquinas,OPEA SECURITIZADORA S/A,1ª,2031-08-15,,16.0673,,14.75,0.85,942.52947602,92.68,675.84,2026-10-06
CRA024009Q3,CRA,MARFRIG GLOBAL FOODS S.A.,ECO SECURITIZADORA DE DIREITOS CREDITÓRIOS DO AGRONEGÓCIO S.A.,2ª,2031-10-15,,17.9455,,,0.48,922.10856381,86.87,876.0,2026-10-06
CRA02400AHY,CRA,REFRESCOS BANDEIRANTES INDÚSTRIA E COMÉRCIO LTDA.,RIZA SECURITIZADORA S.A.,1ª,2032-11-16,,18.0547,,17.55,0.96,906.29205072,86.17,945.79,2026-10-06
CRA02400AYM,CRA,MINERVA S.A.,RIZA SECURITIZADORA S.A.,2ª,2029-11-16,,18.3347,,17.4309,0.21,964.13142324,91.48,617.17,2026-10-06
CRA02400AYP,CRA,MINERVA S.A.,RIZA SECURITIZADORA S.A.,5ª,2034-11-16,,18.366,,,0.37,921.17655447,87.24,1059.14,2026-10-06
CRA02500001,CRA,BOA SAFRA SEMENTES S.A.,OPEA SECURITIZADORA S/A,1ª,2030-01-15,,15.9073,,14.8019,0.63,997.43818077,98.9,650.02,2026-10-06
CRA0250012X,CRA,FS FLORESTAL S.A.,ECO SECURITIZADORA DE DIREITOS CREDITÓRIOS DO AGRONEGÓCIO S.A.,1ª,2030-03-15,,17.8891,,17.0532,0.95,1009.10237904,99.93,654.56,2026-10-06
CRA0250018I,CRA,Marfrig Global Foods S.A,ECO SECURITIZADORA DE DIREITOS CREDITÓRIOS DO AGRONEGÓCIO S.A.,2ª,2032-04-15,,17.3271,,15.3,1.17,979.59607395,91.79,919.08,2026-10-06
CRA025002S3,CRA,MINERVA S.A,RIZA SECURITIZADORA S.A.,2ª,2030-04-15,,18.3519,,,0.22,1009.99364521,94.22,657.38,2026-10-06
CRA025002S4,CRA,MINERVA S.A.,RIZA SECURITIZADORA S.A.,4ª,2032-04-15,,18.4429,,,0.24,985.11650944,91.9,895.95,2026-10-06
CRA025002S5,CRA,MINERVA S.A.,RIZA SECURITIZADORA S.A.,5ª,2035-04-16,,,,,,,,,2026-10-06
CRA0250040J,CRA,Natural One S.A,ECO SECURITIZADORA DE DIREITOS CREDITÓRIOS DO AGRONEGÓCIO S.A.,2ª,2029-06-15,,20.9582,,16.85,3.38,1004.84031104,95.56,355.5,2026-10-06
CRA025005EH,CRA,GDM GENÉTICA DO BRASIL S.A.,ECO SECURITIZADORA DE DIREITOS CREDITÓRIOS DO AGRONEGÓCIO S.A.,1ª,2032-07-15,,15.1808,,,0.8,1031.58965431,99.87,957.57,2026-10-06
CRA025005V7,CRA,MINERVA S.A.,RIZA SECURITIZADORA S.A.,3ª,2033-07-15,,17.5485,,15.3,1.33,930.94755683,90.21,1027.48,2026-10-06
CRA025005V8,CRA,MINERVA S.A,RIZA SECURITIZADORA S.A.,4ª,2035-07-16,,17.5824,,15.3,1.33,929.23206338,89.99,1147.62,2026-10-06
CRA0250066A,CRA,BRF S.A.,ECO SECURITIZADORA DE DIREITOS CREDITÓRIOS DO AGRONEGÓCIO S.A.,2ª,2032-07-15,,18.1035,,,0.58,895.82794606,86.92,983.07,2026-10-06
CRA025006NB,CRA,LAR COOPERATIVA AGROINDUSTRIAL,ECO SECURITIZADORA DE DIREITOS CREDITÓRIOS DO AGRONEGÓCIO S.A.,2ª,2032-08-16,,15.4934,,,0.69,977.53819922,96.97,942.76,2026-10-06
CRA025007KE,CRA,Cereal Comércio Exportação e Representação Agropecuária S.A.,ECO SECURITIZADORA DE DIREITOS CREDITÓRIOS DO AGRONEGÓCIO S.A.,2ª,2032-09-15,,16.4108,,14.5287,0.13,944.47141189,93.69,974.96,2026-10-06
CRA025007KK,CRA,ELDORADO BRASIL CELULOSE S.A.,OPEA SECURITIZADORA S/A,1ª,2032-09-15,,14.5403,,,0.73,991.71444149,98.4,1056.17,2026-10-06
CRA025008ND,CRA,São Salvador Alimentos S.A.,ECO SECURITIZADORA DE DIREITOS CREDITÓRIOS DO AGRONEGÓCIO S.A.,2ª,2033-10-15,,15.1798,,,0.77,1025.3928949,96.26,1099.11,2026-10-06
CRA02500A15,CRA,Açucareira Quatá S.A.,ECO SECURITIZADORA DE DIREITOS CREDITÓRIOS DO AGRONEGÓCIO S.A.,1ª,2032-11-15,,15.5442,,14.5866,0.64,1020.46130567,96.7,955.28,2026-10-06
CRA02500AHU,CRA,C. Vale - Cooperativa Agroindustrial,ECO SECURITIZADORA DE DIREITOS CREDITÓRIOS DO AGRONEGÓCIO S.A.,2ª,2030-11-15,,,,,,,,,2026-10-06
CRA02500BVU,CRA,BRF S.A.,ECO SECURITIZADORA DE DIREITOS CREDITÓRIOS DO AGRONEGÓCIO S.A.,2ª,2032-12-15,,17.9272,,,0.5,891.12755775,85.58,1020.05,2026-10-06
CRA02500C1D,CRA,Alibem Alimentos S.A.,ECO SECURITIZADORA DE DIREITOS CREDITÓRIOS DO AGRONEGÓCIO S.A.,1ª,2030-12-18,,,,,,,,,2026-10-06
CRA026001JM,CRA,Lar Cooperativa Agroindustrial,ECO SECURITIZADORA DE DIREITOS CREDITÓRIOS DO AGRONEGÓCIO S.A.,2ª,2033-03-15,,15.8432,,14.4621,0.79,979.82845038,97.17,999.42,2026-10-06
CRA026002BE,CRA,BRF S.A.,ECO SECURITIZADORA DE DIREITOS CREDITÓRIOS DO AGRONEGÓCIO S.A.,2ª,2033-04-15,,17.3361,,15.9905,1.26,942.93024156,89.18,1032.77,2026-10-06
25B0013406,CRI,Direcional,OPEA SECURITIZADORA S/A,1ª,2032-02-16,100% do DI,,,,,,,,2026-10-05
CRA019003V2,CRA,RAÍZEN ENERGIA S.A.,OPEA SECURITIZADORA S/A,1ª,2029-07-16,100% do DI,,,,,449.68470031,44.06,,2026-10-05
CRA024004H7,CRA,SÃO MARTINHO S.A.,RIZA SECURITIZADORA S.A.,3ª,2029-04-12,100% do DI,101.3851,103.11,98.71,1.22,1062.07082509,99.66,524.73,2026-10-05
CRA0250018H,CRA,Marfrig Global Foods S.A,ECO SECURITIZADORA DE DIREITOS CREDITÓRIOS DO AGRONEGÓCIO S.A.,1ª,2030-04-15,100% do DI,,,,,,,,2026-10-05
CRA02500BVT,CRA,BRF S.A.,ECO SECURITIZADORA DE DIREITOS CREDITÓRIOS DO AGRONEGÓCIO S.A.,1ª,2030-06-17,100% do DI,119.1011,,110.8433,0.94,1022.561305,92.03,922.0,2026-10-05
24D2765715,CRI,CYRELA BRAZIL REALTY S.A.,COMPANHIA PROVÍNCIA DE SECURITIZAÇÃO,3ª,2031-04-15,101% do DI,100.1819,102.0733,97.6066,0.65,1068.44002836,100.3,770.04,2026-10-05
CRA023007VD,CRA,ENGELHART CTP,OPEA SECURITIZADORA S/A,1ª,2028-07-05,101% do DI,97.01,98.4575,94.6825,0.34,1041.72488454,100.74,393.83,2026-10-05
25L2997442,CRI,Even Construtora e Incorporadora S/A,VERT COMPANHIA SECURITIZADORA,ª,2032-12-15,"101,5% do DI",,,,,,,,2026-10-05
CRA026002BD,CRA,BRF S.A.,ECO SECURITIZADORA DE DIREITOS CREDITÓRIOS DO AGRONEGÓCIO S.A.,1ª,2030-10-15,"101,5% do DI",,,,,,,,2026-10-05
24D3313768,CRI,CURY CONSTRUTORA E INCORPORADORA S.A.,TRUE SECURITIZADORA S/A,1ª,2027-05-31,102% do DI,99.2705,101.3233,96.8675,0.49,1051.24702747,100.2,152.05,2026-10-05
CRA023003UX,CRA,ENGELHART CTP,OPEA SECURITIZADORA S/A,1ª,2027-03-15,102% do DI,95.2775,97.4,93.625,0.94,1010.90637706,100.36,108.0,2026-10-05
CRA02500669,CRA,BRF S.A,ECO SECURITIZADORA DE DIREITOS CREDITÓRIOS DO AGRONEGÓCIO S.A.,1ª,2029-07-16,102% do DI,,,,,,,,2026-10-05
24F1277566,CRI,DIRECIONAL ENGENHARIA S.A.,OPEA SECURITIZADORA S/A,1ª,2029-07-16,103% do DI,101.2277,103.0533,98.22,0.18,1035.94346751,100.5,589.36,2026-10-05
CRA02300209,CRA,ENGELHART CTP,VERT COMPANHIA SECURITIZADORA,1ª,2027-01-15,103% do DI,,,,,,,,2026-10-05
25G5313879,CRI,MOURA DUBEUX ENGENHARIA S.A.,VERT COMPANHIA SECURITIZADORA,1ª,2030-07-15,"103,75% do DI",106.28,,,1.01,998.43798656,99.11,750.95,2026-10-05
CRA025008N8,CRA,3Tentos,OPEA SECURITIZADORA S/A,1ª,2030-10-15,"103,75% do DI",,,,,,,,2026-10-05
22J0346710,CRI,BANCO BTG PACTUAL S.A.,OPEA SECURITIZADORA S/A,1ª,2027-01-15,104% do DI,,,,,,,,2026-10-05
CRA0240066A,CRA,CAMIL ALIMENTOS S.A.,ECO SECURITIZADORA DE DIREITOS CREDITÓRIOS DO AGRONEGÓCIO S.A.,1ª,2029-06-15,104% do DI,119.8672,,112.5833,10.48,1000.44498215,95.86,563.27,2026-10-05
CRA025006SR,CRA,Boa Safra II,OPEA SECURITIZADORA S/A,1ª,2032-02-16,104% do DI,,,,,,,,2026-10-05
CRA025007KD,CRA,CEREAL COMÉRCIO EXPORTAÇÃO E REPRESENTAÇÃO AGROPECUÁRIA S.A.,ECO SECURITIZADORA DE DIREITOS CREDITÓRIOS DO AGRONEGÓCIO S.A.,1ª,2030-09-16,104% do DI,,,,,,,,2026-10-05
CRA025002S1,CRA,MINERVA S.A.,RIZA SECURITIZADORA S.A.,1ª,2030-04-15,"104,5% do DI",129.8433,,119.9716,1.18,983.79430398,92.15,678.11,2026-10-05
CRA025005V5,CRA,MINERVA S.A.,RIZA SECURITIZADORA S.A.,1ª,2030-07-15,"104,5% do DI",129.7195,,119.97,1.15,943.43797185,91.48,742.98,2026-10-05
24D0006602,CRI,ALLOS S.A.,OPEA SECURITIZADORA S/A,2ª,2029-04-16,105% do DI,99.2636,101.9066,97.1066,0.55,1083.11158917,101.42,523.53,2026-10-05
25E0013305,CRI,JHSF IV,OPEA SECURITIZADORA S/A,2ª,2030-05-15,105% do DI,105.1611,,,0.73,1055.34559264,99.95,708.92,2026-10-05
CRA02300TSB,CRA,BANCO BTG PACTUAL S.A.,OPEA SECURITIZADORA S/A,1ª,2033-12-15,105% do DI,96.4036,,,2.13,1095.94741654,104.97,1194.11,2026-10-05
CRA02400AYL,CRA,MINERVA S.A.,RIZA SECURITIZADORA S.A.,1ª,2029-11-16,105% do DI,126.8015,,118.0414,2.23,989.847312,93.75,624.62,2026-10-05
CRA025008C3,CRA,Neomille S.A.,ECO SECURITIZADORA DE DIREITOS CREDITÓRIOS DO AGRONEGÓCIO S.A.,3ª,2032-12-15,105% do DI,,,,,,,,2026-10-05
CRA02500AC9,CRA,,ECO SECURITIZADORA DE DIREITOS CREDITÓRIOS DO AGRONEGÓCIO S.A.,1ª,2030-11-15,105% do DI,,,,,,,,2026-10-05
CRA02500AHT,CRA,C. Vale - Cooperativa Agroindustrial,ECO SECURITIZADORA DE DIREITOS CREDITÓRIOS DO AGRONEGÓCIO S.A.,1ª,2030-11-15,"105,5% do DI",,,,,,,,2026-10-05
CRA025005EI,CRA,GDM Genética do Brasil S.A.,ECO SECURITIZADORA DE DIREITOS CREDITÓRIOS DO AGRONEGÓCIO S.A.,2ª,2032-07-15,"105,75% do DI",,,,,,,,2026-10-05
23K0018802,CRI,MULTIPLAN EMPREENDIMENTOS IMOBILIÁRIOS S.A.,RIZA SECURITIZADORA S.A.,2ª,2031-01-15,106% do DI,99.1138,101.26,96.96,0.31,1054.41462201,102.19,667.82,2026-10-05
CRA025006NA,CRA,Lar Cooperativa Agroindustrial,ECO SECURITIZADORA DE DIREITOS CREDITÓRIOS DO AGRONEGÓCIO S.A.,1ª,2030-08-15,106% do DI,111.9154,,108.6733,1.56,988.65318403,98.12,678.94,2026-10-05
23K0019201,CRI,DIRECIONAL ENGENHARIA S.A.,TRUE SECURITIZADORA S/A,2ª,2028-11-16,"106,5% do DI",100.19,,,0.8,1071.03717339,101.36,454.68,2026-10-05
CRA026001JL,CRA,Lar Cooperativa Agroindustrial,ECO SECURITIZADORA DE DIREITOS CREDITÓRIOS DO AGRONEGÓCIO S.A.,1ª,2031-03-15,"106,5% do DI",,,,,,,,2026-10-05
25H0243072,CRI,BTSA,RIZA SECURITIZADORA S.A.,2ª,2032-08-16,107% do DI,,,,,,,,2026-10-05
CRA02300NRL,CRA,BANCO BTG PACTUAL S.A.,OPEA SECURITIZADORA S/A,1ª,2033-11-16,107% do DI,97.4544,,,1.02,1113.30365411,105.4,1166.18,2026-10-05
CRA025003UZ,CRA,COOXUPÉ - COOPERATIVA REGIONAL DE,VERT COMPANHIA SECURITIZADORA,2ª,2030-06-17,"107,5% do DI",,,,,,,,2026-10-05
CRA02300CYQ,CRA,BANCO BTG PACTUAL S.A.,OPEA SECURITIZADORA S/A,1ª,2033-07-15,109% do DI,96.3666,,,0.86,1106.10029277,107.11,1153.61,2026-10-05
CRA02300HWH,CRA,BANCO BTG PACTUAL S.A.,OPEA SECURITIZADORA S/A,1ª,2033-09-15,109% do DI,97.9325,100.6233,96.1566,0.71,1072.80037471,106.45,1196.07,2026-10-05
24I1980390,CRI,MRV ENGENHARIA E PARTICIPAÇÕES S.A,OPEA SECURITIZADORA S/A,1ª,2029-10-15,110% do DI,130.6522,,,0.52,1010.44005524,94.33,596.55,2026-10-05
25B3099731,CRI,IGUATEMI PPPH PARTICIPAÇÕES LTDA.,OPEA SECURITIZADORA S/A,1ª,2030-02-18,96% do DI,99.1016,101.8733,96.54,0.99,1006.46694506,98.97,707.03,2026-10-05
25D0012202,CRI,CYRELA BRAZIL REALTY S.A. EMPREENDIMENTOS,COMPANHIA PROVÍNCIA DE SECURITIZAÇÃO,1ª,2029-04-15,96% do DI,99.3833,,,0.33,1052.98902556,99.16,530.13,2026-10-05
25J4546988,CRI,CYRELA BRAZIL REALTY S.A. EMPREENDIMENTOS E,COMPANHIA PROVÍNCIA DE SECURITIZAÇÃO,1ª,2032-11-16,"96,5% do DI",,,,,,,,2026-10-05
25D0012203,CRI,CYRELA BRAZIL REALTY S.A. EMPREENDIMENTOS E PARTICIPAÇÕES,COMPANHIA PROVÍNCIA DE SECURITIZAÇÃO,2ª,2030-04-15,97% do DI,,,,,,,,2026-10-05
26C3164285,CRI,Allos VI,OPEA SECURITIZADORA S/A,1ª,2031-03-12,97% do DI,98.9522,,,0.54,999.45162643,99.2,864.65,2026-10-05
26G0012801,CRI,Cury III,OPEA SECURITIZADORA S/A,1ª,2032-07-06,97% do DI,99.8404,,96.5,1.01,1011.8853478,98.68,985.06,2026-10-05
CRA025003PD,CRA,SÃO MARTINHO S.A.,VERT COMPANHIA SECURITIZADORA,1ª,2032-06-15,97% do DI,105.4879,,102.3366,1.44,998.33558258,95.93,1024.81,2026-10-05
24H1684874,CRI,SOCIEDADE BENEFICENTE ISRAELITA BRASILEIRA HOSPITAL ALBERT EINSTEIN,RIZA SECURITIZADORA S.A.,1ª,2029-08-17,"97,5% do DI",97.8733,100.2566,95.8675,1.03,870.47003141,99.94,365.29,2026-10-05
24D2765586,CRI,CYRELA BRAZIL REALTY S.A.,COMPANHIA PROVÍNCIA DE SECURITIZAÇÃO,1ª,2028-04-15,98% do DI,99.0034,99.8666,96.9425,0.58,708.063169,99.89,230.84,2026-10-05
25G3629974,CRI,PLANO E PLANO II,RIZA SECURITIZADORA S.A.,1ª,2030-07-15,98% do DI,104.89,,104.5,0.27,1004.15487544,97.55,760.86,2026-10-05
25I0014209,CRI,Multiplan,OPEA SECURITIZADORA S/A,1ª,2035-09-19,98% do DI,,,,,,,,2026-10-05
CRA024004H5,CRA,SÃO MARTINHO S.A.,RIZA SECURITIZADORA S.A.,1ª,2027-04-12,98% do DI,98.9988,100.7333,96.2666,1.22,1063.73978732,99.94,119.33,2026-10-05
25G3629975,CRI,PLANO E PLANO II,RIZA SECURITIZADORA S.A.,2ª,2031-07-15,99% do DI,105.1172,,104.5,0.41,1002.83162268,97.4,910.09,2026-10-05
CRA025009Q2,CRA,Jalles Machado S.A.,ECO SECURITIZADORA DE DIREITOS CREDITÓRIOS DO AGRONEGÓCIO S.A.,1ª,2031-10-15,99% do DI,,,,,,,,2026-10-05
24E1393588,CRI,MULTIPLAN EMPREENDIMENTOS IMOBILIÁRIOS S.A.,RIZA SECURITIZADORA S.A.,1ª,2029-05-17,"99,5% do DI",99.0352,101.57,97.1033,0.59,1052.84252729,100.1,455.07,2026-10-05
CRA025008NB,CRA,Bem Brasil Alimentos S.A.,ECO SECURITIZADORA DE DIREITOS CREDITÓRIOS DO AGRONEGÓCIO S.A.,ª,2032-10-15,"DI + 0,33%",,,,,,,,2026-10-05
CRA024009Q2,CRA,MARFRIG GLOBAL FOODS S.A.,ECO SECURITIZADORA DE DIREITOS CREDITÓRIOS DO AGRONEGÓCIO S.A.,1ª,2031-10-15,"DI + 0,35%",2.9919,3.386,2.4916,0.4,971.86046093,91.14,888.47,2026-10-05
22D1289009,CRI,CYRELA BRAZIL REALTY S.A.,OPEA SECURITIZADORA S/A,489ª,2027-06-15,"DI + 0,4%",0.3306,0.552,0.177,0.17,1043.74727172,100.05,163.01,2026-10-05
CRA02400AYN,CRA,MINERVA S.A.,RIZA SECURITIZADORA S.A.,3ª,2031-11-17,"DI + 0,4%",3.6872,,3.4126,0.26,937.97698046,88.92,904.84,2026-10-05
CRA02500003,CRA,BOA SAFRA SEMENTES S.A.,OPEA SECURITIZADORA S/A,2ª,2030-01-15,"DI + 0,4%",2.2543,,2.1293,0.42,981.79777834,95.24,670.15,2026-10-05
CRA0250018J,CRA,MARFRIG GLOBAL FOODS S.A.,ECO SECURITIZADORA DE DIREITOS CREDITÓRIOS DO AGRONEGÓCIO S.A.,3ª,2035-04-16,"DI + 0,4%",3.1069,,2.5446,0.47,943.65965526,88.48,1132.85,2026-10-05
CRA025007PT,CRA,SLC AGRÍCOLA S.A.,OPEA SECURITIZADORA S/A,1ª,2033-09-22,"DI + 0,4%",1.1554,,0.8046,0.28,970.69878426,96.66,1137.61,2026-10-05
CRA025002S2,CRA,MINERVA S.A.,RIZA SECURITIZADORA S.A.,3ª,2032-04-15,"DI + 0,5%",3.7209,,,0.25,947.03436405,88.75,937.14,2026-10-05
23J0019601,CRI,Iguatemi,OPEA SECURITIZADORA S/A,1ª,2028-10-16,"DI + 0,55%",,,,,,,,2026-10-05
23K0018602,CRI,MULTIPLAN EMPREENDIMENTOS IMOBILIÁRIOS S.A.,RIZA SECURITIZADORA S.A.,1ª,2031-01-15,"DI + 0,6%",0.4916,,,0.09,1034.33574361,100.29,666.68,2026-10-05
24B0013201,CRI,SOMA,RIZA SECURITIZADORA S.A.,1ª,2028-02-15,"DI + 0,6%",,,,,,,,2026-10-05
23H1188857,CRI,RAIA DROGASIL S.A.,OPEA SECURITIZADORA S/A,2ª,2027-09-15,"DI + 0,65%",0.1936,0.3693,0.0193,0.29,1011.73869223,100.42,228.13,2026-10-05
CRA02300RS5,CRA,CAMIL ALIMENTOS S.A.,ECO SECURITIZADORA DE DIREITOS CREDITÓRIOS DO AGRONEGÓCIO S.A.,1ª,2028-11-16,"DI + 0,65%",4.0505,4.5426,3.4285,0.36,994.55943631,94.2,451.64,2026-10-05
22C0023008,CRI,RAIA DROGASIL S.A.,OPEA SECURITIZADORA S/A,495ª,2027-03-08,"DI + 0,7%",0.2083,0.376,0.026,0.28,506.17834871,100.2,103.0,2026-10-05
23K0018401,CRI,DIRECIONAL ENGENHARIA S.A.,OPEA SECURITIZADORA S/A,1ª,2028-11-16,"DI + 0,7%",,,,,,,,2026-10-05
CRA02300GCY,CRA,IPIRANGA PRODUTOS DE PETRÓLEO S.A.,VERT COMPANHIA SECURITIZADORA,2ª,2027-07-16,"DI + 0,7%",0.2293,,,0.51,1034.4630634,100.34,182.04,2026-10-05
CRA025005V6,CRA,MINERVA S.A.,RIZA SECURITIZADORA S.A.,2ª,2033-07-15,"DI + 0,7%",3.6932,,2.8254,0.28,911.05132127,88.32,1050.74,2026-10-05
22E1325261,CRI,HYPERA S.A.,OPEA SECURITIZADORA S/A,1ª,2027-08-16,"DI + 0,75%",0.5099,0.6776,0.2943,0.09,1020.67650782,100.2,207.05,2026-10-05
22F0230096,CRI,RAIA DROGASIL S.A.,OPEA SECURITIZADORA S/A,1ª,2029-06-26,"DI + 0,75%",0.2522,0.4093,0.076,0.25,1048.99894025,100.95,479.05,2026-10-05
22K0934871,CRI,BCBF PARTICIPAÇÕES S.A.,RIZA SECURITIZADORA S.A.,1ª,2027-12-15,"DI + 0,75%",14.8383,,11.7072,3.24,906.34609904,86.78,271.7,2026-10-05
22I0970801,CRI,NATURA COSMÉTICOS S.A.,RIZA SECURITIZADORA S.A.,1ª,2027-09-15,"DI + 0,8%",0.4018,0.6182,0.2557,0.08,1011.23658162,100.36,228.05,2026-10-05
22J0305579,CRI,DIAGNÓSTICOS DA AMÉRICA S.A.,VERT COMPANHIA SECURITIZADORA,1ª,2027-10-15,"DI + 0,8%",4.9406,,3.4938,0.33,1029.63947879,96.36,231.98,2026-10-05
CRA02300JG2,CRA,JBS S.A.,RIZA SECURITIZADORA S.A.,2ª,2028-09-15,"DI + 0,8%",0.5145,0.6243,0.2576,0.08,1012.7069289,100.5,443.23,2026-10-05
CRA02300NRM,CRA,BANCO BTG PACTUAL S.A.,OPEA SECURITIZADORA S/A,2ª,2033-11-16,"DI + 0,8%",-0.073,,,0.46,1098.77788732,104.07,1163.3,2026-10-05
CRA0240066F,CRA,BRF S.A.,ECO SECURITIZADORA DE DIREITOS CREDITÓRIOS DO AGRONEGÓCIO S.A.,1ª,2029-06-15,"DI + 0,8%",3.3815,,2.6726,0.23,987.2784147,94.52,559.88,2026-10-05
22E1315701,CRI,EVEN CONSTRUTORA E INCORPORADORA S.A.,OPEA SECURITIZADORA S/A,1ª,2028-09-18,"DI + 0,9%",1.2239,,,0.08,964.04936797,99.71,226.31,2026-10-05
23J1142031,CRI,YDUQS PARTICIPAÇÕES S.A.,OPEA SECURITIZADORA S/A,2ª,2028-10-13,"DI + 0,9%",1.0416,,,0.27,1067.10290519,99.82,331.84,2026-10-05
CRA022008NC,CRA,SOROCABA REFRESCOS S.A.,ECO SECURITIZADORA DE DIREITOS CREDITÓRIOS DO AGRONEGÓCIO S.A.,1ª,2029-08-15,"DI + 0,9%",,,,,,,,2026-10-05
CRA023000GP,CRA,"VAMOS LOCAÇÃO DE CAMINHÕES, MÁQUINAS E EQUIPAMENTOS S.A.",ECO SECURITIZADORA DE DIREITOS CREDITÓRIOS DO AGRONEGÓCIO S.A.,1ª,2028-01-17,"DI + 0,9%",4.1153,4.8336,3.25,0.07,994.60521823,96.37,296.44,2026-10-05
CRA024007K9,CRA,COOXUPÉ - COOPERATIVA REGIONAL DE CAFEICULTORES EM GUAXUPÉ LTDA.,VERT COMPANHIA SECURITIZADORA,1ª,2029-07-16,"DI + 0,9%",1.433,,,0.11,1021.47386895,98.98,491.37,2026-10-05
22F0315398,CRI,LOCALIZA RENT A CAR S.A.,RIZA SECURITIZADORA S.A.,1ª,2027-06-07,"DI + 0,95%",0.5078,0.6326,0.266,0.24,1051.45507498,100.27,156.69,2026-10-05
CRA024002MJ,CRA,MARFRIG GLOBAL FOODS S.A.,ECO SECURITIZADORA DE DIREITOS CREDITÓRIOS DO AGRONEGÓCIO S.A.,1ª,2029-03-15,"DI + 0,95%",3.3026,3.326,2.6426,0.28,959.57711566,95.23,534.26,2026-10-05
23H0027402,CRI,REDE D'OR SÃO LUIZ S.A.,OPEA SECURITIZADORA S/A,1ª,2028-08-15,DI + 1%,0.1374,0.472,0.097,0.12,1033.67149373,101.44,420.89,2026-10-05
CRA022006HJ,CRA,SÃO SALVADOR ALIMENTOS S.A.,ECO SECURITIZADORA DE DIREITOS CREDITÓRIOS DO AGRONEGÓCIO S.A.,1ª,2027-07-15,DI + 1%,,,,,,,,2026-10-05
CRA022008C9,CRA,COMPANHIA DE LOCAÇÃO DAS AMÉRICAS,ECO SECURITIZADORA DE DIREITOS CREDITÓRIOS DO AGRONEGÓCIO S.A.,2ª,2028-09-15,DI + 1%,0.7284,0.916,0.4413,0.16,1012.50846635,100.48,442.6,2026-10-05
CRA022008CB,CRA,JALLES MACHADO S.A.,ECO SECURITIZADORA DE DIREITOS CREDITÓRIOS DO AGRONEGÓCIO S.A.,1ª,2032-08-09,DI + 1%,1.511,,1.4,0.33,991.31327134,98.1,956.11,2026-10-05
23H1191899,CRI,RAIA DROGASIL S.A.,OPEA SECURITIZADORA S/A,3ª,2030-09-16,"DI + 1,1%",0.3777,0.5666,0.2666,0.23,1028.44040174,102.05,712.35,2026-10-05
CRA024002S1,CRA,MINERVA S.A.,RIZA SECURITIZADORA S.A.,1ª,2029-03-15,"DI + 1,1%",3.1865,,2.3613,1.26,965.06406123,95.76,533.72,2026-10-05
CRA02400AHV,CRA,CEREAL COMÉRCIO EXPORTAÇÃO E REPRESENTAÇÃO AGROPECUÁRIA S.A.,RIZA SECURITIZADORA S.A.,1ª,2029-11-16,"DI + 1,1%",1.8748,,,0.44,1037.87151396,98.12,621.73,2026-10-05
23F2455020,CRI,Assai,TRUE SECURITIZADORA S/A,3ª,2028-07-15,"DI + 1,15%",,,,,,,,2026-10-05
CRA023000MC,CRA,"VAMOS LOCAÇÃO DE CAMINHÕES, MÁQUINAS E EQUIPAMENTOS S.A.",ECO SECURITIZADORA DE DIREITOS CREDITÓRIOS DO AGRONEGÓCIO S.A.,2ª,2030-01-15,"DI + 1,2%",5.0852,5.6196,4.0,0.06,1447.46056794,88.51,817.0,2026-10-05
CRA024001P7,CRA,JSL S.A.,ECO SECURITIZADORA DE DIREITOS CREDITÓRIOS DO AGRONEGÓCIO S.A.,3ª,2031-02-17,"DI + 1,2%",4.9897,5.6076,4.1666,0.07,923.38797864,90.6,670.61,2026-10-05
CRA024007Q4,CRA,SLC MÁQUINAS LTDA.,OPEA SECURITIZADORA S/A,2ª,2031-08-15,"DI + 1,2%",1.4042,,,0.45,1013.78852542,99.46,676.18,2026-10-05
23C0247388,CRI,LOCALIZA RENT A CAR S.A.,RIZA SECURITIZADORA S.A.,1ª,2028-03-10,"DI + 1,25%",0.5416,,,0.21,1019.00572168,100.94,334.36,2026-10-05
23G0009601,CRI,DIMED S.A.,OPEA SECURITIZADORA S/A,1ª,2028-07-27,"DI + 1,3%",,,,,,,,2026-10-05
23C0247702,CRI,LOCALIZA RENT A CAR S.A.,RIZA SECURITIZADORA S.A.,2ª,2030-03-11,"DI + 1,4%",0.3662,,,0.09,1039.03166232,102.91,706.41,2026-10-05
CRA022008NF,CRA,IRANI PAPEL E EMBALAGEM S.A.,ECO SECURITIZADORA DE DIREITOS CREDITÓRIOS DO AGRONEGÓCIO S.A.,1ª,2027-08-16,"DI + 1,4%",1.0009,1.1826,0.6493,0.01,1022.86486823,100.33,206.69,2026-10-05
CRA023002GX,CRA,INTEGRADA COOPERATIVA AGROINDUSTRIAL,ECO SECURITIZADORA DE DIREITOS CREDITÓRIOS DO AGRONEGÓCIO S.A.,1ª,2028-05-15,"DI + 1,4%",,,,,,,,2026-10-05
23J1127308,CRI,MOVIDA PARTICIPAÇÕES S.A.,OPEA SECURITIZADORA S/A,1ª,2028-10-16,"DI + 1,45%",4.6732,5.0,,0.44,1016.39130032,94.83,426.3,2026-10-05
22C1235206,CRI,HAVAN S.A.,OPEA SECURITIZADORA S/A,463ª,2027-04-27,"DI + 1,5%",0.6903,0.8276,0.461,0.2,1007.63327185,100.42,132.26,2026-10-05
23I1257218,CRI,JSL S.A.,OPEA SECURITIZADORA S/A,2ª,2030-09-16,"DI + 1,5%",,,,,,,,2026-10-05
CRA0220080Y,CRA,NEOMILLE S.A.,ECO SECURITIZADORA DE DIREITOS CREDITÓRIOS DO AGRONEGÓCIO S.A.,1ª,2028-04-03,"DI + 1,5%",1.8725,,,0.29,429.96821947,99.67,229.99,2026-10-05
CRA02300G7E,CRA,MARFRIG GLOBAL FOODS S.A.,ECO SECURITIZADORA DE DIREITOS CREDITÓRIOS DO AGRONEGÓCIO S.A.,2ª,2028-08-15,"DI + 1,5%",3.2378,3.456,2.7726,0.42,991.32900322,97.22,418.11,2026-10-05
CRA02300MJ9,CRA,MINERVA S.A.,RIZA SECURITIZADORA S.A.,1ª,2028-09-15,"DI + 1,5%",2.3112,,1.566,1.25,994.0965554,98.62,440.5,2026-10-05
CRA024003UY,CRA,LAR COOPERATIVA AGROINDUSTRIAL,ECO SECURITIZADORA DE DIREITOS CREDITÓRIOS DO AGRONEGÓCIO S.A.,2ª,2029-04-16,"DI + 1,55%",1.6999,,,0.25,1005.44156299,99.74,439.16,2026-10-05
CRA0240020A,CRA,VICUNHA TÊXTIL S.A.,RIZA SECURITIZADORA S.A.,1ª,2029-02-15,"DI + 1,6%",,,,,,,,2026-10-05
CRA0240099E,CRA,VALE DO TIJUCO AÇÚCAR E ÁLCOOL S.A.,ECO SECURITIZADORA DE DIREITOS CREDITÓRIOS DO AGRONEGÓCIO S.A.,1ª,2034-10-16,"DI + 1,6%",2.7571,,2.4416,0.72,1026.54884606,95.71,967.29,2026-10-05
CRA025009KJ,CRA,Salton,OPEA SECURITIZADORA S/A,1ª,2031-12-09,"DI + 1,6%",,,,,,,,2026-10-05
24A2720884,CRI,DIAGNÓSTICAS DA AMÉRICA S.A.,VERT COMPANHIA SECURITIZADORA,1ª,2029-01-15,"DI + 1,63%",4.7165,,,0.54,975.42278817,94.36,487.66,2026-10-05
22L1465644,CRI,ÂNIMA HOLDING S.A.,RIZA SECURITIZADORA S.A.,1ª,2027-12-15,"DI + 1,65%",2.5837,3.0,1.75,0.33,998.11431758,99.01,274.11,2026-10-05
CRA0230073L,CRA,J. MACÊDO S.A.,RIZA SECURITIZADORA S.A.,1ª,2028-04-17,"DI + 1,65%",,,,,,,,2026-10-05
23F0012002,CRI,LOG COMMERCIAL PROPERTIES E PARTICIPAÇÕES S.A.,OPEA SECURITIZADORA S/A,1ª,2028-06-26,"DI + 1,7%",1.0424,,,0.17,673.46374565,100.73,281.7,2026-10-05
23L2043099,CRI,Unidas,OPEA SECURITIZADORA S/A,1ª,2028-12-15,"DI + 1,7%",,,,,,,,2026-10-05
CRA02300VBT,CRA,UNIDAS LOCAÇÕES E SERVIÇOS S.A.,OPEA SECURITIZADORA S/A,1ª,2028-12-15,"DI + 1,7%",1.1927,,,0.41,1057.31664953,100.94,470.46,2026-10-05
CRA022008NH,CRA,IRANI PAPEL E EMBALAGEM S.A.,ECO SECURITIZADORA DE DIREITOS CREDITÓRIOS DO AGRONEGÓCIO S.A.,2ª,2029-08-15,"DI + 1,75%",0.888,0.9626,0.6126,0.19,1037.77087198,101.74,511.15,2026-10-05
CRA0230012X,CRA,VALE DO PONTAL AÇÚCAR E ETANOL S.A.,ECO SECURITIZADORA DE DIREITOS CREDITÓRIOS DO AGRONEGÓCIO S.A.,1ª,2031-02-17,"DI + 1,8%",,,,,,,,2026-10-05
CRA0240005N,CRA,CEREAL COMÉRCIO EXPORTAÇÃO E REPRESENTAÇÃO AGROPECUÁRIA S.A.,RIZA SECURITIZADORA S.A.,1ª,2029-01-15,"DI + 1,8%",1.7532,,,0.16,1034.69818016,100.05,284.81,2026-10-05
24K0003002,CRI,PATRIMAR ENGENHARIA S.A.,RIZA SECURITIZADORA S.A.,1ª,2029-11-23,"DI + 1,95%",4.9272,5.3526,4.8026,1.65,995.30379236,94.08,531.57,2026-10-05
CRA02300Q8I,CRA,CAPAL COOPERATIVA AGROINDUSTRIAL,OPEA SECURITIZADORA S/A,1ª,2029-05-17,"DI + 1,95%",,,,,,,,2026-10-05
23H1023846,CRI,BR PROPERTIES S.A.,OPEA SECURITIZADORA S/A,1ª,2031-08-15,DI + 2%,,,,,,,,2026-10-05
23J1333602,CRI,PATRIMAR ENGENHARIA S.A.,RIZA SECURITIZADORA S.A.,1ª,2028-10-20,DI + 2%,,,,,,,,2026-10-05
CRA022001P6,CRA,USINA BATATAIS S.A.,RIZA SECURITIZADORA S.A.,1ª,2028-04-20,DI + 2%,,,,,,,,2026-10-05
CRA022008C2,CRA,VICUNHA TÊXTIL S.A.,RIZA SECURITIZADORA S.A.,2ª,2027-08-16,DI + 2%,,,,,,,,2026-10-05
CRA02300S8P,CRA,FS INDÚSTRIA DE BIOCOMBUSTÍVEIS LTDA.,ECO SECURITIZADORA DE DIREITOS CREDITÓRIOS DO AGRONEGÓCIO S.A.,2ª,2030-06-17,DI + 2%,4.1587,4.4226,3.6454,0.39,949.93301497,94.21,713.46,2026-10-05
CRA024000B7,CRA,FS INDÚSTRIA DE BIOCOMBUSTÍVEIS LTDA.,ECO SECURITIZADORA DE DIREITOS CREDITÓRIOS DO AGRONEGÓCIO S.A.,2ª,2030-07-15,DI + 2%,4.1229,4.753,3.503,0.12,949.99176063,94.22,724.54,2026-10-05
CRA02300BQD,CRA,GJA INDÚSTRIAS S.A.,RIZA SECURITIZADORA S.A.,1ª,2029-07-16,"DI + 2,25%",,,,,,,,2026-10-05
CRA025000MJ,CRA,Integrada Cooperativa Agroindustrial,ECO SECURITIZADORA DE DIREITOS CREDITÓRIOS DO AGRONEGÓCIO S.A.,2ª,2029-05-15,"DI + 2,35%",,,,,,,,2026-10-05
22L1212138,CRI,LAR COOPERATIVA AGROINDUSTRIAL,HABITASEC SECURITIZADORA S.A.,2ª,2034-12-19,"DI + 2,45%",,,,,,,,2026-10-05
CRA02300KZL,CRA,FLORA PRODUTOS DE HIGIENE E LIMPEZA S.A.,OPEA SECURITIZADORA S/A,1ª,2029-10-15,"DI + 2,5%",,,,,,,,2026-10-05
CRA02300795,CRA,FS INDÚSTRIA DE BIOCOMBUSTÍVEIS LTDA.,ECO SECURITIZADORA DE DIREITOS CREDITÓRIOS DO AGRONEGÓCIO S.A.,1ª,2029-10-15,"DI + 2,9%",4.16,4.8213,3.4897,0.17,979.59585936,97.11,606.28,2026-10-05
CRA02300CCH,CRA,FS INDÚSTRIA DE BIOCOMBUSTÍVEIS LTDA.,ECO SECURITIZADORA DE DIREITOS CREDITÓRIOS DO AGRONEGÓCIO S.A.,1ª,2029-12-17,"DI + 2,9%",4.1487,4.754,3.5975,0.13,978.61440823,97.01,632.5,2026-10-05
CRA0250040I,CRA,Natural One S.A,ECO SECURITIZADORA DE DIREITOS CREDITÓRIOS DO AGRONEGÓCIO S.A.,1ª,2029-06-15,"DI + 2,9%",,,,,,,,2026-10-05
CRA0220099D,CRA,CENTRAL CRESOL BASER,ECO SECURITIZADORA DE DIREITOS CREDITÓRIOS DO AGRONEGÓCIO S.A.,1ª,2027-12-15,"DI + 2,95%",,,,,,,,2026-10-05
CRA023003JX,CRA,OLFAR S.A.,RIZA SECURITIZADORA S.A.,1ª,2029-03-15,DI + 3%,2.1691,,,0.09,727.95789468,101.02,317.09,2026-10-05
CRA0240086H,CRA,DISTRIBUIDORA DE PRODUTOS DE PETRÓLEO CHARRUA LTDA.,OPEA SECURITIZADORA S/A,1ª,2029-08-23,DI + 3%,3.3562,,3.2704,0.15,998.03874429,99.31,508.07,2026-10-05
CRA0250012Y,CRA,FS FLORESTAL S.A.,ECO SECURITIZADORA DE DIREITOS CREDITÓRIOS DO AGRONEGÓCIO S.A.,2ª,2031-03-17,DI + 3%,4.1762,,3.508,0.48,972.71190841,96.42,805.73,2026-10-05
CRA022000RU,CRA,MADERO INDÚSTRIA E COMÉRCIO S.A.,ECO SECURITIZADORA DE DIREITOS CREDITÓRIOS DO AGRONEGÓCIO S.A.,2ª,2027-03-15,"DI + 3,5%",3.3096,,,0.19,140.86181072,100.04,56.47,2026-10-05
CRA024002MM,CRA,USINA SANTA FÉ S.A.,ECO SECURITIZADORA DE DIREITOS CREDITÓRIOS DO AGRONEGÓCIO S.A.,1ª,2029-12-17,DI + 4%,,,,,,,,2026-10-05
CRA02400ECU,CRA,USINA CORURIPE AÇÚCAR E ÁLCOOL S.A.,ECO SECURITIZADORA DE DIREITOS CREDITÓRIOS DO AGRONEGÓCIO S.A.,5ª,2030-11-25,"DI + 4,1%",4.5616,4.9343,4.501,0.32,5001.47859467,99.25,428.07,2026-10-05
CRA023001JL,CRA,PISANI PLÁSTICOS S.A.,ECO SECURITIZADORA DE DIREITOS CREDITÓRIOS DO AGRONEGÓCIO S.A.,1ª,2029-02-20,DI + 5%,,,,,,,,2026-10-05
CRA02300KOH,CRA,TECSOIL AUTOMAÇÃO E SISTEMAS S.A.,OPEA SECURITIZADORA S/A,1ª,2028-10-16,"DI + 5,5%",3.1128,3.95,2.25,0.0,716.22661693,102.1,229.85,2026-10-05
CRA02300JR6,CRA,RAÍZEN ENERGIA S.A.,TRUE SECURITIZADORA S/A,2ª,2033-10-17,IPCA + 0%,,,,,483.45239688,42.51,,2026-10-05
CRA019003JY,CRA,KLABIN S.A.,VERT COMPANHIA SECURITIZADORA,1ª,2029-06-15,"IPCA + 3,5%",7.0441,7.1693,6.7589,0.02,1407.33853337,94.69,405.62,2026-10-05
CRA019003V3,CRA,RAÍZEN ENERGIA S.A.,OPEA SECURITIZADORA S/A,2ª,2029-07-16,"IPCA + 3,602%",,,,,690.79353305,47.16,,2026-10-05
CRA021000MG,CRA,M. DIAS BRANCO S.A. INDÚSTRIA E COMÉRCIO DE ALIMENTOS,RIZA SECURITIZADORA S.A.,1ª,2028-03-15,"IPCA + 3,7992%",7.7634,7.8104,7.2197,0.54,1299.61097429,94.87,353.96,2026-10-05
CRA021000MH,CRA,M. DIAS BRANCO S.A. INDÚSTRIA E COMÉRCIO DE ALIMENTOS,RIZA SECURITIZADORA S.A.,2ª,2031-03-15,"IPCA + 4,1369%",8.0534,,7.5567,0.45,1218.38415927,88.92,796.66,2026-10-05
CRA02100002,CRA,COCAL COMÉRCIO INDÚSTRIA CANAÃ AÇÚCAR E ÁLCOOL LTDA.,RIZA SECURITIZADORA S.A.,2ª,2028-02-15,"IPCA + 4,2095%",,,,,,,,2026-10-05
CRA021000MB,CRA,COLOMBO AGROINDÚSTRIA S.A.,ECO SECURITIZADORA DE DIREITOS CREDITÓRIOS DO AGRONEGÓCIO S.A.,1ª,2027-03-15,"IPCA + 4,4474%",,,,,,,,2026-10-05
CRA021001PQ,CRA,MARFRIG GLOBAL FOODS S.A.,OPEA SECURITIZADORA S/A,1ª,2028-07-15,"IPCA + 4,5%",12.3507,12.4743,11.8329,0.34,1178.32940697,88.42,427.57,2026-10-05
CRA019001E7,CRA,KLABIN S.A.,VERT COMPANHIA SECURITIZADORA,2ª,2029-03-15,"IPCA + 4,5081%",6.9657,7.146,6.7268,0.24,1467.46221677,96.88,341.39,2026-10-05
CRA021001VA,CRA,MARFRIG GLOBAL FOODS S.A.,OPEA SECURITIZADORA S/A,2ª,2031-07-15,"IPCA + 4,6%",11.9268,12.0513,10.2448,1.27,1059.48440943,79.48,844.19,2026-10-05
21G0065100,CRI,ALIANSCE SONAE SHOPPING CENTERS S.A.,RB CAPITAL INVESTIMENTOS DTVM LTDA,347ª,2028-07-17,"IPCA + 4,6197%",7.6751,,7.2939,0.26,1266.86485081,95.24,426.88,2026-10-05
CRA0210013B,CRA,BRF S.A.,VERT COMPANHIA SECURITIZADORA,1ª,2031-05-15,"IPCA + 4,7843%",11.344,11.8375,10.3321,1.32,1068.44310924,78.24,1007.25,2026-10-05
CRA021001KB,CRA,COMPANHIA DE LOCAÇÃO DAS AMÉRICAS,ECO SECURITIZADORA DE DIREITOS CREDITÓRIOS DO AGRONEGÓCIO S.A.,1ª,2031-07-15,"IPCA + 4,825%",7.8506,7.9736,7.4861,0.57,1216.37873381,90.77,852.86,2026-10-05
CRA021002SO,CRA,IPIRANGA PRODUTOS DE PETRÓLEO S.A.,VERT COMPANHIA SECURITIZADORA,1ª,2028-09-15,"IPCA + 4,8287%",7.6517,8.0492,7.3203,0.45,1244.65883947,95.16,470.28,2026-10-05
21D0737500,CRI,DIRECIONAL ENGENHARIA S.A.,OPEA SECURITIZADORA S/A,371ª,2028-04-17,"IPCA + 4,8444%",7.4216,7.8567,7.2497,0.3,881.30498779,97.64,247.27,2026-10-05
21D0862572,CRI,REDE D'OR SÃO LUIZ S.A.,OPEA SECURITIZADORA S/A,324ª,2036-05-15,"IPCA + 4,9347%",7.8494,,7.4111,0.23,1139.0238156,82.9,1697.78,2026-10-05
21H1078699,CRI,SENDAS DISTRIBUIDORA S.A.,OPEA SECURITIZADORA S/A,428ª,2028-10-16,"IPCA + 5,1531%",10.7004,10.8306,9.6336,0.43,1193.64081962,90.73,475.56,2026-10-05
21H1078700,CRI,SENDAS DISTRIBUIDORA S.A.,OPEA SECURITIZADORA S/A,429ª,2031-10-15,"IPCA + 5,2662%",11.4443,11.6322,11.0721,0.24,1077.2572888,81.84,873.57,2026-10-05
CRA020002GZ,CRA,BRF S.A.,VERT COMPANHIA SECURITIZADORA,1ª,2027-07-15,"IPCA + 5,3%",10.5245,11.2986,,0.76,1404.51385017,96.42,189.76,2026-10-05
21D0694886,CRI,CONSTRUTORA TENDA S.A.,OPEA SECURITIZADORA S/A,378ª,2028-04-17,"IPCA + 5,3621%",9.2717,,,0.74,890.72761797,96.53,242.97,2026-10-05
CRA021002NF,CRA,PETROBRAS DISTRIBUIDORA S.A.,RIZA SECURITIZADORA S.A.,1ª,2031-09-15,"IPCA + 5,3995%",8.3491,,7.8823,0.32,1185.54900514,90.56,901.02,2026-10-05
CRA020001P7,CRA,RAÍZEN ENERGIA S.A.,OPEA SECURITIZADORA S/A,1ª,2027-06-15,"IPCA + 5,4%",,,,,655.300141,46.05,,2026-10-05
CRA021000RX,CRA,MINERVA S.A.,RIZA SECURITIZADORA S.A.,1ª,2028-04-17,"IPCA + 5,5034%",12.3152,,10.36,0.2,1266.60291377,91.39,362.14,2026-10-05
21I0278118,CRI,LOG COMMERCIAL PROPERTIES E PARTICIPAÇÕES S.A.,RIZA SECURITIZADORA S.A.,362ª,2028-09-15,"IPCA + 5,5212%",10.8579,,,1.31,611.86313085,93.4,347.3,2026-10-05
21K0001806,CRI,REDE D'OR SÃO LUIZ S.A.,OPEA SECURITIZADORA S/A,396ª,2031-12-15,"IPCA + 5,5758%",7.9823,8.0533,7.738,0.04,1186.04477851,92.04,923.25,2026-10-05
CRA021000RY,CRA,MINERVA S.A.,RIZA SECURITIZADORA S.A.,39ª,2031-04-15,"IPCA + 5,578%",11.1088,,9.8505,1.4,1183.86162063,85.39,771.19,2026-10-05
CRA020002H1,CRA,BRF S.A.,VERT COMPANHIA SECURITIZADORA,2ª,2030-07-15,"IPCA + 5,6%",11.4069,12.0939,10.4156,0.67,1273.6716944,87.38,629.18,2026-10-05
CRA022002Y1,CRA,NORSA REFRIGERANTES S.A.,RIZA SECURITIZADORA S.A.,1ª,2027-03-15,"IPCA + 5,685%",,,,,,,,2026-10-05
CRA020003PY,CRA,"VAMOS LOCAÇÃO DE CAMINHÕES, MÁQUINAS E EQUIPAMENTOS S.A.",ECO SECURITIZADORA DE DIREITOS CREDITÓRIOS DO AGRONEGÓCIO S.A.,1ª,2030-11-18,"IPCA + 5,7315%",12.3908,13.0367,11.1704,0.02,1213.1259201,84.44,689.64,2026-10-05
21K0001812,CRI,ULTRA SOM SERVIÇOS MÉDICOS S.A.,RIZA SECURITIZADORA S.A.,378ª,2031-12-15,"IPCA + 5,7505%",19.8293,22.6566,17.3943,0.16,781.29488612,60.89,968.69,2026-10-05
CRA021002YA,CRA,CARAMURU ALIMENTOS S.A.,ECO SECURITIZADORA DE DIREITOS CREDITÓRIOS DO AGRONEGÓCIO S.A.,1ª,2027-09-15,"IPCA + 5,7641%",,,,,,,,2026-10-05
CRA020001P8,CRA,RAÍZEN ENERGIA S.A.,TRUE SECURITIZADORA S/A,2ª,2030-06-17,"IPCA + 5,8%",,,,,666.5614042,46.8,,2026-10-05
22D1289007,CRI,REDE D'OR SÃO LUIZ S.A.,OPEA SECURITIZADORA S/A,508ª,2029-06-15,"IPCA + 5,83%",7.7459,,7.2975,0.21,1164.10420384,95.67,620.29,2026-10-05
22D1289010,CRI,CYRELA BRAZIL REALTY S.A.,OPEA SECURITIZADORA S/A,490ª,2027-06-15,"IPCA + 5,9068%",6.9377,,6.5971,0.77,1230.31366821,99.36,167.48,2026-10-05
CRA022002Y2,CRA,NORSA REFRIGERANTES S.A.,RIZA SECURITIZADORA S.A.,2ª,2029-03-15,"IPCA + 5,9169%",8.0716,8.4554,7.4291,0.37,1173.43262085,96.37,461.25,2026-10-05
CRA022006N5,CRA,IPIRANGA PRODUTOS DE PETRÓLEO S.A.,VERT COMPANHIA SECURITIZADORA,1ª,2032-06-15,"IPCA + 6,0053%",7.6654,7.8998,7.2079,0.44,1141.58708784,93.93,1011.5,2026-10-05
22D1289008,CRI,REDE D'OR SÃO LUIZ S.A.,OPEA SECURITIZADORA S/A,509ª,2032-06-15,"IPCA + 6,01%",,,,,,,,2026-10-05
CRA022002Y3,CRA,NORSA REFRIGERANTES S.A.,RIZA SECURITIZADORA S.A.,3ª,2032-03-15,"IPCA + 6,0392%",8.0566,,7.5907,0.62,1131.47476691,92.92,977.49,2026-10-05
21K0001807,CRI,REDE D'OR SÃO LUIZ S.A.,OPEA SECURITIZADORA S/A,397ª,2036-12-15,"IPCA + 6,1017%",7.9991,8.0782,7.4505,0.02,1141.38251577,88.43,1726.07,2026-10-05
22K0001201,CRI,PETRÓLEO BRASILEIRO S.A. - PETROBRAS,OPEA SECURITIZADORA S/A,1ª,2030-04-15,"IPCA + 6,2%",6.7426,6.9311,6.5332,0.26,1211.76711294,98.4,794.88,2026-10-05
23H0027403,CRI,REDE D'OR SÃO LUIZ S.A.,OPEA SECURITIZADORA S/A,2ª,2030-08-15,"IPCA + 6,2%",7.9712,8.0856,7.6631,0.22,1094.77974272,94.48,863.84,2026-10-05
CRA022006MY,CRA,Dexco S.A.,ECO SECURITIZADORA DE DIREITOS CREDITÓRIOS DO AGRONEGÓCIO S.A.,2ª,2032-06-15,"IPCA + 6,2%",,,,,,,,2026-10-05
22K0001203,CRI,PETRÓLEO BRASILEIRO S.A. - PETROBRAS,OPEA SECURITIZADORA S/A,2ª,2032-11-16,"IPCA + 6,25%",6.8253,7.0065,,0.36,1228.64988468,97.36,1246.64,2026-10-05
22E1325262,CRI,HYPERA S.A.,OPEA SECURITIZADORA S/A,2ª,2029-08-15,"IPCA + 6,279%",8.3348,8.7402,7.7974,0.34,1145.84596057,95.1,659.82,2026-10-05
CRA021002YF,CRA,J. MACÊDO S.A.,ECO SECURITIZADORA DE DIREITOS CREDITÓRIOS DO AGRONEGÓCIO S.A.,1ª,2026-11-16,"IPCA + 6,3071%",,,,,,,,2026-10-05
CRA02300S35,CRA,CAMIL ALIMENTOS S.A.,ECO SECURITIZADORA DE DIREITOS CREDITÓRIOS DO AGRONEGÓCIO S.A.,2ª,2030-11-18,"IPCA + 6,3416%",12.0656,12.4074,11.0392,0.87,989.86908848,84.74,788.58,2026-10-05
22C1362141,CRI,MATEUS SUPERMERCADOS S.A.,OPEA SECURITIZADORA S/A,1ª,2034-07-17,"IPCA + 6,3423%",9.8291,,9.5255,0.41,841.03850237,90.06,798.07,2026-10-05
22B0004808,CRI,CSN CIMENTOS S.A.,RIZA SECURITIZADORA S.A.,417ª,2032-02-16,"IPCA + 6,3893%",16.6018,19.5626,12.1703,0.09,887.43603867,71.04,919.18,2026-10-05
CRA022008N6,CRA,JBS S.A.,RIZA SECURITIZADORA S.A.,2ª,2032-09-15,"IPCA + 6,3919%",8.5297,,,0.41,1109.17066549,91.9,1065.02,2026-10-05
22K0001204,CRI,PETRÓLEO BRASILEIRO S.A. - PETROBRAS,OPEA SECURITIZADORA S/A,3ª,2037-11-16,"IPCA + 6,4%",,,,,,,,2026-10-05
24B0013203,CRI,CIDADE MARAVILHOSA INDÚSTRIA E COMÉRCIO DE ROUPAS S.A.,RIZA SECURITIZADORA S.A.,3ª,2030-02-15,"IPCA + 6,4%",12.1286,,10.4938,0.85,987.19675423,87.26,650.99,2026-10-05
CRA02300CYS,CRA,BANCO BTG PACTUAL S.A.,OPEA SECURITIZADORA S/A,3ª,2033-07-15,"IPCA + 6,4338%",,,,,,,,2026-10-05
22E1325264,CRI,HYPERA S.A.,OPEA SECURITIZADORA S/A,3ª,2032-08-16,"IPCA + 6,4451%",8.4672,8.623,8.1711,0.35,1114.36860664,92.47,1043.38,2026-10-05
CRA024001P6,CRA,JSL S.A.,ECO SECURITIZADORA DE DIREITOS CREDITÓRIOS DO AGRONEGÓCIO S.A.,2ª,2031-02-17,"IPCA + 6,4527%",13.0317,13.5671,11.5643,0.78,947.2171592,83.62,743.08,2026-10-05
22E1095384,CRI,MRV ENGENHARIA E PARTICIPAÇÕES S.A.,OPEA SECURITIZADORA S/A,1ª,2030-09-16,"IPCA + 6,4802%",12.1231,,,0.28,1041.53220269,87.15,665.57,2026-10-05
21J0001208,CRI,TENDA ATACADO S.A.,RIZA SECURITIZADORA S.A.,306ª,2026-10-15,"IPCA + 6,4803%",11.9524,,11.2845,0.32,441.01891715,99.86,7.0,2026-10-05
22F0009804,CRI,DIRECIONAL ENGENHARIA S.A.,OPEA SECURITIZADORA S/A,1ª,2032-06-15,"IPCA + 6,4899%",8.2634,8.3591,7.7189,0.06,1137.74838401,93.63,999.91,2026-10-05
22F0009409,CRI,GJA INDÚSTRIAS S.A.,RIZA SECURITIZADORA S.A.,1ª,2029-06-15,"IPCA + 6,5%",12.1466,,12.0657,0.14,1078.53496724,90.12,504.74,2026-10-05
CRA022003JT,CRA,BEM BRASIL ALIMENTOS S.A.,ECO SECURITIZADORA DE DIREITOS CREDITÓRIOS DO AGRONEGÓCIO S.A.,1ª,2029-05-15,"IPCA + 6,5348%",,,,,,,,2026-10-05
CRA022004MS,CRA,"VAMOS LOCAÇÃO DE CAMINHÕES, MÁQUINAS E EQUIPAMENTOS S.A.",ECO SECURITIZADORA DE DIREITOS CREDITÓRIOS DO AGRONEGÓCIO S.A.,1ª,2032-05-17,"IPCA + 6,5473%",13.5652,,11.815,0.28,961.31789597,78.25,950.91,2026-10-05
23H0027404,CRI,REDE D'OR SÃO LUIZ S.A.,OPEA SECURITIZADORA S/A,3ª,2033-08-15,"IPCA + 6,55%",8.0388,8.1561,7.5992,0.16,1083.57634319,93.47,1220.99,2026-10-05
CRA022008NB,CRA,RAÍZEN ENERGIA S.A.,OPEA SECURITIZADORA S/A,1ª,2032-08-16,"IPCA + 6,5885%",,,,,576.9505661,47.65,,2026-10-05
22B0006022,CRI,MRV ENGENHARIA E PARTICIPAÇÕES S.A.,RIZA SECURITIZADORA S.A.,442ª,2029-02-15,"IPCA + 6,5954%",11.905,,10.4755,1.24,1150.69590863,91.88,437.08,2026-10-05
CRA024004SA,CRA,JBS S.A.,RIZA SECURITIZADORA S.A.,2ª,2034-05-15,"IPCA + 6,5975%",,,,,,,,2026-10-05
22J0306937,CRI,DIAGNÓSTICOS DA AMÉRICA S.A.,VERT COMPANHIA SECURITIZADORA,2ª,2029-10-15,"IPCA + 6,6%",12.5094,13.5485,11.2075,0.23,1068.4305994,86.56,669.95,2026-10-05
CRA02300G7F,CRA,MARFRIG GLOBAL FOODS S.A.,ECO SECURITIZADORA DE DIREITOS CREDITÓRIOS DO AGRONEGÓCIO S.A.,3ª,2030-08-15,"IPCA + 6,6%",12.1002,12.3028,10.4506,0.22,978.10720737,84.29,850.28,2026-10-05
CRA022008C7,CRA,COMPANHIA DE LOCAÇÃO DAS AMÉRICAS,ECO SECURITIZADORA DE DIREITOS CREDITÓRIOS DO AGRONEGÓCIO S.A.,1ª,2028-09-15,"IPCA + 6,6018%",7.8542,,7.5077,0.61,1180.40074748,97.87,464.6,2026-10-05
CRA022007KI,CRA,COCAL COMÉRCIO INDÚSTRIA CANAÃ AÇÚCAR E ÁLCOOL LTDA.,RIZA SECURITIZADORA S.A.,1ª,2030-08-15,"IPCA + 6,6234%",10.2042,,9.8115,0.52,1100.40520472,91.82,646.9,2026-10-05
CRA02300JG3,CRA,JBS S.A.,RIZA SECURITIZADORA S.A.,3ª,2030-09-16,"IPCA + 6,6441%",,,,,,,,2026-10-05
CRA022008N7,CRA,JBS S.A.,RIZA SECURITIZADORA S.A.,3ª,2037-09-15,"IPCA + 6,6614%",,,,,,,,2026-10-05
CRA022000XF,CRA,MARFRIG GLOBAL FOODS S.A.,ECO SECURITIZADORA DE DIREITOS CREDITÓRIOS DO AGRONEGÓCIO S.A.,3ª,2032-01-15,"IPCA + 6,663%",11.9109,,10.5303,0.3,1063.11584193,83.88,911.49,2026-10-05
CRA02300JG4,CRA,JBS S.A.,RIZA SECURITIZADORA S.A.,4ª,2033-09-15,"IPCA + 6,6634%",,,,,,,,2026-10-05
24F1277567,CRI,DIRECIONAL ENGENHARIA S.A.,OPEA SECURITIZADORA S/A,2ª,2031-07-15,"IPCA + 6,6747%",8.206,8.3682,7.7624,0.24,1060.98776374,94.87,929.58,2026-10-05
23L1737622,CRI,REDE D'OR SÃO LUIZ S.A.,OPEA SECURITIZADORA S/A,1ª,2033-12-15,"IPCA + 6,6941%",,,,,,,,2026-10-05
22G1414303,CRI,SENDAS DISTRIBUIDORA S.A.,OPEA SECURITIZADORA S/A,3ª,2029-09-17,"IPCA + 6,7%",11.1571,,,0.23,1099.66223093,91.16,567.93,2026-10-05
CRA022008ND,CRA,RAÍZEN ENERGIA S.A.,OPEA SECURITIZADORA S/A,2ª,2037-08-17,"IPCA + 6,7382%",,,,,560.98252202,46.29,,2026-10-05
CRA0240066J,CRA,SLC AGRICOLA II,RIZA SECURITIZADORA S.A.,3ª,2031-07-15,"IPCA + 6,7469%",8.727,,8.3444,0.44,1046.28163495,93.34,942.34,2026-10-05
22J0306938,CRI,DIAGNÓSTICOS DA AMÉRICA S.A.,VERT COMPANHIA SECURITIZADORA,3ª,2032-10-15,"IPCA + 6,75%",12.4047,13.3534,11.0521,0.07,998.87834429,80.87,1018.32,2026-10-05
CRA0240020C,CRA,VICUNHA II,RIZA SECURITIZADORA S.A.,3ª,2031-02-15,"IPCA + 6,7641%",,,,,,,,2026-10-05
CRA022007EP,CRA,KLABIN S.A.,VERT COMPANHIA SECURITIZADORA,1ª,2034-05-15,"IPCA + 6,7694%",7.14,7.286,6.9539,0.26,1194.35691906,97.98,1483.25,2026-10-05
CRA024004SB,CRA,JBS S.A.,RIZA SECURITIZADORA S.A.,3ª,2039-05-16,"IPCA + 6,7825%",,,,,,,,2026-10-05
CRA0240086K,CRA,SEARA ALIMENTOS LTDA.,RIZA SECURITIZADORA S.A.,2ª,2034-09-15,"IPCA + 6,7931%",,,,,,,,2026-10-05
CRA024002ML,CRA,MARFRIG GLOBAL FOODS S.A.,ECO SECURITIZADORA DE DIREITOS CREDITÓRIOS DO AGRONEGÓCIO S.A.,3ª,2034-03-15,"IPCA + 6,7996%",12.1314,12.3118,10.5192,0.25,871.76914018,77.7,1279.22,2026-10-05
22I0970804,CRI,NATURA COSMÉTICOS S.A.,RIZA SECURITIZADORA S.A.,2ª,2029-09-17,"IPCA + 6,8%",8.5154,,7.9541,0.26,1157.01740038,95.8,677.66,2026-10-05
CRA0240066B,CRA,CAMIL ALIMENTOS S.A.,ECO SECURITIZADORA DE DIREITOS CREDITÓRIOS DO AGRONEGÓCIO S.A.,2ª,2031-06-16,"IPCA + 6,8286%",11.9798,,10.6516,0.86,955.34864634,84.5,892.56,2026-10-05
CRA0220079D,CRA,BRF S.A.,VERT COMPANHIA SECURITIZADORA,2ª,2032-07-15,"IPCA + 6,8344%",12.0953,12.297,11.5014,0.23,1014.19631463,82.49,995.19,2026-10-05
CRA0240086L,CRA,SEARA ALIMENTOS LTDA.,RIZA SECURITIZADORA S.A.,3ª,2044-09-15,"IPCA + 6,8408%",8.5874,,7.9131,0.82,942.23227823,85.5,2368.04,2026-10-05
CRA02300SV1,CRA,"VAMOS LOCAÇÃO DE CAMINHÕES, MÁQUINAS E EQUIPAMENTOS S.A.",ECO SECURITIZADORA DE DIREITOS CREDITÓRIOS DO AGRONEGÓCIO S.A.,3ª,2033-11-16,"IPCA + 6,8453%",,,,,,,,2026-10-05
CRA022006HK,CRA,SÃO SALVADOR ALIMENTOS S.A.,ECO SECURITIZADORA DE DIREITOS CREDITÓRIOS DO AGRONEGÓCIO S.A.,2ª,2030-07-15,"IPCA + 6,8911%",,,,,,,,2026-10-05
22I0970868,CRI,NATURA COSMÉTICOS S.A.,RIZA SECURITIZADORA S.A.,3ª,2032-09-15,"IPCA + 6,9%",8.6825,8.996,8.5261,0.47,1126.63240636,93.28,1055.43,2026-10-05
23L1737623,CRI,REDE D'OR SÃO LUIZ S.A.,OPEA SECURITIZADORA S/A,2ª,2038-12-15,"IPCA + 6,9527%",8.0178,,7.3896,0.08,1076.44381094,92.64,1923.87,2026-10-05
CRA022004S9,CRA,"VAMOS LOCAÇÃO DE CAMINHÕES, MÁQUINAS E EQUIPAMENTOS S.A.",ECO SECURITIZADORA DE DIREITOS CREDITÓRIOS DO AGRONEGÓCIO S.A.,2ª,2037-05-15,"IPCA + 6,9739%",12.7321,,11.3548,1.32,868.06318459,70.55,1597.71,2026-10-05
CRA02300JG5,CRA,JBS S.A.,RIZA SECURITIZADORA S.A.,5ª,2038-09-15,"IPCA + 6,9938%",8.9339,,8.4239,0.7,1001.91974864,87.14,1898.64,2026-10-05
CRA024004SC,CRA,JBS S.A.,RIZA SECURITIZADORA S.A.,4ª,2044-05-16,"IPCA + 6,9947%",8.9692,,8.2361,0.9,963.4429752,84.52,2242.98,2026-10-05
CRA022004XY,CRA,USINA CERRADÃO S.A.,ECO SECURITIZADORA DE DIREITOS CREDITÓRIOS DO AGRONEGÓCIO S.A.,1ª,2028-05-15,"IPCA + 6,9949%",7.582,,7.0662,0.63,815.54812823,99.43,261.48,2026-10-05
22F0009410,CRI,GJA INDÚSTRIAS S.A.,RIZA SECURITIZADORA S.A.,2ª,2032-06-15,IPCA + 7%,10.7565,,,0.19,1045.14352341,87.31,981.66,2026-10-05
23F1519397,CRI,MOVIDA PARTICIPAÇÕES S.A.,OPEA SECURITIZADORA S/A,3ª,2028-06-16,IPCA + 7%,12.9112,13.3652,,0.42,1076.2847808,91.84,398.04,2026-10-05
24G1674104,CRI,JHSF PARTICIPAÇÕES S.A.,OPEA SECURITIZADORA S/A,4ª,2034-07-17,"IPCA + 7,0163%",8.331,8.4649,8.0309,0.26,917.65655898,94.7,1113.36,2026-10-05
CRA02200C6Y,CRA,MARFRIG GLOBAL FOODS S.A.,ECO SECURITIZADORA DE DIREITOS CREDITÓRIOS DO AGRONEGÓCIO S.A.,1ª,2029-10-15,"IPCA + 7,0383%",12.0799,12.2849,10.2207,0.29,1086.12414423,88.48,666.23,2026-10-05
CRA024007PU,CRA,SOROCABA REFRESCOS S.A.,ECO SECURITIZADORA DE DIREITOS CREDITÓRIOS DO AGRONEGÓCIO S.A.,2ª,2034-08-15,"IPCA + 7,05%",8.9273,,8.6284,0.45,1010.68759173,90.97,1361.07,2026-10-05
22K0934880,CRI,BCBF PARTICIPAÇÕES S.A.,RIZA SECURITIZADORA S.A.,2ª,2029-12-17,"IPCA + 7,0913%",20.5998,23.4424,17.504,0.33,871.4327199,71.73,694.15,2026-10-05
CRA022006HE,CRA,AÇO VERDE DO BRASIL S.A.,RIZA SECURITIZADORA S.A.,1ª,2029-06-15,"IPCA + 7,1543%",9.5648,,8.8921,1.04,1177.03116093,96.61,388.57,2026-10-05
CRA023000RT,CRA,"VAMOS LOCAÇÃO DE CAMINHÕES, MÁQUINAS E EQUIPAMENTOS S.A.",ECO SECURITIZADORA DE DIREITOS CREDITÓRIOS DO AGRONEGÓCIO S.A.,3ª,2030-01-15,"IPCA + 7,1638%",13.4919,13.921,11.9016,0.25,1015.95940714,84.71,724.1,2026-10-05
CRA022006BU,CRA,CARAMURU ALIMENTOS S.A.,ECO SECURITIZADORA DE DIREITOS CREDITÓRIOS DO AGRONEGÓCIO S.A.,1ª,2029-07-16,"IPCA + 7,2043%",10.7963,,,1.04,686.84547469,94.82,403.77,2026-10-05
CRA0220073P,CRA,MINERVA S.A.,RIZA SECURITIZADORA S.A.,1ª,2029-07-16,"IPCA + 7,2063%",11.5331,,10.191,1.4,1094.54100368,90.58,628.22,2026-10-05
CRA0240066K,CRA,BRF S.A.,ECO SECURITIZADORA DE DIREITOS CREDITÓRIOS DO AGRONEGÓCIO S.A.,3ª,2034-06-15,"IPCA + 7,2336%",11.9861,12.4317,11.4542,0.32,903.47792707,79.9,1276.26,2026-10-05
22K0934889,CRI,BCBF PARTICIPAÇÕES S.A.,RIZA SECURITIZADORA S.A.,3ª,2034-12-15,"IPCA + 7,2792%",20.359,22.4263,17.093,1.37,666.02319878,54.79,1222.39,2026-10-05
CRA024001QA,CRA,ZAMP S.A.,RIZA SECURITIZADORA S.A.,3ª,2029-02-15,"IPCA + 7,3%",9.4779,,8.7425,0.94,1088.14136751,95.73,546.66,2026-10-05
CRA024007Q5,CRA,SLC MÁQUINAS LTDA.,OPEA SECURITIZADORA S/A,3ª,2031-08-15,"IPCA + 7,31%",9.1861,,8.843,0.47,1054.00368975,95.02,739.33,2026-10-05
CRA02200C6Z,CRA,MARFRIG GLOBAL FOODS S.A.,ECO SECURITIZADORA DE DIREITOS CREDITÓRIOS DO AGRONEGÓCIO S.A.,2ª,2032-10-15,"IPCA + 7,3352%",12.0422,,10.0178,0.23,1032.39094863,84.0,1008.45,2026-10-05
24A2721507,CRI,DASA,VERT COMPANHIA SECURITIZADORA,3ª,2031-01-15,"IPCA + 7,3402%",12.5689,13.1912,11.2954,1.32,983.016019,85.64,814.58,2026-10-05
CRA022006HF,CRA,AÇO VERDE DO BRASIL S.A.,RIZA SECURITIZADORA S.A.,2ª,2032-06-15,"IPCA + 7,3686%",,,,,,,,2026-10-05
CRA024009Q4,CRA,MARFRIG GLOBAL FOODS S.A.,ECO SECURITIZADORA DE DIREITOS CREDITÓRIOS DO AGRONEGÓCIO S.A.,3ª,2034-10-16,"IPCA + 7,3693%",12.1822,12.3773,11.6606,0.21,895.6825016,79.34,1296.22,2026-10-05
22E1314836,CRI,SÃO CARLOS EMPREENDIMENTOS E PARTICIPAÇÕES S.A.,OPEA SECURITIZADORA S/A,1ª,2029-09-17,"IPCA + 7,3826%",9.6775,,,0.32,1164.82747869,96.31,445.54,2026-10-05
CRA022001E2,CRA,FS AGRISOLUTIONS INDÚSTRIA DE BIOCOMBUSTÍVEIS LTDA.,ECO SECURITIZADORA DE DIREITOS CREDITÓRIOS DO AGRONEGÓCIO S.A.,2ª,2029-02-15,"IPCA + 7,3913%",11.6024,12.06,10.6041,0.5,1178.72407694,95.26,315.25,2026-10-05
CRA022004SD,CRA,FS AGRISOLUTIONS INDÚSTRIA DE BIOCOMBUSTÍVEIS LTDA.,ECO SECURITIZADORA DE DIREITOS CREDITÓRIOS DO AGRONEGÓCIO S.A.,2ª,2029-05-15,"IPCA + 7,3913%",11.4114,12.0279,10.6904,0.04,1173.73382259,94.79,363.76,2026-10-05
CRA02400AHZ,CRA,REFRESCOS BANDEIRANTES INDÚSTRIA E COMÉRCIO LTDA.,RIZA SECURITIZADORA S.A.,2ª,2034-11-16,"IPCA + 7,41%",9.8065,11.3422,,1.23,993.37370837,88.74,1348.24,2026-10-05
24J2539865,CRI,JHSF PARTICIPAÇÕES S.A.,OPEA SECURITIZADORA S/A,1ª,2034-10-16,"IPCA + 7,4183%",8.359,8.5438,7.8534,0.24,1078.93236187,95.42,1347.67,2026-10-05
CRA0240005O,CRA,CEREAL COMÉRCIO EXPORTAÇÃO E REPRESENTAÇÃO AGROPECUÁRIA S.A.,RIZA SECURITIZADORA S.A.,2ª,2029-01-15,"IPCA + 7,4367%",,,,,,,,2026-10-05
CRA022004H5,CRA,NARDINI AGROINDUSTRIAL LTDA.,OPEA SECURITIZADORA S/A,1ª,2028-04-15,"IPCA + 7,4986%",,,,,,,,2026-10-05
23L2043184,CRI,UNIDAS LOCADORA S.A.,OPEA SECURITIZADORA S/A,3ª,2030-12-16,"IPCA + 7,5%",9.4126,9.6913,8.759,0.37,1099.82270416,94.53,801.1,2026-10-05
CRA024009Q5,CRA,MARFRIG GLOBAL FOODS S.A.,ECO SECURITIZADORA DE DIREITOS CREDITÓRIOS DO AGRONEGÓCIO S.A.,4ª,2039-10-17,"IPCA + 7,5395%",,,,,,,,2026-10-05
CRA02300MOQ,CRA,MINERVA S.A.,RIZA SECURITIZADORA S.A.,3ª,2030-09-16,"IPCA + 7,5408%",12.213,12.4225,11.7549,0.63,1009.91810525,87.85,762.85,2026-10-05
23L0034761,CRI,FARO ENERGY PROJETOS SOLARES HOLDING S.A.,OPEA SECURITIZADORA S/A,1ª,2038-12-15,"IPCA + 7,5702%",,,,,,,,2026-10-05
CRA0250080Y,CRA,ELDORADO BRASIL CELULOSE S.A.,OPEA SECURITIZADORA S/A,3ª,2040-09-17,"IPCA + 7,6%",7.9245,,7.67,0.16,1022.00907871,97.39,2207.66,2026-10-05
24A2722748,CRI,DIAGNÓSTICOS DA AMÉRICA S.A.,VERT COMPANHIA SECURITIZADORA,5ª,2034-01-16,"IPCA + 7,6075%",14.4961,15.627,13.3252,3.8,848.96592041,73.92,1192.56,2026-10-05
25D0012204,CRI,CYRELA BRAZIL REALTY S.A.,COMPANHIA PROVÍNCIA DE SECURITIZAÇÃO,3ª,2032-04-15,"IPCA + 7,6693%",7.805,,7.2938,0.24,1087.58185787,99.49,1031.4,2026-10-05
23J1127331,CRI,MOVIDA PARTICIPAÇÕES S.A.,OPEA SECURITIZADORA S/A,3ª,2033-10-17,"IPCA + 7,7279%",12.8056,,,0.59,956.58362322,80.76,1143.78,2026-10-05
CRA0250080X,CRA,ELDORADO BRASIL CELULOSE S.A.,OPEA SECURITIZADORA S/A,2ª,2035-09-17,"IPCA + 7,7281%",7.9841,,,0.42,1033.2285125,98.45,1657.68,2026-10-05
CRA02400AYK,CRA,BEM BRASIL ALIMENTOS S.A.,ECO SECURITIZADORA DE DIREITOS CREDITÓRIOS DO AGRONEGÓCIO S.A.,ª,2031-11-17,"IPCA + 7,737%",,,,,,,,2026-10-05
CRA0230073N,CRA,J. MACÊDO S.A.,RIZA SECURITIZADORA S.A.,2ª,2030-04-15,"IPCA + 7,8%",,,,,,,,2026-10-05
CRA025003PJ,CRA,SEARA,RIZA SECURITIZADORA S.A.,3ª,2055-05-17,"IPCA + 7,8%",,,,,,,,2026-10-05
CRA024003UZ,CRA,LAR COOPERATIVA AGROINDUSTRIAL,ECO SECURITIZADORA DE DIREITOS CREDITÓRIOS DO AGRONEGÓCIO S.A.,3ª,2031-04-15,"IPCA + 7,8363%",9.0972,9.4076,8.8301,0.24,1079.79441211,96.53,763.88,2026-10-05
CRA021004NV,CRA,LAR COOPERATIVA AGROINDUSTRIAL,ECO SECURITIZADORA DE DIREITOS CREDITÓRIOS DO AGRONEGÓCIO S.A.,1ª,2026-11-15,"IPCA + 7,8749%",10.3319,,,1.86,434.44544047,99.72,28.0,2026-10-05
CRA0250066B,CRA,BRF S.A.,ECO SECURITIZADORA DE DIREITOS CREDITÓRIOS DO AGRONEGÓCIO S.A.,3ª,2035-07-16,"IPCA + 7,9064%",12.1004,,,0.33,840.52255423,78.91,1520.9,2026-10-05
22E1321749,CRI,COGNA EDUCAÇÃO S.A.,OPEA SECURITIZADORA S/A,2ª,2029-07-16,"IPCA + 7,9273%",8.853,9.2786,8.3135,0.07,1192.17632529,98.25,521.23,2026-10-05
CRA0240005P,CRA,CEREAL COMÉRCIO EXPORTAÇÃO E REPRESENTAÇÃO AGROPECUÁRIA S.A.,RIZA SECURITIZADORA S.A.,3ª,2031-01-15,"IPCA + 7,9443%",,,,,,,,2026-10-05
22E1321750,CRI,COGNA EDUCAÇÃO S.A.,OPEA SECURITIZADORA S/A,3ª,2032-07-15,"IPCA + 8,0031%",9.504,,8.4001,0.69,1149.37012343,94.7,989.35,2026-10-05
CRA025009EZ,CRA,Seara Alimentos Ltda.,ECO SECURITIZADORA DE DIREITOS CREDITÓRIOS DO AGRONEGÓCIO S.A.,4ª,2065-10-15,"IPCA + 8,0313%",,,,,,,,2026-10-05
CRA0250020C,CRA,BRF S.A.,ECO SECURITIZADORA DE DIREITOS CREDITÓRIOS DO AGRONEGÓCIO S.A.,2ª,2035-04-16,"IPCA + 8,04%",11.4138,,,0.71,913.05118433,83.23,1468.06,2026-10-05
CRA02200795,CRA,ADUBOS ARAGUAIA INDÚSTRIA E COMÉRCIO LTDA.,ECO SECURITIZADORA DE DIREITOS CREDITÓRIOS DO AGRONEGÓCIO S.A.,1ª,2027-07-15,"IPCA + 8,1191%",9.4396,,,0.22,601.68148536,99.1,188.23,2026-10-05
CRA0250020D,CRA,BRF S.A.,ECO SECURITIZADORA DE DIREITOS CREDITÓRIOS DO AGRONEGÓCIO S.A.,3ª,2040-04-16,"IPCA + 8,2345%",12.2054,,10.4859,1.67,841.28451476,76.63,1765.31,2026-10-05
CRA0250018K,CRA,MARFRIG GLOBAL FOODS S.A.,ECO SECURITIZADORA DE DIREITOS CREDITÓRIOS DO AGRONEGÓCIO S.A.,4ª,2040-04-16,"IPCA + 8,2503%",12.8148,,11.9415,0.49,813.75710866,73.89,1735.34,2026-10-05
CRA0250018L,CRA,MARFRIG GLOBAL FOODS S.A,ECO SECURITIZADORA DE DIREITOS CREDITÓRIOS DO AGRONEGÓCIO S.A.,5ª,2045-04-17,"IPCA + 8,3405%",13.4562,,,0.44,750.33655042,68.11,1879.55,2026-10-05
CRA0240099F,CRA,VALE DO TIJUCO AÇÚCAR E ÁLCOOL S.A.,ECO SECURITIZADORA DE DIREITOS CREDITÓRIOS DO AGRONEGÓCIO S.A.,2ª,2034-10-16,"IPCA + 8,3558%",9.5923,,8.9564,0.32,1076.90669425,94.92,1150.68,2026-10-05
CRA0250020E,CRA,BRF S.A.,ECO SECURITIZADORA DE DIREITOS CREDITÓRIOS DO AGRONEGÓCIO S.A.,3ª,2045-04-17,"IPCA + 8,38%",10.0503,,9.0317,2.13,958.85916495,87.28,2166.28,2026-10-05
CRA025008C2,CRA,Neomille S.A.,ECO SECURITIZADORA DE DIREITOS CREDITÓRIOS DO AGRONEGÓCIO S.A.,2ª,2032-12-15,"IPCA + 8,4473%",8.3253,,,0.49,1077.31607188,100.51,1137.18,2026-10-05
CRA02400AHX,CRA,CEREAL COMÉRCIO EXPORTAÇÃO E,RIZA SECURITIZADORA S.A.,3ª,2034-11-16,"IPCA + 8,4704%",,,,,,,,2026-10-05
CRA025008HR,CRA,Nardini II,OPEA SECURITIZADORA S/A,ª,2032-10-15,"IPCA + 8,4773%",,,,,,,,2026-10-05
CRA025006NC,CRA,LAR COOPERATIVA AGROINDUSTRIAL,ECO SECURITIZADORA DE DIREITOS CREDITÓRIOS DO AGRONEGÓCIO S.A.,3ª,2032-08-16,"IPCA + 8,7268%",,,,,,,,2026-10-05
CRA0250005M,CRA,Boa Safra,OPEA SECURITIZADORA S/A,3ª,2032-01-15,"IPCA + 8,7384%",,,,,,,,2026-10-05
CRA0250005L,CRA,Boa Safra,OPEA SECURITIZADORA S/A,4ª,2035-01-15,"IPCA + 8,9518%",,,,,,,,2026-10-05
CRA02300796,CRA,FS INDÚSTRIA DE BIOCOMBUSTÍVEIS LTDA.,ECO SECURITIZADORA DE DIREITOS CREDITÓRIOS DO AGRONEGÓCIO S.A.,2ª,2029-10-15,"IPCA + 8,9555%",11.5198,12.0615,10.6862,0.32,1093.65909802,94.05,662.15,2026-10-05
CRA023003JY,CRA,OLFAR S.A.,RIZA SECURITIZADORA S.A.,2ª,2030-03-15,"IPCA + 8,9738%",,,,,,,,2026-10-05
23F2455004,CRI,SENDAS DISTRIBUIDORA S.A.,OPEA SECURITIZADORA S/A,2ª,2027-07-15,,16.9247,,15.3846,0.52,991.71128961,96.71,186.16,2026-10-05
23I1259644,CRI,JSL,OPEA SECURITIZADORA S/A,4ª,2030-09-15,,,,,,,,,2026-10-05
23J1141681,CRI,YDUQS PARTICIPAÇÕES S.A.,OPEA SECURITIZADORA S/A,1ª,2028-10-16,,14.5294,,,0.83,1001.04139501,95.15,443.74,2026-10-05
23K0018801,CRI,MULTIPLAN EMPREENDIMENTOS IMOBILIÁRIOS S.A.,RIZA SECURITIZADORA S.A.,3ª,2031-01-15,,,,,,,,,2026-10-05
23K0022041,CRI,Cogna,TRUE SECURITIZADORA S/A,2ª,2028-11-15,,,,,,,,,2026-10-05
24A2715837,CRI,DIAGNÓSTICOS DA AMÉRICA S.A.,VERT COMPANHIA SECURITIZADORA,2ª,2029-01-15,,18.8549,,,1.18,917.40076339,89.36,497.06,2026-10-05
24A2721829,CRI,DIAGNÓSTICOS DA AMÉRICA S.A,VERT COMPANHIA SECURITIZADORA,4ª,2031-01-15,,18.9729,,17.9648,0.85,878.37499942,85.47,738.73,2026-10-05
25A1946535,CRI,Cury,OPEA SECURITIZADORA S/A,3ª,2032-01-15,,14.7097,,,0.74,1043.26220286,101.06,804.04,2026-10-05
25D0271049,CRI,Log,OPEA SECURITIZADORA S/A,3ª,2032-04-15,,,,,,,,,2026-10-05
CRA02300G7D,CRA,MARFRIG GLOBAL FOODS S.A.,ECO SECURITIZADORA DE DIREITOS CREDITÓRIOS DO AGRONEGÓCIO S.A.,1ª,2027-08-16,,17.9381,,,0.47,964.524619,95.1,208.56,2026-10-05
CRA02300HWK,CRA,BANCO BTG PACTUAL S.A.,OPEA SECURITIZADORA S/A,4ª,2033-09-15,,13.0376,13.1092,12.7165,0.58,960.5478839,95.45,1222.02,2026-10-05
CRA02300JR7,CRA,RAÍZEN ENERGIA S.A.,OPEA SECURITIZADORA S/A,3ª,2033-10-17,,,,,,472.63843948,45.14,,2026-10-05
CRA02300NX8,CRA,BTG Pactual III,OPEA SECURITIZADORA S/A,4ª,2033-11-16,,,,,,,,,2026-10-05
CRA02300SPD,CRA,FS Agrisolutions Indústria de Biocombustíveis LTDA,ECO SECURITIZADORA DE DIREITOS CREDITÓRIOS DO AGRONEGÓCIO S.A.,3ª,2030-06-15,,18.3813,18.9429,17.2344,0.49,884.1047444,87.8,724.65,2026-10-05
CRA02300SUZ,CRA,"Vamos Locação de Caminhões, Máquinas e Equipamentos S.A.",ECO SECURITIZADORA DE DIREITOS CREDITÓRIOS DO AGRONEGÓCIO S.A.,1ª,2030-11-18,,19.8792,,17.5164,0.75,863.18752714,82.55,702.78,2026-10-05
CRA02300TSF,CRA,BTG PACTUAL IV,OPEA SECURITIZADORA S/A,4ª,2033-12-15,,,,,,,,,2026-10-05
CRA024000B8,CRA,FS Indústria De Biocombustíveis Ltda,ECO SECURITIZADORA DE DIREITOS CREDITÓRIOS DO AGRONEGÓCIO S.A.,3ª,2030-07-15,,18.4494,18.6893,17.1393,0.22,880.80772599,87.48,735.6,2026-10-05
CRA024001P5,CRA,JSL S.A.,ECO SECURITIZADORA DE DIREITOS CREDITÓRIOS DO AGRONEGÓCIO S.A.,1ª,2031-02-15,,,,,,,,,2026-10-05
CRA024001Q9,CRA,ZAMP S.A.,RIZA SECURITIZADORA S.A.,2ª,2029-02-15,,17.5472,,16.3586,1.32,937.37909085,92.2,516.65,2026-10-05
CRA0240020B,CRA,VICUNHA II,RIZA SECURITIZADORA S.A.,2ª,2031-02-15,,,,,,,,,2026-10-05
CRA024002MH,CRA,JF CITRUS AGROPECUÁRIA S.A.,ECO SECURITIZADORA DE DIREITOS CREDITÓRIOS DO AGRONEGÓCIO S.A.,1ª,2029-03-15,,,,,,,,,2026-10-05
CRA024002MK,CRA,Marfrig Global Foods S.A.,ECO SECURITIZADORA DE DIREITOS CREDITÓRIOS DO AGRONEGÓCIO S.A.,2ª,2031-03-15,,,,,,,,,2026-10-05
CRA024002S2,CRA,Minerva VII,RIZA SECURITIZADORA S.A.,2ª,2029-03-15,,18.1594,,,1.04,893.22150512,88.77,541.05,2026-10-05
CRA024002S3,CRA,MINERVA S.A.,RIZA SECURITIZADORA S.A.,3ª,2031-03-17,,18.3977,,,0.96,833.25601698,82.8,865.73,2026-10-05
CRA0240066D,CRA,FS Florestal S.A.,ECO SECURITIZADORA DE DIREITOS CREDITÓRIOS DO AGRONEGÓCIO S.A.,1ª,2030-06-15,,17.7494,,16.8829,0.87,951.74787988,94.42,709.02,2026-10-05
CRA0240066G,CRA,BRF S.A.,ECO SECURITIZADORA DE DIREITOS CREDITÓRIOS DO AGRONEGÓCIO S.A.,2ª,2031-06-16,,18.1152,,,0.65,888.9103724,85.57,859.97,2026-10-05
CRA024007PT,CRA,Sorocaba Refrescos S.A,ECO SECURITIZADORA DE DIREITOS CREDITÓRIOS DO AGRONEGÓCIO S.A.,1ª,2031-08-15,,15.5274,,,1.04,926.76843846,91.22,850.88,2026-10-05
CRA024007Q3,CRA,SLC Maquinas,OPEA SECURITIZADORA S/A,1ª,2031-08-15,,16.3351,,15.3983,0.87,936.163839,92.1,675.86,2026-10-05
CRA024009Q3,CRA,MARFRIG GLOBAL FOODS S.A.,ECO SECURITIZADORA DE DIREITOS CREDITÓRIOS DO AGRONEGÓCIO S.A.,2ª,2031-10-15,,18.0507,,16.1654,0.62,918.65128638,86.59,876.26,2026-10-05
CRA02400AHY,CRA,REFRESCOS BANDEIRANTES INDÚSTRIA E COMÉRCIO LTDA.,RIZA SECURITIZADORA S.A.,1ª,2032-11-16,,18.093,,,0.9,904.59242451,86.05,946.45,2026-10-05
CRA02400AYM,CRA,MINERVA S.A.,RIZA SECURITIZADORA S.A.,2ª,2029-11-16,,18.4784,,,0.76,960.62416804,91.2,617.86,2026-10-05
CRA02400AYP,CRA,MINERVA S.A.,RIZA SECURITIZADORA S.A.,5ª,2034-11-16,,18.5079,,,0.58,915.93672824,86.8,1058.04,2026-10-05
CRA02500001,CRA,BOA SAFRA SEMENTES S.A.,OPEA SECURITIZADORA S/A,1ª,2030-01-15,,16.1391,,,0.82,991.72425474,98.39,650.49,2026-10-05
CRA0250012X,CRA,FS FLORESTAL S.A.,ECO SECURITIZADORA DE DIREITOS CREDITÓRIOS DO AGRONEGÓCIO S.A.,1ª,2030-03-15,,18.1105,,17.379,0.85,1003.53563174,99.44,654.96,2026-10-05
CRA0250018I,CRA,Marfrig Global Foods S.A,ECO SECURITIZADORA DE DIREITOS CREDITÓRIOS DO AGRONEGÓCIO S.A.,2ª,2032-04-15,,17.6478,,16.2371,1.12,969.28166958,90.87,917.25,2026-10-05
CRA025002S3,CRA,MINERVA S.A,RIZA SECURITIZADORA S.A.,2ª,2030-04-15,,18.4987,,,0.77,1006.0562306,93.91,657.91,2026-10-05
CRA025002S4,CRA,MINERVA S.A.,RIZA SECURITIZADORA S.A.,4ª,2032-04-15,,18.6075,,,0.8,979.60487527,91.44,895.49,2026-10-05
CRA025002S5,CRA,MINERVA S.A.,RIZA SECURITIZADORA S.A.,5ª,2035-04-16,,,,,,,,,2026-10-05
CRA0250040J,CRA,Natural One S.A,ECO SECURITIZADORA DE DIREITOS CREDITÓRIOS DO AGRONEGÓCIO S.A.,2ª,2029-06-15,,21.1813,,17.09,3.44,1001.46870909,95.3,356.24,2026-10-05
CRA025005EH,CRA,GDM GENÉTICA DO BRASIL S.A.,ECO SECURITIZADORA DE DIREITOS CREDITÓRIOS DO AGRONEGÓCIO S.A.,1ª,2032-07-15,,15.4594,,,0.75,1021.59087218,98.95,956.35,2026-10-05
CRA025005V7,CRA,MINERVA S.A.,RIZA SECURITIZADORA S.A.,3ª,2033-07-15,,17.8699,,16.3988,1.13,920.05773937,89.2,1025.01,2026-10-05
CRA025005V8,CRA,MINERVA S.A,RIZA SECURITIZADORA S.A.,4ª,2035-07-16,,17.9119,,16.4502,1.12,916.89368329,88.85,1143.07,2026-10-05
CRA0250066A,CRA,BRF S.A.,ECO SECURITIZADORA DE DIREITOS CREDITÓRIOS DO AGRONEGÓCIO S.A.,2ª,2032-07-15,,18.3344,,17.8524,0.76,888.4415507,86.25,982.03,2026-10-05
CRA025006NB,CRA,LAR COOPERATIVA AGROINDUSTRIAL,ECO SECURITIZADORA DE DIREITOS CREDITÓRIOS DO AGRONEGÓCIO S.A.,2ª,2032-08-16,,15.8492,,,0.79,965.8058629,95.85,941.01,2026-10-05
CRA025007KE,CRA,Cereal Comércio Exportação e Representação Agropecuária S.A.,ECO SECURITIZADORA DE DIREITOS CREDITÓRIOS DO AGRONEGÓCIO S.A.,2ª,2032-09-15,,16.4203,,15.3816,0.17,943.60381572,93.65,975.89,2026-10-05
CRA025007KK,CRA,ELDORADO BRASIL CELULOSE S.A.,OPEA SECURITIZADORA S/A,1ª,2032-09-15,,14.8653,,,0.85,979.48414589,97.23,1054.31,2026-10-05
CRA025008ND,CRA,São Salvador Alimentos S.A.,ECO SECURITIZADORA DE DIREITOS CREDITÓRIOS DO AGRONEGÓCIO S.A.,2ª,2033-10-15,,15.4442,,,0.6,1014.62892539,95.3,1096.23,2026-10-05
CRA02500A15,CRA,Açucareira Quatá S.A.,ECO SECURITIZADORA DE DIREITOS CREDITÓRIOS DO AGRONEGÓCIO S.A.,1ª,2032-11-15,,15.7356,,15.4021,0.74,1013.49649172,96.09,954.56,2026-10-05
CRA02500AHU,CRA,C. Vale - Cooperativa Agroindustrial,ECO SECURITIZADORA DE DIREITOS CREDITÓRIOS DO AGRONEGÓCIO S.A.,2ª,2030-11-15,,,,,,,,,2026-10-05
CRA02500BVU,CRA,BRF S.A.,ECO SECURITIZADORA DE DIREITOS CREDITÓRIOS DO AGRONEGÓCIO S.A.,2ª,2032-12-15,,18.1283,,,0.64,884.42424288,84.98,1018.91,2026-10-05
CRA02500C1D,CRA,Alibem Alimentos S.A.,ECO SECURITIZADORA DE DIREITOS CREDITÓRIOS DO AGRONEGÓCIO S.A.,1ª,2030-12-18,,,,,,,,,2026-10-05
CRA026001JM,CRA,Lar Cooperativa Agroindustrial,ECO SECURITIZADORA DE DIREITOS CREDITÓRIOS DO AGRONEGÓCIO S.A.,2ª,2033-03-15,,16.1937,,15.7531,0.8,967.60209126,96.01,997.01,2026-10-05
CRA026002BE,CRA,BRF S.A.,ECO SECURITIZADORA DE DIREITOS CREDITÓRIOS DO AGRONEGÓCIO S.A.,2ª,2033-04-15,,17.6043,,16.4619,1.24,933.56158664,88.34,1030.44,2026-10-05
25B0013406,CRI,Direcional,OPEA SECURITIZADORA S/A,1ª,2032-02-16,100% do DI,,,,,,,,2026-10-02
CRA019003V2,CRA,RAÍZEN ENERGIA S.A.,OPEA SECURITIZADORA S/A,1ª,2029-07-16,100% do DI,,,,,449.53728004,44.05,,2026-10-02
CRA024004H7,CRA,SÃO MARTINHO S.A.,RIZA SECURITIZADORA S.A.,3ª,2029-04-12,100% do DI,101.5375,103.0625,99.49,1.08,1060.80620707,99.59,521.84,2026-10-02
CRA0250018H,CRA,Marfrig Global Foods S.A,ECO SECURITIZADORA DE DIREITOS CREDITÓRIOS DO AGRONEGÓCIO S.A.,1ª,2030-04-15,100% do DI,,,,,,,,2026-10-02
CRA02500BVT,CRA,BRF S.A.,ECO SECURITIZADORA DE DIREITOS CREDITÓRIOS DO AGRONEGÓCIO S.A.,1ª,2030-06-17,100% do DI,118.7583,,113.1375,1.04,1015.33565336,91.43,923.0,2026-10-02
24D2765715,CRI,CYRELA BRAZIL REALTY S.A.,COMPANHIA PROVÍNCIA DE SECURITIZAÇÃO,3ª,2031-04-15,101% do DI,100.2241,102.04,97.6733,0.64,1067.96343983,100.3,758.93,2026-10-02
CRA023007VD,CRA,ENGELHART CTP,OPEA SECURITIZADORA S/A,1ª,2028-07-05,101% do DI,96.8291,98.5025,94.7525,0.39,1042.14326922,100.83,393.49,2026-10-02
25L2997442,CRI,Even Construtora e Incorporadora S/A,VERT COMPANHIA SECURITIZADORA,ª,2032-12-15,"101,5% do DI",,,,,,,,2026-10-02
CRA026002BD,CRA,BRF S.A.,ECO SECURITIZADORA DE DIREITOS CREDITÓRIOS DO AGRONEGÓCIO S.A.,1ª,2030-10-15,"101,5% do DI",,,,,,,,2026-10-02
24D3313768,CRI,CURY CONSTRUTORA E INCORPORADORA S.A.,TRUE SECURITIZADORA S/A,1ª,2027-05-31,102% do DI,99.2705,101.3433,96.8666,0.49,1050.77877913,100.21,153.04,2026-10-02
CRA023003UX,CRA,ENGELHART CTP,OPEA SECURITIZADORA S/A,1ª,2027-03-15,102% do DI,95.1977,97.28,93.555,0.83,1010.5305418,100.37,109.0,2026-10-02
CRA02500669,CRA,BRF S.A,ECO SECURITIZADORA DE DIREITOS CREDITÓRIOS DO AGRONEGÓCIO S.A.,1ª,2029-07-16,102% do DI,,,,,,,,2026-10-02
24F1277566,CRI,DIRECIONAL ENGENHARIA S.A.,OPEA SECURITIZADORA S/A,1ª,2029-07-16,103% do DI,101.1644,102.9333,98.1666,0.26,1036.00654448,100.55,585.17,2026-10-02
CRA02300209,CRA,ENGELHART CTP,VERT COMPANHIA SECURITIZADORA,1ª,2027-01-15,103% do DI,93.18,,,3.76,1033.87418171,100.35,70.0,2026-10-02
25G5313879,CRI,MOURA DUBEUX ENGENHARIA S.A.,VERT COMPANHIA SECURITIZADORA,1ª,2030-07-15,"103,75% do DI",106.5766,,,1.02,996.09170545,98.93,739.05,2026-10-02
CRA025008N8,CRA,3Tentos,OPEA SECURITIZADORA S/A,1ª,2030-10-15,"103,75% do DI",109.5728,,103.0,1.65,1042.52947259,97.75,753.05,2026-10-02
22J0346710,CRI,BANCO BTG PACTUAL S.A.,OPEA SECURITIZADORA S/A,1ª,2027-01-15,104% do DI,,,,,,,,2026-10-02
CRA0240066A,CRA,CAMIL ALIMENTOS S.A.,ECO SECURITIZADORA DE DIREITOS CREDITÓRIOS DO AGRONEGÓCIO S.A.,1ª,2029-06-15,104% do DI,120.4546,,112.7016,10.67,994.87674294,95.38,558.94,2026-10-02
CRA025006SR,CRA,Boa Safra II,OPEA SECURITIZADORA S/A,1ª,2032-02-16,104% do DI,,,,,,,,2026-10-02
CRA025007KD,CRA,CEREAL COMÉRCIO EXPORTAÇÃO E REPRESENTAÇÃO AGROPECUÁRIA S.A.,ECO SECURITIZADORA DE DIREITOS CREDITÓRIOS DO AGRONEGÓCIO S.A.,1ª,2030-09-16,104% do DI,,,,,,,,2026-10-02
CRA025002S1,CRA,MINERVA S.A.,RIZA SECURITIZADORA S.A.,1ª,2030-04-15,"104,5% do DI",129.6288,,124.8825,0.66,977.62765728,91.62,668.83,2026-10-02
CRA025005V5,CRA,MINERVA S.A.,RIZA SECURITIZADORA S.A.,1ª,2030-07-15,"104,5% do DI",129.7204,,121.1866,0.36,936.36116887,90.84,731.59,2026-10-02
24D0006602,CRI,ALLOS S.A.,OPEA SECURITIZADORA S/A,2ª,2029-04-16,105% do DI,99.0194,101.8433,97.0433,0.59,1084.46559132,101.61,520.68,2026-10-02
25E0013305,CRI,JHSF IV,OPEA SECURITIZADORA S/A,2ª,2030-05-15,105% do DI,105.1011,,,0.88,1054.9627437,99.96,700.2,2026-10-02
CRA02300TSB,CRA,BANCO BTG PACTUAL S.A.,OPEA SECURITIZADORA S/A,1ª,2033-12-15,105% do DI,96.0427,,,2.2,1101.13871799,105.52,1160.36,2026-10-02
CRA02400AYL,CRA,MINERVA S.A.,RIZA SECURITIZADORA S.A.,1ª,2029-11-16,105% do DI,126.2896,,119.9883,2.77,985.83911217,93.42,618.05,2026-10-02
CRA025008C3,CRA,Neomille S.A.,ECO SECURITIZADORA DE DIREITOS CREDITÓRIOS DO AGRONEGÓCIO S.A.,3ª,2032-12-15,105% do DI,,,,,,,,2026-10-02
CRA02500AC9,CRA,,ECO SECURITIZADORA DE DIREITOS CREDITÓRIOS DO AGRONEGÓCIO S.A.,1ª,2030-11-15,105% do DI,127.4622,,114.5,8.77,965.06864534,91.45,761.59,2026-10-02
CRA02500AHT,CRA,C. Vale - Cooperativa Agroindustrial,ECO SECURITIZADORA DE DIREITOS CREDITÓRIOS DO AGRONEGÓCIO S.A.,1ª,2030-11-15,"105,5% do DI",,,,,,,,2026-10-02
CRA025005EI,CRA,GDM Genética do Brasil S.A.,ECO SECURITIZADORA DE DIREITOS CREDITÓRIOS DO AGRONEGÓCIO S.A.,2ª,2032-07-15,"105,75% do DI",109.349,,105.278,2.74,1012.68251509,98.21,963.82,2026-10-02
23K0018802,CRI,MULTIPLAN EMPREENDIMENTOS IMOBILIÁRIOS S.A.,RIZA SECURITIZADORA S.A.,2ª,2031-01-15,106% do DI,99.0833,101.2333,97.0,0.29,1055.74831344,102.38,660.56,2026-10-02
CRA025006NA,CRA,Lar Cooperativa Agroindustrial,ECO SECURITIZADORA DE DIREITOS CREDITÓRIOS DO AGRONEGÓCIO S.A.,1ª,2030-08-15,106% do DI,111.6172,,109.2,0.06,987.68833838,98.08,669.52,2026-10-02
23K0019201,CRI,DIRECIONAL ENGENHARIA S.A.,TRUE SECURITIZADORA S/A,2ª,2028-11-16,"106,5% do DI",,,,,,,,2026-10-02
CRA026001JL,CRA,Lar Cooperativa Agroindustrial,ECO SECURITIZADORA DE DIREITOS CREDITÓRIOS DO AGRONEGÓCIO S.A.,1ª,2031-03-15,"106,5% do DI",,,,,,,,2026-10-02
25H0243072,CRI,BTSA,RIZA SECURITIZADORA S.A.,2ª,2032-08-16,107% do DI,,,,,,,,2026-10-02
CRA02300NRL,CRA,BANCO BTG PACTUAL S.A.,OPEA SECURITIZADORA S/A,1ª,2033-11-16,107% do DI,97.0588,,,1.06,1118.99722525,105.99,1133.45,2026-10-02
CRA025003UZ,CRA,COOXUPÉ - COOPERATIVA REGIONAL DE,VERT COMPANHIA SECURITIZADORA,2ª,2030-06-17,"107,5% do DI",115.1261,,110.14,3.37,1018.77103505,97.53,635.88,2026-10-02
CRA02300CYQ,CRA,BANCO BTG PACTUAL S.A.,OPEA SECURITIZADORA S/A,1ª,2033-07-15,109% do DI,96.248,,,0.76,1111.14569105,107.66,1122.28,2026-10-02
CRA02300HWH,CRA,BANCO BTG PACTUAL S.A.,OPEA SECURITIZADORA S/A,1ª,2033-09-15,109% do DI,97.6733,100.6766,96.21,0.67,1078.14326024,107.04,1162.5,2026-10-02
24I1980390,CRI,MRV ENGENHARIA E PARTICIPAÇÕES S.A,OPEA SECURITIZADORA S/A,1ª,2029-10-15,110% do DI,130.8833,,,0.71,1004.47476488,93.82,590.16,2026-10-02
25B3099731,CRI,IGUATEMI PPPH PARTICIPAÇÕES LTDA.,OPEA SECURITIZADORA S/A,1ª,2030-02-18,96% do DI,98.82,101.5133,96.1466,0.33,1006.136544,98.99,699.91,2026-10-02
25D0012202,CRI,CYRELA BRAZIL REALTY S.A. EMPREENDIMENTOS,COMPANHIA PROVÍNCIA DE SECURITIZAÇÃO,1ª,2029-04-15,96% do DI,99.2255,,,0.32,1052.20490917,99.13,527.34,2026-10-02
25J4546988,CRI,CYRELA BRAZIL REALTY S.A. EMPREENDIMENTOS E,COMPANHIA PROVÍNCIA DE SECURITIZAÇÃO,1ª,2032-11-16,"96,5% do DI",,,,,,,,2026-10-02
25D0012203,CRI,CYRELA BRAZIL REALTY S.A. EMPREENDIMENTOS E PARTICIPAÇÕES,COMPANHIA PROVÍNCIA DE SECURITIZAÇÃO,2ª,2030-04-15,97% do DI,,,,,,,,2026-10-02
26C3164285,CRI,Allos VI,OPEA SECURITIZADORA S/A,1ª,2031-03-12,97% do DI,98.7625,,,0.16,999.1908335,99.23,848.94,2026-10-02
26G0012801,CRI,Cury III,OPEA SECURITIZADORA S/A,1ª,2032-07-06,97% do DI,,,,,,,,2026-10-02
CRA025003PD,CRA,SÃO MARTINHO S.A.,VERT COMPANHIA SECURITIZADORA,1ª,2032-06-15,97% do DI,105.3114,,102.825,1.12,995.81680744,95.74,1000.91,2026-10-02
24H1684874,CRI,SOCIEDADE BENEFICENTE ISRAELITA BRASILEIRA HOSPITAL ALBERT EINSTEIN,RIZA SECURITIZADORA S.A.,1ª,2029-08-17,"97,5% do DI",97.7711,100.37,95.7666,0.44,870.14570439,99.95,364.43,2026-10-02
24D2765586,CRI,CYRELA BRAZIL REALTY S.A.,COMPANHIA PROVÍNCIA DE SECURITIZAÇÃO,1ª,2028-04-15,98% do DI,99.073,99.7333,96.86,0.42,707.605698,99.87,231.42,2026-10-02
25G3629974,CRI,PLANO E PLANO II,RIZA SECURITIZADORA S.A.,1ª,2030-07-15,98% do DI,104.9266,,104.22,0.37,1001.5041754,97.34,750.94,2026-10-02
25I0014209,CRI,Multiplan,OPEA SECURITIZADORA S/A,1ª,2035-09-19,98% do DI,,,,,,,,2026-10-02
CRA024004H5,CRA,SÃO MARTINHO S.A.,RIZA SECURITIZADORA S.A.,1ª,2027-04-12,98% do DI,98.9966,100.7333,96.2666,1.22,1063.1918021,99.94,120.33,2026-10-02
25G3629975,CRI,PLANO E PLANO II,RIZA SECURITIZADORA S.A.,2ª,2031-07-15,99% do DI,105.1791,,104.28,0.57,1000.03194126,97.17,892.98,2026-10-02
CRA025009Q2,CRA,Jalles Machado S.A.,ECO SECURITIZADORA DE DIREITOS CREDITÓRIOS DO AGRONEGÓCIO S.A.,1ª,2031-10-15,99% do DI,,,,,,,,2026-10-02
24E1393588,CRI,MULTIPLAN EMPREENDIMENTOS IMOBILIÁRIOS S.A.,RIZA SECURITIZADORA S.A.,1ª,2029-05-17,"99,5% do DI",99.0125,101.5733,97.1066,0.59,1052.44413146,100.11,453.41,2026-10-02
CRA025008NB,CRA,Bem Brasil Alimentos S.A.,ECO SECURITIZADORA DE DIREITOS CREDITÓRIOS DO AGRONEGÓCIO S.A.,ª,2032-10-15,"DI + 0,33%",,,,,,,,2026-10-02
CRA024009Q2,CRA,MARFRIG GLOBAL FOODS S.A.,ECO SECURITIZADORA DE DIREITOS CREDITÓRIOS DO AGRONEGÓCIO S.A.,1ª,2031-10-15,"DI + 0,35%",3.0187,3.4388,2.49,0.4,972.25153352,91.23,870.54,2026-10-02
22D1289009,CRI,CYRELA BRAZIL REALTY S.A.,OPEA SECURITIZADORA S/A,489ª,2027-06-15,"DI + 0,4%",0.3239,0.5322,0.2241,0.06,1043.24250763,100.05,163.99,2026-10-02
CRA02400AYN,CRA,MINERVA S.A.,RIZA SECURITIZADORA S.A.,3ª,2031-11-17,"DI + 0,4%",3.7015,4.4622,3.4394,0.56,939.25994419,89.09,886.06,2026-10-02
CRA02500003,CRA,BOA SAFRA SEMENTES S.A.,OPEA SECURITIZADORA S/A,2ª,2030-01-15,"DI + 0,4%",2.0972,,,0.42,985.72843629,95.67,663.81,2026-10-02
CRA0250018J,CRA,MARFRIG GLOBAL FOODS S.A.,ECO SECURITIZADORA DE DIREITOS CREDITÓRIOS DO AGRONEGÓCIO S.A.,3ª,2035-04-16,"DI + 0,4%",3.1335,,2.6727,0.47,945.72574758,88.72,1096.45,2026-10-02
CRA025007PT,CRA,SLC AGRÍCOLA S.A.,OPEA SECURITIZADORA S/A,1ª,2033-09-22,"DI + 0,4%",1.1885,1.5622,0.79,0.24,969.64062847,96.61,1106.9,2026-10-02
CRA025002S2,CRA,MINERVA S.A.,RIZA SECURITIZADORA S.A.,3ª,2032-04-15,"DI + 0,5%",3.7263,,,0.24,948.8674605,88.97,915.92,2026-10-02
23J0019601,CRI,Iguatemi,OPEA SECURITIZADORA S/A,1ª,2028-10-16,"DI + 0,55%",,,,,,,,2026-10-02
23K0018602,CRI,MULTIPLAN EMPREENDIMENTOS IMOBILIÁRIOS S.A.,RIZA SECURITIZADORA S.A.,1ª,2031-01-15,"DI + 0,6%",0.4916,,,0.09,1033.73942469,100.28,659.55,2026-10-02
24B0013201,CRI,SOMA,RIZA SECURITIZADORA S.A.,1ª,2028-02-15,"DI + 0,6%",,,,,,,,2026-10-02
23H1188857,CRI,RAIA DROGASIL S.A.,OPEA SECURITIZADORA S/A,2ª,2027-09-15,"DI + 0,65%",0.1699,0.4155,0.0655,0.26,1011.40393615,100.44,229.01,2026-10-02
CRA02300RS5,CRA,CAMIL ALIMENTOS S.A.,ECO SECURITIZADORA DE DIREITOS CREDITÓRIOS DO AGRONEGÓCIO S.A.,1ª,2028-11-16,"DI + 0,65%",3.9444,4.4366,3.628,0.72,996.026243,94.39,450.32,2026-10-02
22C0023008,CRI,RAIA DROGASIL S.A.,OPEA SECURITIZADORA S/A,495ª,2027-03-08,"DI + 0,7%",0.1907,0.4322,0.0822,0.26,505.94504586,100.21,104.0,2026-10-02
23K0018401,CRI,DIRECIONAL ENGENHARIA S.A.,OPEA SECURITIZADORA S/A,1ª,2028-11-16,"DI + 0,7%",,,,,,,,2026-10-02
CRA02300GCY,CRA,IPIRANGA PRODUTOS DE PETRÓLEO S.A.,VERT COMPANHIA SECURITIZADORA,2ª,2027-07-16,"DI + 0,7%",,,,,,,,2026-10-02
CRA025005V6,CRA,MINERVA S.A.,RIZA SECURITIZADORA S.A.,2ª,2033-07-15,"DI + 0,7%",3.64,,3.1461,0.25,915.39191625,88.78,1023.76,2026-10-02
22E1325261,CRI,HYPERA S.A.,OPEA SECURITIZADORA S/A,1ª,2027-08-16,"DI + 0,75%",0.5202,0.7338,0.3505,0.01,1020.03656706,100.19,207.98,2026-10-02
22F0230096,CRI,RAIA DROGASIL S.A.,OPEA SECURITIZADORA S/A,1ª,2029-06-26,"DI + 0,75%",0.2383,0.4555,0.1222,0.23,1048.6608091,100.97,477.04,2026-10-02
22K0934871,CRI,BCBF PARTICIPAÇÕES S.A.,RIZA SECURITIZADORA S.A.,1ª,2027-12-15,"DI + 0,75%",15.0243,,12.6252,3.26,903.96180188,86.6,272.32,2026-10-02
22I0970801,CRI,NATURA COSMÉTICOS S.A.,RIZA SECURITIZADORA S.A.,1ª,2027-09-15,"DI + 0,8%",0.4142,0.5688,0.2188,0.01,1010.5823304,100.35,228.93,2026-10-02
22J0305579,CRI,DIAGNÓSTICOS DA AMÉRICA S.A.,VERT COMPANHIA SECURITIZADORA,1ª,2027-10-15,"DI + 0,8%",5.1651,6.7172,3.1091,1.21,1026.91740141,96.15,232.77,2026-10-02
CRA02300JG2,CRA,JBS S.A.,RIZA SECURITIZADORA S.A.,2ª,2028-09-15,"DI + 0,8%",0.5418,0.6772,0.3105,0.04,1011.63901622,100.45,442.27,2026-10-02
CRA02300NRM,CRA,BANCO BTG PACTUAL S.A.,OPEA SECURITIZADORA S/A,2ª,2033-11-16,"DI + 0,8%",-0.1227,,,0.44,1099.37616945,104.18,1130.84,2026-10-02
CRA0240066F,CRA,BRF S.A.,ECO SECURITIZADORA DE DIREITOS CREDITÓRIOS DO AGRONEGÓCIO S.A.,1ª,2029-06-15,"DI + 0,8%",3.3802,3.3855,3.1688,0.2,987.13246211,94.56,556.19,2026-10-02
22E1315701,CRI,EVEN CONSTRUTORA E INCORPORADORA S.A.,OPEA SECURITIZADORA S/A,1ª,2028-09-18,"DI + 0,9%",1.2464,,,0.02,963.3293161,99.69,226.56,2026-10-02
23J1142031,CRI,YDUQS PARTICIPAÇÕES S.A.,OPEA SECURITIZADORA S/A,2ª,2028-10-13,"DI + 0,9%",1.0416,,,0.27,1066.52323505,99.82,331.73,2026-10-02
CRA022008NC,CRA,SOROCABA REFRESCOS S.A.,ECO SECURITIZADORA DE DIREITOS CREDITÓRIOS DO AGRONEGÓCIO S.A.,1ª,2029-08-15,"DI + 0,9%",1.2485,,,0.23,759.46149079,99.44,409.89,2026-10-02
CRA023000GP,CRA,"VAMOS LOCAÇÃO DE CAMINHÕES, MÁQUINAS E EQUIPAMENTOS S.A.",ECO SECURITIZADORA DE DIREITOS CREDITÓRIOS DO AGRONEGÓCIO S.A.,1ª,2028-01-17,"DI + 0,9%",4.1257,4.3879,3.1083,0.0,993.87395962,96.36,296.99,2026-10-02
CRA024007K9,CRA,COOXUPÉ - COOPERATIVA REGIONAL DE CAFEICULTORES EM GUAXUPÉ LTDA.,VERT COMPANHIA SECURITIZADORA,1ª,2029-07-16,"DI + 0,9%",1.4593,1.7072,1.0738,0.17,1020.44810374,98.93,489.1,2026-10-02
22F0315398,CRI,LOCALIZA RENT A CAR S.A.,RIZA SECURITIZADORA S.A.,1ª,2027-06-07,"DI + 0,95%",0.5053,0.6855,0.3188,0.22,1050.91635906,100.28,157.68,2026-10-02
CRA024002MJ,CRA,MARFRIG GLOBAL FOODS S.A.,ECO SECURITIZADORA DE DIREITOS CREDITÓRIOS DO AGRONEGÓCIO S.A.,1ª,2029-03-15,"DI + 0,95%",3.2869,3.3422,2.6588,0.27,959.59071866,95.28,531.53,2026-10-02
23H0027402,CRI,REDE D'OR SÃO LUIZ S.A.,OPEA SECURITIZADORA S/A,1ª,2028-08-15,DI + 1%,0.1506,0.3322,0.1366,0.08,1032.85543852,101.42,420.22,2026-10-02
CRA022006HJ,CRA,SÃO SALVADOR ALIMENTOS S.A.,ECO SECURITIZADORA DE DIREITOS CREDITÓRIOS DO AGRONEGÓCIO S.A.,1ª,2027-07-15,DI + 1%,1.1474,,0.5855,0.3,1030.60565486,99.89,185.71,2026-10-02
CRA022008C9,CRA,COMPANHIA DE LOCAÇÃO DAS AMÉRICAS,ECO SECURITIZADORA DE DIREITOS CREDITÓRIOS DO AGRONEGÓCIO S.A.,2ª,2028-09-15,DI + 1%,0.7631,1.0491,0.5138,0.06,1011.32400591,100.41,441.63,2026-10-02
CRA022008CB,CRA,JALLES MACHADO S.A.,ECO SECURITIZADORA DE DIREITOS CREDITÓRIOS DO AGRONEGÓCIO S.A.,1ª,2032-08-09,DI + 1%,1.4454,3.1222,1.3633,0.28,993.59076329,98.38,934.4,2026-10-02
23H1191899,CRI,RAIA DROGASIL S.A.,OPEA SECURITIZADORA S/A,3ª,2030-09-16,"DI + 1,1%",0.3555,0.5666,0.2666,0.23,1028.25003457,102.09,704.55,2026-10-02
CRA024002S1,CRA,MINERVA S.A.,RIZA SECURITIZADORA S.A.,1ª,2029-03-15,"DI + 1,1%",3.2301,3.5054,2.7661,0.61,963.86684869,95.7,530.96,2026-10-02
CRA02400AHV,CRA,CEREAL COMÉRCIO EXPORTAÇÃO E REPRESENTAÇÃO AGROPECUÁRIA S.A.,RIZA SECURITIZADORA S.A.,1ª,2029-11-16,"DI + 1,1%",1.8307,1.9805,1.2805,0.46,1038.57390435,98.24,616.27,2026-10-02
23F2455020,CRI,Assai,TRUE SECURITIZADORA S/A,3ª,2028-07-15,"DI + 1,15%",,,,,,,,2026-10-02
CRA023000MC,CRA,"VAMOS LOCAÇÃO DE CAMINHÕES, MÁQUINAS E EQUIPAMENTOS S.A.",ECO SECURITIZADORA DE DIREITOS CREDITÓRIOS DO AGRONEGÓCIO S.A.,2ª,2030-01-15,"DI + 1,2%",5.1781,5.4813,3.955,0.74,1442.23291202,88.24,818.0,2026-10-02
CRA024001P7,CRA,JSL S.A.,ECO SECURITIZADORA DE DIREITOS CREDITÓRIOS DO AGRONEGÓCIO S.A.,3ª,2031-02-17,"DI + 1,2%",5.0005,5.0866,4.1,0.0,923.64902529,90.67,662.98,2026-10-02
CRA024007Q4,CRA,SLC MÁQUINAS LTDA.,OPEA SECURITIZADORA S/A,2ª,2031-08-15,"DI + 1,2%",1.3264,1.7366,0.9866,0.16,1015.3411958,99.67,668.54,2026-10-02
23C0247388,CRI,LOCALIZA RENT A CAR S.A.,RIZA SECURITIZADORA S.A.,1ª,2028-03-10,"DI + 1,25%",0.5608,,,0.19,1018.18887887,100.91,334.67,2026-10-02
23G0009601,CRI,DIMED S.A.,OPEA SECURITIZADORA S/A,1ª,2028-07-27,"DI + 1,3%",,,,,,,,2026-10-02
23C0247702,CRI,LOCALIZA RENT A CAR S.A.,RIZA SECURITIZADORA S.A.,2ª,2030-03-11,"DI + 1,4%",0.3797,,,0.03,1037.74630791,102.84,698.99,2026-10-02
CRA022008NF,CRA,IRANI PAPEL E EMBALAGEM S.A.,ECO SECURITIZADORA DE DIREITOS CREDITÓRIOS DO AGRONEGÓCIO S.A.,1ª,2027-08-16,"DI + 1,4%",1.0623,1.4316,0.6461,0.14,1021.77807474,100.28,207.61,2026-10-02
CRA023002GX,CRA,INTEGRADA COOPERATIVA AGROINDUSTRIAL,ECO SECURITIZADORA DE DIREITOS CREDITÓRIOS DO AGRONEGÓCIO S.A.,1ª,2028-05-15,"DI + 1,4%",,,,,,,,2026-10-02
23J1127308,CRI,MOVIDA PARTICIPAÇÕES S.A.,OPEA SECURITIZADORA S/A,1ª,2028-10-16,"DI + 1,45%",4.605,4.9155,,0.42,1017.06863515,94.95,425.29,2026-10-02
22C1235206,CRI,HAVAN S.A.,OPEA SECURITIZADORA S/A,463ª,2027-04-27,"DI + 1,5%",0.6899,0.8672,0.5005,0.18,1007.09410097,100.42,133.21,2026-10-02
23I1257218,CRI,JSL S.A.,OPEA SECURITIZADORA S/A,2ª,2030-09-16,"DI + 1,5%",,,,,,,,2026-10-02
CRA0220080Y,CRA,NEOMILLE S.A.,ECO SECURITIZADORA DE DIREITOS CREDITÓRIOS DO AGRONEGÓCIO S.A.,1ª,2028-04-03,"DI + 1,5%",1.833,2.4055,1.2722,0.09,429.86736235,99.7,230.88,2026-10-02
CRA02300G7E,CRA,MARFRIG GLOBAL FOODS S.A.,ECO SECURITIZADORA DE DIREITOS CREDITÓRIOS DO AGRONEGÓCIO S.A.,2ª,2028-08-15,"DI + 1,5%",3.2769,3.4688,2.7855,0.27,990.18348101,97.16,417.42,2026-10-02
CRA02300MJ9,CRA,MINERVA S.A.,RIZA SECURITIZADORA S.A.,1ª,2028-09-15,"DI + 1,5%",2.3144,2.7155,1.6827,0.67,993.48990538,98.62,439.55,2026-10-02
CRA024003UY,CRA,LAR COOPERATIVA AGROINDUSTRIAL,ECO SECURITIZADORA DE DIREITOS CREDITÓRIOS DO AGRONEGÓCIO S.A.,2ª,2029-04-16,"DI + 1,55%",1.6601,2.1505,1.1505,0.18,1005.56419442,99.81,437.05,2026-10-02
CRA0240020A,CRA,VICUNHA TÊXTIL S.A.,RIZA SECURITIZADORA S.A.,1ª,2029-02-15,"DI + 1,6%",,,,,,,,2026-10-02
CRA0240099E,CRA,VALE DO TIJUCO AÇÚCAR E ÁLCOOL S.A.,ECO SECURITIZADORA DE DIREITOS CREDITÓRIOS DO AGRONEGÓCIO S.A.,1ª,2034-10-16,"DI + 1,6%",2.7663,,2.45,0.73,1026.71953452,95.78,943.43,2026-10-02
CRA025009KJ,CRA,Salton,OPEA SECURITIZADORA S/A,1ª,2031-12-09,"DI + 1,6%",,,,,,,,2026-10-02
24A2720884,CRI,DIAGNÓSTICAS DA AMÉRICA S.A.,VERT COMPANHIA SECURITIZADORA,1ª,2029-01-15,"DI + 1,63%",5.217,6.0583,3.0916,1.21,966.16591452,93.52,485.22,2026-10-02
22L1465644,CRI,ÂNIMA HOLDING S.A.,RIZA SECURITIZADORA S.A.,1ª,2027-12-15,"DI + 1,65%",2.5414,2.8922,1.75,0.34,997.97782207,99.05,274.46,2026-10-02
CRA0230073L,CRA,J. MACÊDO S.A.,RIZA SECURITIZADORA S.A.,1ª,2028-04-17,"DI + 1,65%",,,,,,,,2026-10-02
23F0012002,CRI,LOG COMMERCIAL PROPERTIES E PARTICIPAÇÕES S.A.,OPEA SECURITIZADORA S/A,1ª,2028-06-26,"DI + 1,7%",1.0288,,,0.22,673.17274466,100.74,281.85,2026-10-02
23L2043099,CRI,Unidas,OPEA SECURITIZADORA S/A,1ª,2028-12-15,"DI + 1,7%",,,,,,,,2026-10-02
CRA02300VBT,CRA,UNIDAS LOCAÇÕES E SERVIÇOS S.A.,OPEA SECURITIZADORA S/A,1ª,2028-12-15,"DI + 1,7%",1.2623,1.5441,0.6441,0.33,1055.31779718,100.81,468.77,2026-10-02
CRA022008NH,CRA,IRANI PAPEL E EMBALAGEM S.A.,ECO SECURITIZADORA DE DIREITOS CREDITÓRIOS DO AGRONEGÓCIO S.A.,2ª,2029-08-15,"DI + 1,75%",0.949,1.1491,0.5866,0.29,1035.80512526,101.61,508.53,2026-10-02
CRA0230012X,CRA,VALE DO PONTAL AÇÚCAR E ETANOL S.A.,ECO SECURITIZADORA DE DIREITOS CREDITÓRIOS DO AGRONEGÓCIO S.A.,1ª,2031-02-17,"DI + 1,8%",,,,,,,,2026-10-02
CRA0240005N,CRA,CEREAL COMÉRCIO EXPORTAÇÃO E REPRESENTAÇÃO AGROPECUÁRIA S.A.,RIZA SECURITIZADORA S.A.,1ª,2029-01-15,"DI + 1,8%",1.7324,1.9805,1.1805,0.07,1034.32319103,100.08,284.72,2026-10-02
24K0003002,CRI,PATRIMAR ENGENHARIA S.A.,RIZA SECURITIZADORA S.A.,1ª,2029-11-23,"DI + 1,95%",4.9227,5.3855,4.8391,1.66,995.20187803,94.12,528.1,2026-10-02
CRA02300Q8I,CRA,CAPAL COOPERATIVA AGROINDUSTRIAL,OPEA SECURITIZADORA S/A,1ª,2029-05-17,"DI + 1,95%",1.6998,2.2988,1.0322,0.0,605.94437323,100.34,350.47,2026-10-02
23H1023846,CRI,BR PROPERTIES S.A.,OPEA SECURITIZADORA S/A,1ª,2031-08-15,DI + 2%,1.3425,,1.2,0.13,940.80242412,101.79,694.03,2026-10-02
23J1333602,CRI,PATRIMAR ENGENHARIA S.A.,RIZA SECURITIZADORA S.A.,1ª,2028-10-20,DI + 2%,,,,,,,,2026-10-02
CRA022001P6,CRA,USINA BATATAIS S.A.,RIZA SECURITIZADORA S.A.,1ª,2028-04-20,DI + 2%,1.4566,,,0.26,1011.53203403,100.74,347.44,2026-10-02
CRA022008C2,CRA,VICUNHA TÊXTIL S.A.,RIZA SECURITIZADORA S.A.,2ª,2027-08-16,DI + 2%,,,,,,,,2026-10-02
CRA02300S8P,CRA,FS INDÚSTRIA DE BIOCOMBUSTÍVEIS LTDA.,ECO SECURITIZADORA DE DIREITOS CREDITÓRIOS DO AGRONEGÓCIO S.A.,2ª,2030-06-17,DI + 2%,4.1292,4.5566,3.6158,0.04,950.9389263,94.37,703.21,2026-10-02
CRA024000B7,CRA,FS INDÚSTRIA DE BIOCOMBUSTÍVEIS LTDA.,ECO SECURITIZADORA DE DIREITOS CREDITÓRIOS DO AGRONEGÓCIO S.A.,2ª,2030-07-15,DI + 2%,4.1308,4.6841,3.6227,0.11,950.06546121,94.28,713.69,2026-10-02
CRA02300BQD,CRA,GJA INDÚSTRIAS S.A.,RIZA SECURITIZADORA S.A.,1ª,2029-07-16,"DI + 2,25%",,,,,,,,2026-10-02
CRA025000MJ,CRA,Integrada Cooperativa Agroindustrial,ECO SECURITIZADORA DE DIREITOS CREDITÓRIOS DO AGRONEGÓCIO S.A.,2ª,2029-05-15,"DI + 2,35%",2.262,,,0.03,797.52908805,100.12,340.37,2026-10-02
22L1212138,CRI,LAR COOPERATIVA AGROINDUSTRIAL,HABITASEC SECURITIZADORA S.A.,2ª,2034-12-19,"DI + 2,45%",2.1391,,1.9,0.42,913.80925789,100.86,710.99,2026-10-02
CRA02300KZL,CRA,FLORA PRODUTOS DE HIGIENE E LIMPEZA S.A.,OPEA SECURITIZADORA S/A,1ª,2029-10-15,"DI + 2,5%",,,,,,,,2026-10-02
CRA02300795,CRA,FS INDÚSTRIA DE BIOCOMBUSTÍVEIS LTDA.,ECO SECURITIZADORA DE DIREITOS CREDITÓRIOS DO AGRONEGÓCIO S.A.,1ª,2029-10-15,"DI + 2,9%",4.1419,4.7116,3.4558,0.06,979.68875062,97.18,600.03,2026-10-02
CRA02300CCH,CRA,FS INDÚSTRIA DE BIOCOMBUSTÍVEIS LTDA.,ECO SECURITIZADORA DE DIREITOS CREDITÓRIOS DO AGRONEGÓCIO S.A.,1ª,2029-12-17,"DI + 2,9%",4.144,4.5244,3.6245,0.07,978.45112698,97.05,625.32,2026-10-02
CRA0250040I,CRA,Natural One S.A,ECO SECURITIZADORA DE DIREITOS CREDITÓRIOS DO AGRONEGÓCIO S.A.,1ª,2029-06-15,"DI + 2,9%",,,,,,,,2026-10-02
CRA0220099D,CRA,CENTRAL CRESOL BASER,ECO SECURITIZADORA DE DIREITOS CREDITÓRIOS DO AGRONEGÓCIO S.A.,1ª,2027-12-15,"DI + 2,95%",1.1418,1.6355,0.6688,0.1,354.25342196,101.14,161.16,2026-10-02
CRA023003JX,CRA,OLFAR S.A.,RIZA SECURITIZADORA S.A.,1ª,2029-03-15,DI + 3%,2.1898,3.1288,1.4955,0.03,727.30101008,100.99,316.35,2026-10-02
CRA0240086H,CRA,DISTRIBUIDORA DE PRODUTOS DE PETRÓLEO CHARRUA LTDA.,OPEA SECURITIZADORA S/A,1ª,2029-08-23,DI + 3%,3.3268,3.5038,3.2852,0.4,998.03036785,99.37,504.63,2026-10-02
CRA0250012Y,CRA,FS FLORESTAL S.A.,ECO SECURITIZADORA DE DIREITOS CREDITÓRIOS DO AGRONEGÓCIO S.A.,2ª,2031-03-17,DI + 3%,4.1556,,3.6294,0.11,973.3507433,96.54,791.13,2026-10-02
CRA022000RU,CRA,MADERO INDÚSTRIA E COMÉRCIO S.A.,ECO SECURITIZADORA DE DIREITOS CREDITÓRIOS DO AGRONEGÓCIO S.A.,2ª,2027-03-15,"DI + 3,5%",3.3978,,2.7938,0.45,140.74461951,100.02,57.46,2026-10-02
CRA024002MM,CRA,USINA SANTA FÉ S.A.,ECO SECURITIZADORA DE DIREITOS CREDITÓRIOS DO AGRONEGÓCIO S.A.,1ª,2029-12-17,DI + 4%,3.0684,,2.7222,0.55,893.99094987,101.29,360.19,2026-10-02
CRA02400ECU,CRA,USINA CORURIPE AÇÚCAR E ÁLCOOL S.A.,ECO SECURITIZADORA DE DIREITOS CREDITÓRIOS DO AGRONEGÓCIO S.A.,5ª,2030-11-25,"DI + 4,1%",4.4913,4.9905,,0.45,5004.09190852,99.37,425.0,2026-10-02
CRA023001JL,CRA,PISANI PLÁSTICOS S.A.,ECO SECURITIZADORA DE DIREITOS CREDITÓRIOS DO AGRONEGÓCIO S.A.,1ª,2029-02-20,DI + 5%,4.1603,4.7788,3.5122,0.14,545.02047087,100.85,265.51,2026-10-02
CRA02300KOH,CRA,TECSOIL AUTOMAÇÃO E SISTEMAS S.A.,OPEA SECURITIZADORA S/A,1ª,2028-10-16,"DI + 5,5%",3.1184,4.1333,2.1,0.02,715.68962675,102.1,230.06,2026-10-02
CRA02300JR6,CRA,RAÍZEN ENERGIA S.A.,TRUE SECURITIZADORA S/A,2ª,2033-10-17,IPCA + 0%,,,,,482.41621988,42.42,,2026-10-02
CRA019003JY,CRA,KLABIN S.A.,VERT COMPANHIA SECURITIZADORA,1ª,2029-06-15,"IPCA + 3,5%",7.3964,7.637,7.1928,0.02,1399.04572665,94.18,406.07,2026-10-02
CRA019003V3,CRA,RAÍZEN ENERGIA S.A.,OPEA SECURITIZADORA S/A,2ª,2029-07-16,"IPCA + 3,602%",,,,,694.45239087,47.41,,2026-10-02
CRA021000MG,CRA,M. DIAS BRANCO S.A. INDÚSTRIA E COMÉRCIO DE ALIMENTOS,RIZA SECURITIZADORA S.A.,1ª,2028-03-15,"IPCA + 3,7992%",8.3125,,7.8563,0.3,1290.15465004,94.18,354.93,2026-10-02
CRA021000MH,CRA,M. DIAS BRANCO S.A. INDÚSTRIA E COMÉRCIO DE ALIMENTOS,RIZA SECURITIZADORA S.A.,2ª,2031-03-15,"IPCA + 4,1369%",8.6523,8.7009,8.1567,0.39,1197.08572939,87.37,796.29,2026-10-02
CRA02100002,CRA,COCAL COMÉRCIO INDÚSTRIA CANAÃ AÇÚCAR E ÁLCOOL LTDA.,RIZA SECURITIZADORA S.A.,2ª,2028-02-15,"IPCA + 4,2095%",,,,,,,,2026-10-02
CRA021000MB,CRA,COLOMBO AGROINDÚSTRIA S.A.,ECO SECURITIZADORA DE DIREITOS CREDITÓRIOS DO AGRONEGÓCIO S.A.,1ª,2027-03-15,"IPCA + 4,4474%",7.4583,8.6919,6.9876,1.0,672.47257314,98.78,109.0,2026-10-02
CRA021001PQ,CRA,MARFRIG GLOBAL FOODS S.A.,OPEA SECURITIZADORA S/A,1ª,2028-07-15,"IPCA + 4,5%",12.7362,12.9476,12.361,0.2,1170.54450024,87.88,428.5,2026-10-02
CRA019001E7,CRA,KLABIN S.A.,VERT COMPANHIA SECURITIZADORA,2ª,2029-03-15,"IPCA + 4,5081%",7.3277,7.6155,7.1253,0.13,1459.85775393,96.43,341.83,2026-10-02
CRA021001VA,CRA,MARFRIG GLOBAL FOODS S.A.,OPEA SECURITIZADORA S/A,2ª,2031-07-15,"IPCA + 4,6%",12.5349,12.7532,11.2058,0.16,1039.60372328,78.03,843.46,2026-10-02
21G0065100,CRI,ALIANSCE SONAE SHOPPING CENTERS S.A.,RB CAPITAL INVESTIMENTOS DTVM LTDA,347ª,2028-07-17,"IPCA + 4,6197%",8.0832,,7.9037,0.21,1258.57710647,94.62,427.8,2026-10-02
CRA0210013B,CRA,BRF S.A.,VERT COMPANHIA SECURITIZADORA,1ª,2031-05-15,"IPCA + 4,7843%",12.0238,12.222,11.6922,1.14,1041.96636207,76.34,1005.88,2026-10-02
CRA021001KB,CRA,COMPANHIA DE LOCAÇÃO DAS AMÉRICAS,ECO SECURITIZADORA DE DIREITOS CREDITÓRIOS DO AGRONEGÓCIO S.A.,1ª,2031-07-15,"IPCA + 4,825%",8.3107,8.7235,8.1357,0.43,1198.20406842,89.46,852.52,2026-10-02
CRA021002SO,CRA,IPIRANGA PRODUTOS DE PETRÓLEO S.A.,VERT COMPANHIA SECURITIZADORA,1ª,2028-09-15,"IPCA + 4,8287%",8.1655,8.7002,8.0464,0.3,1232.84378237,94.31,471.18,2026-10-02
21D0737500,CRI,DIRECIONAL ENGENHARIA S.A.,OPEA SECURITIZADORA S/A,371ª,2028-04-17,"IPCA + 4,8444%",7.4843,7.9458,7.352,0.25,880.24758693,97.57,248.23,2026-10-02
21D0862572,CRI,REDE D'OR SÃO LUIZ S.A.,OPEA SECURITIZADORA S/A,324ª,2036-05-15,"IPCA + 4,9347%",8.4627,,8.2193,0.18,1095.74444034,79.79,1687.2,2026-10-02
21H1078699,CRI,SENDAS DISTRIBUIDORA S.A.,OPEA SECURITIZADORA S/A,428ª,2028-10-16,"IPCA + 5,1531%",11.0372,11.3215,10.7038,0.37,1185.92033914,90.2,476.42,2026-10-02
21H1078700,CRI,SENDAS DISTRIBUIDORA S.A.,OPEA SECURITIZADORA S/A,429ª,2031-10-15,"IPCA + 5,2662%",12.0243,12.3144,11.7657,0.05,1057.23181386,80.37,872.39,2026-10-02
CRA020002GZ,CRA,BRF S.A.,VERT COMPANHIA SECURITIZADORA,1ª,2027-07-15,"IPCA + 5,3%",10.4051,10.8657,,1.04,1404.62555195,96.48,190.77,2026-10-02
21D0694886,CRI,CONSTRUTORA TENDA S.A.,OPEA SECURITIZADORA S/A,378ª,2028-04-17,"IPCA + 5,3621%",9.3576,,,0.18,889.43329151,96.44,243.92,2026-10-02
CRA021002NF,CRA,PETROBRAS DISTRIBUIDORA S.A.,RIZA SECURITIZADORA S.A.,1ª,2031-09-15,"IPCA + 5,3995%",8.984,9.3164,8.6642,0.32,1160.84324938,88.68,900.31,2026-10-02
CRA020001P7,CRA,RAÍZEN ENERGIA S.A.,OPEA SECURITIZADORA S/A,1ª,2027-06-15,"IPCA + 5,4%",,,,,662.46314827,46.56,,2026-10-02
CRA021000RX,CRA,MINERVA S.A.,RIZA SECURITIZADORA S.A.,1ª,2028-04-17,"IPCA + 5,5034%",12.7547,,11.3425,0.06,1258.48517341,90.85,363.05,2026-10-02
21I0278118,CRI,LOG COMMERCIAL PROPERTIES E PARTICIPAÇÕES S.A.,RIZA SECURITIZADORA S.A.,362ª,2028-09-15,"IPCA + 5,5212%",11.1765,,,1.39,609.28535923,93.01,348.11,2026-10-02
21K0001806,CRI,REDE D'OR SÃO LUIZ S.A.,OPEA SECURITIZADORA S/A,396ª,2031-12-15,"IPCA + 5,5758%",8.5543,8.7381,8.2646,0.05,1162.55902044,90.26,922.06,2026-10-02
CRA021000RY,CRA,MINERVA S.A.,RIZA SECURITIZADORA S.A.,39ª,2031-04-15,"IPCA + 5,578%",11.4787,12.421,10.9291,0.93,1170.98457575,84.51,771.07,2026-10-02
CRA020002H1,CRA,BRF S.A.,VERT COMPANHIA SECURITIZADORA,2ª,2030-07-15,"IPCA + 5,6%",11.8242,12.602,10.836,0.94,1260.85516986,86.55,629.35,2026-10-02
CRA022002Y1,CRA,NORSA REFRIGERANTES S.A.,RIZA SECURITIZADORA S.A.,1ª,2027-03-15,"IPCA + 5,685%",,,,,,,,2026-10-02
CRA020003PY,CRA,"VAMOS LOCAÇÃO DE CAMINHÕES, MÁQUINAS E EQUIPAMENTOS S.A.",ECO SECURITIZADORA DE DIREITOS CREDITÓRIOS DO AGRONEGÓCIO S.A.,1ª,2030-11-18,"IPCA + 5,7315%",12.866,13.4875,12.0965,0.86,1198.22559239,83.45,689.47,2026-10-02
21K0001812,CRI,ULTRA SOM SERVIÇOS MÉDICOS S.A.,RIZA SECURITIZADORA S.A.,378ª,2031-12-15,"IPCA + 5,7505%",20.5029,22.9408,19.0673,0.23,763.83905825,59.57,966.62,2026-10-02
CRA021002YA,CRA,CARAMURU ALIMENTOS S.A.,ECO SECURITIZADORA DE DIREITOS CREDITÓRIOS DO AGRONEGÓCIO S.A.,1ª,2027-09-15,"IPCA + 5,7641%",9.1302,9.6479,8.5374,1.38,249.75885248,97.14,233.52,2026-10-02
CRA020001P8,CRA,RAÍZEN ENERGIA S.A.,TRUE SECURITIZADORA S/A,2ª,2030-06-17,"IPCA + 5,8%",,,,,657.66554667,46.18,,2026-10-02
22D1289007,CRI,REDE D'OR SÃO LUIZ S.A.,OPEA SECURITIZADORA S/A,508ª,2029-06-15,"IPCA + 5,83%",8.2663,,7.8817,0.05,1149.62874958,94.54,620.88,2026-10-02
22D1289010,CRI,CYRELA BRAZIL REALTY S.A.,OPEA SECURITIZADORA S/A,490ª,2027-06-15,"IPCA + 5,9068%",7.0325,,6.7755,0.69,1228.8379228,99.3,168.48,2026-10-02
CRA022002Y2,CRA,NORSA REFRIGERANTES S.A.,RIZA SECURITIZADORA S.A.,2ª,2029-03-15,"IPCA + 5,9169%",8.4849,8.9818,8.1719,0.38,1164.49122742,95.7,461.95,2026-10-02
CRA022006N5,CRA,IPIRANGA PRODUTOS DE PETRÓLEO S.A.,VERT COMPANHIA SECURITIZADORA,1ª,2032-06-15,"IPCA + 6,0053%",8.3762,8.8089,8.1916,0.06,1111.14543909,91.48,1009.04,2026-10-02
22D1289008,CRI,REDE D'OR SÃO LUIZ S.A.,OPEA SECURITIZADORA S/A,509ª,2032-06-15,"IPCA + 6,01%",,,,,,,,2026-10-02
CRA022002Y3,CRA,NORSA REFRIGERANTES S.A.,RIZA SECURITIZADORA S.A.,3ª,2032-03-15,"IPCA + 6,0392%",8.6922,,8.4797,0.35,1105.31359055,90.83,976.0,2026-10-02
21K0001807,CRI,REDE D'OR SÃO LUIZ S.A.,OPEA SECURITIZADORA S/A,397ª,2036-12-15,"IPCA + 6,1017%",8.601,8.7634,8.3213,0.1,1098.18230512,85.13,1713.19,2026-10-02
22K0001201,CRI,PETRÓLEO BRASILEIRO S.A. - PETROBRAS,OPEA SECURITIZADORA S/A,1ª,2030-04-15,"IPCA + 6,2%",7.3223,7.5879,7.2015,0.05,1190.51198132,96.73,794.96,2026-10-02
23H0027403,CRI,REDE D'OR SÃO LUIZ S.A.,OPEA SECURITIZADORA S/A,2ª,2030-08-15,"IPCA + 6,2%",8.5377,8.764,8.3022,0.07,1074.61177755,92.79,863.72,2026-10-02
CRA022006MY,CRA,Dexco S.A.,ECO SECURITIZADORA DE DIREITOS CREDITÓRIOS DO AGRONEGÓCIO S.A.,2ª,2032-06-15,"IPCA + 6,2%",,,,,,,,2026-10-02
22K0001203,CRI,PETRÓLEO BRASILEIRO S.A. - PETROBRAS,OPEA SECURITIZADORA S/A,2ª,2032-11-16,"IPCA + 6,25%",7.3577,7.6693,,0.06,1198.10974871,94.99,1242.94,2026-10-02
22E1325262,CRI,HYPERA S.A.,OPEA SECURITIZADORA S/A,2ª,2029-08-15,"IPCA + 6,279%",8.7686,9.1088,8.3318,0.26,1133.15679593,94.1,660.46,2026-10-02
CRA021002YF,CRA,J. MACÊDO S.A.,ECO SECURITIZADORA DE DIREITOS CREDITÓRIOS DO AGRONEGÓCIO S.A.,1ª,2026-11-16,"IPCA + 6,3071%",7.2837,9.6719,6.8926,1.54,61.30764283,99.93,18.44,2026-10-02
CRA02300S35,CRA,CAMIL ALIMENTOS S.A.,ECO SECURITIZADORA DE DIREITOS CREDITÓRIOS DO AGRONEGÓCIO S.A.,2ª,2030-11-18,"IPCA + 6,3416%",12.8548,13.131,11.9889,0.04,967.5999306,82.88,787.59,2026-10-02
22C1362141,CRI,MATEUS SUPERMERCADOS S.A.,OPEA SECURITIZADORA S/A,1ª,2034-07-17,"IPCA + 6,3423%",10.332,,10.2955,0.18,828.39224375,88.76,793.64,2026-10-02
22B0004808,CRI,CSN CIMENTOS S.A.,RIZA SECURITIZADORA S.A.,417ª,2032-02-16,"IPCA + 6,3893%",17.0375,19.5268,14.1668,0.12,874.61108815,70.06,918.43,2026-10-02
CRA022008N6,CRA,JBS S.A.,RIZA SECURITIZADORA S.A.,2ª,2032-09-15,"IPCA + 6,3919%",9.2148,,,0.09,1079.36094098,89.48,1062.59,2026-10-02
22K0001204,CRI,PETRÓLEO BRASILEIRO S.A. - PETROBRAS,OPEA SECURITIZADORA S/A,3ª,2037-11-16,"IPCA + 6,4%",,,,,,,,2026-10-02
24B0013203,CRI,CIDADE MARAVILHOSA INDÚSTRIA E COMÉRCIO DE ROUPAS S.A.,RIZA SECURITIZADORA S.A.,3ª,2030-02-15,"IPCA + 6,4%",12.4384,,12.4174,1.87,979.39707671,86.62,651.59,2026-10-02
CRA02300CYS,CRA,BANCO BTG PACTUAL S.A.,OPEA SECURITIZADORA S/A,3ª,2033-07-15,"IPCA + 6,4338%",,,,,,,,2026-10-02
22E1325264,CRI,HYPERA S.A.,OPEA SECURITIZADORA S/A,3ª,2032-08-16,"IPCA + 6,4451%",8.9983,9.2879,8.8476,0.21,1091.34037329,90.61,1041.71,2026-10-02
CRA024001P6,CRA,JSL S.A.,ECO SECURITIZADORA DE DIREITOS CREDITÓRIOS DO AGRONEGÓCIO S.A.,2ª,2031-02-17,"IPCA + 6,4527%",13.8195,14.1922,12.5864,0.74,927.24680426,81.91,742.1,2026-10-02
22E1095384,CRI,MRV ENGENHARIA E PARTICIPAÇÕES S.A.,OPEA SECURITIZADORA S/A,1ª,2030-09-16,"IPCA + 6,4802%",12.7127,,,0.39,1026.88606883,85.93,665.37,2026-10-02
21J0001208,CRI,TENDA ATACADO S.A.,RIZA SECURITIZADORA S.A.,306ª,2026-10-15,"IPCA + 6,4803%",11.9722,,11.4663,0.34,440.88616823,99.84,8.0,2026-10-02
22F0009804,CRI,DIRECIONAL ENGENHARIA S.A.,OPEA SECURITIZADORA S/A,1ª,2032-06-15,"IPCA + 6,4899%",8.8525,9.0678,8.576,0.07,1112.79238309,91.63,997.95,2026-10-02
22F0009409,CRI,GJA INDÚSTRIAS S.A.,RIZA SECURITIZADORA S.A.,1ª,2029-06-15,"IPCA + 6,5%",12.6527,,12.5298,1.12,1067.98616817,89.29,505.27,2026-10-02
CRA022003JT,CRA,BEM BRASIL ALIMENTOS S.A.,ECO SECURITIZADORA DE DIREITOS CREDITÓRIOS DO AGRONEGÓCIO S.A.,1ª,2029-05-15,"IPCA + 6,5348%",,,,,,,,2026-10-02
CRA022004MS,CRA,"VAMOS LOCAÇÃO DE CAMINHÕES, MÁQUINAS E EQUIPAMENTOS S.A.",ECO SECURITIZADORA DE DIREITOS CREDITÓRIOS DO AGRONEGÓCIO S.A.,1ª,2032-05-17,"IPCA + 6,5473%",14.2318,14.252,12.8512,0.21,939.54015488,76.52,948.5,2026-10-02
23H0027404,CRI,REDE D'OR SÃO LUIZ S.A.,OPEA SECURITIZADORA S/A,3ª,2033-08-15,"IPCA + 6,55%",8.6187,8.8782,8.3009,0.14,1055.17571613,91.07,1217.55,2026-10-02
CRA022008NB,CRA,RAÍZEN ENERGIA S.A.,OPEA SECURITIZADORA S/A,1ª,2032-08-16,"IPCA + 6,5885%",,,,,575.58311947,47.54,,2026-10-02
22B0006022,CRI,MRV ENGENHARIA E PARTICIPAÇÕES S.A.,RIZA SECURITIZADORA S.A.,442ª,2029-02-15,"IPCA + 6,5954%",12.2223,,12.1763,0.57,1144.14536494,91.41,437.86,2026-10-02
CRA024004SA,CRA,JBS S.A.,RIZA SECURITIZADORA S.A.,2ª,2034-05-15,"IPCA + 6,5975%",9.2136,9.9688,8.6001,0.42,986.62658492,86.73,1460.23,2026-10-02
22J0306937,CRI,DIAGNÓSTICOS DA AMÉRICA S.A.,VERT COMPANHIA SECURITIZADORA,2ª,2029-10-15,"IPCA + 6,6%",13.1065,14.0214,12.1444,0.42,1052.63616962,85.33,670.09,2026-10-02
CRA02300G7F,CRA,MARFRIG GLOBAL FOODS S.A.,ECO SECURITIZADORA DE DIREITOS CREDITÓRIOS DO AGRONEGÓCIO S.A.,3ª,2030-08-15,"IPCA + 6,6%",12.7495,13.0015,12.3451,0.04,958.46252164,82.65,849.88,2026-10-02
CRA022008C7,CRA,COMPANHIA DE LOCAÇÃO DAS AMÉRICAS,ECO SECURITIZADORA DE DIREITOS CREDITÓRIOS DO AGRONEGÓCIO S.A.,1ª,2028-09-15,"IPCA + 6,6018%",8.4079,8.8496,8.2187,0.43,1168.53717428,96.94,465.47,2026-10-02
CRA022007KI,CRA,COCAL COMÉRCIO INDÚSTRIA CANAÃ AÇÚCAR E ÁLCOOL LTDA.,RIZA SECURITIZADORA S.A.,1ª,2030-08-15,"IPCA + 6,6234%",10.7127,10.9633,10.4471,0.29,1087.21481861,90.73,646.85,2026-10-02
CRA02300JG3,CRA,JBS S.A.,RIZA SECURITIZADORA S.A.,3ª,2030-09-16,"IPCA + 6,6441%",9.1593,,,0.1,1059.00967549,92.17,878.51,2026-10-02
CRA022008N7,CRA,JBS S.A.,RIZA SECURITIZADORA S.A.,3ª,2037-09-15,"IPCA + 6,6614%",9.2177,9.7365,8.7321,0.71,1015.84945679,84.2,1795.4,2026-10-02
CRA022000XF,CRA,MARFRIG GLOBAL FOODS S.A.,ECO SECURITIZADORA DE DIREITOS CREDITÓRIOS DO AGRONEGÓCIO S.A.,3ª,2032-01-15,"IPCA + 6,663%",12.5325,,12.123,0.23,1041.21350292,82.2,909.95,2026-10-02
CRA02300JG4,CRA,JBS S.A.,RIZA SECURITIZADORA S.A.,4ª,2033-09-15,"IPCA + 6,6634%",9.2126,,,0.17,1022.79713442,89.02,1231.13,2026-10-02
24F1277567,CRI,DIRECIONAL ENGENHARIA S.A.,OPEA SECURITIZADORA S/A,2ª,2031-07-15,"IPCA + 6,6747%",8.8002,9.0547,8.5402,0.09,1039.08819664,92.96,928.66,2026-10-02
23L1737622,CRI,REDE D'OR SÃO LUIZ S.A.,OPEA SECURITIZADORA S/A,1ª,2033-12-15,"IPCA + 6,6941%",,,,,,,,2026-10-02
22G1414303,CRI,SENDAS DISTRIBUIDORA S.A.,OPEA SECURITIZADORA S/A,3ª,2029-09-17,"IPCA + 6,7%",11.6507,,,0.11,1087.8930644,90.24,568.45,2026-10-02
CRA022008ND,CRA,RAÍZEN ENERGIA S.A.,OPEA SECURITIZADORA S/A,2ª,2037-08-17,"IPCA + 6,7382%",,,,,556.39444726,45.91,,2026-10-02
CRA0240066J,CRA,SLC AGRICOLA II,RIZA SECURITIZADORA S.A.,3ª,2031-07-15,"IPCA + 6,7469%",9.1952,9.7882,8.8639,0.31,1028.90513431,91.84,941.98,2026-10-02
22J0306938,CRI,DIAGNÓSTICOS DA AMÉRICA S.A.,VERT COMPANHIA SECURITIZADORA,3ª,2032-10-15,"IPCA + 6,75%",13.1022,13.7234,12.0484,0.24,973.46352396,78.86,1014.81,2026-10-02
CRA0240020C,CRA,VICUNHA II,RIZA SECURITIZADORA S.A.,3ª,2031-02-15,"IPCA + 6,7641%",,,,,,,,2026-10-02
CRA022007EP,CRA,KLABIN S.A.,VERT COMPANHIA SECURITIZADORA,1ª,2034-05-15,"IPCA + 6,7694%",7.8005,8.0031,7.6334,0.11,1151.32205214,94.5,1474.63,2026-10-02
CRA024004SB,CRA,JBS S.A.,RIZA SECURITIZADORA S.A.,3ª,2039-05-16,"IPCA + 6,7825%",8.985,,,0.84,970.12732718,85.22,1928.7,2026-10-02
CRA0240086K,CRA,SEARA ALIMENTOS LTDA.,RIZA SECURITIZADORA S.A.,2ª,2034-09-15,"IPCA + 6,7931%",8.8187,9.6268,8.5165,0.51,980.39909064,89.02,1544.84,2026-10-02
CRA024002ML,CRA,MARFRIG GLOBAL FOODS S.A.,ECO SECURITIZADORA DE DIREITOS CREDITÓRIOS DO AGRONEGÓCIO S.A.,3ª,2034-03-15,"IPCA + 6,7996%",12.8076,13.0294,12.2549,0.18,844.93745527,75.36,1273.67,2026-10-02
22I0970804,CRI,NATURA COSMÉTICOS S.A.,RIZA SECURITIZADORA S.A.,2ª,2029-09-17,"IPCA + 6,8%",9.0413,,8.8221,0.15,1141.29544638,94.56,678.19,2026-10-02
CRA0240066B,CRA,CAMIL ALIMENTOS S.A.,ECO SECURITIZADORA DE DIREITOS CREDITÓRIOS DO AGRONEGÓCIO S.A.,2ª,2031-06-16,"IPCA + 6,8286%",12.7046,,11.4137,0.12,933.0334017,82.57,891.03,2026-10-02
CRA0220079D,CRA,BRF S.A.,VERT COMPANHIA SECURITIZADORA,2ª,2032-07-15,"IPCA + 6,8344%",12.7648,13.0497,12.2562,0.05,989.85433133,80.56,992.72,2026-10-02
CRA0240086L,CRA,SEARA ALIMENTOS LTDA.,RIZA SECURITIZADORA S.A.,3ª,2044-09-15,"IPCA + 6,8408%",9.2719,,8.9447,0.64,888.16017318,80.64,2317.42,2026-10-02
CRA02300SV1,CRA,"VAMOS LOCAÇÃO DE CAMINHÕES, MÁQUINAS E EQUIPAMENTOS S.A.",ECO SECURITIZADORA DE DIREITOS CREDITÓRIOS DO AGRONEGÓCIO S.A.,3ª,2033-11-16,"IPCA + 6,8453%",,,,,,,,2026-10-02
CRA022006HK,CRA,SÃO SALVADOR ALIMENTOS S.A.,ECO SECURITIZADORA DE DIREITOS CREDITÓRIOS DO AGRONEGÓCIO S.A.,2ª,2030-07-15,"IPCA + 6,8911%",8.8695,,,0.22,1153.6694421,95.53,626.91,2026-10-02
22I0970868,CRI,NATURA COSMÉTICOS S.A.,RIZA SECURITIZADORA S.A.,3ª,2032-09-15,"IPCA + 6,9%",9.2078,9.6694,,0.34,1103.37476393,91.41,1053.72,2026-10-02
23L1737623,CRI,REDE D'OR SÃO LUIZ S.A.,OPEA SECURITIZADORA S/A,2ª,2038-12-15,"IPCA + 6,9527%",8.5876,,8.2282,0.14,1033.59952632,89.01,1903.83,2026-10-02
CRA022004S9,CRA,"VAMOS LOCAÇÃO DE CAMINHÕES, MÁQUINAS E EQUIPAMENTOS S.A.",ECO SECURITIZADORA DE DIREITOS CREDITÓRIOS DO AGRONEGÓCIO S.A.,2ª,2037-05-15,"IPCA + 6,9739%",13.4592,,12.4272,1.13,832.90270529,67.73,1578.59,2026-10-02
CRA02300JG5,CRA,JBS S.A.,RIZA SECURITIZADORA S.A.,5ª,2038-09-15,"IPCA + 6,9938%",9.6249,9.9689,9.2306,0.64,954.90946466,83.1,1876.41,2026-10-02
CRA024004SC,CRA,JBS S.A.,RIZA SECURITIZADORA S.A.,4ª,2044-05-16,"IPCA + 6,9947%",9.6197,10.1925,9.0657,0.6,913.61360509,80.2,2195.2,2026-10-02
CRA022004XY,CRA,USINA CERRADÃO S.A.,ECO SECURITIZADORA DE DIREITOS CREDITÓRIOS DO AGRONEGÓCIO S.A.,1ª,2028-05-15,"IPCA + 6,9949%",7.8196,,7.4117,0.3,813.16300792,99.2,262.33,2026-10-02
22F0009410,CRI,GJA INDÚSTRIAS S.A.,RIZA SECURITIZADORA S.A.,2ª,2032-06-15,IPCA + 7%,11.4329,,,0.21,1019.90246065,85.25,979.21,2026-10-02
23F1519397,CRI,MOVIDA PARTICIPAÇÕES S.A.,OPEA SECURITIZADORA S/A,3ª,2028-06-16,IPCA + 7%,13.3321,13.6828,,0.37,1069.61069924,91.28,398.94,2026-10-02
24G1674104,CRI,JHSF PARTICIPAÇÕES S.A.,OPEA SECURITIZADORA S/A,4ª,2034-07-17,"IPCA + 7,0163%",8.8953,9.1291,8.7067,0.08,896.74998657,92.55,1105.26,2026-10-02
CRA02200C6Y,CRA,MARFRIG GLOBAL FOODS S.A.,ECO SECURITIZADORA DE DIREITOS CREDITÓRIOS DO AGRONEGÓCIO S.A.,1ª,2029-10-15,"IPCA + 7,0383%",12.6072,12.8555,11.1545,0.17,1071.86611739,87.37,666.44,2026-10-02
CRA024007PU,CRA,SOROCABA REFRESCOS S.A.,ECO SECURITIZADORA DE DIREITOS CREDITÓRIOS DO AGRONEGÓCIO S.A.,2ª,2034-08-15,"IPCA + 7,05%",9.6831,10.2305,9.5209,0.44,973.06420531,87.64,1353.41,2026-10-02
22K0934880,CRI,BCBF PARTICIPAÇÕES S.A.,RIZA SECURITIZADORA S.A.,2ª,2029-12-17,"IPCA + 7,0913%",21.3459,23.5754,19.0957,1.04,855.81558676,70.49,693.97,2026-10-02
CRA022006HE,CRA,AÇO VERDE DO BRASIL S.A.,RIZA SECURITIZADORA S.A.,1ª,2029-06-15,"IPCA + 7,1543%",9.9315,,9.7164,0.39,1170.14735079,96.11,388.99,2026-10-02
CRA023000RT,CRA,"VAMOS LOCAÇÃO DE CAMINHÕES, MÁQUINAS E EQUIPAMENTOS S.A.",ECO SECURITIZADORA DE DIREITOS CREDITÓRIOS DO AGRONEGÓCIO S.A.,3ª,2030-01-15,"IPCA + 7,1638%",14.0184,14.4985,12.8261,0.11,1001.68064291,83.57,724.31,2026-10-02
CRA022006BU,CRA,CARAMURU ALIMENTOS S.A.,ECO SECURITIZADORA DE DIREITOS CREDITÓRIOS DO AGRONEGÓCIO S.A.,1ª,2029-07-16,"IPCA + 7,2043%",10.8845,,,1.57,685.45507143,94.69,404.63,2026-10-02
CRA0220073P,CRA,MINERVA S.A.,RIZA SECURITIZADORA S.A.,1ª,2029-07-16,"IPCA + 7,2063%",12.0237,12.4224,11.441,0.93,1081.77726217,89.58,628.76,2026-10-02
CRA0240066K,CRA,BRF S.A.,ECO SECURITIZADORA DE DIREITOS CREDITÓRIOS DO AGRONEGÓCIO S.A.,3ª,2034-06-15,"IPCA + 7,2336%",12.5843,12.9207,12.1472,0.21,878.77879609,77.76,1270.17,2026-10-02
22K0934889,CRI,BCBF PARTICIPAÇÕES S.A.,RIZA SECURITIZADORA S.A.,3ª,2034-12-15,"IPCA + 7,2792%",21.0433,22.8415,18.5745,1.47,647.31699275,53.29,1213.43,2026-10-02
CRA024001QA,CRA,ZAMP S.A.,RIZA SECURITIZADORA S.A.,3ª,2029-02-15,"IPCA + 7,3%",9.7579,,9.557,0.69,1081.89475392,95.19,547.51,2026-10-02
CRA024007Q5,CRA,SLC MÁQUINAS LTDA.,OPEA SECURITIZADORA S/A,3ª,2031-08-15,"IPCA + 7,31%",9.8579,9.8713,9.2811,0.7,1035.00803007,93.32,737.88,2026-10-02
CRA02200C6Z,CRA,MARFRIG GLOBAL FOODS S.A.,ECO SECURITIZADORA DE DIREITOS CREDITÓRIOS DO AGRONEGÓCIO S.A.,2ª,2032-10-15,"IPCA + 7,3352%",12.7172,,11.1352,0.02,1007.1026164,81.99,1004.98,2026-10-02
24A2721507,CRI,DASA,VERT COMPANHIA SECURITIZADORA,3ª,2031-01-15,"IPCA + 7,3402%",13.3373,13.6798,12.3049,1.67,960.85612224,83.76,813.53,2026-10-02
CRA022006HF,CRA,AÇO VERDE DO BRASIL S.A.,RIZA SECURITIZADORA S.A.,2ª,2032-06-15,"IPCA + 7,3686%",10.1825,,9.989,0.26,1101.3215882,90.4,975.99,2026-10-02
CRA024009Q4,CRA,MARFRIG GLOBAL FOODS S.A.,ECO SECURITIZADORA DE DIREITOS CREDITÓRIOS DO AGRONEGÓCIO S.A.,3ª,2034-10-16,"IPCA + 7,3693%",12.9043,13.1287,12.3187,0.12,866.00330419,76.76,1287.04,2026-10-02
22E1314836,CRI,SÃO CARLOS EMPREENDIMENTOS E PARTICIPAÇÕES S.A.,OPEA SECURITIZADORA S/A,1ª,2029-09-17,"IPCA + 7,3826%",,,,,,,,2026-10-02
CRA022001E2,CRA,FS AGRISOLUTIONS INDÚSTRIA DE BIOCOMBUSTÍVEIS LTDA.,ECO SECURITIZADORA DE DIREITOS CREDITÓRIOS DO AGRONEGÓCIO S.A.,2ª,2029-02-15,"IPCA + 7,3913%",12.0941,12.3959,11.2844,0.49,1171.33546012,94.72,315.54,2026-10-02
CRA022004SD,CRA,FS AGRISOLUTIONS INDÚSTRIA DE BIOCOMBUSTÍVEIS LTDA.,ECO SECURITIZADORA DE DIREITOS CREDITÓRIOS DO AGRONEGÓCIO S.A.,2ª,2029-05-15,"IPCA + 7,3913%",11.9165,12.3348,11.347,0.33,1165.18408802,94.16,363.98,2026-10-02
CRA02400AHZ,CRA,REFRESCOS BANDEIRANTES INDÚSTRIA E COMÉRCIO LTDA.,RIZA SECURITIZADORA S.A.,2ª,2034-11-16,"IPCA + 7,41%",10.4032,12.0715,,0.71,964.36205968,86.2,1340.97,2026-10-02
24J2539865,CRI,JHSF PARTICIPAÇÕES S.A.,OPEA SECURITIZADORA S/A,1ª,2034-10-16,"IPCA + 7,4183%",9.0078,9.2656,8.7519,0.11,1044.94294707,92.43,1339.79,2026-10-02
CRA0240005O,CRA,CEREAL COMÉRCIO EXPORTAÇÃO E REPRESENTAÇÃO AGROPECUÁRIA S.A.,RIZA SECURITIZADORA S.A.,2ª,2029-01-15,"IPCA + 7,4367%",9.232,9.7548,8.751,0.78,1123.6141014,98.04,299.23,2026-10-02
CRA022004H5,CRA,NARDINI AGROINDUSTRIAL LTDA.,OPEA SECURITIZADORA S/A,1ª,2028-04-15,"IPCA + 7,4986%",,,,,,,,2026-10-02
23L2043184,CRI,UNIDAS LOCADORA S.A.,OPEA SECURITIZADORA S/A,3ª,2030-12-16,"IPCA + 7,5%",9.9923,10.3878,9.6359,0.27,1080.74116466,92.95,800.54,2026-10-02
CRA024009Q5,CRA,MARFRIG GLOBAL FOODS S.A.,ECO SECURITIZADORA DE DIREITOS CREDITÓRIOS DO AGRONEGÓCIO S.A.,4ª,2039-10-17,"IPCA + 7,5395%",,,,,,,,2026-10-02
CRA02300MOQ,CRA,MINERVA S.A.,RIZA SECURITIZADORA S.A.,3ª,2030-09-16,"IPCA + 7,5408%",12.6813,13.1202,11.7829,0.82,996.46050415,86.74,762.94,2026-10-02
23L0034761,CRI,FARO ENERGY PROJETOS SOLARES HOLDING S.A.,OPEA SECURITIZADORA S/A,1ª,2038-12-15,"IPCA + 7,5702%",,,,,,,,2026-10-02
CRA0250080Y,CRA,ELDORADO BRASIL CELULOSE S.A.,OPEA SECURITIZADORA S/A,3ª,2040-09-17,"IPCA + 7,6%",8.6438,,8.2026,0.51,964.10205026,91.93,2167.93,2026-10-02
24A2722748,CRI,DIAGNÓSTICOS DA AMÉRICA S.A.,VERT COMPANHIA SECURITIZADORA,5ª,2034-01-16,"IPCA + 7,6075%",14.8753,17.6628,12.4165,3.89,835.06120585,72.75,1189.71,2026-10-02
25D0012204,CRI,CYRELA BRAZIL REALTY S.A.,COMPANHIA PROVÍNCIA DE SECURITIZAÇÃO,3ª,2032-04-15,"IPCA + 7,6693%",8.4535,,8.1717,0.05,1060.55495291,97.08,1028.53,2026-10-02
23J1127331,CRI,MOVIDA PARTICIPAÇÕES S.A.,OPEA SECURITIZADORA S/A,3ª,2033-10-17,"IPCA + 7,7279%",13.4088,,,0.51,932.98215387,78.82,1138.69,2026-10-02
CRA0250080X,CRA,ELDORADO BRASIL CELULOSE S.A.,OPEA SECURITIZADORA S/A,2ª,2035-09-17,"IPCA + 7,7281%",8.5451,,8.2137,0.18,998.05547169,95.16,1647.15,2026-10-02
CRA02400AYK,CRA,BEM BRASIL ALIMENTOS S.A.,ECO SECURITIZADORA DE DIREITOS CREDITÓRIOS DO AGRONEGÓCIO S.A.,ª,2031-11-17,"IPCA + 7,737%",9.8497,,,0.85,1026.15554073,93.45,874.94,2026-10-02
CRA0230073N,CRA,J. MACÊDO S.A.,RIZA SECURITIZADORA S.A.,2ª,2030-04-15,"IPCA + 7,8%",8.3335,,,0.28,1027.43628006,99.21,402.7,2026-10-02
CRA025003PJ,CRA,SEARA,RIZA SECURITIZADORA S.A.,3ª,2055-05-17,"IPCA + 7,8%",,,,,,,,2026-10-02
CRA024003UZ,CRA,LAR COOPERATIVA AGROINDUSTRIAL,ECO SECURITIZADORA DE DIREITOS CREDITÓRIOS DO AGRONEGÓCIO S.A.,3ª,2031-04-15,"IPCA + 7,8363%",9.6954,10.1789,9.3927,0.23,1061.31236497,94.94,763.04,2026-10-02
CRA021004NV,CRA,LAR COOPERATIVA AGROINDUSTRIAL,ECO SECURITIZADORA DE DIREITOS CREDITÓRIOS DO AGRONEGÓCIO S.A.,1ª,2026-11-15,"IPCA + 7,8749%",9.752,10.2138,8.0646,2.69,434.39098976,99.77,29.0,2026-10-02
CRA0250066B,CRA,BRF S.A.,ECO SECURITIZADORA DE DIREITOS CREDITÓRIOS DO AGRONEGÓCIO S.A.,3ª,2035-07-16,"IPCA + 7,9064%",12.6854,,,0.22,813.97060806,76.46,1509.32,2026-10-02
22E1321749,CRI,COGNA EDUCAÇÃO S.A.,OPEA SECURITIZADORA S/A,2ª,2029-07-16,"IPCA + 7,9273%",9.2433,9.5885,8.8505,0.07,1182.56733924,97.52,521.84,2026-10-02
CRA0240005P,CRA,CEREAL COMÉRCIO EXPORTAÇÃO E REPRESENTAÇÃO AGROPECUÁRIA S.A.,RIZA SECURITIZADORA S.A.,3ª,2031-01-15,"IPCA + 7,9443%",9.623,,,0.83,1091.13022669,95.11,816.63,2026-10-02
22E1321750,CRI,COGNA EDUCAÇÃO S.A.,OPEA SECURITIZADORA S/A,3ª,2032-07-15,"IPCA + 8,0031%",10.0396,,9.6751,1.58,1126.78117954,92.9,987.45,2026-10-02
CRA025009EZ,CRA,Seara Alimentos Ltda.,ECO SECURITIZADORA DE DIREITOS CREDITÓRIOS DO AGRONEGÓCIO S.A.,4ª,2065-10-15,"IPCA + 8,0313%",,,,,,,,2026-10-02
CRA0250020C,CRA,BRF S.A.,ECO SECURITIZADORA DE DIREITOS CREDITÓRIOS DO AGRONEGÓCIO S.A.,2ª,2035-04-16,"IPCA + 8,04%",11.8232,12.3967,10.6542,1.1,893.10391718,81.47,1460.3,2026-10-02
CRA02200795,CRA,ADUBOS ARAGUAIA INDÚSTRIA E COMÉRCIO LTDA.,ECO SECURITIZADORA DE DIREITOS CREDITÓRIOS DO AGRONEGÓCIO S.A.,1ª,2027-07-15,"IPCA + 8,1191%",9.5176,10.2883,,0.13,600.93913379,99.04,189.22,2026-10-02
CRA0250020D,CRA,BRF S.A.,ECO SECURITIZADORA DE DIREITOS CREDITÓRIOS DO AGRONEGÓCIO S.A.,3ª,2040-04-16,"IPCA + 8,2345%",12.1816,12.5742,10.827,1.46,841.86415141,76.73,1767.45,2026-10-02
CRA0250018K,CRA,MARFRIG GLOBAL FOODS S.A.,ECO SECURITIZADORA DE DIREITOS CREDITÓRIOS DO AGRONEGÓCIO S.A.,4ª,2040-04-16,"IPCA + 8,2503%",13.489,,12.3709,0.5,780.68132218,70.93,1704.22,2026-10-02
CRA0250018L,CRA,MARFRIG GLOBAL FOODS S.A,ECO SECURITIZADORA DE DIREITOS CREDITÓRIOS DO AGRONEGÓCIO S.A.,5ª,2045-04-17,"IPCA + 8,3405%",13.9331,,,0.27,726.83062132,66.02,1842.64,2026-10-02
CRA0240099F,CRA,VALE DO TIJUCO AÇÚCAR E ÁLCOOL S.A.,ECO SECURITIZADORA DE DIREITOS CREDITÓRIOS DO AGRONEGÓCIO S.A.,2ª,2034-10-16,"IPCA + 8,3558%",10.4579,,9.7819,0.39,1038.30558286,91.58,1141.59,2026-10-02
CRA0250020E,CRA,BRF S.A.,ECO SECURITIZADORA DE DIREITOS CREDITÓRIOS DO AGRONEGÓCIO S.A.,3ª,2045-04-17,"IPCA + 8,38%",10.2444,,10.0741,0.18,943.81238892,85.97,2150.08,2026-10-02
CRA025008C2,CRA,Neomille S.A.,ECO SECURITIZADORA DE DIREITOS CREDITÓRIOS DO AGRONEGÓCIO S.A.,2ª,2032-12-15,"IPCA + 8,4473%",8.8499,,8.6511,0.15,1053.41037867,98.34,1134.08,2026-10-02
CRA02400AHX,CRA,CEREAL COMÉRCIO EXPORTAÇÃO E,RIZA SECURITIZADORA S.A.,3ª,2034-11-16,"IPCA + 8,4704%",9.826,,,0.61,1056.11192546,93.67,1318.22,2026-10-02
CRA025008HR,CRA,Nardini II,OPEA SECURITIZADORA S/A,ª,2032-10-15,"IPCA + 8,4773%",,,,,,,,2026-10-02
CRA025006NC,CRA,LAR COOPERATIVA AGROINDUSTRIAL,ECO SECURITIZADORA DE DIREITOS CREDITÓRIOS DO AGRONEGÓCIO S.A.,3ª,2032-08-16,"IPCA + 8,7268%",,,,,,,,2026-10-02
CRA0250005M,CRA,Boa Safra,OPEA SECURITIZADORA S/A,3ª,2032-01-15,"IPCA + 8,7384%",,,,,,,,2026-10-02
CRA0250005L,CRA,Boa Safra,OPEA SECURITIZADORA S/A,4ª,2035-01-15,"IPCA + 8,9518%",,,,,,,,2026-10-02
CRA02300796,CRA,FS INDÚSTRIA DE BIOCOMBUSTÍVEIS LTDA.,ECO SECURITIZADORA DE DIREITOS CREDITÓRIOS DO AGRONEGÓCIO S.A.,2ª,2029-10-15,"IPCA + 8,9555%",12.0398,12.6353,11.5245,0.33,1079.52327283,92.9,662.41,2026-10-02
CRA023003JY,CRA,OLFAR S.A.,RIZA SECURITIZADORA S.A.,2ª,2030-03-15,"IPCA + 8,9738%",9.3765,10.2436,8.6617,0.1,1160.68458392,99.36,437.76,2026-10-02
23F2455004,CRI,SENDAS DISTRIBUIDORA S.A.,OPEA SECURITIZADORA S/A,2ª,2027-07-15,,16.6038,,15.5771,0.75,993.12119755,96.89,187.17,2026-10-02
23I1259644,CRI,JSL,OPEA SECURITIZADORA S/A,4ª,2030-09-15,,,,,,,,,2026-10-02
23J1141681,CRI,YDUQS PARTICIPAÇÕES S.A.,OPEA SECURITIZADORA S/A,1ª,2028-10-16,,14.8196,,,0.7,996.04525085,94.72,444.53,2026-10-02
23K0018801,CRI,MULTIPLAN EMPREENDIMENTOS IMOBILIÁRIOS S.A.,RIZA SECURITIZADORA S.A.,3ª,2031-01-15,,,,,,,,,2026-10-02
23K0022041,CRI,Cogna,TRUE SECURITIZADORA S/A,2ª,2028-11-15,,15.059,,14.55,0.3,1013.88955155,96.85,357.61,2026-10-02
24A2715837,CRI,DIAGNÓSTICOS DA AMÉRICA S.A.,VERT COMPANHIA SECURITIZADORA,2ª,2029-01-15,,19.2006,,17.91,0.83,911.52600854,88.83,497.81,2026-10-02
24A2721829,CRI,DIAGNÓSTICOS DA AMÉRICA S.A,VERT COMPANHIA SECURITIZADORA,4ª,2031-01-15,,19.3874,,19.1508,0.55,868.86212853,84.58,738.36,2026-10-02
25A1946535,CRI,Cury,OPEA SECURITIZADORA S/A,3ª,2032-01-15,,15.0068,,,0.08,1034.12146633,100.23,803.55,2026-10-02
25D0271049,CRI,Log,OPEA SECURITIZADORA S/A,3ª,2032-04-15,,,,,,,,,2026-10-02
CRA02300G7D,CRA,MARFRIG GLOBAL FOODS S.A.,ECO SECURITIZADORA DE DIREITOS CREDITÓRIOS DO AGRONEGÓCIO S.A.,1ª,2027-08-16,,18.0166,,,0.29,963.36014013,95.03,209.56,2026-10-02
CRA02300HWK,CRA,BANCO BTG PACTUAL S.A.,OPEA SECURITIZADORA S/A,4ª,2033-09-15,,13.3231,13.5541,13.1735,0.3,948.41564101,94.29,1219.47,2026-10-02
CRA02300JR7,CRA,RAÍZEN ENERGIA S.A.,OPEA SECURITIZADORA S/A,3ª,2033-10-17,,,,,,476.06336372,45.47,,2026-10-02
CRA02300NX8,CRA,BTG Pactual III,OPEA SECURITIZADORA S/A,4ª,2033-11-16,,,,,,,,,2026-10-02
CRA02300SPD,CRA,FS Agrisolutions Indústria de Biocombustíveis LTDA,ECO SECURITIZADORA DE DIREITOS CREDITÓRIOS DO AGRONEGÓCIO S.A.,3ª,2030-06-15,,18.7135,,18.2136,0.68,876.41715758,87.08,724.66,2026-10-02
CRA02300SUZ,CRA,"Vamos Locação de Caminhões, Máquinas e Equipamentos S.A.",ECO SECURITIZADORA DE DIREITOS CREDITÓRIOS DO AGRONEGÓCIO S.A.,1ª,2030-11-18,,20.1484,,18.6669,0.16,857.18346276,82.01,702.9,2026-10-02
CRA02300TSF,CRA,BTG PACTUAL IV,OPEA SECURITIZADORA S/A,4ª,2033-12-15,,,,,,,,,2026-10-02
CRA024000B8,CRA,FS Indústria De Biocombustíveis Ltda,ECO SECURITIZADORA DE DIREITOS CREDITÓRIOS DO AGRONEGÓCIO S.A.,3ª,2030-07-15,,,,,,,,,2026-10-02
CRA024001P5,CRA,JSL S.A.,ECO SECURITIZADORA DE DIREITOS CREDITÓRIOS DO AGRONEGÓCIO S.A.,1ª,2031-02-15,,,,,,,,,2026-10-02
CRA024001Q9,CRA,ZAMP S.A.,RIZA SECURITIZADORA S.A.,2ª,2029-02-15,,17.8672,,17.1587,0.79,931.56224959,91.68,517.41,2026-10-02
CRA0240020B,CRA,VICUNHA II,RIZA SECURITIZADORA S.A.,2ª,2031-02-15,,,,,,,,,2026-10-02
CRA024002MH,CRA,JF CITRUS AGROPECUÁRIA S.A.,ECO SECURITIZADORA DE DIREITOS CREDITÓRIOS DO AGRONEGÓCIO S.A.,1ª,2029-03-15,,,,,,,,,2026-10-02
CRA024002MK,CRA,Marfrig Global Foods S.A.,ECO SECURITIZADORA DE DIREITOS CREDITÓRIOS DO AGRONEGÓCIO S.A.,2ª,2031-03-15,,,,,,,,,2026-10-02
CRA024002S2,CRA,Minerva VII,RIZA SECURITIZADORA S.A.,2ª,2029-03-15,,,,,,,,,2026-10-02
CRA024002S3,CRA,MINERVA S.A.,RIZA SECURITIZADORA S.A.,3ª,2031-03-17,,18.7542,,,0.26,824.13871954,81.93,865.27,2026-10-02
CRA0240066D,CRA,FS Florestal S.A.,ECO SECURITIZADORA DE DIREITOS CREDITÓRIOS DO AGRONEGÓCIO S.A.,1ª,2030-06-15,,17.8673,18.0426,17.7316,0.14,948.45354092,94.15,709.65,2026-10-02
CRA0240066G,CRA,BRF S.A.,ECO SECURITIZADORA DE DIREITOS CREDITÓRIOS DO AGRONEGÓCIO S.A.,2ª,2031-06-16,,18.1899,,,0.37,886.40698484,85.37,860.56,2026-10-02
CRA024007PT,CRA,Sorocaba Refrescos S.A,ECO SECURITIZADORA DE DIREITOS CREDITÓRIOS DO AGRONEGÓCIO S.A.,1ª,2031-08-15,,15.8305,,15.209,1.16,918.07614533,90.41,850.56,2026-10-02
CRA024007Q3,CRA,SLC Maquinas,OPEA SECURITIZADORA S/A,1ª,2031-08-15,,16.5937,,16.2483,0.29,930.04253345,91.54,675.91,2026-10-02
CRA024009Q3,CRA,MARFRIG GLOBAL FOODS S.A.,ECO SECURITIZADORA DE DIREITOS CREDITÓRIOS DO AGRONEGÓCIO S.A.,2ª,2031-10-15,,18.1434,,16.5114,0.05,915.54230492,86.34,876.6,2026-10-02
CRA02400AHY,CRA,REFRESCOS BANDEIRANTES INDÚSTRIA E COMÉRCIO LTDA.,RIZA SECURITIZADORA S.A.,1ª,2032-11-16,,18.0301,,,2.12,905.80877352,86.21,948.01,2026-10-02
CRA02400AYM,CRA,MINERVA S.A.,RIZA SECURITIZADORA S.A.,2ª,2029-11-16,,18.7133,,,0.23,955.32181449,90.74,618.35,2026-10-02
CRA02400AYP,CRA,MINERVA S.A.,RIZA SECURITIZADORA S.A.,5ª,2034-11-16,,18.7173,,17.6872,0.22,908.5637242,86.14,1055.95,2026-10-02
CRA02500001,CRA,BOA SAFRA SEMENTES S.A.,OPEA SECURITIZADORA S/A,1ª,2030-01-15,,16.2923,,,0.43,987.76444635,98.05,651.14,2026-10-02
CRA0250012X,CRA,FS FLORESTAL S.A.,ECO SECURITIZADORA DE DIREITOS CREDITÓRIOS DO AGRONEGÓCIO S.A.,1ª,2030-03-15,,18.3706,,18.2347,0.69,997.15006454,98.87,655.25,2026-10-02
CRA0250018I,CRA,Marfrig Global Foods S.A,ECO SECURITIZADORA DE DIREITOS CREDITÓRIOS DO AGRONEGÓCIO S.A.,2ª,2032-04-15,,17.9352,,16.954,0.88,960.09471995,90.06,915.71,2026-10-02
CRA025002S3,CRA,MINERVA S.A,RIZA SECURITIZADORA S.A.,2ª,2030-04-15,,18.7364,,,0.25,1000.12775406,93.41,658.15,2026-10-02
CRA025002S4,CRA,MINERVA S.A.,RIZA SECURITIZADORA S.A.,4ª,2032-04-15,,18.8633,,,0.23,971.47702046,90.74,894.23,2026-10-02
CRA025002S5,CRA,MINERVA S.A.,RIZA SECURITIZADORA S.A.,5ª,2035-04-16,,,,,,,,,2026-10-02
CRA0250040J,CRA,Natural One S.A,ECO SECURITIZADORA DE DIREITOS CREDITÓRIOS DO AGRONEGÓCIO S.A.,2ª,2029-06-15,,21.654,,17.85,3.33,995.20210291,94.76,356.68,2026-10-02
CRA025005EH,CRA,GDM GENÉTICA DO BRASIL S.A.,ECO SECURITIZADORA DE DIREITOS CREDITÓRIOS DO AGRONEGÓCIO S.A.,1ª,2032-07-15,,15.6175,,,0.02,1015.71787657,98.44,956.08,2026-10-02
CRA025005V7,CRA,MINERVA S.A.,RIZA SECURITIZADORA S.A.,3ª,2033-07-15,,18.2259,,17.6204,0.7,908.25802343,88.11,1022.17,2026-10-02
CRA025005V8,CRA,MINERVA S.A,RIZA SECURITIZADORA S.A.,4ª,2035-07-16,,18.2665,,17.701,0.67,903.9196498,87.64,1138.12,2026-10-02
CRA0250066A,CRA,BRF S.A.,ECO SECURITIZADORA DE DIREITOS CREDITÓRIOS DO AGRONEGÓCIO S.A.,2ª,2032-07-15,,18.4762,,18.1448,0.28,883.71281787,85.83,981.78,2026-10-02
CRA025006NB,CRA,LAR COOPERATIVA AGROINDUSTRIAL,ECO SECURITIZADORA DE DIREITOS CREDITÓRIOS DO AGRONEGÓCIO S.A.,2ª,2032-08-16,,16.2233,,,0.41,953.69690402,94.7,939.11,2026-10-02
CRA025007KE,CRA,Cereal Comércio Exportação e Representação Agropecuária S.A.,ECO SECURITIZADORA DE DIREITOS CREDITÓRIOS DO AGRONEGÓCIO S.A.,2ª,2032-09-15,,16.4367,,15.95,0.66,942.51992256,93.6,976.77,2026-10-02
CRA025007KK,CRA,ELDORADO BRASIL CELULOSE S.A.,OPEA SECURITIZADORA S/A,1ª,2032-09-15,,15.0858,,,0.56,971.1220746,96.45,1053.38,2026-10-02
CRA025008ND,CRA,São Salvador Alimentos S.A.,ECO SECURITIZADORA DE DIREITOS CREDITÓRIOS DO AGRONEGÓCIO S.A.,2ª,2033-10-15,,15.5575,,,0.09,1009.73223897,94.89,1095.56,2026-10-02
CRA02500A15,CRA,Açucareira Quatá S.A.,ECO SECURITIZADORA DE DIREITOS CREDITÓRIOS DO AGRONEGÓCIO S.A.,1ª,2032-11-15,,16.1579,,16.0,0.18,999.04343456,94.77,951.75,2026-10-02
CRA02500AHU,CRA,C. Vale - Cooperativa Agroindustrial,ECO SECURITIZADORA DE DIREITOS CREDITÓRIOS DO AGRONEGÓCIO S.A.,2ª,2030-11-15,,15.3253,,,0.28,1043.63475775,98.88,770.09,2026-10-02
CRA02500BVU,CRA,BRF S.A.,ECO SECURITIZADORA DE DIREITOS CREDITÓRIOS DO AGRONEGÓCIO S.A.,2ª,2032-12-15,,18.2133,,,0.44,881.27157898,84.72,1019.01,2026-10-02
CRA02500C1D,CRA,Alibem Alimentos S.A.,ECO SECURITIZADORA DE DIREITOS CREDITÓRIOS DO AGRONEGÓCIO S.A.,1ª,2030-12-18,,15.9691,,15.5,0.29,1021.74115946,98.01,498.58,2026-10-02
CRA026001JM,CRA,Lar Cooperativa Agroindustrial,ECO SECURITIZADORA DE DIREITOS CREDITÓRIOS DO AGRONEGÓCIO S.A.,2ª,2033-03-15,,16.3948,,16.1961,0.14,960.4325011,95.35,996.05,2026-10-02
CRA026002BE,CRA,BRF S.A.,ECO SECURITIZADORA DE DIREITOS CREDITÓRIOS DO AGRONEGÓCIO S.A.,2ª,2033-04-15,,17.8265,,,0.92,925.79029884,87.65,1028.69,2026-10-02
