codigo,tipo,emissor,securitizadora,serie,vencimento,indexador,taxa_indicativa,taxa_compra,taxa_venda,desvio,pu,pct_pu_par,duration,referencia
25B0013406,CRI,Direcional,OPEA SECURITIZADORA S/A,1ª,2032-02-16,100% do DI,101.6488,,98.975,0.6,1005.44617603,99.16,987.53,2026-09-24
CRA019003V2,CRA,RAÍZEN ENERGIA S.A.,OPEA SECURITIZADORA S/A,1ª,2029-07-16,100% do DI,,,,,436.79906835,42.8,,2026-09-24
CRA024004H7,CRA,SÃO MARTINHO S.A.,RIZA SECURITIZADORA S.A.,3ª,2029-04-12,100% do DI,101.0057,102.89,98.565,1.19,1059.03480551,99.73,527.36,2026-09-24
CRA0250018H,CRA,Marfrig Global Foods S.A,ECO SECURITIZADORA DE DIREITOS CREDITÓRIOS DO AGRONEGÓCIO S.A.,1ª,2030-04-15,100% do DI,114.3611,,108.922,2.02,1007.68058643,95.0,686.51,2026-09-24
CRA02500BVT,CRA,BRF S.A.,ECO SECURITIZADORA DE DIREITOS CREDITÓRIOS DO AGRONEGÓCIO S.A.,1ª,2030-06-17,100% do DI,115.7621,,109.5983,1.91,1026.1299738,92.68,929.0,2026-09-24
24D2765715,CRI,CYRELA BRAZIL REALTY S.A.,COMPANHIA PROVÍNCIA DE SECURITIZAÇÃO,3ª,2031-04-15,101% do DI,99.543,101.7433,97.41,0.73,1067.5944002,100.58,764.33,2026-09-24
CRA023007VD,CRA,ENGELHART CTP,OPEA SECURITIZADORA S/A,1ª,2028-07-05,101% do DI,97.0752,98.37,93.38,0.29,1038.62388724,100.8,399.21,2026-09-24
25L2997442,CRI,Even Construtora e Incorporadora S/A,VERT COMPANHIA SECURITIZADORA,ª,2032-12-15,"101,5% do DI",,,,,,,,2026-09-24
CRA026002BD,CRA,BRF S.A.,ECO SECURITIZADORA DE DIREITOS CREDITÓRIOS DO AGRONEGÓCIO S.A.,1ª,2030-10-15,"101,5% do DI",,,,,,,,2026-09-24
24D3313768,CRI,CURY CONSTRUTORA E INCORPORADORA S.A.,TRUE SECURITIZADORA S/A,1ª,2027-05-31,102% do DI,99.0516,101.0933,96.745,0.6,1047.80258062,100.24,159.04,2026-09-24
CRA023003UX,CRA,ENGELHART CTP,OPEA SECURITIZADORA S/A,1ª,2027-03-15,102% do DI,94.4856,96.97,93.22,1.36,1008.03474908,100.44,115.0,2026-09-24
CRA02500669,CRA,BRF S.A,ECO SECURITIZADORA DE DIREITOS CREDITÓRIOS DO AGRONEGÓCIO S.A.,1ª,2029-07-16,102% do DI,114.8437,,108.956,2.63,1118.32233806,95.45,700.0,2026-09-24
CRA025008HM,CRA,Cocal Comercio Industria Canaa Acucar e Alcool S.A.,VERT COMPANHIA SECURITIZADORA,1ª,2031-09-15,102% do DI,,,,,,,,2026-09-24
24F1277566,CRI,DIRECIONAL ENGENHARIA S.A.,OPEA SECURITIZADORA S/A,1ª,2029-07-16,103% do DI,100.4883,102.73,98.875,0.89,1034.97736205,100.77,590.6,2026-09-24
CRA02300209,CRA,ENGELHART CTP,VERT COMPANHIA SECURITIZADORA,1ª,2027-01-15,103% do DI,93.4835,,,3.83,1030.82981309,100.37,76.0,2026-09-24
CRA0250073L,CRA,Mantiqueira Brasil,ECO SECURITIZADORA DE DIREITOS CREDITÓRIOS DO AGRONEGÓCIO S.A.,1ª,2030-08-15,"103,1% do DI",,,,,,,,2026-09-24
25G5313879,CRI,MOURA DUBEUX ENGENHARIA S.A.,VERT COMPANHIA SECURITIZADORA,1ª,2030-07-15,"103,75% do DI",105.5387,,103.004,2.64,996.82286489,99.31,744.41,2026-09-24
CRA025008N8,CRA,3Tentos,OPEA SECURITIZADORA S/A,1ª,2030-10-15,"103,75% do DI",109.7016,117.5442,102.7673,0.2,1038.48962623,97.68,757.86,2026-09-24
22J0346710,CRI,BANCO BTG PACTUAL S.A.,OPEA SECURITIZADORA S/A,1ª,2027-01-15,104% do DI,96.5555,,,0.29,1030.30131375,100.29,76.0,2026-09-24
CRA0240066A,CRA,CAMIL ALIMENTOS S.A.,ECO SECURITIZADORA DE DIREITOS CREDITÓRIOS DO AGRONEGÓCIO S.A.,1ª,2029-06-15,104% do DI,119.3036,,110.042,8.76,994.30923241,95.63,564.49,2026-09-24
CRA025006SR,CRA,Boa Safra II,OPEA SECURITIZADORA S/A,1ª,2032-02-16,104% do DI,110.038,,108.628,1.73,974.00378419,97.04,953.66,2026-09-24
CRA025007KD,CRA,CEREAL COMÉRCIO EXPORTAÇÃO E REPRESENTAÇÃO AGROPECUÁRIA S.A.,ECO SECURITIZADORA DE DIREITOS CREDITÓRIOS DO AGRONEGÓCIO S.A.,1ª,2030-09-16,104% do DI,,,,,,,,2026-09-24
CRA025002S1,CRA,MINERVA S.A.,RIZA SECURITIZADORA S.A.,1ª,2030-04-15,"104,5% do DI",128.9888,,124.348,0.35,975.71047682,91.74,674.11,2026-09-24
CRA025005V5,CRA,MINERVA S.A.,RIZA SECURITIZADORA S.A.,1ª,2030-07-15,"104,5% do DI",,,,,,,,2026-09-24
24D0006602,CRI,ALLOS S.A.,OPEA SECURITIZADORA S/A,2ª,2029-04-16,105% do DI,98.7981,101.7666,96.9666,0.66,1081.95419313,101.7,526.13,2026-09-24
25E0013305,CRI,JHSF IV,OPEA SECURITIZADORA S/A,2ª,2030-05-15,105% do DI,104.21,,,1.5,1055.01808987,100.29,705.64,2026-09-24
CRA02300TSB,CRA,BANCO BTG PACTUAL S.A.,OPEA SECURITIZADORA S/A,1ª,2033-12-15,105% do DI,96.7515,,,2.75,1093.06979704,105.09,1163.79,2026-09-24
CRA02400AYL,CRA,MINERVA S.A.,RIZA SECURITIZADORA S.A.,1ª,2029-11-16,105% do DI,124.8499,,118.8685,7.74,986.35074298,93.76,623.67,2026-09-24
CRA025008C3,CRA,Neomille S.A.,ECO SECURITIZADORA DE DIREITOS CREDITÓRIOS DO AGRONEGÓCIO S.A.,3ª,2032-12-15,105% do DI,115.3488,,113.98,1.38,986.60095883,94.85,974.79,2026-09-24
CRA02500AC9,CRA,,ECO SECURITIZADORA DE DIREITOS CREDITÓRIOS DO AGRONEGÓCIO S.A.,1ª,2030-11-15,105% do DI,,,,,,,,2026-09-24
CRA02500AHT,CRA,C. Vale - Cooperativa Agroindustrial,ECO SECURITIZADORA DE DIREITOS CREDITÓRIOS DO AGRONEGÓCIO S.A.,1ª,2030-11-15,"105,5% do DI",,,,,,,,2026-09-24
CRA025005EI,CRA,GDM Genética do Brasil S.A.,ECO SECURITIZADORA DE DIREITOS CREDITÓRIOS DO AGRONEGÓCIO S.A.,2ª,2032-07-15,"105,75% do DI",108.2392,116.0699,100.4453,0.35,1014.98167667,98.75,969.92,2026-09-24
23K0018802,CRI,MULTIPLAN EMPREENDIMENTOS IMOBILIÁRIOS S.A.,RIZA SECURITIZADORA S.A.,2ª,2031-01-15,106% do DI,98.9,101.1666,96.9333,0.33,1053.30873567,102.47,665.79,2026-09-24
CRA025006NA,CRA,Lar Cooperativa Agroindustrial,ECO SECURITIZADORA DE DIREITOS CREDITÓRIOS DO AGRONEGÓCIO S.A.,1ª,2030-08-15,106% do DI,111.6138,,109.0,0.24,984.29187458,98.06,674.5,2026-09-24
23K0019201,CRI,DIRECIONAL ENGENHARIA S.A.,TRUE SECURITIZADORA S/A,2ª,2028-11-16,"106,5% do DI",99.4422,,,0.35,1070.31655593,101.68,458.88,2026-09-24
CRA026001JL,CRA,Lar Cooperativa Agroindustrial,ECO SECURITIZADORA DE DIREITOS CREDITÓRIOS DO AGRONEGÓCIO S.A.,1ª,2031-03-15,"106,5% do DI",,,,,,,,2026-09-24
25H0243072,CRI,BTSA,RIZA SECURITIZADORA S.A.,2ª,2032-08-16,107% do DI,112.0833,,107.672,2.14,983.57902528,97.98,771.45,2026-09-24
CRA02300NRL,CRA,BANCO BTG PACTUAL S.A.,OPEA SECURITIZADORA S/A,1ª,2033-11-16,107% do DI,,,,,,,,2026-09-24
CRA025003UZ,CRA,COOXUPÉ - COOPERATIVA REGIONAL DE,VERT COMPANHIA SECURITIZADORA,2ª,2030-06-17,"107,5% do DI",110.1825,,108.505,1.27,1031.91243842,99.11,642.89,2026-09-24
CRA02300CYQ,CRA,BANCO BTG PACTUAL S.A.,OPEA SECURITIZADORA S/A,1ª,2033-07-15,109% do DI,96.3138,,,1.62,1107.29969066,107.65,1127.0,2026-09-24
CRA02300HWH,CRA,BANCO BTG PACTUAL S.A.,OPEA SECURITIZADORA S/A,1ª,2033-09-15,109% do DI,98.4983,100.9,96.4333,0.0,1069.42017534,106.53,1165.83,2026-09-24
24I1980390,CRI,MRV ENGENHARIA E PARTICIPAÇÕES S.A,OPEA SECURITIZADORA S/A,1ª,2029-10-15,110% do DI,129.891,,127.22,2.62,1003.24508412,94.02,595.62,2026-09-24
25B3099731,CRI,IGUATEMI PPPH PARTICIPAÇÕES LTDA.,OPEA SECURITIZADORA S/A,1ª,2030-02-18,96% do DI,98.7266,101.41,96.85,0.28,1003.41416792,99.01,705.04,2026-09-24
25D0012202,CRI,CYRELA BRAZIL REALTY S.A. EMPREENDIMENTOS,COMPANHIA PROVÍNCIA DE SECURITIZAÇÃO,1ª,2029-04-15,96% do DI,99.1822,,,0.35,1049.09877991,99.13,532.78,2026-09-24
25J4546988,CRI,CYRELA BRAZIL REALTY S.A. EMPREENDIMENTOS E,COMPANHIA PROVÍNCIA DE SECURITIZAÇÃO,1ª,2032-11-16,"96,5% do DI",100.3777,,97.5333,0.9,1025.60381274,97.89,1050.89,2026-09-24
25D0012203,CRI,CYRELA BRAZIL REALTY S.A. EMPREENDIMENTOS E PARTICIPAÇÕES,COMPANHIA PROVÍNCIA DE SECURITIZAÇÃO,2ª,2030-04-15,97% do DI,99.4933,,97.5,0.46,1049.44637443,99.1,696.92,2026-09-24
26C3164285,CRI,Allos VI,OPEA SECURITIZADORA S/A,1ª,2031-03-12,97% do DI,,,,,,,,2026-09-24
26G0012801,CRI,Cury III,OPEA SECURITIZADORA S/A,1ª,2032-07-06,97% do DI,,,,,,,,2026-09-24
CRA025003PD,CRA,SÃO MARTINHO S.A.,VERT COMPANHIA SECURITIZADORA,1ª,2032-06-15,97% do DI,103.6866,,102.225,0.21,1001.15366399,96.54,1007.84,2026-09-24
24H1684874,CRI,SOCIEDADE BENEFICENTE ISRAELITA BRASILEIRA HOSPITAL ALBERT EINSTEIN,RIZA SECURITIZADORA S.A.,1ª,2029-08-17,"97,5% do DI",97.6005,100.1633,95.8225,1.03,867.83027649,99.98,370.19,2026-09-24
24D2765586,CRI,CYRELA BRAZIL REALTY S.A.,COMPANHIA PROVÍNCIA DE SECURITIZAÇÃO,1ª,2028-04-15,98% do DI,98.3641,99.7333,96.8666,0.61,706.07014709,99.96,237.39,2026-09-24
25G3629974,CRI,PLANO E PLANO II,RIZA SECURITIZADORA S.A.,1ª,2030-07-15,98% do DI,103.9775,,103.1,0.53,1001.96376959,97.68,756.37,2026-09-24
25I0014209,CRI,Multiplan,OPEA SECURITIZADORA S/A,1ª,2035-09-19,98% do DI,,,,,,,,2026-09-24
CRA024004H5,CRA,SÃO MARTINHO S.A.,RIZA SECURITIZADORA S.A.,1ª,2027-04-12,98% do DI,98.8741,100.6766,96.21,1.23,1060.07026774,99.94,126.33,2026-09-24
25G3629975,CRI,PLANO E PLANO II,RIZA SECURITIZADORA S.A.,2ª,2031-07-15,99% do DI,104.7252,,102.7228,0.56,998.91105607,97.36,898.18,2026-09-24
24E1393588,CRI,MULTIPLAN EMPREENDIMENTOS IMOBILIÁRIOS S.A.,RIZA SECURITIZADORA S.A.,1ª,2029-05-17,"99,5% do DI",99.5122,101.74,97.2733,0.01,1048.04462456,100.0,458.92,2026-09-24
CRA025008NB,CRA,Bem Brasil Alimentos S.A.,ECO SECURITIZADORA DE DIREITOS CREDITÓRIOS DO AGRONEGÓCIO S.A.,ª,2032-10-15,"DI + 0,33%",1.5098,2.3542,0.3666,0.01,1019.52857786,95.97,881.51,2026-09-24
CRA024009Q2,CRA,MARFRIG GLOBAL FOODS S.A.,ECO SECURITIZADORA DE DIREITOS CREDITÓRIOS DO AGRONEGÓCIO S.A.,1ª,2031-10-15,"DI + 0,35%",3.0189,3.439,2.889,0.21,968.72716426,91.18,875.27,2026-09-24
22D1289009,CRI,CYRELA BRAZIL REALTY S.A.,OPEA SECURITIZADORA S/A,489ª,2027-06-15,"DI + 0,4%",0.3081,0.5256,0.2192,0.06,1040.09806951,100.06,169.99,2026-09-24
CRA02400AYN,CRA,MINERVA S.A.,RIZA SECURITIZADORA S.A.,3ª,2031-11-17,"DI + 0,4%",3.6953,4.4456,2.3895,0.24,935.93757858,89.06,890.85,2026-09-24
CRA02500003,CRA,BOA SAFRA SEMENTES S.A.,OPEA SECURITIZADORA S/A,2ª,2030-01-15,"DI + 0,4%",1.7025,,1.4592,0.19,992.45622428,96.62,669.9,2026-09-24
CRA0250018J,CRA,MARFRIG GLOBAL FOODS S.A.,ECO SECURITIZADORA DE DIREITOS CREDITÓRIOS DO AGRONEGÓCIO S.A.,3ª,2035-04-16,"DI + 0,4%",3.1284,,2.5595,0.46,942.44936628,88.69,1101.58,2026-09-24
CRA025007PT,CRA,SLC AGRÍCOLA S.A.,OPEA SECURITIZADORA S/A,1ª,2033-09-22,"DI + 0,4%",1.1771,1.7261,0.75,0.24,966.92810057,96.64,1111.83,2026-09-24
CRA02300Q2Y,CRA,,RIZA SECURITIZADORA S.A.,3ª,2028-11-06,"DI + 0,48%",,,,,,,,2026-09-24
CRA025002S2,CRA,MINERVA S.A.,RIZA SECURITIZADORA S.A.,3ª,2032-04-15,"DI + 0,5%",3.5428,,,0.27,951.4478026,89.49,922.46,2026-09-24
23J0019601,CRI,Iguatemi,OPEA SECURITIZADORA S/A,1ª,2028-10-16,"DI + 0,55%",,,,,,,,2026-09-24
23K0018602,CRI,MULTIPLAN EMPREENDIMENTOS IMOBILIÁRIOS S.A.,RIZA SECURITIZADORA S.A.,1ª,2031-01-15,"DI + 0,6%",0.4078,0.6456,0.2623,0.1,1032.73736248,100.51,665.02,2026-09-24
24B0013201,CRI,SOMA,RIZA SECURITIZADORA S.A.,1ª,2028-02-15,"DI + 0,6%",2.9852,,2.3238,0.82,984.47110851,97.02,324.88,2026-09-24
23H1188857,CRI,RAIA DROGASIL S.A.,OPEA SECURITIZADORA S/A,2ª,2027-09-15,"DI + 0,65%",0.1725,0.439,0.089,0.24,1008.25541682,100.45,234.99,2026-09-24
CRA02300RS5,CRA,CAMIL ALIMENTOS S.A.,ECO SECURITIZADORA DE DIREITOS CREDITÓRIOS DO AGRONEGÓCIO S.A.,1ª,2028-11-16,"DI + 0,65%",3.7035,4.3767,2.9952,0.72,996.30836974,94.72,456.13,2026-09-24
22C0023008,CRI,RAIA DROGASIL S.A.,OPEA SECURITIZADORA S/A,495ª,2027-03-08,"DI + 0,7%",0.2031,0.4323,0.0823,0.26,504.35343226,100.22,110.0,2026-09-24
23K0018401,CRI,DIRECIONAL ENGENHARIA S.A.,OPEA SECURITIZADORA S/A,1ª,2028-11-16,"DI + 0,7%",,,,,,,,2026-09-24
CRA02300GCY,CRA,IPIRANGA PRODUTOS DE PETRÓLEO S.A.,VERT COMPANHIA SECURITIZADORA,2ª,2027-07-16,"DI + 0,7%",0.4786,,,0.2,1028.80712662,100.17,188.89,2026-09-24
CRA025005V6,CRA,MINERVA S.A.,RIZA SECURITIZADORA S.A.,2ª,2033-07-15,"DI + 0,7%",3.524,,3.0545,0.41,916.12982126,89.14,1029.95,2026-09-24
22E1325261,CRI,HYPERA S.A.,OPEA SECURITIZADORA S/A,1ª,2027-08-16,"DI + 0,75%",0.5323,0.7373,0.354,0.03,1016.70051501,100.18,213.96,2026-09-24
22F0230096,CRI,RAIA DROGASIL S.A.,OPEA SECURITIZADORA S/A,1ª,2029-06-26,"DI + 0,75%",0.2269,0.4756,0.1256,0.22,1045.62753348,101.0,482.6,2026-09-24
22K0934871,CRI,BCBF PARTICIPAÇÕES S.A.,RIZA SECURITIZADORA S.A.,1ª,2027-12-15,"DI + 0,75%",14.8121,17.0311,11.9541,0.84,900.08212901,86.51,278.28,2026-09-24
22I0970801,CRI,NATURA COSMÉTICOS S.A.,RIZA SECURITIZADORA S.A.,1ª,2027-09-15,"DI + 0,8%",0.3873,0.5623,0.2123,0.04,1007.65825234,100.38,234.9,2026-09-24
22J0305579,CRI,DIAGNÓSTICOS DA AMÉRICA S.A.,VERT COMPANHIA SECURITIZADORA,1ª,2027-10-15,"DI + 0,8%",5.6019,7.3352,3.3164,0.73,1018.56740654,95.68,238.65,2026-09-24
CRA02300JG2,CRA,JBS S.A.,RIZA SECURITIZADORA S.A.,2ª,2028-09-15,"DI + 0,8%",0.5868,1.1703,0.137,0.09,1007.62028948,100.38,447.89,2026-09-24
CRA02300NRM,CRA,BANCO BTG PACTUAL S.A.,OPEA SECURITIZADORA S/A,2ª,2033-11-16,"DI + 0,8%",-0.0386,,,0.43,1091.87993092,103.81,1134.56,2026-09-24
CRA0240066F,CRA,BRF S.A.,ECO SECURITIZADORA DE DIREITOS CREDITÓRIOS DO AGRONEGÓCIO S.A.,1ª,2029-06-15,"DI + 0,8%",2.9764,3.1923,2.8067,0.61,992.03230267,95.33,562.19,2026-09-24
22E1315701,CRI,EVEN CONSTRUTORA E INCORPORADORA S.A.,OPEA SECURITIZADORA S/A,1ª,2028-09-18,"DI + 0,9%",1.1682,,,0.25,960.80283889,99.76,232.48,2026-09-24
23J1142031,CRI,YDUQS PARTICIPAÇÕES S.A.,OPEA SECURITIZADORA S/A,2ª,2028-10-13,"DI + 0,9%",0.9148,1.119,0.4795,0.07,1064.80836235,99.98,337.65,2026-09-24
CRA022008NC,CRA,SOROCABA REFRESCOS S.A.,ECO SECURITIZADORA DE DIREITOS CREDITÓRIOS DO AGRONEGÓCIO S.A.,1ª,2029-08-15,"DI + 0,9%",1.1165,1.9417,0.2917,0.08,758.55917717,99.65,415.76,2026-09-24
CRA023000GP,CRA,"VAMOS LOCAÇÃO DE CAMINHÕES, MÁQUINAS E EQUIPAMENTOS S.A.",ECO SECURITIZADORA DE DIREITOS CREDITÓRIOS DO AGRONEGÓCIO S.A.,1ª,2028-01-17,"DI + 0,9%",4.0311,4.4864,3.25,0.06,990.99037341,96.39,302.91,2026-09-24
CRA024007K9,CRA,COOXUPÉ - COOPERATIVA REGIONAL DE CAFEICULTORES EM GUAXUPÉ LTDA.,VERT COMPANHIA SECURITIZADORA,1ª,2029-07-16,"DI + 0,9%",1.4685,2.1064,0.8064,0.19,1016.82154746,98.9,494.6,2026-09-24
22F0315398,CRI,LOCALIZA RENT A CAR S.A.,RIZA SECURITIZADORA S.A.,1ª,2027-06-07,"DI + 0,95%",0.534,0.6923,0.3256,0.22,1047.39959967,100.27,163.67,2026-09-24
CRA024002MJ,CRA,MARFRIG GLOBAL FOODS S.A.,ECO SECURITIZADORA DE DIREITOS CREDITÓRIOS DO AGRONEGÓCIO S.A.,1ª,2029-03-15,"DI + 0,95%",2.9594,3.2523,2.569,0.59,962.47688953,95.88,537.24,2026-09-24
23H0027402,CRI,REDE D'OR SÃO LUIZ S.A.,OPEA SECURITIZADORA S/A,1ª,2028-08-15,DI + 1%,0.1548,0.339,-0.1166,0.08,1029.59279114,101.43,425.9,2026-09-24
CRA022006HJ,CRA,SÃO SALVADOR ALIMENTOS S.A.,ECO SECURITIZADORA DE DIREITOS CREDITÓRIOS DO AGRONEGÓCIO S.A.,1ª,2027-07-15,DI + 1%,1.0731,1.8042,0.2542,0.04,1027.76317156,99.95,191.7,2026-09-24
CRA022008C9,CRA,COMPANHIA DE LOCAÇÃO DAS AMÉRICAS,ECO SECURITIZADORA DE DIREITOS CREDITÓRIOS DO AGRONEGÓCIO S.A.,2ª,2028-09-15,DI + 1%,0.7873,1.2061,0.5108,0.12,1007.63018088,100.38,447.27,2026-09-24
CRA022008CB,CRA,JALLES MACHADO S.A.,ECO SECURITIZADORA DE DIREITOS CREDITÓRIOS DO AGRONEGÓCIO S.A.,1ª,2032-08-09,DI + 1%,1.43,,1.3395,0.14,990.81159915,98.43,939.31,2026-09-24
23H1191899,CRI,RAIA DROGASIL S.A.,OPEA SECURITIZADORA S/A,3ª,2030-09-16,"DI + 1,1%",0.3968,0.5867,0.2492,0.19,1023.81481496,101.98,709.52,2026-09-24
CRA024002S1,CRA,MINERVA S.A.,RIZA SECURITIZADORA S.A.,1ª,2029-03-15,"DI + 1,1%",3.2795,3.478,1.816,0.55,959.27275258,95.55,536.32,2026-09-24
CRA02400AHV,CRA,CEREAL COMÉRCIO EXPORTAÇÃO E REPRESENTAÇÃO AGROPECUÁRIA S.A.,RIZA SECURITIZADORA S.A.,1ª,2029-11-16,"DI + 1,1%",1.6398,2.3312,0.5666,0.07,1039.8121751,98.69,621.97,2026-09-24
23F2455020,CRI,Assai,TRUE SECURITIZADORA S/A,3ª,2028-07-15,"DI + 1,15%",,,,,,,,2026-09-24
CRA023000MC,CRA,"VAMOS LOCAÇÃO DE CAMINHÕES, MÁQUINAS E EQUIPAMENTOS S.A.",ECO SECURITIZADORA DE DIREITOS CREDITÓRIOS DO AGRONEGÓCIO S.A.,2ª,2030-01-15,"DI + 1,2%",4.9496,5.2803,4.0,0.7,1446.36484064,88.78,824.0,2026-09-24
CRA024001P7,CRA,JSL S.A.,ECO SECURITIZADORA DE DIREITOS CREDITÓRIOS DO AGRONEGÓCIO S.A.,3ª,2031-02-17,"DI + 1,2%",4.9359,5.75,4.125,0.0,921.38955858,90.75,668.31,2026-09-24
CRA024007Q4,CRA,SLC MÁQUINAS LTDA.,OPEA SECURITIZADORA S/A,2ª,2031-08-15,"DI + 1,2%",1.3654,2.0578,0.7578,0.16,1010.8952563,99.56,673.56,2026-09-24
23C0247388,CRI,LOCALIZA RENT A CAR S.A.,RIZA SECURITIZADORA S.A.,1ª,2028-03-10,"DI + 1,25%",0.6065,,,0.12,1014.32940893,100.87,340.51,2026-09-24
23G0009601,CRI,DIMED S.A.,OPEA SECURITIZADORA S/A,1ª,2028-07-27,"DI + 1,3%",,,,,,,,2026-09-24
23C0247702,CRI,LOCALIZA RENT A CAR S.A.,RIZA SECURITIZADORA S.A.,2ª,2030-03-11,"DI + 1,4%",0.524,,,0.22,1030.31518912,102.45,703.7,2026-09-24
CRA022008NF,CRA,IRANI PAPEL E EMBALAGEM S.A.,ECO SECURITIZADORA DE DIREITOS CREDITÓRIOS DO AGRONEGÓCIO S.A.,1ª,2027-08-16,"DI + 1,4%",1.0174,1.6745,0.5121,0.29,1018.79359244,100.32,213.6,2026-09-24
CRA023002GX,CRA,INTEGRADA COOPERATIVA AGROINDUSTRIAL,ECO SECURITIZADORA DE DIREITOS CREDITÓRIOS DO AGRONEGÓCIO S.A.,1ª,2028-05-15,"DI + 1,4%",1.45,2.9333,-0.0333,0.0,421.67042937,99.95,266.44,2026-09-24
23J1127308,CRI,MOVIDA PARTICIPAÇÕES S.A.,OPEA SECURITIZADORA S/A,1ª,2028-10-16,"DI + 1,45%",4.5096,4.75,,0.13,1014.51640833,95.03,431.01,2026-09-24
22C1235206,CRI,HAVAN S.A.,OPEA SECURITIZADORA S/A,463ª,2027-04-27,"DI + 1,5%",0.7949,0.9173,0.5506,0.06,1015.40690617,100.38,137.54,2026-09-24
23I1257218,CRI,JSL S.A.,OPEA SECURITIZADORA S/A,2ª,2030-09-16,"DI + 1,5%",4.7014,,,1.83,912.45491155,90.88,769.97,2026-09-24
CRA0220080Y,CRA,NEOMILLE S.A.,ECO SECURITIZADORA DE DIREITOS CREDITÓRIOS DO AGRONEGÓCIO S.A.,1ª,2028-04-03,"DI + 1,5%",1.7844,2.7134,0.8734,0.09,428.56582883,99.74,236.88,2026-09-24
CRA02300G7E,CRA,MARFRIG GLOBAL FOODS S.A.,ECO SECURITIZADORA DE DIREITOS CREDITÓRIOS DO AGRONEGÓCIO S.A.,2ª,2028-08-15,"DI + 1,5%",2.8035,3.289,2.331,0.48,994.0743092,97.88,423.33,2026-09-24
CRA02300MJ9,CRA,MINERVA S.A.,RIZA SECURITIZADORA S.A.,1ª,2028-09-15,"DI + 1,5%",2.6192,2.8456,1.0052,0.64,984.74769351,98.08,445.05,2026-09-24
CRA024003UY,CRA,LAR COOPERATIVA AGROINDUSTRIAL,ECO SECURITIZADORA DE DIREITOS CREDITÓRIOS DO AGRONEGÓCIO S.A.,2ª,2029-04-16,"DI + 1,55%",1.7011,2.174,1.174,0.07,1001.40585048,99.74,442.53,2026-09-24
CRA0240020A,CRA,VICUNHA TÊXTIL S.A.,RIZA SECURITIZADORA S.A.,1ª,2029-02-15,"DI + 1,6%",3.1336,3.9706,1.6224,0.24,985.11253327,96.98,514.41,2026-09-24
CRA0240099E,CRA,VALE DO TIJUCO AÇÚCAR E ÁLCOOL S.A.,ECO SECURITIZADORA DE DIREITOS CREDITÓRIOS DO AGRONEGÓCIO S.A.,1ª,2034-10-16,"DI + 1,6%",2.2761,,,0.73,1041.61864415,97.51,954.95,2026-09-24
CRA025009KJ,CRA,Salton,OPEA SECURITIZADORA S/A,1ª,2031-12-09,"DI + 1,6%",,,,,,,,2026-09-24
24A2720884,CRI,DIAGNÓSTICAS DA AMÉRICA S.A.,VERT COMPANHIA SECURITIZADORA,1ª,2029-01-15,"DI + 1,63%",4.9457,7.715,2.775,1.31,966.97364716,93.92,490.98,2026-09-24
22L1465644,CRI,ÂNIMA HOLDING S.A.,RIZA SECURITIZADORA S.A.,1ª,2027-12-15,"DI + 1,65%",2.313,2.5,1.9,0.14,996.82337361,99.28,280.35,2026-09-24
CRA0230073L,CRA,J. MACÊDO S.A.,RIZA SECURITIZADORA S.A.,1ª,2028-04-17,"DI + 1,65%",0.8114,1.3317,,0.16,805.69596472,100.61,184.74,2026-09-24
23F0012002,CRI,LOG COMMERCIAL PROPERTIES E PARTICIPAÇÕES S.A.,OPEA SECURITIZADORA S/A,1ª,2028-06-26,"DI + 1,7%",1.1298,,,0.05,696.09185516,100.62,276.98,2026-09-24
23L2043099,CRI,Unidas,OPEA SECURITIZADORA S/A,1ª,2028-12-15,"DI + 1,7%",,,,,,,,2026-09-24
CRA02300VBT,CRA,UNIDAS LOCAÇÕES E SERVIÇOS S.A.,OPEA SECURITIZADORA S/A,1ª,2028-12-15,"DI + 1,7%",1.3122,1.9361,0.4695,0.21,1050.8092779,100.72,474.29,2026-09-24
CRA022008NH,CRA,IRANI PAPEL E EMBALAGEM S.A.,ECO SECURITIZADORA DE DIREITOS CREDITÓRIOS DO AGRONEGÓCIO S.A.,2ª,2029-08-15,"DI + 1,75%",0.9937,1.4911,0.3745,0.07,1031.46989075,101.53,513.95,2026-09-24
CRA0230012X,CRA,VALE DO PONTAL AÇÚCAR E ETANOL S.A.,ECO SECURITIZADORA DE DIREITOS CREDITÓRIOS DO AGRONEGÓCIO S.A.,1ª,2031-02-17,"DI + 1,8%",2.215,,,0.23,1003.65117385,98.79,753.64,2026-09-24
CRA0240005N,CRA,CEREAL COMÉRCIO EXPORTAÇÃO E REPRESENTAÇÃO AGROPECUÁRIA S.A.,RIZA SECURITIZADORA S.A.,1ª,2029-01-15,"DI + 1,8%",1.5959,2.2544,0.7744,0.24,1032.34780014,100.23,290.74,2026-09-24
24K0003002,CRI,PATRIMAR ENGENHARIA S.A.,RIZA SECURITIZADORA S.A.,1ª,2029-11-23,"DI + 1,95%",4.5026,,4.3,1.57,999.56403391,94.87,534.37,2026-09-24
CRA02300Q8I,CRA,CAPAL COOPERATIVA AGROINDUSTRIAL,OPEA SECURITIZADORA S/A,1ª,2029-05-17,"DI + 1,95%",1.6657,2.4914,0.7,0.02,604.1434693,100.4,356.18,2026-09-24
23H1023846,CRI,BR PROPERTIES S.A.,OPEA SECURITIZADORA S/A,1ª,2031-08-15,DI + 2%,1.3261,,1.1502,0.1,938.042292,101.85,699.21,2026-09-24
23J1333602,CRI,PATRIMAR ENGENHARIA S.A.,RIZA SECURITIZADORA S.A.,1ª,2028-10-20,DI + 2%,5.2736,,,0.29,1038.05601292,97.18,225.96,2026-09-24
CRA022001P6,CRA,USINA BATATAIS S.A.,RIZA SECURITIZADORA S.A.,1ª,2028-04-20,DI + 2%,1.3345,2.2092,0.4592,0.05,1009.80588461,100.92,353.2,2026-09-24
CRA022008C2,CRA,VICUNHA TÊXTIL S.A.,RIZA SECURITIZADORA S.A.,2ª,2027-08-16,DI + 2%,3.6448,4.5323,2.5794,1.57,501.2639682,98.66,213.18,2026-09-24
CRA02300S8P,CRA,FS INDÚSTRIA DE BIOCOMBUSTÍVEIS LTDA.,ECO SECURITIZADORA DE DIREITOS CREDITÓRIOS DO AGRONEGÓCIO S.A.,2ª,2030-06-17,DI + 2%,3.9074,4.1823,3.4281,0.33,952.91150807,94.9,708.94,2026-09-24
CRA024000B7,CRA,FS INDÚSTRIA DE BIOCOMBUSTÍVEIS LTDA.,ECO SECURITIZADORA DE DIREITOS CREDITÓRIOS DO AGRONEGÓCIO S.A.,2ª,2030-07-15,DI + 2%,4.0517,4.75,3.34,0.06,948.39974711,94.45,718.9,2026-09-24
23D0005401,CRI,ORIGINAL HOLDING S.A,OPEA SECURITIZADORA S/A,1ª,2028-04-15,"DI + 2,05%",,,,,,,,2026-09-24
CRA02300BQD,CRA,GJA INDÚSTRIAS S.A.,RIZA SECURITIZADORA S.A.,1ª,2029-07-16,"DI + 2,25%",,,,,,,,2026-09-24
CRA025000MJ,CRA,Integrada Cooperativa Agroindustrial,ECO SECURITIZADORA DE DIREITOS CREDITÓRIOS DO AGRONEGÓCIO S.A.,2ª,2029-05-15,"DI + 2,35%",2.2513,2.9642,1.5392,0.0,794.79300996,100.13,346.13,2026-09-24
22L1212138,CRI,LAR COOPERATIVA AGROINDUSTRIAL,HABITASEC SECURITIZADORA S.A.,2ª,2034-12-19,"DI + 2,45%",1.8109,3.0117,,0.27,918.95614182,101.79,720.38,2026-09-24
CRA02300KZL,CRA,FLORA PRODUTOS DE HIGIENE E LIMPEZA S.A.,OPEA SECURITIZADORA S/A,1ª,2029-10-15,"DI + 2,5%",1.9029,3.0,1.0742,0.0,787.16607045,100.77,333.04,2026-09-24
CRA024005K1,CRA,Natural One S.A.,ECO SECURITIZADORA DE DIREITOS CREDITÓRIOS DO AGRONEGÓCIO S.A.,1ª,2029-05-25,"DI + 2,5%",,,,,,,,2026-09-24
CRA02300795,CRA,FS INDÚSTRIA DE BIOCOMBUSTÍVEIS LTDA.,ECO SECURITIZADORA DE DIREITOS CREDITÓRIOS DO AGRONEGÓCIO S.A.,1ª,2029-10-15,"DI + 2,9%",3.993,4.2711,3.4428,0.15,979.1646315,97.49,605.51,2026-09-24
CRA02300CCH,CRA,FS INDÚSTRIA DE BIOCOMBUSTÍVEIS LTDA.,ECO SECURITIZADORA DE DIREITOS CREDITÓRIOS DO AGRONEGÓCIO S.A.,1ª,2029-12-17,"DI + 2,9%",4.0227,4.4661,3.4428,0.07,977.42057879,97.31,630.73,2026-09-24
CRA0250040I,CRA,Natural One S.A,ECO SECURITIZADORA DE DIREITOS CREDITÓRIOS DO AGRONEGÓCIO S.A.,1ª,2029-06-15,"DI + 2,9%",,,,,,,,2026-09-24
CRA0220099D,CRA,CENTRAL CRESOL BASER,ECO SECURITIZADORA DE DIREITOS CREDITÓRIOS DO AGRONEGÓCIO S.A.,1ª,2027-12-15,"DI + 2,95%",1.1485,1.8694,0.4494,0.07,353.06371051,101.17,167.12,2026-09-24
CRA023003JX,CRA,OLFAR S.A.,RIZA SECURITIZADORA S.A.,1ª,2029-03-15,DI + 3%,2.1591,3.6,1.1694,0.03,724.98740523,101.05,322.12,2026-09-24
CRA0240086H,CRA,DISTRIBUIDORA DE PRODUTOS DE PETRÓLEO CHARRUA LTDA.,OPEA SECURITIZADORA S/A,1ª,2029-08-23,DI + 3%,3.0559,3.3773,,0.35,999.52625155,99.89,510.36,2026-09-24
CRA0250012Y,CRA,FS FLORESTAL S.A.,ECO SECURITIZADORA DE DIREITOS CREDITÓRIOS DO AGRONEGÓCIO S.A.,2ª,2031-03-17,DI + 3%,3.5871,,3.3495,0.25,986.43980031,98.21,799.2,2026-09-24
23F0012602,CRI,FARMACIA E DROGARIA NISSEI S.A.,OPEA SECURITIZADORA S/A,1ª,2028-06-22,"DI + 3,5%",,,,,,,,2026-09-24
CRA022000RU,CRA,MADERO INDÚSTRIA E COMÉRCIO S.A.,ECO SECURITIZADORA DE DIREITOS CREDITÓRIOS DO AGRONEGÓCIO S.A.,2ª,2027-03-15,"DI + 3,5%",3.6994,,,0.18,140.10221025,99.95,63.45,2026-09-24
CRA024002MM,CRA,USINA SANTA FÉ S.A.,ECO SECURITIZADORA DE DIREITOS CREDITÓRIOS DO AGRONEGÓCIO S.A.,1ª,2029-12-17,DI + 4%,3.168,4.7967,1.1666,0.52,889.37110068,101.17,365.57,2026-09-24
CRA02400ECU,CRA,USINA CORURIPE AÇÚCAR E ÁLCOOL S.A.,ECO SECURITIZADORA DE DIREITOS CREDITÓRIOS DO AGRONEGÓCIO S.A.,5ª,2030-11-25,"DI + 4,1%",4.6094,5.0306,4.5973,0.45,4974.07881796,99.17,430.11,2026-09-24
CRA023001JL,CRA,PISANI PLÁSTICOS S.A.,ECO SECURITIZADORA DE DIREITOS CREDITÓRIOS DO AGRONEGÓCIO S.A.,1ª,2029-02-20,DI + 5%,4.1155,,,0.15,543.08365796,100.91,271.36,2026-09-24
CRA02300KOH,CRA,TECSOIL AUTOMAÇÃO E SISTEMAS S.A.,OPEA SECURITIZADORA S/A,1ª,2028-10-16,"DI + 5,5%",3.0227,4.051,2.0795,0.08,713.60179814,102.24,236.0,2026-09-24
CRA02300JR6,CRA,RAÍZEN ENERGIA S.A.,TRUE SECURITIZADORA S/A,2ª,2033-10-17,IPCA + 0%,,,,,492.39890093,43.3,,2026-09-24
CRA019003JY,CRA,KLABIN S.A.,VERT COMPANHIA SECURITIZADORA,1ª,2029-06-15,"IPCA + 3,5%",7.3736,7.7221,7.1246,0.1,1393.55620261,94.13,412.11,2026-09-24
CRA019003V3,CRA,RAÍZEN ENERGIA S.A.,OPEA SECURITIZADORA S/A,2ª,2029-07-16,"IPCA + 3,602%",,,,,699.24458128,47.73,,2026-09-24
CRA021000MG,CRA,M. DIAS BRANCO S.A. INDÚSTRIA E COMÉRCIO DE ALIMENTOS,RIZA SECURITIZADORA S.A.,1ª,2028-03-15,"IPCA + 3,7992%",7.8904,8.1807,7.7696,0.14,1296.11222335,94.61,360.95,2026-09-24
CRA021000MH,CRA,M. DIAS BRANCO S.A. INDÚSTRIA E COMÉRCIO DE ALIMENTOS,RIZA SECURITIZADORA S.A.,2ª,2031-03-15,"IPCA + 4,1369%",8.4582,8.7012,8.1953,0.15,1202.64577971,87.78,802.73,2026-09-24
CRA02100002,CRA,COCAL COMÉRCIO INDÚSTRIA CANAÃ AÇÚCAR E ÁLCOOL LTDA.,RIZA SECURITIZADORA S.A.,2ª,2028-02-15,"IPCA + 4,2095%",8.3979,8.9373,7.0169,0.26,614.50148801,97.13,185.04,2026-09-24
CRA021000MB,CRA,COLOMBO AGROINDÚSTRIA S.A.,ECO SECURITIZADORA DE DIREITOS CREDITÓRIOS DO AGRONEGÓCIO S.A.,1ª,2027-03-15,"IPCA + 4,4474%",8.0346,9.1021,6.9939,0.12,667.95984529,98.47,115.0,2026-09-24
CRA021001PQ,CRA,MARFRIG GLOBAL FOODS S.A.,OPEA SECURITIZADORA S/A,1ª,2028-07-15,"IPCA + 4,5%",12.7067,12.972,12.1909,0.22,1164.72644499,87.76,434.51,2026-09-24
CRA019001E7,CRA,KLABIN S.A.,VERT COMPANHIA SECURITIZADORA,2ª,2029-03-15,"IPCA + 4,5081%",7.4046,7.7625,7.1204,0.09,1452.21082486,96.27,347.72,2026-09-24
CRA021001VA,CRA,MARFRIG GLOBAL FOODS S.A.,OPEA SECURITIZADORA S/A,2ª,2031-07-15,"IPCA + 4,6%",12.1534,12.6149,11.0605,1.07,1045.92571151,78.79,850.54,2026-09-24
21G0065100,CRI,ALIANSCE SONAE SHOPPING CENTERS S.A.,RB CAPITAL INVESTIMENTOS DTVM LTDA,347ª,2028-07-17,"IPCA + 4,6197%",8.2003,,8.0522,0.19,1255.05909821,94.37,433.78,2026-09-24
CRA0210013B,CRA,BRF S.A.,VERT COMPANHIA SECURITIZADORA,1ª,2031-05-15,"IPCA + 4,7843%",12.124,12.2579,11.1631,1.12,1032.76245447,75.95,1011.54,2026-09-24
CRA021001KB,CRA,COMPANHIA DE LOCAÇÃO DAS AMÉRICAS,ECO SECURITIZADORA DE DIREITOS CREDITÓRIOS DO AGRONEGÓCIO S.A.,1ª,2031-07-15,"IPCA + 4,825%",7.9877,8.8536,7.3831,0.22,1205.0532385,90.31,859.46,2026-09-24
CRA021002SO,CRA,IPIRANGA PRODUTOS DE PETRÓLEO S.A.,VERT COMPANHIA SECURITIZADORA,1ª,2028-09-15,"IPCA + 4,8287%",8.1956,8.9512,7.9124,0.39,1226.72506712,94.19,477.18,2026-09-24
21D0737500,CRI,DIRECIONAL ENGENHARIA S.A.,OPEA SECURITIZADORA S/A,371ª,2028-04-17,"IPCA + 4,8444%",7.2835,7.6996,7.1412,0.05,878.12764907,97.7,254.35,2026-09-24
21D0862572,CRI,REDE D'OR SÃO LUIZ S.A.,OPEA SECURITIZADORA S/A,324ª,2036-05-15,"IPCA + 4,9347%",8.4398,9.1781,8.2216,0.37,1092.3583877,79.84,1693.63,2026-09-24
21H1078699,CRI,SENDAS DISTRIBUIDORA S.A.,OPEA SECURITIZADORA S/A,428ª,2028-10-16,"IPCA + 5,1531%",10.7143,11.2389,10.4885,0.2,1186.51752732,90.58,482.55,2026-09-24
21H1078700,CRI,SENDAS DISTRIBUIDORA S.A.,OPEA SECURITIZADORA S/A,429ª,2031-10-15,"IPCA + 5,2662%",12.0075,12.3668,10.896,0.13,1052.21094221,80.29,878.46,2026-09-24
CRA020002GZ,CRA,BRF S.A.,VERT COMPANHIA SECURITIZADORA,1ª,2027-07-15,"IPCA + 5,3%",9.9111,10.5969,8.3782,0.52,1402.61149348,96.71,196.77,2026-09-24
21D0694886,CRI,CONSTRUTORA TENDA S.A.,OPEA SECURITIZADORA S/A,378ª,2028-04-17,"IPCA + 5,3621%",9.1657,,,0.44,886.79799297,96.53,250.04,2026-09-24
CRA021002NF,CRA,PETROBRAS DISTRIBUIDORA S.A.,RIZA SECURITIZADORA S.A.,1ª,2031-09-15,"IPCA + 5,3995%",8.9995,9.536,8.6938,0.31,1158.93612255,88.57,906.27,2026-09-24
CRA020001P7,CRA,RAÍZEN ENERGIA S.A.,OPEA SECURITIZADORA S/A,1ª,2027-06-15,"IPCA + 5,4%",,,,,620.71323521,43.62,,2026-09-24
CRA021000RX,CRA,MINERVA S.A.,RIZA SECURITIZADORA S.A.,1ª,2028-04-17,"IPCA + 5,5034%",12.3687,12.5835,11.1486,1.0,1257.96260717,91.16,369.13,2026-09-24
21I0278118,CRI,LOG COMMERCIAL PROPERTIES E PARTICIPAÇÕES S.A.,RIZA SECURITIZADORA S.A.,362ª,2028-09-15,"IPCA + 5,5212%",11.7595,11.8934,11.3148,1.28,603.85484401,92.21,353.76,2026-09-24
21K0001806,CRI,REDE D'OR SÃO LUIZ S.A.,OPEA SECURITIZADORA S/A,396ª,2031-12-15,"IPCA + 5,5758%",8.4766,8.7112,8.2705,0.09,1160.35619657,90.44,928.36,2026-09-24
CRA021000RY,CRA,MINERVA S.A.,RIZA SECURITIZADORA S.A.,39ª,2031-04-15,"IPCA + 5,578%",11.1803,12.3824,10.8966,0.2,1174.62378202,85.1,777.98,2026-09-24
CRA020002H1,CRA,BRF S.A.,VERT COMPANHIA SECURITIZADORA,2ª,2030-07-15,"IPCA + 5,6%",11.5155,12.6139,10.7103,1.89,1263.04144785,87.04,635.96,2026-09-24
CRA022002Y1,CRA,NORSA REFRIGERANTES S.A.,RIZA SECURITIZADORA S.A.,1ª,2027-03-15,"IPCA + 5,685%",7.0867,7.5122,6.989,0.2,602.37101732,99.4,115.0,2026-09-24
CRA020003PY,CRA,"VAMOS LOCAÇÃO DE CAMINHÕES, MÁQUINAS E EQUIPAMENTOS S.A.",ECO SECURITIZADORA DE DIREITOS CREDITÓRIOS DO AGRONEGÓCIO S.A.,1ª,2030-11-18,"IPCA + 5,7315%",11.5975,13.3366,10.5843,0.72,1229.54420868,85.96,698.59,2026-09-24
21K0001812,CRI,ULTRA SOM SERVIÇOS MÉDICOS S.A.,RIZA SECURITIZADORA S.A.,378ª,2031-12-15,"IPCA + 5,7505%",20.8244,23.0566,18.5419,1.56,750.74114686,58.77,971.15,2026-09-24
CRA021002YA,CRA,CARAMURU ALIMENTOS S.A.,ECO SECURITIZADORA DE DIREITOS CREDITÓRIOS DO AGRONEGÓCIO S.A.,1ª,2027-09-15,"IPCA + 5,7641%",9.6363,11.1127,7.8503,0.12,247.50684001,96.64,239.51,2026-09-24
CRA020001P8,CRA,RAÍZEN ENERGIA S.A.,TRUE SECURITIZADORA S/A,2ª,2030-06-17,"IPCA + 5,8%",,,,,647.34811175,45.45,,2026-09-24
22D1289007,CRI,REDE D'OR SÃO LUIZ S.A.,OPEA SECURITIZADORA S/A,508ª,2029-06-15,"IPCA + 5,83%",8.244,,7.9237,0.22,1145.08715026,94.54,626.89,2026-09-24
22D1289010,CRI,CYRELA BRAZIL REALTY S.A.,OPEA SECURITIZADORA S/A,490ª,2027-06-15,"IPCA + 5,9068%",6.5486,,6.211,0.28,1227.53545306,99.58,174.48,2026-09-24
CRA022002Y2,CRA,NORSA REFRIGERANTES S.A.,RIZA SECURITIZADORA S.A.,2ª,2029-03-15,"IPCA + 5,9169%",8.5414,8.9848,8.4553,0.26,1158.12078009,95.55,467.91,2026-09-24
CRA022006N5,CRA,IPIRANGA PRODUTOS DE PETRÓLEO S.A.,VERT COMPANHIA SECURITIZADORA,1ª,2032-06-15,"IPCA + 6,0053%",8.499,9.2128,8.0604,0.31,1101.12944944,91.01,1014.44,2026-09-24
22D1289008,CRI,REDE D'OR SÃO LUIZ S.A.,OPEA SECURITIZADORA S/A,509ª,2032-06-15,"IPCA + 6,01%",8.4818,9.1984,,0.12,1103.86870717,91.09,1014.44,2026-09-24
CRA022002Y3,CRA,NORSA REFRIGERANTES S.A.,RIZA SECURITIZADORA S.A.,3ª,2032-03-15,"IPCA + 6,0392%",8.6104,,,0.28,1103.5134367,91.04,982.32,2026-09-24
21K0001807,CRI,REDE D'OR SÃO LUIZ S.A.,OPEA SECURITIZADORA S/A,397ª,2036-12-15,"IPCA + 6,1017%",8.5105,8.733,8.1701,0.09,1099.44231047,85.57,1721.29,2026-09-24
22K0001201,CRI,PETRÓLEO BRASILEIRO S.A. - PETROBRAS,OPEA SECURITIZADORA S/A,1ª,2030-04-15,"IPCA + 6,2%",7.3755,7.6623,7.2757,0.11,1183.5828145,96.56,800.88,2026-09-24
23H0027403,CRI,REDE D'OR SÃO LUIZ S.A.,OPEA SECURITIZADORA S/A,2ª,2030-08-15,"IPCA + 6,2%",8.4115,8.7171,8.1377,0.14,1074.05897257,93.12,869.97,2026-09-24
CRA022006MY,CRA,Dexco S.A.,ECO SECURITIZADORA DE DIREITOS CREDITÓRIOS DO AGRONEGÓCIO S.A.,2ª,2032-06-15,"IPCA + 6,2%",,,,,,,,2026-09-24
22K0001203,CRI,PETRÓLEO BRASILEIRO S.A. - PETROBRAS,OPEA SECURITIZADORA S/A,2ª,2032-11-16,"IPCA + 6,25%",7.489,7.7943,,0.19,1185.80297401,94.4,1247.77,2026-09-24
22E1325262,CRI,HYPERA S.A.,OPEA SECURITIZADORA S/A,2ª,2029-08-15,"IPCA + 6,279%",8.6477,8.8811,8.4373,0.24,1131.30054893,94.33,666.56,2026-09-24
CRA021002YF,CRA,J. MACÊDO S.A.,ECO SECURITIZADORA DE DIREITOS CREDITÓRIOS DO AGRONEGÓCIO S.A.,1ª,2026-11-16,"IPCA + 6,3071%",8.8732,11.4718,6.6962,1.49,61.1738488,99.77,24.44,2026-09-24
CRA02300S35,CRA,CAMIL ALIMENTOS S.A.,ECO SECURITIZADORA DE DIREITOS CREDITÓRIOS DO AGRONEGÓCIO S.A.,2ª,2030-11-18,"IPCA + 6,3416%",12.8514,13.2027,12.161,0.71,962.42345233,82.77,793.6,2026-09-24
22C1362141,CRI,MATEUS SUPERMERCADOS S.A.,OPEA SECURITIZADORA S/A,1ª,2034-07-17,"IPCA + 6,3423%",10.625,,10.1861,0.15,817.43142722,87.94,796.49,2026-09-24
22B0004808,CRI,CSN CIMENTOS S.A.,RIZA SECURITIZADORA S.A.,417ª,2032-02-16,"IPCA + 6,3893%",17.0278,19.3809,14.9579,0.3,869.36045463,69.92,924.47,2026-09-24
CRA022008N6,CRA,JBS S.A.,RIZA SECURITIZADORA S.A.,2ª,2032-09-15,"IPCA + 6,3919%",9.2305,11.0757,7.5821,0.17,1073.66839524,89.37,1068.51,2026-09-24
22K0001204,CRI,PETRÓLEO BRASILEIRO S.A. - PETROBRAS,OPEA SECURITIZADORA S/A,3ª,2037-11-16,"IPCA + 6,4%",,,,,,,,2026-09-24
24B0013203,CRI,CIDADE MARAVILHOSA INDÚSTRIA E COMÉRCIO DE ROUPAS S.A.,RIZA SECURITIZADORA S.A.,3ª,2030-02-15,"IPCA + 6,4%",11.1782,,10.5881,0.78,1003.26498266,89.1,659.23,2026-09-24
CRA02300CYS,CRA,BANCO BTG PACTUAL S.A.,OPEA SECURITIZADORA S/A,3ª,2033-07-15,"IPCA + 6,4338%",,,,,,,,2026-09-24
22E1325264,CRI,HYPERA S.A.,OPEA SECURITIZADORA S/A,3ª,2032-08-16,"IPCA + 6,4451%",8.8611,9.3199,,0.08,1092.00316375,91.04,1048.4,2026-09-24
CRA024001P6,CRA,JSL S.A.,ECO SECURITIZADORA DE DIREITOS CREDITÓRIOS DO AGRONEGÓCIO S.A.,2ª,2031-02-17,"IPCA + 6,4527%",13.6814,14.1454,,0.35,925.34164579,82.07,748.45,2026-09-24
22E1095384,CRI,MRV ENGENHARIA E PARTICIPAÇÕES S.A.,OPEA SECURITIZADORA S/A,1ª,2030-09-16,"IPCA + 6,4802%",12.6368,,,0.34,1026.74342928,85.97,671.52,2026-09-24
21J0001208,CRI,TENDA ATACADO S.A.,RIZA SECURITIZADORA S.A.,306ª,2026-10-15,"IPCA + 6,4803%",11.8763,,11.052,0.49,440.12444222,99.73,14.0,2026-09-24
22F0009804,CRI,DIRECIONAL ENGENHARIA S.A.,OPEA SECURITIZADORA S/A,1ª,2032-06-15,"IPCA + 6,4899%",8.8328,9.0373,8.4192,0.16,1108.48508927,91.65,1004.05,2026-09-24
22F0009409,CRI,GJA INDÚSTRIAS S.A.,RIZA SECURITIZADORA S.A.,1ª,2029-06-15,"IPCA + 6,5%",12.1686,,11.8953,0.87,1071.54292432,89.96,511.72,2026-09-24
CRA022003JT,CRA,BEM BRASIL ALIMENTOS S.A.,ECO SECURITIZADORA DE DIREITOS CREDITÓRIOS DO AGRONEGÓCIO S.A.,1ª,2029-05-15,"IPCA + 6,5348%",9.0582,10.2159,7.2595,0.03,1182.02191331,96.55,376.32,2026-09-24
CRA022004MS,CRA,"VAMOS LOCAÇÃO DE CAMINHÕES, MÁQUINAS E EQUIPAMENTOS S.A.",ECO SECURITIZADORA DE DIREITOS CREDITÓRIOS DO AGRONEGÓCIO S.A.,1ª,2032-05-17,"IPCA + 6,5473%",13.9152,14.0617,12.6746,0.44,944.03578766,77.2,956.12,2026-09-24
23H0027404,CRI,REDE D'OR SÃO LUIZ S.A.,OPEA SECURITIZADORA S/A,3ª,2033-08-15,"IPCA + 6,55%",8.469,8.8189,8.1888,0.26,1057.44821855,91.64,1224.7,2026-09-24
CRA022008NB,CRA,RAÍZEN ENERGIA S.A.,OPEA SECURITIZADORA S/A,1ª,2032-08-16,"IPCA + 6,5885%",,,,,585.32855848,48.34,,2026-09-24
22B0006022,CRI,MRV ENGENHARIA E PARTICIPAÇÕES S.A.,RIZA SECURITIZADORA S.A.,442ª,2029-02-15,"IPCA + 6,5954%",12.7384,,12.0261,1.27,1128.91195456,90.57,443.5,2026-09-24
CRA024004SA,CRA,JBS S.A.,RIZA SECURITIZADORA S.A.,2ª,2034-05-15,"IPCA + 6,5975%",9.1131,10.475,7.914,0.16,987.29888054,87.15,1467.72,2026-09-24
22J0306937,CRI,DIAGNÓSTICOS DA AMÉRICA S.A.,VERT COMPANHIA SECURITIZADORA,2ª,2029-10-15,"IPCA + 6,6%",13.4566,15.0146,11.8228,0.55,1038.20889957,84.51,675.59,2026-09-24
CRA02300G7F,CRA,MARFRIG GLOBAL FOODS S.A.,ECO SECURITIZADORA DE DIREITOS CREDITÓRIOS DO AGRONEGÓCIO S.A.,3ª,2030-08-15,"IPCA + 6,6%",12.7281,13.0244,12.3675,0.13,953.88045452,82.59,855.93,2026-09-24
CRA022008C7,CRA,COMPANHIA DE LOCAÇÃO DAS AMÉRICAS,ECO SECURITIZADORA DE DIREITOS CREDITÓRIOS DO AGRONEGÓCIO S.A.,1ª,2028-09-15,"IPCA + 6,6018%",8.476,8.951,8.1452,0.23,1161.92246247,96.79,471.45,2026-09-24
24E1835896,CRI,HSL,TRUE SECURITIZADORA S/A,1ª,2034-06-15,"IPCA + 6,6075%",,,,,,,,2026-09-24
CRA022007KI,CRA,COCAL COMÉRCIO INDÚSTRIA CANAÃ AÇÚCAR E ÁLCOOL LTDA.,RIZA SECURITIZADORA S.A.,1ª,2030-08-15,"IPCA + 6,6234%",11.341,11.8751,10.7875,0.43,1069.7934694,89.33,651.56,2026-09-24
CRA02300JG3,CRA,JBS S.A.,RIZA SECURITIZADORA S.A.,3ª,2030-09-16,"IPCA + 6,6441%",9.1248,11.0811,7.5758,0.09,1055.24968647,92.22,884.58,2026-09-24
CRA022008N7,CRA,JBS S.A.,RIZA SECURITIZADORA S.A.,3ª,2037-09-15,"IPCA + 6,6614%",9.7332,10.3763,9.2929,0.57,977.76531997,81.38,1787.57,2026-09-24
CRA022000XF,CRA,MARFRIG GLOBAL FOODS S.A.,ECO SECURITIZADORA DE DIREITOS CREDITÓRIOS DO AGRONEGÓCIO S.A.,3ª,2032-01-15,"IPCA + 6,663%",12.5141,12.521,11.3816,0.31,1036.23120725,82.15,916.03,2026-09-24
CRA02300JG4,CRA,JBS S.A.,RIZA SECURITIZADORA S.A.,4ª,2033-09-15,"IPCA + 6,6634%",9.2019,11.05,7.56,0.21,1018.51350491,89.01,1237.21,2026-09-24
24F1277567,CRI,DIRECIONAL ENGENHARIA S.A.,OPEA SECURITIZADORA S/A,2ª,2031-07-15,"IPCA + 6,6747%",8.772,9.0167,8.4099,0.16,1035.32688895,93.01,934.75,2026-09-24
23L1737622,CRI,REDE D'OR SÃO LUIZ S.A.,OPEA SECURITIZADORA S/A,1ª,2033-12-15,"IPCA + 6,6941%",8.3993,,7.959,0.2,1066.84665158,92.32,1261.85,2026-09-24
22G1414303,CRI,SENDAS DISTRIBUIDORA S.A.,OPEA SECURITIZADORA S/A,3ª,2029-09-17,"IPCA + 6,7%",11.5859,,,0.25,1083.68003204,90.26,574.51,2026-09-24
CRA022008ND,CRA,RAÍZEN ENERGIA S.A.,OPEA SECURITIZADORA S/A,2ª,2037-08-17,"IPCA + 6,7382%",,,,,522.09859399,43.08,,2026-09-24
CRA0240066J,CRA,SLC AGRICOLA II,RIZA SECURITIZADORA S.A.,3ª,2031-07-15,"IPCA + 6,7469%",9.1748,9.9143,8.0042,0.5,1024.82715675,91.86,948.04,2026-09-24
22J0306938,CRI,DIAGNÓSTICOS DA AMÉRICA S.A.,VERT COMPANHIA SECURITIZADORA,3ª,2032-10-15,"IPCA + 6,75%",13.2422,15.5787,10.7674,0.21,963.27629317,78.36,1019.91,2026-09-24
CRA0240020C,CRA,VICUNHA II,RIZA SECURITIZADORA S.A.,3ª,2031-02-15,"IPCA + 6,7641%",,,,,,,,2026-09-24
CRA022007EP,CRA,KLABIN S.A.,VERT COMPANHIA SECURITIZADORA,1ª,2034-05-15,"IPCA + 6,7694%",7.7731,8.1468,7.598,0.11,1148.01754716,94.62,1481.03,2026-09-24
CRA024004SB,CRA,JBS S.A.,RIZA SECURITIZADORA S.A.,3ª,2039-05-16,"IPCA + 6,7825%",8.7407,10.1001,7.3026,0.02,982.47244587,86.67,1944.66,2026-09-24
CRA0240086K,CRA,SEARA ALIMENTOS LTDA.,RIZA SECURITIZADORA S.A.,2ª,2034-09-15,"IPCA + 6,7931%",8.8887,10.2005,8.1116,0.07,972.05426529,88.63,1549.79,2026-09-24
CRA024002ML,CRA,MARFRIG GLOBAL FOODS S.A.,ECO SECURITIZADORA DE DIREITOS CREDITÓRIOS DO AGRONEGÓCIO S.A.,3ª,2034-03-15,"IPCA + 6,7996%",12.728,12.977,12.2128,0.32,843.36435565,75.53,1280.44,2026-09-24
22I0970804,CRI,NATURA COSMÉTICOS S.A.,RIZA SECURITIZADORA S.A.,2ª,2029-09-17,"IPCA + 6,8%",8.9832,,8.8936,0.04,1137.65654273,94.65,684.25,2026-09-24
CRA0240066B,CRA,CAMIL ALIMENTOS S.A.,ECO SECURITIZADORA DE DIREITOS CREDITÓRIOS DO AGRONEGÓCIO S.A.,2ª,2031-06-16,"IPCA + 6,8286%",12.4863,,11.4776,0.6,934.41255722,83.04,897.79,2026-09-24
CRA0220079D,CRA,BRF S.A.,VERT COMPANHIA SECURITIZADORA,2ª,2032-07-15,"IPCA + 6,8344%",12.7597,13.0489,12.2331,0.11,984.66057508,80.47,998.75,2026-09-24
CRA0240086L,CRA,SEARA ALIMENTOS LTDA.,RIZA SECURITIZADORA S.A.,3ª,2044-09-15,"IPCA + 6,8408%",9.3634,9.8995,8.9718,0.48,877.21794695,79.98,2316.54,2026-09-24
CRA022006HK,CRA,SÃO SALVADOR ALIMENTOS S.A.,ECO SECURITIZADORA DE DIREITOS CREDITÓRIOS DO AGRONEGÓCIO S.A.,2ª,2030-07-15,"IPCA + 6,8911%",8.7709,9.8965,7.5933,0.38,1150.98798647,95.7,633.12,2026-09-24
22I0970868,CRI,NATURA COSMÉTICOS S.A.,RIZA SECURITIZADORA S.A.,3ª,2032-09-15,"IPCA + 6,9%",9.0909,9.5647,,0.05,1103.18525072,91.78,1060.32,2026-09-24
23L1737623,CRI,REDE D'OR SÃO LUIZ S.A.,OPEA SECURITIZADORA S/A,2ª,2038-12-15,"IPCA + 6,9527%",8.4509,,8.1132,0.18,1038.79927268,89.83,1914.89,2026-09-24
CRA022004S9,CRA,"VAMOS LOCAÇÃO DE CAMINHÕES, MÁQUINAS E EQUIPAMENTOS S.A.",ECO SECURITIZADORA DE DIREITOS CREDITÓRIOS DO AGRONEGÓCIO S.A.,2ª,2037-05-15,"IPCA + 6,9739%",13.1102,,12.2409,1.1,844.51423089,68.96,1594.25,2026-09-24
CRA02300JG5,CRA,JBS S.A.,RIZA SECURITIZADORA S.A.,5ª,2038-09-15,"IPCA + 6,9938%",9.7653,10.374,9.3102,0.59,941.33596483,82.26,1877.67,2026-09-24
CRA024004SC,CRA,JBS S.A.,RIZA SECURITIZADORA S.A.,4ª,2044-05-16,"IPCA + 6,9947%",9.5815,10.4817,9.1593,0.48,912.04343576,80.4,2204.06,2026-09-24
CRA022004XY,CRA,USINA CERRADÃO S.A.,ECO SECURITIZADORA DE DIREITOS CREDITÓRIOS DO AGRONEGÓCIO S.A.,1ª,2028-05-15,"IPCA + 6,9949%",7.8113,,7.7415,0.19,809.68172972,99.19,268.34,2026-09-24
22F0009410,CRI,GJA INDÚSTRIAS S.A.,RIZA SECURITIZADORA S.A.,2ª,2032-06-15,IPCA + 7%,11.4311,,,0.07,1014.72029053,85.17,985.22,2026-09-24
23F1519397,CRI,MOVIDA PARTICIPAÇÕES S.A.,OPEA SECURITIZADORA S/A,3ª,2028-06-16,IPCA + 7%,13.277,13.8042,,0.35,1068.23948129,91.23,404.95,2026-09-24
24G1674104,CRI,JHSF PARTICIPAÇÕES S.A.,OPEA SECURITIZADORA S/A,4ª,2034-07-17,"IPCA + 7,0163%",8.9197,9.1324,8.5762,0.13,894.86770882,92.42,1110.87,2026-09-24
CRA02200C6Y,CRA,MARFRIG GLOBAL FOODS S.A.,ECO SECURITIZADORA DE DIREITOS CREDITÓRIOS DO AGRONEGÓCIO S.A.,1ª,2029-10-15,"IPCA + 7,0383%",12.7709,13.0559,11.0827,0.29,1061.96267487,86.93,672.2,2026-09-24
CRA024007PU,CRA,SOROCABA REFRESCOS S.A.,ECO SECURITIZADORA DE DIREITOS CREDITÓRIOS DO AGRONEGÓCIO S.A.,2ª,2034-08-15,"IPCA + 7,05%",9.8566,10.4045,9.6113,0.21,960.20769109,86.84,1357.41,2026-09-24
22K0934880,CRI,BCBF PARTICIPAÇÕES S.A.,RIZA SECURITIZADORA S.A.,2ª,2029-12-17,"IPCA + 7,0913%",20.8481,22.022,19.5239,3.89,859.4505862,71.09,700.76,2026-09-24
CRA022006HE,CRA,AÇO VERDE DO BRASIL S.A.,RIZA SECURITIZADORA S.A.,1ª,2029-06-15,"IPCA + 7,1543%",10.4037,11.033,9.8235,0.68,1156.71426504,95.4,394.25,2026-09-24
CRA023000RT,CRA,"VAMOS LOCAÇÃO DE CAMINHÕES, MÁQUINAS E EQUIPAMENTOS S.A.",ECO SECURITIZADORA DE DIREITOS CREDITÓRIOS DO AGRONEGÓCIO S.A.,3ª,2030-01-15,"IPCA + 7,1638%",14.1639,14.6537,12.8083,0.05,992.31036083,83.14,730.09,2026-09-24
CRA022006BU,CRA,CARAMURU ALIMENTOS S.A.,ECO SECURITIZADORA DE DIREITOS CREDITÓRIOS DO AGRONEGÓCIO S.A.,1ª,2029-07-16,"IPCA + 7,2043%",10.4285,11.5672,7.5299,1.45,686.60841493,95.25,411.36,2026-09-24
CRA0220073P,CRA,MINERVA S.A.,RIZA SECURITIZADORA S.A.,1ª,2029-07-16,"IPCA + 7,2063%",11.7981,12.4363,11.1367,0.92,1081.55617073,89.94,634.97,2026-09-24
CRA0240066K,CRA,BRF S.A.,ECO SECURITIZADORA DE DIREITOS CREDITÓRIOS DO AGRONEGÓCIO S.A.,3ª,2034-06-15,"IPCA + 7,2336%",12.1046,12.8313,11.3019,1.14,893.19334513,79.37,1281.85,2026-09-24
22K0934889,CRI,BCBF PARTICIPAÇÕES S.A.,RIZA SECURITIZADORA S.A.,3ª,2034-12-15,"IPCA + 7,2792%",20.8072,23.0546,17.8797,1.56,648.82986308,53.64,1222.87,2026-09-24
CRA024001QA,CRA,ZAMP S.A.,RIZA SECURITIZADORA S.A.,3ª,2029-02-15,"IPCA + 7,3%",9.6925,,9.6187,1.1,1081.90336317,95.27,553.55,2026-09-24
CRA024007Q5,CRA,SLC MÁQUINAS LTDA.,OPEA SECURITIZADORA S/A,3ª,2031-08-15,"IPCA + 7,31%",10.1476,10.3745,9.8527,0.43,1025.64083259,92.55,742.84,2026-09-24
CRA02200C6Z,CRA,MARFRIG GLOBAL FOODS S.A.,ECO SECURITIZADORA DE DIREITOS CREDITÓRIOS DO AGRONEGÓCIO S.A.,2ª,2032-10-15,"IPCA + 7,3352%",12.6843,,11.0173,0.13,1002.8227579,81.99,1011.19,2026-09-24
24A2721507,CRI,DASA,VERT COMPANHIA SECURITIZADORA,3ª,2031-01-15,"IPCA + 7,3402%",13.1095,13.956,12.2165,0.72,961.80288741,84.2,820.14,2026-09-24
CRA022006HF,CRA,AÇO VERDE DO BRASIL S.A.,RIZA SECURITIZADORA S.A.,2ª,2032-06-15,"IPCA + 7,3686%",10.5381,11.2791,10.0782,0.49,1082.28911038,89.22,980.11,2026-09-24
CRA024009Q4,CRA,MARFRIG GLOBAL FOODS S.A.,ECO SECURITIZADORA DE DIREITOS CREDITÓRIOS DO AGRONEGÓCIO S.A.,3ª,2034-10-16,"IPCA + 7,3693%",12.8732,13.1262,12.2873,0.16,862.49819435,76.78,1293.48,2026-09-24
22E1314836,CRI,SÃO CARLOS EMPREENDIMENTOS E PARTICIPAÇÕES S.A.,OPEA SECURITIZADORA S/A,1ª,2029-09-17,"IPCA + 7,3826%",9.7178,10.3981,,0.6,1161.07624178,96.19,452.47,2026-09-24
CRA022001E2,CRA,FS AGRISOLUTIONS INDÚSTRIA DE BIOCOMBUSTÍVEIS LTDA.,ECO SECURITIZADORA DE DIREITOS CREDITÓRIOS DO AGRONEGÓCIO S.A.,2ª,2029-02-15,"IPCA + 7,3913%",12.1044,12.7112,11.3307,0.38,1165.00952543,94.61,321.53,2026-09-24
CRA022004SD,CRA,FS AGRISOLUTIONS INDÚSTRIA DE BIOCOMBUSTÍVEIS LTDA.,ECO SECURITIZADORA DE DIREITOS CREDITÓRIOS DO AGRONEGÓCIO S.A.,2ª,2029-05-15,"IPCA + 7,3913%",11.8226,12.5203,11.3181,0.12,1160.5005549,94.18,370.13,2026-09-24
CRA02400AHZ,CRA,REFRESCOS BANDEIRANTES INDÚSTRIA E COMÉRCIO LTDA.,RIZA SECURITIZADORA S.A.,2ª,2034-11-16,"IPCA + 7,41%",10.409,12.1294,,1.19,959.34417023,86.12,1346.89,2026-09-24
24J2539865,CRI,JHSF PARTICIPAÇÕES S.A.,OPEA SECURITIZADORA S/A,1ª,2034-10-16,"IPCA + 7,4183%",8.9594,9.184,8.6431,0.05,1046.23353008,92.62,1346.45,2026-09-24
CRA0240005O,CRA,CEREAL COMÉRCIO EXPORTAÇÃO E REPRESENTAÇÃO AGROPECUÁRIA S.A.,RIZA SECURITIZADORA S.A.,2ª,2029-01-15,"IPCA + 7,4367%",8.9623,10.2237,8.0625,0.04,1121.7213168,98.3,305.62,2026-09-24
CRA022004H5,CRA,NARDINI AGROINDUSTRIAL LTDA.,OPEA SECURITIZADORA S/A,1ª,2028-04-15,"IPCA + 7,4986%",7.6973,,7.5281,0.46,823.33330449,99.82,248.19,2026-09-24
23L2043184,CRI,UNIDAS LOCADORA S.A.,OPEA SECURITIZADORA S/A,3ª,2030-12-16,"IPCA + 7,5%",10.1046,10.4588,9.5921,0.23,1072.00881765,92.6,806.24,2026-09-24
CRA024009Q5,CRA,MARFRIG GLOBAL FOODS S.A.,ECO SECURITIZADORA DE DIREITOS CREDITÓRIOS DO AGRONEGÓCIO S.A.,4ª,2039-10-17,"IPCA + 7,5395%",13.3662,13.4316,12.7751,0.49,762.29660841,67.81,1723.54,2026-09-24
CRA02300MOQ,CRA,MINERVA S.A.,RIZA SECURITIZADORA S.A.,3ª,2030-09-16,"IPCA + 7,5408%",12.7523,13.1693,10.1378,0.9,989.16903387,86.47,768.8,2026-09-24
23L0034761,CRI,FARO ENERGY PROJETOS SOLARES HOLDING S.A.,OPEA SECURITIZADORA S/A,1ª,2038-12-15,"IPCA + 7,5702%",,,,,,,,2026-09-24
CRA0250080Y,CRA,ELDORADO BRASIL CELULOSE S.A.,OPEA SECURITIZADORA S/A,3ª,2040-09-17,"IPCA + 7,6%",8.5964,,8.1681,0.5,963.34382667,92.25,2176.61,2026-09-24
25D0012204,CRI,CYRELA BRAZIL REALTY S.A.,COMPANHIA PROVÍNCIA DE SECURITIZAÇÃO,3ª,2032-04-15,"IPCA + 7,6693%",8.5151,,8.1644,0.06,1053.32283382,96.83,1034.16,2026-09-24
23J1127331,CRI,MOVIDA PARTICIPAÇÕES S.A.,OPEA SECURITIZADORA S/A,3ª,2033-10-17,"IPCA + 7,7279%",13.6498,,,0.43,918.900671,77.96,1142.25,2026-09-24
CRA0250080X,CRA,ELDORADO BRASIL CELULOSE S.A.,OPEA SECURITIZADORA S/A,2ª,2035-09-17,"IPCA + 7,7281%",8.752,,8.1679,0.42,981.22378551,93.96,1648.87,2026-09-24
CRA02400AYK,CRA,BEM BRASIL ALIMENTOS S.A.,ECO SECURITIZADORA DE DIREITOS CREDITÓRIOS DO AGRONEGÓCIO S.A.,ª,2031-11-17,"IPCA + 7,737%",9.4233,10.6039,7.5714,0.26,1035.21802903,94.69,882.66,2026-09-24
CRA0230073N,CRA,J. MACÊDO S.A.,RIZA SECURITIZADORA S.A.,2ª,2030-04-15,"IPCA + 7,8%",8.2102,9.3234,6.7763,0.42,1024.72960251,99.38,409.02,2026-09-24
CRA025003PJ,CRA,SEARA,RIZA SECURITIZADORA S.A.,3ª,2055-05-17,"IPCA + 7,8%",,,,,,,,2026-09-24
CRA024003UZ,CRA,LAR COOPERATIVA AGROINDUSTRIAL,ECO SECURITIZADORA DE DIREITOS CREDITÓRIOS DO AGRONEGÓCIO S.A.,3ª,2031-04-15,"IPCA + 7,8363%",9.4698,10.0863,9.2605,0.21,1062.9082156,95.5,769.73,2026-09-24
CRA021004NV,CRA,LAR COOPERATIVA AGROINDUSTRIAL,ECO SECURITIZADORA DE DIREITOS CREDITÓRIOS DO AGRONEGÓCIO S.A.,1ª,2026-11-15,"IPCA + 7,8749%",9.7267,9.8478,7.9213,0.53,432.32679728,99.73,35.0,2026-09-24
CRA0250066B,CRA,BRF S.A.,ECO SECURITIZADORA DE DIREITOS CREDITÓRIOS DO AGRONEGÓCIO S.A.,3ª,2035-07-16,"IPCA + 7,9064%",12.7162,,,0.18,808.23915088,76.26,1514.66,2026-09-24
22E1321749,CRI,COGNA EDUCAÇÃO S.A.,OPEA SECURITIZADORA S/A,2ª,2029-07-16,"IPCA + 7,9273%",9.2389,9.7096,8.9244,0.1,1177.13968523,97.5,527.84,2026-09-24
CRA0240005P,CRA,CEREAL COMÉRCIO EXPORTAÇÃO E REPRESENTAÇÃO AGROPECUÁRIA S.A.,RIZA SECURITIZADORA S.A.,3ª,2031-01-15,"IPCA + 7,9443%",9.2466,10.4645,7.9234,0.01,1098.21011368,96.15,823.66,2026-09-24
22E1321750,CRI,COGNA EDUCAÇÃO S.A.,OPEA SECURITIZADORA S/A,3ª,2032-07-15,"IPCA + 8,0031%",9.6501,,9.5788,0.68,1137.12284408,94.17,995.56,2026-09-24
CRA025009EZ,CRA,Seara Alimentos Ltda.,ECO SECURITIZADORA DE DIREITOS CREDITÓRIOS DO AGRONEGÓCIO S.A.,4ª,2065-10-15,"IPCA + 8,0313%",,,,,,,,2026-09-24
CRA0250020C,CRA,BRF S.A.,ECO SECURITIZADORA DE DIREITOS CREDITÓRIOS DO AGRONEGÓCIO S.A.,2ª,2035-04-16,"IPCA + 8,04%",11.9553,12.5259,9.2729,1.07,882.3594089,80.85,1463.47,2026-09-24
CRA02200795,CRA,ADUBOS ARAGUAIA INDÚSTRIA E COMÉRCIO LTDA.,ECO SECURITIZADORA DE DIREITOS CREDITÓRIOS DO AGRONEGÓCIO S.A.,1ª,2027-07-15,"IPCA + 8,1191%",9.4624,10.1773,,0.24,598.32845741,99.05,195.23,2026-09-24
CRA0250020D,CRA,BRF S.A.,ECO SECURITIZADORA DE DIREITOS CREDITÓRIOS DO AGRONEGÓCIO S.A.,3ª,2040-04-16,"IPCA + 8,2345%",12.0539,12.5101,10.4776,1.47,844.15110942,77.28,1779.59,2026-09-24
CRA0250018K,CRA,MARFRIG GLOBAL FOODS S.A.,ECO SECURITIZADORA DE DIREITOS CREDITÓRIOS DO AGRONEGÓCIO S.A.,4ª,2040-04-16,"IPCA + 8,2503%",13.3551,,12.4994,0.49,782.58405208,71.42,1716.58,2026-09-24
CRA0250018L,CRA,MARFRIG GLOBAL FOODS S.A,ECO SECURITIZADORA DE DIREITOS CREDITÓRIOS DO AGRONEGÓCIO S.A.,5ª,2045-04-17,"IPCA + 8,3405%",13.0246,,,0.86,767.30939627,70.0,1921.45,2026-09-24
CRA0240099F,CRA,VALE DO TIJUCO AÇÚCAR E ÁLCOOL S.A.,ECO SECURITIZADORA DE DIREITOS CREDITÓRIOS DO AGRONEGÓCIO S.A.,2ª,2034-10-16,"IPCA + 8,3558%",10.1264,,9.8056,0.37,1047.44385289,92.8,1151.45,2026-09-24
CRA0250020E,CRA,BRF S.A.,ECO SECURITIZADORA DE DIREITOS CREDITÓRIOS DO AGRONEGÓCIO S.A.,3ª,2045-04-17,"IPCA + 8,38%",10.1709,,10.044,0.08,944.57987924,86.43,2162.58,2026-09-24
CRA02500BVX,CRA,BRF S.A.,ECO SECURITIZADORA DE DIREITOS CREDITÓRIOS DO AGRONEGÓCIO S.A.,5ª,2055-12-15,"IPCA + 8,3857%",,,,,,,,2026-09-24
CRA025008C2,CRA,Neomille S.A.,ECO SECURITIZADORA DE DIREITOS CREDITÓRIOS DO AGRONEGÓCIO S.A.,2ª,2032-12-15,"IPCA + 8,4473%",9.1261,,9.0044,0.19,1036.634888,97.22,1137.92,2026-09-24
CRA02400AHX,CRA,CEREAL COMÉRCIO EXPORTAÇÃO E,RIZA SECURITIZADORA S.A.,3ª,2034-11-16,"IPCA + 8,4704%",9.8576,11.5991,8.0817,0.03,1053.12997487,93.5,1323.77,2026-09-24
CRA025008HR,CRA,Nardini II,OPEA SECURITIZADORA S/A,ª,2032-10-15,"IPCA + 8,4773%",,,,,,,,2026-09-24
CRA025006NC,CRA,LAR COOPERATIVA AGROINDUSTRIAL,ECO SECURITIZADORA DE DIREITOS CREDITÓRIOS DO AGRONEGÓCIO S.A.,3ª,2032-08-16,"IPCA + 8,7268%",9.7393,,9.4406,0.07,1004.82843696,96.09,1079.81,2026-09-24
CRA0250005M,CRA,Boa Safra,OPEA SECURITIZADORA S/A,3ª,2032-01-15,"IPCA + 8,7384%",,,,,,,,2026-09-24
CRA0250005L,CRA,Boa Safra,OPEA SECURITIZADORA S/A,4ª,2035-01-15,"IPCA + 8,9518%",,,,,,,,2026-09-24
CRA02300796,CRA,FS INDÚSTRIA DE BIOCOMBUSTÍVEIS LTDA.,ECO SECURITIZADORA DE DIREITOS CREDITÓRIOS DO AGRONEGÓCIO S.A.,2ª,2029-10-15,"IPCA + 8,9555%",11.9891,12.8471,11.5245,0.09,1075.12148316,92.95,668.49,2026-09-24
CRA023003JY,CRA,OLFAR S.A.,RIZA SECURITIZADORA S.A.,2ª,2030-03-15,"IPCA + 8,9738%",9.6076,10.9604,8.431,0.27,1150.94318344,98.98,443.23,2026-09-24
23F2455004,CRI,SENDAS DISTRIBUIDORA S.A.,OPEA SECURITIZADORA S/A,2ª,2027-07-15,,16.445,,15.5365,1.88,990.52978194,96.89,193.17,2026-09-24
23I1259644,CRI,JSL,OPEA SECURITIZADORA S/A,4ª,2030-09-15,,,,,,,,,2026-09-24
23J1141681,CRI,YDUQS PARTICIPAÇÕES S.A.,OPEA SECURITIZADORA S/A,1ª,2028-10-16,,14.9133,,14.4889,0.32,991.32669104,94.51,450.46,2026-09-24
23K0018801,CRI,MULTIPLAN EMPREENDIMENTOS IMOBILIÁRIOS S.A.,RIZA SECURITIZADORA S.A.,3ª,2031-01-15,,14.2435,,,0.05,947.67337467,92.8,686.44,2026-09-24
23K0022041,CRI,Cogna,TRUE SECURITIZADORA S/A,2ª,2028-11-15,,,,,,,,,2026-09-24
24A2715837,CRI,DIAGNÓSTICOS DA AMÉRICA S.A.,VERT COMPANHIA SECURITIZADORA,2ª,2029-01-15,,18.4185,,18.16,0.87,919.75422968,89.88,504.39,2026-09-24
24A2721829,CRI,DIAGNÓSTICOS DA AMÉRICA S.A,VERT COMPANHIA SECURITIZADORA,4ª,2031-01-15,,19.7378,,19.3289,0.28,857.75233221,83.74,743.2,2026-09-24
25A1946535,CRI,Cury,OPEA SECURITIZADORA S/A,3ª,2032-01-15,,14.9295,,,0.08,1032.91369427,100.45,809.94,2026-09-24
25D0271049,CRI,Log,OPEA SECURITIZADORA S/A,3ª,2032-04-15,,,,,,,,,2026-09-24
CRA02300G7D,CRA,MARFRIG GLOBAL FOODS S.A.,ECO SECURITIZADORA DE DIREITOS CREDITÓRIOS DO AGRONEGÓCIO S.A.,1ª,2027-08-16,,17.7309,,16.8423,0.33,961.55950169,95.09,215.56,2026-09-24
CRA02300HWK,CRA,BANCO BTG PACTUAL S.A.,OPEA SECURITIZADORA S/A,4ª,2033-09-15,,13.3481,13.5391,13.1584,0.32,944.58186945,94.16,1225.16,2026-09-24
CRA02300JR7,CRA,RAÍZEN ENERGIA S.A.,OPEA SECURITIZADORA S/A,3ª,2033-10-17,,,,,,469.61395552,44.85,,2026-09-24
CRA02300NX8,CRA,BTG Pactual III,OPEA SECURITIZADORA S/A,4ª,2033-11-16,,,,,,,,,2026-09-24
CRA02300SPD,CRA,FS Agrisolutions Indústria de Biocombustíveis LTDA,ECO SECURITIZADORA DE DIREITOS CREDITÓRIOS DO AGRONEGÓCIO S.A.,3ª,2030-06-15,,18.6727,,17.862,0.79,873.71529902,87.07,730.78,2026-09-24
CRA02300SUZ,CRA,"Vamos Locação de Caminhões, Máquinas e Equipamentos S.A.",ECO SECURITIZADORA DE DIREITOS CREDITÓRIOS DO AGRONEGÓCIO S.A.,1ª,2030-11-18,,19.8579,,18.163,0.38,859.28098058,82.43,709.85,2026-09-24
CRA02300TSF,CRA,BTG PACTUAL IV,OPEA SECURITIZADORA S/A,4ª,2033-12-15,,,,,,,,,2026-09-24
CRA024000B8,CRA,FS Indústria De Biocombustíveis Ltda,ECO SECURITIZADORA DE DIREITOS CREDITÓRIOS DO AGRONEGÓCIO S.A.,3ª,2030-07-15,,18.8425,,17.8459,0.54,868.16406831,86.52,741.37,2026-09-24
CRA024001P5,CRA,JSL S.A.,ECO SECURITIZADORA DE DIREITOS CREDITÓRIOS DO AGRONEGÓCIO S.A.,1ª,2031-02-15,,,,,,,,,2026-09-24
CRA024001Q9,CRA,ZAMP S.A.,RIZA SECURITIZADORA S.A.,2ª,2029-02-15,,17.0587,,16.5856,0.62,941.2922779,92.9,524.03,2026-09-24
CRA0240020B,CRA,VICUNHA II,RIZA SECURITIZADORA S.A.,2ª,2031-02-15,,,,,,,,,2026-09-24
CRA024002MH,CRA,JF CITRUS AGROPECUÁRIA S.A.,ECO SECURITIZADORA DE DIREITOS CREDITÓRIOS DO AGRONEGÓCIO S.A.,1ª,2029-03-15,,,,,,,,,2026-09-24
CRA024002S2,CRA,Minerva VII,RIZA SECURITIZADORA S.A.,2ª,2029-03-15,,18.6603,,,0.24,880.95148232,87.82,547.69,2026-09-24
CRA024002S3,CRA,MINERVA S.A.,RIZA SECURITIZADORA S.A.,3ª,2031-03-17,,18.4757,,,0.56,827.46719198,82.48,872.41,2026-09-24
CRA0240066D,CRA,FS Florestal S.A.,ECO SECURITIZADORA DE DIREITOS CREDITÓRIOS DO AGRONEGÓCIO S.A.,1ª,2030-06-15,,17.5677,18.0031,17.3929,1.17,951.60612282,94.78,716.58,2026-09-24
CRA0240066G,CRA,BRF S.A.,ECO SECURITIZADORA DE DIREITOS CREDITÓRIOS DO AGRONEGÓCIO S.A.,2ª,2031-06-16,,17.5249,,16.49,0.91,900.22157592,86.95,870.22,2026-09-24
CRA024007PT,CRA,Sorocaba Refrescos S.A,ECO SECURITIZADORA DE DIREITOS CREDITÓRIOS DO AGRONEGÓCIO S.A.,1ª,2031-08-15,,15.5918,16.2362,13.9634,0.19,921.31085423,90.98,857.6,2026-09-24
CRA024007Q3,CRA,SLC Maquinas,OPEA SECURITIZADORA S/A,1ª,2031-08-15,,16.6046,,16.1242,0.26,926.41472733,91.45,681.87,2026-09-24
CRA024009Q3,CRA,MARFRIG GLOBAL FOODS S.A.,ECO SECURITIZADORA DE DIREITOS CREDITÓRIOS DO AGRONEGÓCIO S.A.,2ª,2031-10-15,,17.5317,,16.7657,0.66,928.6877843,87.84,886.94,2026-09-24
CRA02400AHY,CRA,REFRESCOS BANDEIRANTES INDÚSTRIA E COMÉRCIO LTDA.,RIZA SECURITIZADORA S.A.,1ª,2032-11-16,,17.3273,,,2.2,922.9410192,88.11,960.31,2026-09-24
CRA02400AYM,CRA,MINERVA S.A.,RIZA SECURITIZADORA S.A.,2ª,2029-11-16,,18.6848,,,0.27,951.99411397,90.71,624.41,2026-09-24
CRA02400AYP,CRA,MINERVA S.A.,RIZA SECURITIZADORA S.A.,5ª,2034-11-16,,18.7059,,,0.24,905.22599306,86.11,1062.12,2026-09-24
CRA02500001,CRA,BOA SAFRA SEMENTES S.A.,OPEA SECURITIZADORA S/A,1ª,2030-01-15,,16.1644,,15.4963,0.25,987.05004843,98.31,657.44,2026-09-24
CRA0250012X,CRA,FS FLORESTAL S.A.,ECO SECURITIZADORA DE DIREITOS CREDITÓRIOS DO AGRONEGÓCIO S.A.,1ª,2030-03-15,,18.2754,,18.0662,0.68,995.25344749,99.07,661.51,2026-09-24
CRA0250018I,CRA,Marfrig Global Foods S.A,ECO SECURITIZADORA DE DIREITOS CREDITÓRIOS DO AGRONEGÓCIO S.A.,2ª,2032-04-15,,17.6698,,16.9608,0.75,964.25419659,90.75,924.06,2026-09-24
CRA025002S3,CRA,MINERVA S.A,RIZA SECURITIZADORA S.A.,2ª,2030-04-15,,18.7088,,,0.28,996.65713179,93.41,664.24,2026-09-24
CRA025002S4,CRA,MINERVA S.A.,RIZA SECURITIZADORA S.A.,4ª,2032-04-15,,18.8172,,,0.24,968.83014766,90.8,900.63,2026-09-24
CRA0250040J,CRA,Natural One S.A,ECO SECURITIZADORA DE DIREITOS CREDITÓRIOS DO AGRONEGÓCIO S.A.,2ª,2029-06-15,,,,,,,,,2026-09-24
CRA025005EH,CRA,GDM GENÉTICA DO BRASIL S.A.,ECO SECURITIZADORA DE DIREITOS CREDITÓRIOS DO AGRONEGÓCIO S.A.,1ª,2032-07-15,,15.6173,16.4714,15.1332,0.06,1012.22113939,98.43,962.09,2026-09-24
CRA025005V7,CRA,MINERVA S.A.,RIZA SECURITIZADORA S.A.,3ª,2033-07-15,,18.4125,,17.4166,0.71,898.84788621,87.48,1026.16,2026-09-24
CRA025005V8,CRA,MINERVA S.A,RIZA SECURITIZADORA S.A.,4ª,2035-07-16,,18.4848,,17.4949,0.7,892.82154802,86.85,1140.46,2026-09-24
CRA0250066A,CRA,BRF S.A.,ECO SECURITIZADORA DE DIREITOS CREDITÓRIOS DO AGRONEGÓCIO S.A.,2ª,2032-07-15,,18.1579,,,0.32,889.4964074,86.67,990.59,2026-09-24
CRA025006NB,CRA,LAR COOPERATIVA AGROINDUSTRIAL,ECO SECURITIZADORA DE DIREITOS CREDITÓRIOS DO AGRONEGÓCIO S.A.,2ª,2032-08-16,,16.0782,,,0.38,954.75452649,95.12,946.23,2026-09-24
CRA025007KE,CRA,Cereal Comércio Exportação e Representação Agropecuária S.A.,ECO SECURITIZADORA DE DIREITOS CREDITÓRIOS DO AGRONEGÓCIO S.A.,2ª,2032-09-15,,16.2162,,15.8883,0.16,946.08480649,94.25,984.39,2026-09-24
CRA025007KK,CRA,ELDORADO BRASIL CELULOSE S.A.,OPEA SECURITIZADORA S/A,1ª,2032-09-15,,15.2046,,,0.51,963.69184363,96.02,1058.33,2026-09-24
CRA025008ND,CRA,São Salvador Alimentos S.A.,ECO SECURITIZADORA DE DIREITOS CREDITÓRIOS DO AGRONEGÓCIO S.A.,2ª,2033-10-15,,15.5009,16.1757,14.7189,0.2,1008.42000278,95.07,1102.39,2026-09-24
CRA02500A15,CRA,Açucareira Quatá S.A.,ECO SECURITIZADORA DE DIREITOS CREDITÓRIOS DO AGRONEGÓCIO S.A.,1ª,2032-11-15,,16.2668,,15.8983,0.32,991.94972201,94.4,956.77,2026-09-24
CRA02500AHU,CRA,C. Vale - Cooperativa Agroindustrial,ECO SECURITIZADORA DE DIREITOS CREDITÓRIOS DO AGRONEGÓCIO S.A.,2ª,2030-11-15,,15.4832,16.3211,15.2014,0.24,1035.72613894,98.45,775.4,2026-09-24
CRA02500BVU,CRA,BRF S.A.,ECO SECURITIZADORA DE DIREITOS CREDITÓRIOS DO AGRONEGÓCIO S.A.,2ª,2032-12-15,,18.0765,,16.8388,0.36,881.91450389,85.04,1026.46,2026-09-24
CRA02500C1D,CRA,Alibem Alimentos S.A.,ECO SECURITIZADORA DE DIREITOS CREDITÓRIOS DO AGRONEGÓCIO S.A.,1ª,2030-12-18,,16.0806,16.9353,15.43,0.22,1016.18673319,97.8,504.25,2026-09-24
CRA026001JM,CRA,Lar Cooperativa Agroindustrial,ECO SECURITIZADORA DE DIREITOS CREDITÓRIOS DO AGRONEGÓCIO S.A.,2ª,2033-03-15,,16.3647,,16.1257,0.14,957.95191615,95.42,1002.34,2026-09-24
CRA026002BE,CRA,BRF S.A.,ECO SECURITIZADORA DE DIREITOS CREDITÓRIOS DO AGRONEGÓCIO S.A.,2ª,2033-04-15,,17.3758,,,0.96,936.84718974,88.98,1040.28,2026-09-24
25B0013406,CRI,Direcional,OPEA SECURITIZADORA S/A,1ª,2032-02-16,100% do DI,101.5433,,99.0,0.35,1005.4893438,99.21,989.69,2026-09-23
CRA019003V2,CRA,RAÍZEN ENERGIA S.A.,OPEA SECURITIZADORA S/A,1ª,2029-07-16,100% do DI,,,,,435.62915583,42.68,,2026-09-23
CRA024004H7,CRA,SÃO MARTINHO S.A.,RIZA SECURITIZADORA S.A.,3ª,2029-04-12,100% do DI,100.9576,102.8975,98.5725,1.05,1058.64195094,99.74,528.73,2026-09-23
CRA0250018H,CRA,Marfrig Global Foods S.A,ECO SECURITIZADORA DE DIREITOS CREDITÓRIOS DO AGRONEGÓCIO S.A.,1ª,2030-04-15,100% do DI,113.61,,108.824,2.23,1009.95397235,95.26,688.51,2026-09-23
CRA02500BVT,CRA,BRF S.A.,ECO SECURITIZADORA DE DIREITOS CREDITÓRIOS DO AGRONEGÓCIO S.A.,1ª,2030-06-17,100% do DI,115.1887,,109.164,5.74,1028.62241603,92.95,930.0,2026-09-23
24D2765715,CRI,CYRELA BRAZIL REALTY S.A.,COMPANHIA PROVÍNCIA DE SECURITIZAÇÃO,3ª,2031-04-15,101% do DI,99.4297,101.5066,97.2066,0.18,1067.51779055,100.62,766.16,2026-09-23
CRA023007VD,CRA,ENGELHART CTP,OPEA SECURITIZADORA S/A,1ª,2028-07-05,101% do DI,96.9786,98.3325,93.3383,0.1,1038.26914326,100.82,400.38,2026-09-23
25L2997442,CRI,Even Construtora e Incorporadora S/A,VERT COMPANHIA SECURITIZADORA,ª,2032-12-15,"101,5% do DI",,,,,,,,2026-09-23
CRA026002BD,CRA,BRF S.A.,ECO SECURITIZADORA DE DIREITOS CREDITÓRIOS DO AGRONEGÓCIO S.A.,1ª,2030-10-15,"101,5% do DI",113.3816,,106.455,5.72,989.23164606,93.94,1015.0,2026-09-23
24D3313768,CRI,CURY CONSTRUTORA E INCORPORADORA S.A.,TRUE SECURITIZADORA S/A,1ª,2027-05-31,102% do DI,98.9775,101.08,96.8133,0.47,1047.32915452,100.24,160.04,2026-09-23
CRA023003UX,CRA,ENGELHART CTP,OPEA SECURITIZADORA S/A,1ª,2027-03-15,102% do DI,94.1833,95.98,92.38,2.37,1007.71650702,100.46,116.0,2026-09-23
CRA02500669,CRA,BRF S.A,ECO SECURITIZADORA DE DIREITOS CREDITÓRIOS DO AGRONEGÓCIO S.A.,1ª,2029-07-16,102% do DI,113.7768,,107.9666,5.7,1122.20066784,95.83,701.0,2026-09-23
CRA025008HM,CRA,Cocal Comercio Industria Canaa Acucar e Alcool S.A.,VERT COMPANHIA SECURITIZADORA,1ª,2031-09-15,102% do DI,,,,,,,,2026-09-23
24F1277566,CRI,DIRECIONAL ENGENHARIA S.A.,OPEA SECURITIZADORA S/A,1ª,2029-07-16,103% do DI,100.39,102.66,98.75,0.77,1034.7326677,100.8,592.05,2026-09-23
CRA02300209,CRA,ENGELHART CTP,VERT COMPANHIA SECURITIZADORA,1ª,2027-01-15,103% do DI,93.2146,95.9966,91.1966,3.68,1030.44316549,100.38,77.0,2026-09-23
CRA0250073L,CRA,Mantiqueira Brasil,ECO SECURITIZADORA DE DIREITOS CREDITÓRIOS DO AGRONEGÓCIO S.A.,1ª,2030-08-15,"103,1% do DI",,,,,,,,2026-09-23
25G5313879,CRI,MOURA DUBEUX ENGENHARIA S.A.,VERT COMPANHIA SECURITIZADORA,1ª,2030-07-15,"103,75% do DI",105.515,,102.5,2.82,996.40101329,99.32,746.21,2026-09-23
CRA025008N8,CRA,3Tentos,OPEA SECURITIZADORA S/A,1ª,2030-10-15,"103,75% do DI",109.56,117.4619,102.3265,0.42,1038.55198474,97.74,759.75,2026-09-23
22J0346710,CRI,BANCO BTG PACTUAL S.A.,OPEA SECURITIZADORA S/A,1ª,2027-01-15,104% do DI,96.5,96.9,,0.5,1029.81557698,100.29,77.0,2026-09-23
CRA0240066A,CRA,CAMIL ALIMENTOS S.A.,ECO SECURITIZADORA DE DIREITOS CREDITÓRIOS DO AGRONEGÓCIO S.A.,1ª,2029-06-15,104% do DI,118.9085,120.97,112.575,9.52,995.00390143,95.74,566.02,2026-09-23
CRA025006SR,CRA,Boa Safra II,OPEA SECURITIZADORA S/A,1ª,2032-02-16,104% do DI,109.6399,,108.5,3.24,975.43648872,97.23,956.33,2026-09-23
CRA025007KD,CRA,CEREAL COMÉRCIO EXPORTAÇÃO E REPRESENTAÇÃO AGROPECUÁRIA S.A.,ECO SECURITIZADORA DE DIREITOS CREDITÓRIOS DO AGRONEGÓCIO S.A.,1ª,2030-09-16,104% do DI,,,,,,,,2026-09-23
CRA025002S1,CRA,MINERVA S.A.,RIZA SECURITIZADORA S.A.,1ª,2030-04-15,"104,5% do DI",128.8355,,124.4483,0.21,975.86278926,91.8,675.88,2026-09-23
CRA025005V5,CRA,MINERVA S.A.,RIZA SECURITIZADORA S.A.,1ª,2030-07-15,"104,5% do DI",127.9085,,124.3016,0.7,938.59551469,91.4,739.12,2026-09-23
24D0006602,CRI,ALLOS S.A.,OPEA SECURITIZADORA S/A,2ª,2029-04-16,105% do DI,98.5966,101.33,96.9733,1.35,1081.92719665,101.75,527.54,2026-09-23
25E0013305,CRI,JHSF IV,OPEA SECURITIZADORA S/A,2ª,2030-05-15,105% do DI,104.0955,,,1.24,1054.89080745,100.33,707.37,2026-09-23
CRA02300TSB,CRA,BANCO BTG PACTUAL S.A.,OPEA SECURITIZADORA S/A,1ª,2033-12-15,105% do DI,96.5533,99.2666,94.4666,2.06,1093.77774413,105.21,1166.62,2026-09-23
CRA02400AYL,CRA,MINERVA S.A.,RIZA SECURITIZADORA S.A.,1ª,2029-11-16,105% do DI,124.776,,120.87,7.64,986.17093347,93.8,625.28,2026-09-23
CRA025008C3,CRA,Neomille S.A.,ECO SECURITIZADORA DE DIREITOS CREDITÓRIOS DO AGRONEGÓCIO S.A.,3ª,2032-12-15,105% do DI,115.0668,,112.9757,1.66,987.51786814,94.99,977.38,2026-09-23
CRA02500AC9,CRA,,ECO SECURITIZADORA DE DIREITOS CREDITÓRIOS DO AGRONEGÓCIO S.A.,1ª,2030-11-15,105% do DI,,,,,,,,2026-09-23
CRA02500AHT,CRA,C. Vale - Cooperativa Agroindustrial,ECO SECURITIZADORA DE DIREITOS CREDITÓRIOS DO AGRONEGÓCIO S.A.,1ª,2030-11-15,"105,5% do DI",,,,,,,,2026-09-23
CRA025005EI,CRA,GDM Genética do Brasil S.A.,ECO SECURITIZADORA DE DIREITOS CREDITÓRIOS DO AGRONEGÓCIO S.A.,2ª,2032-07-15,"105,75% do DI",108.3306,116.0769,100.4279,0.38,1013.98360366,98.71,971.98,2026-09-23
23K0018802,CRI,MULTIPLAN EMPREENDIMENTOS IMOBILIÁRIOS S.A.,RIZA SECURITIZADORA S.A.,2ª,2031-01-15,106% do DI,98.8,101.1666,96.9333,0.05,1053.06643919,102.5,667.4,2026-09-23
CRA025006NA,CRA,Lar Cooperativa Agroindustrial,ECO SECURITIZADORA DE DIREITOS CREDITÓRIOS DO AGRONEGÓCIO S.A.,1ª,2030-08-15,106% do DI,111.566,,109.0,0.14,983.95352097,98.07,676.22,2026-09-23
23K0019201,CRI,DIRECIONAL ENGENHARIA S.A.,TRUE SECURITIZADORA S/A,2ª,2028-11-16,"106,5% do DI",99.3288,,,0.19,1069.97549896,101.7,460.17,2026-09-23
CRA026001JL,CRA,Lar Cooperativa Agroindustrial,ECO SECURITIZADORA DE DIREITOS CREDITÓRIOS DO AGRONEGÓCIO S.A.,1ª,2031-03-15,"106,5% do DI",112.7644,,110.46,0.43,978.80301356,97.56,761.57,2026-09-23
25H0243072,CRI,BTSA,RIZA SECURITIZADORA S.A.,2ª,2032-08-16,107% do DI,111.9644,,108.0,1.86,983.53483753,98.03,773.45,2026-09-23
CRA02300NRL,CRA,BANCO BTG PACTUAL S.A.,OPEA SECURITIZADORA S/A,1ª,2033-11-16,107% do DI,98.5,99.9,95.1,0.5,1105.46144641,105.11,1137.68,2026-09-23
CRA025003UZ,CRA,COOXUPÉ - COOPERATIVA REGIONAL DE,VERT COMPANHIA SECURITIZADORA,2ª,2030-06-17,"107,5% do DI",110.5203,,108.5,1.68,1030.20721401,99.0,644.32,2026-09-23
CRA02300CYQ,CRA,BANCO BTG PACTUAL S.A.,OPEA SECURITIZADORA S/A,1ª,2033-07-15,109% do DI,96.1341,98.1166,92.9166,1.33,1107.82100522,107.76,1129.73,2026-09-23
CRA02300HWH,CRA,BANCO BTG PACTUAL S.A.,OPEA SECURITIZADORA S/A,1ª,2033-09-15,109% do DI,98.4966,99.9225,95.5725,0.41,1068.81063013,106.52,1168.3,2026-09-23
24I1980390,CRI,MRV ENGENHARIA E PARTICIPAÇÕES S.A,OPEA SECURITIZADORA S/A,1ª,2029-10-15,110% do DI,129.961,138.7366,,1.53,1002.57257629,94.01,597.16,2026-09-23
25B3099731,CRI,IGUATEMI PPPH PARTICIPAÇÕES LTDA.,OPEA SECURITIZADORA S/A,1ª,2030-02-18,96% do DI,98.7266,101.41,96.58,0.28,1002.94115572,99.01,706.61,2026-09-23
25D0012202,CRI,CYRELA BRAZIL REALTY S.A. EMPREENDIMENTOS,COMPANHIA PROVÍNCIA DE SECURITIZAÇÃO,1ª,2029-04-15,96% do DI,99.0766,,,0.15,1048.91224821,99.16,534.16,2026-09-23
25J4546988,CRI,CYRELA BRAZIL REALTY S.A. EMPREENDIMENTOS E,COMPANHIA PROVÍNCIA DE SECURITIZAÇÃO,1ª,2032-11-16,"96,5% do DI",100.1855,,97.6,0.92,1026.19012337,98.0,1053.44,2026-09-23
25D0012203,CRI,CYRELA BRAZIL REALTY S.A. EMPREENDIMENTOS E PARTICIPAÇÕES,COMPANHIA PROVÍNCIA DE SECURITIZAÇÃO,2ª,2030-04-15,97% do DI,99.3666,,97.5,0.32,1049.4266586,99.15,698.59,2026-09-23
26C3164285,CRI,Allos VI,OPEA SECURITIZADORA S/A,1ª,2031-03-12,97% do DI,98.6722,100.89,,0.18,996.09574567,99.26,855.75,2026-09-23
26G0012801,CRI,Cury III,OPEA SECURITIZADORA S/A,1ª,2032-07-06,97% do DI,99.7198,,97.4,0.69,1007.44609052,98.64,971.77,2026-09-23
CRA025003PD,CRA,SÃO MARTINHO S.A.,VERT COMPANHIA SECURITIZADORA,1ª,2032-06-15,97% do DI,103.578,,101.9833,0.16,1001.26336844,96.59,1010.12,2026-09-23
24H1684874,CRI,SOCIEDADE BENEFICENTE ISRAELITA BRASILEIRA HOSPITAL ALBERT EINSTEIN,RIZA SECURITIZADORA S.A.,1ª,2029-08-17,"97,5% do DI",97.3888,99.8775,95.9366,0.13,867.75176109,100.02,371.41,2026-09-23
24D2765586,CRI,CYRELA BRAZIL REALTY S.A.,COMPANHIA PROVÍNCIA DE SECURITIZAÇÃO,1ª,2028-04-15,98% do DI,98.198,99.6,96.535,0.26,705.86064545,99.98,238.46,2026-09-23
25G3629974,CRI,PLANO E PLANO II,RIZA SECURITIZADORA S.A.,1ª,2030-07-15,98% do DI,103.6416,,102.0,1.26,1002.82969912,97.81,758.19,2026-09-23
25I0014209,CRI,Multiplan,OPEA SECURITIZADORA S/A,1ª,2035-09-19,98% do DI,,,,,,,,2026-09-23
CRA024004H5,CRA,SÃO MARTINHO S.A.,RIZA SECURITIZADORA S.A.,1ª,2027-04-12,98% do DI,98.8325,101.7575,96.21,1.03,1059.56851888,99.95,127.33,2026-09-23
25G3629975,CRI,PLANO E PLANO II,RIZA SECURITIZADORA S.A.,2ª,2031-07-15,99% do DI,104.66,,102.0,0.31,998.75166836,97.39,900.19,2026-09-23
24E1393588,CRI,MULTIPLAN EMPREENDIMENTOS IMOBILIÁRIOS S.A.,RIZA SECURITIZADORA S.A.,1ª,2029-05-17,"99,5% do DI",99.52,101.7433,97.2766,0.02,1047.49721331,100.0,460.18,2026-09-23
CRA025008NB,CRA,Bem Brasil Alimentos S.A.,ECO SECURITIZADORA DE DIREITOS CREDITÓRIOS DO AGRONEGÓCIO S.A.,ª,2032-10-15,"DI + 0,33%",1.5056,2.3599,0.6879,0.02,1019.05251756,95.98,883.52,2026-09-23
CRA024009Q2,CRA,MARFRIG GLOBAL FOODS S.A.,ECO SECURITIZADORA DE DIREITOS CREDITÓRIOS DO AGRONEGÓCIO S.A.,1ª,2031-10-15,"DI + 0,35%",3.0094,3.4232,2.7399,0.21,968.33244833,91.19,877.35,2026-09-23
22D1289009,CRI,CYRELA BRAZIL REALTY S.A.,OPEA SECURITIZADORA S/A,489ª,2027-06-15,"DI + 0,4%",0.3189,0.5232,0.2174,0.08,1039.48219305,100.06,171.0,2026-09-23
CRA02400AYN,CRA,MINERVA S.A.,RIZA SECURITIZADORA S.A.,3ª,2031-11-17,"DI + 0,4%",3.6255,4.4199,2.0656,0.27,937.43500575,89.25,893.5,2026-09-23
CRA02500003,CRA,BOA SAFRA SEMENTES S.A.,OPEA SECURITIZADORA S/A,2ª,2030-01-15,"DI + 0,4%",1.6783,,1.4539,0.21,992.48932361,96.68,671.52,2026-09-23
CRA0250018J,CRA,MARFRIG GLOBAL FOODS S.A.,ECO SECURITIZADORA DE DIREITOS CREDITÓRIOS DO AGRONEGÓCIO S.A.,3ª,2035-04-16,"DI + 0,4%",3.0472,,2.5449,0.34,944.97312234,88.97,1105.55,2026-09-23
CRA025007PT,CRA,SLC AGRÍCOLA S.A.,OPEA SECURITIZADORA S/A,1ª,2033-09-22,"DI + 0,4%",1.1466,1.7282,0.75,0.24,967.64551154,96.76,1114.61,2026-09-23
CRA02300Q2Y,CRA,,RIZA SECURITIZADORA S.A.,3ª,2028-11-06,"DI + 0,48%",,,,,,,,2026-09-23
CRA025002S2,CRA,MINERVA S.A.,RIZA SECURITIZADORA S.A.,3ª,2032-04-15,"DI + 0,5%",3.4952,,,0.5,952.31649271,89.62,925.04,2026-09-23
23J0019601,CRI,Iguatemi,OPEA SECURITIZADORA S/A,1ª,2028-10-16,"DI + 0,55%",,,,,,,,2026-09-23
23K0018602,CRI,MULTIPLAN EMPREENDIMENTOS IMOBILIÁRIOS S.A.,RIZA SECURITIZADORA S.A.,1ª,2031-01-15,"DI + 0,6%",0.3827,0.6465,0.2632,0.01,1032.88578176,100.57,666.66,2026-09-23
24B0013201,CRI,SOMA,RIZA SECURITIZADORA S.A.,1ª,2028-02-15,"DI + 0,6%",,,,,,,,2026-09-23
23H1188857,CRI,RAIA DROGASIL S.A.,OPEA SECURITIZADORA S/A,2ª,2027-09-15,"DI + 0,65%",0.1634,0.4399,0.0899,0.09,1007.82704214,100.46,236.01,2026-09-23
CRA02300RS5,CRA,CAMIL ALIMENTOS S.A.,ECO SECURITIZADORA DE DIREITOS CREDITÓRIOS DO AGRONEGÓCIO S.A.,1ª,2028-11-16,"DI + 0,65%",3.6535,4.3949,2.8029,0.83,996.49981304,94.79,457.44,2026-09-23
22C0023008,CRI,RAIA DROGASIL S.A.,OPEA SECURITIZADORA S/A,495ª,2027-03-08,"DI + 0,7%",0.1932,0.4332,0.0832,0.13,504.11669842,100.22,111.0,2026-09-23
23K0018401,CRI,DIRECIONAL ENGENHARIA S.A.,OPEA SECURITIZADORA S/A,1ª,2028-11-16,"DI + 0,7%",0.4344,,,0.2,1056.57972077,100.48,460.25,2026-09-23
CRA02300GCY,CRA,IPIRANGA PRODUTOS DE PETRÓLEO S.A.,VERT COMPANHIA SECURITIZADORA,2ª,2027-07-16,"DI + 0,7%",0.461,,,0.23,1028.40130647,100.18,189.91,2026-09-23
CRA025005V6,CRA,MINERVA S.A.,RIZA SECURITIZADORA S.A.,2ª,2033-07-15,"DI + 0,7%",3.5249,,3.0,0.41,915.37874742,89.12,1032.24,2026-09-23
22E1325261,CRI,HYPERA S.A.,OPEA SECURITIZADORA S/A,1ª,2027-08-16,"DI + 0,75%",0.5258,0.7382,0.3549,0.05,1016.22130219,100.19,214.97,2026-09-23
22F0230096,CRI,RAIA DROGASIL S.A.,OPEA SECURITIZADORA S/A,1ª,2029-06-26,"DI + 0,75%",0.2195,0.4865,0.1365,0.1,1045.24306105,101.02,483.89,2026-09-23
22K0934871,CRI,BCBF PARTICIPAÇÕES S.A.,RIZA SECURITIZADORA S.A.,1ª,2027-12-15,"DI + 0,75%",14.9349,,11.4959,0.82,898.04669255,86.36,279.31,2026-09-23
22I0970801,CRI,NATURA COSMÉTICOS S.A.,RIZA SECURITIZADORA S.A.,1ª,2027-09-15,"DI + 0,8%",0.3808,0.5632,0.2132,0.03,1007.1940807,100.39,235.92,2026-09-23
22J0305579,CRI,DIAGNÓSTICOS DA AMÉRICA S.A.,VERT COMPANHIA SECURITIZADORA,1ª,2027-10-15,"DI + 0,8%",5.5174,8.4557,3.1224,0.82,1018.60032115,95.74,239.7,2026-09-23
CRA02300JG2,CRA,JBS S.A.,RIZA SECURITIZADORA S.A.,2ª,2028-09-15,"DI + 0,8%",0.6154,1.1691,0.146,0.19,1006.58132424,100.33,449.09,2026-09-23
CRA02300NRM,CRA,BANCO BTG PACTUAL S.A.,OPEA SECURITIZADORA S/A,2ª,2033-11-16,"DI + 0,8%",-0.0704,,,0.46,1092.94512214,103.97,1137.45,2026-09-23
CRA0240066F,CRA,BRF S.A.,ECO SECURITIZADORA DE DIREITOS CREDITÓRIOS DO AGRONEGÓCIO S.A.,1ª,2029-06-15,"DI + 0,8%",2.7224,3.1732,,0.61,996.8726034,95.85,564.01,2026-09-23
22E1315701,CRI,EVEN CONSTRUTORA E INCORPORADORA S.A.,OPEA SECURITIZADORA S/A,1ª,2028-09-18,"DI + 0,9%",1.0637,,,0.29,961.19037945,99.85,233.65,2026-09-23
23J1142031,CRI,YDUQS PARTICIPAÇÕES S.A.,OPEA SECURITIZADORA S/A,2ª,2028-10-13,"DI + 0,9%",0.9482,1.1299,0.4237,0.09,1063.75598881,99.94,338.74,2026-09-23
CRA022008NC,CRA,SOROCABA REFRESCOS S.A.,ECO SECURITIZADORA DE DIREITOS CREDITÓRIOS DO AGRONEGÓCIO S.A.,1ª,2029-08-15,"DI + 0,9%",1.158,1.9424,0.2924,0.08,757.62636591,99.58,416.9,2026-09-23
CRA023000GP,CRA,"VAMOS LOCAÇÃO DE CAMINHÕES, MÁQUINAS E EQUIPAMENTOS S.A.",ECO SECURITIZADORA DE DIREITOS CREDITÓRIOS DO AGRONEGÓCIO S.A.,1ª,2028-01-17,"DI + 0,9%",3.9992,4.8682,3.0,0.0,990.69168255,96.41,303.98,2026-09-23
CRA024007K9,CRA,COOXUPÉ - COOPERATIVA REGIONAL DE CAFEICULTORES EM GUAXUPÉ LTDA.,VERT COMPANHIA SECURITIZADORA,1ª,2029-07-16,"DI + 0,9%",1.5023,2.1069,0.8069,0.06,1015.57483939,98.84,495.85,2026-09-23
22F0315398,CRI,LOCALIZA RENT A CAR S.A.,RIZA SECURITIZADORA S.A.,1ª,2027-06-07,"DI + 0,95%",0.5249,0.6932,0.3265,0.21,1046.90775901,100.28,164.68,2026-09-23
CRA024002MJ,CRA,MARFRIG GLOBAL FOODS S.A.,ECO SECURITIZADORA DE DIREITOS CREDITÓRIOS DO AGRONEGÓCIO S.A.,1ª,2029-03-15,"DI + 0,95%",2.8994,3.2465,2.5632,0.59,963.05168793,95.99,538.65,2026-09-23
23H0027402,CRI,REDE D'OR SÃO LUIZ S.A.,OPEA SECURITIZADORA S/A,1ª,2028-08-15,DI + 1%,0.1583,0.3532,-0.1771,0.09,1029.00959909,101.43,427.1,2026-09-23
CRA022006HJ,CRA,SÃO SALVADOR ALIMENTOS S.A.,ECO SECURITIZADORA DE DIREITOS CREDITÓRIOS DO AGRONEGÓCIO S.A.,1ª,2027-07-15,DI + 1%,1.11,1.8049,0.2549,0.04,1026.91268118,99.92,192.7,2026-09-23
CRA022008C9,CRA,COMPANHIA DE LOCAÇÃO DAS AMÉRICAS,ECO SECURITIZADORA DE DIREITOS CREDITÓRIOS DO AGRONEGÓCIO S.A.,2ª,2028-09-15,DI + 1%,0.779,1.2066,0.5044,0.17,1007.23816861,100.39,448.48,2026-09-23
CRA022008CB,CRA,JALLES MACHADO S.A.,ECO SECURITIZADORA DE DIREITOS CREDITÓRIOS DO AGRONEGÓCIO S.A.,1ª,2032-08-09,DI + 1%,1.4275,,1.3,0.13,990.32524432,98.43,941.46,2026-09-23
23H1191899,CRI,RAIA DROGASIL S.A.,OPEA SECURITIZADORA S/A,3ª,2030-09-16,"DI + 1,1%",0.3923,0.5874,0.2499,0.19,1023.42983061,102.0,711.14,2026-09-23
CRA024002S1,CRA,MINERVA S.A.,RIZA SECURITIZADORA S.A.,1ª,2029-03-15,"DI + 1,1%",3.1825,3.4736,2.5,0.61,960.56198477,95.74,537.76,2026-09-23
CRA02400AHV,CRA,CEREAL COMÉRCIO EXPORTAÇÃO E REPRESENTAÇÃO AGROPECUÁRIA S.A.,RIZA SECURITIZADORA S.A.,1ª,2029-11-16,"DI + 1,1%",1.6348,2.2329,0.9329,0.06,1039.33391692,98.7,623.5,2026-09-23
23F2455020,CRI,Assai,TRUE SECURITIZADORA S/A,3ª,2028-07-15,"DI + 1,15%",,,,,,,,2026-09-23
CRA023000MC,CRA,"VAMOS LOCAÇÃO DE CAMINHÕES, MÁQUINAS E EQUIPAMENTOS S.A.",ECO SECURITIZADORA DE DIREITOS CREDITÓRIOS DO AGRONEGÓCIO S.A.,2ª,2030-01-15,"DI + 1,2%",4.8003,5.3399,4.0,0.35,1452.10798045,89.19,825.0,2026-09-23
CRA024001P7,CRA,JSL S.A.,ECO SECURITIZADORA DE DIREITOS CREDITÓRIOS DO AGRONEGÓCIO S.A.,3ª,2031-02-17,"DI + 1,2%",4.9014,5.5899,4.0285,0.0,921.47534835,90.81,670.0,2026-09-23
CRA024007Q4,CRA,SLC MÁQUINAS LTDA.,OPEA SECURITIZADORA S/A,2ª,2031-08-15,"DI + 1,2%",1.3442,2.0582,0.7582,0.16,1010.89256294,99.62,675.2,2026-09-23
23C0247388,CRI,LOCALIZA RENT A CAR S.A.,RIZA SECURITIZADORA S.A.,1ª,2028-03-10,"DI + 1,25%",0.6008,0.8565,,0.12,1013.87043155,100.88,341.6,2026-09-23
23G0009601,CRI,DIMED S.A.,OPEA SECURITIZADORA S/A,1ª,2028-07-27,"DI + 1,3%",0.2755,,-0.0017,0.01,826.35979577,101.03,253.66,2026-09-23
23C0247702,CRI,LOCALIZA RENT A CAR S.A.,RIZA SECURITIZADORA S.A.,2ª,2030-03-11,"DI + 1,4%",0.5183,,,0.2,1029.95607582,102.47,705.33,2026-09-23
CRA022008NF,CRA,IRANI PAPEL E EMBALAGEM S.A.,ECO SECURITIZADORA DE DIREITOS CREDITÓRIOS DO AGRONEGÓCIO S.A.,1ª,2027-08-16,"DI + 1,4%",1.0432,1.6716,0.3477,0.18,1018.0164322,100.3,214.61,2026-09-23
CRA023002GX,CRA,INTEGRADA COOPERATIVA AGROINDUSTRIAL,ECO SECURITIZADORA DE DIREITOS CREDITÓRIOS DO AGRONEGÓCIO S.A.,1ª,2028-05-15,"DI + 1,4%",1.45,2.9333,-0.0333,0.0,421.43301577,99.95,267.47,2026-09-23
23J1127308,CRI,MOVIDA PARTICIPAÇÕES S.A.,OPEA SECURITIZADORA S/A,1ª,2028-10-16,"DI + 1,45%",4.4222,4.5,,0.25,1015.25229455,95.15,432.33,2026-09-23
22C1235206,CRI,HAVAN S.A.,OPEA SECURITIZADORA S/A,463ª,2027-04-27,"DI + 1,5%",0.7862,0.9182,0.5515,0.17,1014.90800304,100.39,138.55,2026-09-23
23I1257218,CRI,JSL S.A.,OPEA SECURITIZADORA S/A,2ª,2030-09-16,"DI + 1,5%",4.6927,,,1.8,911.97376873,90.89,771.76,2026-09-23
CRA0220080Y,CRA,NEOMILLE S.A.,ECO SECURITIZADORA DE DIREITOS CREDITÓRIOS DO AGRONEGÓCIO S.A.,1ª,2028-04-03,"DI + 1,5%",1.764,2.7139,0.8739,0.04,428.39990729,99.76,237.91,2026-09-23
CRA02300G7E,CRA,MARFRIG GLOBAL FOODS S.A.,ECO SECURITIZADORA DE DIREITOS CREDITÓRIOS DO AGRONEGÓCIO S.A.,2ª,2028-08-15,"DI + 1,5%",2.6106,3.2432,2.0971,0.63,996.60045879,98.18,424.61,2026-09-23
CRA02300MJ9,CRA,MINERVA S.A.,RIZA SECURITIZADORA S.A.,1ª,2028-09-15,"DI + 1,5%",2.5794,2.8465,1.0056,0.62,984.81679029,98.14,446.28,2026-09-23
CRA024003UY,CRA,LAR COOPERATIVA AGROINDUSTRIAL,ECO SECURITIZADORA DE DIREITOS CREDITÓRIOS DO AGRONEGÓCIO S.A.,2ª,2029-04-16,"DI + 1,55%",1.6945,1.8749,1.1749,0.01,1000.94318635,99.75,443.83,2026-09-23
CRA0240020A,CRA,VICUNHA TÊXTIL S.A.,RIZA SECURITIZADORA S.A.,1ª,2029-02-15,"DI + 1,6%",3.1282,3.9682,1.6209,0.24,984.58092812,96.99,515.74,2026-09-23
CRA0240099E,CRA,VALE DO TIJUCO AÇÚCAR E ÁLCOOL S.A.,ECO SECURITIZADORA DE DIREITOS CREDITÓRIOS DO AGRONEGÓCIO S.A.,1ª,2034-10-16,"DI + 1,6%",2.1637,,,0.36,1045.32674713,97.91,958.55,2026-09-23
CRA025009KJ,CRA,Salton,OPEA SECURITIZADORA S/A,1ª,2031-12-09,"DI + 1,6%",,,,,,,,2026-09-23
24A2720884,CRI,DIAGNÓSTICAS DA AMÉRICA S.A.,VERT COMPANHIA SECURITIZADORA,1ª,2029-01-15,"DI + 1,63%",4.9132,7.6378,2.9235,1.23,966.8472355,93.96,492.31,2026-09-23
22L1465644,CRI,ÂNIMA HOLDING S.A.,RIZA SECURITIZADORA S.A.,1ª,2027-12-15,"DI + 1,65%",2.2884,2.5,1.9,0.2,996.49234613,99.3,281.44,2026-09-23
CRA0230073L,CRA,J. MACÊDO S.A.,RIZA SECURITIZADORA S.A.,1ª,2028-04-17,"DI + 1,65%",0.8234,1.3274,,0.16,805.19157228,100.6,185.77,2026-09-23
23F0012002,CRI,LOG COMMERCIAL PROPERTIES E PARTICIPAÇÕES S.A.,OPEA SECURITIZADORA S/A,1ª,2028-06-26,"DI + 1,7%",1.121,,,0.08,695.77379351,100.63,278.09,2026-09-23
23L2043099,CRI,Unidas,OPEA SECURITIZADORA S/A,1ª,2028-12-15,"DI + 1,7%",,,,,,,,2026-09-23
CRA02300VBT,CRA,UNIDAS LOCAÇÕES E SERVIÇOS S.A.,OPEA SECURITIZADORA S/A,1ª,2028-12-15,"DI + 1,7%",1.3095,1.9366,0.4699,0.19,1050.27951417,100.73,475.57,2026-09-23
CRA022008NH,CRA,IRANI PAPEL E EMBALAGEM S.A.,ECO SECURITIZADORA DE DIREITOS CREDITÓRIOS DO AGRONEGÓCIO S.A.,2ª,2029-08-15,"DI + 1,75%",0.9883,1.4916,0.3749,0.07,1031.03040421,101.55,515.28,2026-09-23
CRA0230012X,CRA,VALE DO PONTAL AÇÚCAR E ETANOL S.A.,ECO SECURITIZADORA DE DIREITOS CREDITÓRIOS DO AGRONEGÓCIO S.A.,1ª,2031-02-17,"DI + 1,8%",2.1766,,,0.13,1004.17497127,98.9,755.47,2026-09-23
CRA0240005N,CRA,CEREAL COMÉRCIO EXPORTAÇÃO E REPRESENTAÇÃO AGROPECUÁRIA S.A.,RIZA SECURITIZADORA S.A.,1ª,2029-01-15,"DI + 1,8%",1.6413,2.2549,0.7749,0.37,1031.22840603,100.18,291.78,2026-09-23
24K0003002,CRI,PATRIMAR ENGENHARIA S.A.,RIZA SECURITIZADORA S.A.,1ª,2029-11-23,"DI + 1,95%",4.4067,4.8765,4.3382,1.29,1000.79892408,95.04,535.93,2026-09-23
CRA02300Q8I,CRA,CAPAL COOPERATIVA AGROINDUSTRIAL,OPEA SECURITIZADORA S/A,1ª,2029-05-17,"DI + 1,95%",1.6548,2.4859,0.7,0.03,603.89047461,100.41,357.41,2026-09-23
23H1023846,CRI,BR PROPERTIES S.A.,OPEA SECURITIZADORA S/A,1ª,2031-08-15,DI + 2%,1.3378,1.5849,1.1,0.05,937.23369135,101.82,700.85,2026-09-23
23J1333602,CRI,PATRIMAR ENGENHARIA S.A.,RIZA SECURITIZADORA S.A.,1ª,2028-10-20,DI + 2%,,,,,,,,2026-09-23
CRA022001P6,CRA,USINA BATATAIS S.A.,RIZA SECURITIZADORA S.A.,1ª,2028-04-20,DI + 2%,1.3349,2.2099,0.4599,0.05,1009.23903148,100.92,354.37,2026-09-23
CRA022008C2,CRA,VICUNHA TÊXTIL S.A.,RIZA SECURITIZADORA S.A.,2ª,2027-08-16,DI + 2%,3.4351,4.4399,1.7674,1.62,501.80263775,98.82,214.2,2026-09-23
CRA02300S8P,CRA,FS INDÚSTRIA DE BIOCOMBUSTÍVEIS LTDA.,ECO SECURITIZADORA DE DIREITOS CREDITÓRIOS DO AGRONEGÓCIO S.A.,2ª,2030-06-17,DI + 2%,3.9921,4.1765,3.3474,0.51,950.04743716,94.67,710.36,2026-09-23
CRA024000B7,CRA,FS INDÚSTRIA DE BIOCOMBUSTÍVEIS LTDA.,ECO SECURITIZADORA DE DIREITOS CREDITÓRIOS DO AGRONEGÓCIO S.A.,2ª,2030-07-15,DI + 2%,4.0238,4.5479,3.25,0.08,948.44079565,94.51,720.75,2026-09-23
23D0005401,CRI,ORIGINAL HOLDING S.A,OPEA SECURITIZADORA S/A,1ª,2028-04-15,"DI + 2,05%",,,,,,,,2026-09-23
CRA02300BQD,CRA,GJA INDÚSTRIAS S.A.,RIZA SECURITIZADORA S.A.,1ª,2029-07-16,"DI + 2,25%",,,,,,,,2026-09-23
CRA025000MJ,CRA,Integrada Cooperativa Agroindustrial,ECO SECURITIZADORA DE DIREITOS CREDITÓRIOS DO AGRONEGÓCIO S.A.,2ª,2029-05-15,"DI + 2,35%",2.2508,2.9649,1.5399,0.0,794.32523289,100.13,347.3,2026-09-23
22L1212138,CRI,LAR COOPERATIVA AGROINDUSTRIAL,HABITASEC SECURITIZADORA S.A.,2ª,2034-12-19,"DI + 2,45%",1.9362,3.1499,1.8499,0.26,915.21406839,101.44,720.59,2026-09-23
CRA02300KZL,CRA,FLORA PRODUTOS DE HIGIENE E LIMPEZA S.A.,OPEA SECURITIZADORA S/A,1ª,2029-10-15,"DI + 2,5%",1.8873,3.0,1.0574,0.04,786.87126896,100.8,334.29,2026-09-23
CRA024005K1,CRA,Natural One S.A.,ECO SECURITIZADORA DE DIREITOS CREDITÓRIOS DO AGRONEGÓCIO S.A.,1ª,2029-05-25,"DI + 2,5%",,,,,,,,2026-09-23
CRA02300795,CRA,FS INDÚSTRIA DE BIOCOMBUSTÍVEIS LTDA.,ECO SECURITIZADORA DE DIREITOS CREDITÓRIOS DO AGRONEGÓCIO S.A.,1ª,2029-10-15,"DI + 2,9%",3.9713,4.2449,3.3312,0.02,978.98549514,97.53,607.1,2026-09-23
CRA02300CCH,CRA,FS INDÚSTRIA DE BIOCOMBUSTÍVEIS LTDA.,ECO SECURITIZADORA DE DIREITOS CREDITÓRIOS DO AGRONEGÓCIO S.A.,1ª,2029-12-17,"DI + 2,9%",3.9927,4.4416,3.3375,0.03,977.45434885,97.38,632.39,2026-09-23
CRA0250040I,CRA,Natural One S.A,ECO SECURITIZADORA DE DIREITOS CREDITÓRIOS DO AGRONEGÓCIO S.A.,1ª,2029-06-15,"DI + 2,9%",5.3833,,3.5,2.0,1010.35576185,96.58,366.05,2026-09-23
CRA0220099D,CRA,CENTRAL CRESOL BASER,ECO SECURITIZADORA DE DIREITOS CREDITÓRIOS DO AGRONEGÓCIO S.A.,1ª,2027-12-15,"DI + 2,95%",1.1399,1.8699,0.4499,0.07,352.88918038,101.19,168.15,2026-09-23
CRA023003JX,CRA,OLFAR S.A.,RIZA SECURITIZADORA S.A.,1ª,2029-03-15,DI + 3%,2.14,3.6,1.1639,0.04,724.73579859,101.08,323.31,2026-09-23
CRA0240086H,CRA,DISTRIBUIDORA DE PRODUTOS DE PETRÓLEO CHARRUA LTDA.,OPEA SECURITIZADORA S/A,1ª,2029-08-23,DI + 3%,2.9965,3.6411,,0.3,1000.06901921,100.01,511.83,2026-09-23
CRA0250012Y,CRA,FS FLORESTAL S.A.,ECO SECURITIZADORA DE DIREITOS CREDITÓRIOS DO AGRONEGÓCIO S.A.,2ª,2031-03-17,DI + 3%,3.5915,4.2632,3.25,0.38,985.64853622,98.19,801.05,2026-09-23
23F0012602,CRI,FARMACIA E DROGARIA NISSEI S.A.,OPEA SECURITIZADORA S/A,1ª,2028-06-22,"DI + 3,5%",,,,,,,,2026-09-23
CRA022000RU,CRA,MADERO INDÚSTRIA E COMÉRCIO S.A.,ECO SECURITIZADORA DE DIREITOS CREDITÓRIOS DO AGRONEGÓCIO S.A.,2ª,2027-03-15,"DI + 3,5%",3.6951,4.0582,,0.18,140.01239049,99.95,64.45,2026-09-23
CRA024002MM,CRA,USINA SANTA FÉ S.A.,ECO SECURITIZADORA DE DIREITOS CREDITÓRIOS DO AGRONEGÓCIO S.A.,1ª,2029-12-17,DI + 4%,3.0821,4.7974,1.1666,0.52,889.89508262,101.3,367.01,2026-09-23
CRA02400ECU,CRA,USINA CORURIPE AÇÚCAR E ÁLCOOL S.A.,ECO SECURITIZADORA DE DIREITOS CREDITÓRIOS DO AGRONEGÓCIO S.A.,5ª,2030-11-25,"DI + 4,1%",4.607,5.0315,4.5982,0.45,4970.83302881,99.17,431.44,2026-09-23
CRA023001JL,CRA,PISANI PLÁSTICOS S.A.,ECO SECURITIZADORA DE DIREITOS CREDITÓRIOS DO AGRONEGÓCIO S.A.,1ª,2029-02-20,DI + 5%,4.0814,,,0.16,542.91570371,100.95,272.52,2026-09-23
CRA02300KOH,CRA,TECSOIL AUTOMAÇÃO E SISTEMAS S.A.,OPEA SECURITIZADORA S/A,1ª,2028-10-16,"DI + 5,5%",2.9994,4.0137,1.875,0.14,713.31311154,102.27,237.11,2026-09-23
CRA02300JR6,CRA,RAÍZEN ENERGIA S.A.,TRUE SECURITIZADORA S/A,2ª,2033-10-17,IPCA + 0%,,,,,492.49999139,43.31,,2026-09-23
CRA019003JY,CRA,KLABIN S.A.,VERT COMPANHIA SECURITIZADORA,1ª,2029-06-15,"IPCA + 3,5%",7.2951,7.6972,7.1034,0.12,1394.4635298,94.23,413.23,2026-09-23
CRA019003V3,CRA,RAÍZEN ENERGIA S.A.,OPEA SECURITIZADORA S/A,2ª,2029-07-16,"IPCA + 3,602%",,,,,699.92820033,47.78,,2026-09-23
CRA021000MG,CRA,M. DIAS BRANCO S.A. INDÚSTRIA E COMÉRCIO DE ALIMENTOS,RIZA SECURITIZADORA S.A.,1ª,2028-03-15,"IPCA + 3,7992%",7.8372,8.1679,7.6995,0.17,1296.83778333,94.66,361.96,2026-09-23
CRA021000MH,CRA,M. DIAS BRANCO S.A. INDÚSTRIA E COMÉRCIO DE ALIMENTOS,RIZA SECURITIZADORA S.A.,2ª,2031-03-15,"IPCA + 4,1369%",8.4096,8.7038,8.281,0.12,1204.16204986,87.89,803.84,2026-09-23
CRA02100002,CRA,COCAL COMÉRCIO INDÚSTRIA CANAÃ AÇÚCAR E ÁLCOOL LTDA.,RIZA SECURITIZADORA S.A.,2ª,2028-02-15,"IPCA + 4,2095%",8.4567,8.9817,7.0635,0.28,613.89573424,97.08,186.02,2026-09-23
CRA021000MB,CRA,COLOMBO AGROINDÚSTRIA S.A.,ECO SECURITIZADORA DE DIREITOS CREDITÓRIOS DO AGRONEGÓCIO S.A.,1ª,2027-03-15,"IPCA + 4,4474%",8.0908,9.1671,7.0569,0.36,667.41769002,98.43,116.0,2026-09-23
CRA021001PQ,CRA,MARFRIG GLOBAL FOODS S.A.,OPEA SECURITIZADORA S/A,1ª,2028-07-15,"IPCA + 4,5%",12.6003,12.9262,12.1635,0.29,1165.76550161,87.88,435.52,2026-09-23
CRA019001E7,CRA,KLABIN S.A.,VERT COMPANHIA SECURITIZADORA,2ª,2029-03-15,"IPCA + 4,5081%",7.3771,7.7416,7.0893,0.1,1451.92766508,96.3,348.76,2026-09-23
CRA021001VA,CRA,MARFRIG GLOBAL FOODS S.A.,OPEA SECURITIZADORA S/A,2ª,2031-07-15,"IPCA + 4,6%",11.9134,12.6539,11.0651,1.07,1052.76815828,79.34,852.22,2026-09-23
21G0065100,CRI,ALIANSCE SONAE SHOPPING CENTERS S.A.,RB CAPITAL INVESTIMENTOS DTVM LTDA,347ª,2028-07-17,"IPCA + 4,6197%",8.1959,,7.9171,0.21,1254.94614445,94.36,434.78,2026-09-23
CRA0210013B,CRA,BRF S.A.,VERT COMPANHIA SECURITIZADORA,1ª,2031-05-15,"IPCA + 4,7843%",11.9817,12.2528,11.1542,1.12,1037.29984322,76.32,1013.03,2026-09-23
CRA021001KB,CRA,COMPANHIA DE LOCAÇÃO DAS AMÉRICAS,ECO SECURITIZADORA DE DIREITOS CREDITÓRIOS DO AGRONEGÓCIO S.A.,1ª,2031-07-15,"IPCA + 4,825%",7.9463,8.822,7.2779,0.23,1205.94352565,90.42,860.58,2026-09-23
CRA021002SO,CRA,IPIRANGA PRODUTOS DE PETRÓLEO S.A.,VERT COMPANHIA SECURITIZADORA,1ª,2028-09-15,"IPCA + 4,8287%",8.119,8.8755,7.6841,0.4,1227.66436795,94.3,478.19,2026-09-23
21D0737500,CRI,DIRECIONAL ENGENHARIA S.A.,OPEA SECURITIZADORA S/A,371ª,2028-04-17,"IPCA + 4,8444%",7.3763,7.7263,7.1678,0.05,876.88078135,97.6,255.29,2026-09-23
21D0862572,CRI,REDE D'OR SÃO LUIZ S.A.,OPEA SECURITIZADORA S/A,324ª,2036-05-15,"IPCA + 4,9347%",8.3605,,8.2311,0.17,1097.10316615,80.23,1696.14,2026-09-23
21H1078699,CRI,SENDAS DISTRIBUIDORA S.A.,OPEA SECURITIZADORA S/A,428ª,2028-10-16,"IPCA + 5,1531%",10.6474,11.1185,10.3413,0.27,1187.09912118,90.67,483.58,2026-09-23
21H1078700,CRI,SENDAS DISTRIBUIDORA S.A.,OPEA SECURITIZADORA S/A,429ª,2031-10-15,"IPCA + 5,2662%",11.9161,12.2594,10.7387,0.17,1054.4583789,80.5,879.8,2026-09-23
CRA020002GZ,CRA,BRF S.A.,VERT COMPANHIA SECURITIZADORA,1ª,2027-07-15,"IPCA + 5,3%",9.8599,10.6365,8.3979,0.53,1402.22547424,96.73,197.77,2026-09-23
21D0694886,CRI,CONSTRUTORA TENDA S.A.,OPEA SECURITIZADORA S/A,378ª,2028-04-17,"IPCA + 5,3621%",9.2409,9.8291,8.9522,0.57,885.6460319,96.45,250.99,2026-09-23
CRA021002NF,CRA,PETROBRAS DISTRIBUIDORA S.A.,RIZA SECURITIZADORA S.A.,1ª,2031-09-15,"IPCA + 5,3995%",8.9756,9.5172,8.5337,0.29,1159.63189288,88.62,907.34,2026-09-23
CRA020001P7,CRA,RAÍZEN ENERGIA S.A.,OPEA SECURITIZADORA S/A,1ª,2027-06-15,"IPCA + 5,4%",,,,,615.73126523,43.27,,2026-09-23
CRA021000RX,CRA,MINERVA S.A.,RIZA SECURITIZADORA S.A.,1ª,2028-04-17,"IPCA + 5,5034%",12.2418,12.5243,11.0473,1.06,1259.1343459,91.29,370.16,2026-09-23
21I0278118,CRI,LOG COMMERCIAL PROPERTIES E PARTICIPAÇÕES S.A.,RIZA SECURITIZADORA S.A.,362ª,2028-09-15,"IPCA + 5,5212%",11.7958,,10.6153,1.42,603.40467751,92.15,354.74,2026-09-23
21K0001806,CRI,REDE D'OR SÃO LUIZ S.A.,OPEA SECURITIZADORA S/A,396ª,2031-12-15,"IPCA + 5,5758%",8.444,8.6673,8.2226,0.11,1160.9594654,90.53,929.49,2026-09-23
CRA021000RY,CRA,MINERVA S.A.,RIZA SECURITIZADORA S.A.,39ª,2031-04-15,"IPCA + 5,578%",11.1307,12.3961,10.7745,0.31,1175.43807529,85.2,779.13,2026-09-23
CRA020002H1,CRA,BRF S.A.,VERT COMPANHIA SECURITIZADORA,2ª,2030-07-15,"IPCA + 5,6%",11.4609,12.6047,10.7083,1.9,1263.7231022,87.12,637.07,2026-09-23
CRA022002Y1,CRA,NORSA REFRIGERANTES S.A.,RIZA SECURITIZADORA S.A.,1ª,2027-03-15,"IPCA + 5,685%",7.071,7.5257,7.0025,0.26,602.08789185,99.4,116.0,2026-09-23
CRA020003PY,CRA,"VAMOS LOCAÇÃO DE CAMINHÕES, MÁQUINAS E EQUIPAMENTOS S.A.",ECO SECURITIZADORA DE DIREITOS CREDITÓRIOS DO AGRONEGÓCIO S.A.,1ª,2030-11-18,"IPCA + 5,7315%",11.7968,13.3163,10.5611,0.72,1222.61309739,85.52,699.1,2026-09-23
21K0001812,CRI,ULTRA SOM SERVIÇOS MÉDICOS S.A.,RIZA SECURITIZADORA S.A.,378ª,2031-12-15,"IPCA + 5,7505%",20.7269,23.1199,18.3278,1.46,752.3181696,58.93,972.6,2026-09-23
CRA021002YA,CRA,CARAMURU ALIMENTOS S.A.,ECO SECURITIZADORA DE DIREITOS CREDITÓRIOS DO AGRONEGÓCIO S.A.,1ª,2027-09-15,"IPCA + 5,7641%",9.6918,10.9663,7.8916,0.21,247.23126829,96.58,240.51,2026-09-23
CRA020001P8,CRA,RAÍZEN ENERGIA S.A.,TRUE SECURITIZADORA S/A,2ª,2030-06-17,"IPCA + 5,8%",,,,,618.5410852,43.43,,2026-09-23
22D1289007,CRI,REDE D'OR SÃO LUIZ S.A.,OPEA SECURITIZADORA S/A,508ª,2029-06-15,"IPCA + 5,83%",8.307,8.3921,7.8657,0.19,1142.76500326,94.39,627.84,2026-09-23
22D1289010,CRI,CYRELA BRAZIL REALTY S.A.,OPEA SECURITIZADORA S/A,490ª,2027-06-15,"IPCA + 5,9068%",6.6156,,6.1518,0.28,1226.36325215,99.54,175.48,2026-09-23
CRA022002Y2,CRA,NORSA REFRIGERANTES S.A.,RIZA SECURITIZADORA S.A.,2ª,2029-03-15,"IPCA + 5,9169%",8.4827,8.9694,8.4399,0.28,1158.60204035,95.64,468.95,2026-09-23
CRA022006N5,CRA,IPIRANGA PRODUTOS DE PETRÓLEO S.A.,VERT COMPANHIA SECURITIZADORA,1ª,2032-06-15,"IPCA + 6,0053%",8.5013,9.1643,8.0308,0.33,1100.38640001,91.0,1015.43,2026-09-23
22D1289008,CRI,REDE D'OR SÃO LUIZ S.A.,OPEA SECURITIZADORA S/A,509ª,2032-06-15,"IPCA + 6,01%",8.4114,8.6435,,0.08,1106.10882761,91.32,1015.78,2026-09-23
CRA022002Y3,CRA,NORSA REFRIGERANTES S.A.,RIZA SECURITIZADORA S.A.,3ª,2032-03-15,"IPCA + 6,0392%",8.6431,,,0.06,1101.56387367,90.92,983.19,2026-09-23
21K0001807,CRI,REDE D'OR SÃO LUIZ S.A.,OPEA SECURITIZADORA S/A,397ª,2036-12-15,"IPCA + 6,1017%",8.4886,8.6941,8.1102,0.12,1100.31084282,85.68,1722.79,2026-09-23
22K0001201,CRI,PETRÓLEO BRASILEIRO S.A. - PETROBRAS,OPEA SECURITIZADORA S/A,1ª,2030-04-15,"IPCA + 6,2%",7.3396,7.5218,7.2716,0.06,1184.19346904,96.66,801.94,2026-09-23
23H0027403,CRI,REDE D'OR SÃO LUIZ S.A.,OPEA SECURITIZADORA S/A,2ª,2030-08-15,"IPCA + 6,2%",8.3497,8.5301,8.0442,0.15,1075.54705317,93.29,871.09,2026-09-23
CRA022006MY,CRA,Dexco S.A.,ECO SECURITIZADORA DE DIREITOS CREDITÓRIOS DO AGRONEGÓCIO S.A.,2ª,2032-06-15,"IPCA + 6,2%",,,,,,,,2026-09-23
22K0001203,CRI,PETRÓLEO BRASILEIRO S.A. - PETROBRAS,OPEA SECURITIZADORA S/A,2ª,2032-11-16,"IPCA + 6,25%",7.4696,7.6863,7.3453,0.05,1186.20861379,94.48,1248.94,2026-09-23
22E1325262,CRI,HYPERA S.A.,OPEA SECURITIZADORA S/A,2ª,2029-08-15,"IPCA + 6,279%",8.6364,8.864,8.2471,0.25,1130.93913663,94.35,667.57,2026-09-23
CRA021002YF,CRA,J. MACÊDO S.A.,ECO SECURITIZADORA DE DIREITOS CREDITÓRIOS DO AGRONEGÓCIO S.A.,1ª,2026-11-16,"IPCA + 6,3071%",9.1692,11.5836,6.8053,1.48,61.14578845,99.73,25.44,2026-09-23
CRA02300S35,CRA,CAMIL ALIMENTOS S.A.,ECO SECURITIZADORA DE DIREITOS CREDITÓRIOS DO AGRONEGÓCIO S.A.,2ª,2030-11-18,"IPCA + 6,3416%",12.6484,13.195,12.0109,0.19,967.18305999,83.23,795.11,2026-09-23
22C1362141,CRI,MATEUS SUPERMERCADOS S.A.,OPEA SECURITIZADORA S/A,1ª,2034-07-17,"IPCA + 6,3423%",10.5684,,9.9486,0.14,818.21127471,88.07,798.1,2026-09-23
22B0004808,CRI,CSN CIMENTOS S.A.,RIZA SECURITIZADORA S.A.,417ª,2032-02-16,"IPCA + 6,3893%",16.9738,19.5765,12.3217,0.81,870.06082257,70.01,925.68,2026-09-23
CRA022008N6,CRA,JBS S.A.,RIZA SECURITIZADORA S.A.,2ª,2032-09-15,"IPCA + 6,3919%",9.2063,10.6206,7.6036,0.12,1074.01649105,89.44,1069.63,2026-09-23
22K0001204,CRI,PETRÓLEO BRASILEIRO S.A. - PETROBRAS,OPEA SECURITIZADORA S/A,3ª,2037-11-16,"IPCA + 6,4%",,,,,,,,2026-09-23
24B0013203,CRI,CIDADE MARAVILHOSA INDÚSTRIA E COMÉRCIO DE ROUPAS S.A.,RIZA SECURITIZADORA S.A.,3ª,2030-02-15,"IPCA + 6,4%",11.1196,,10.4658,0.76,1003.9624653,89.2,660.31,2026-09-23
CRA02300CYS,CRA,BANCO BTG PACTUAL S.A.,OPEA SECURITIZADORA S/A,3ª,2033-07-15,"IPCA + 6,4338%",7.3489,7.6216,7.1473,0.18,1107.8488257,95.38,1387.68,2026-09-23
22E1325264,CRI,HYPERA S.A.,OPEA SECURITIZADORA S/A,3ª,2032-08-16,"IPCA + 6,4451%",8.8308,9.3391,,0.07,1092.61101572,91.13,1049.56,2026-09-23
CRA024001P6,CRA,JSL S.A.,ECO SECURITIZADORA DE DIREITOS CREDITÓRIOS DO AGRONEGÓCIO S.A.,2ª,2031-02-17,"IPCA + 6,4527%",13.2458,14.1413,12.1976,0.06,935.25024593,83.0,750.54,2026-09-23
22E1095384,CRI,MRV ENGENHARIA E PARTICIPAÇÕES S.A.,OPEA SECURITIZADORA S/A,1ª,2030-09-16,"IPCA + 6,4802%",12.5709,,11.7451,0.32,1028.0198232,86.08,672.66,2026-09-23
21J0001208,CRI,TENDA ATACADO S.A.,RIZA SECURITIZADORA S.A.,306ª,2026-10-15,"IPCA + 6,4803%",11.9131,,10.8627,0.7,439.98700328,99.7,15.0,2026-09-23
22F0009804,CRI,DIRECIONAL ENGENHARIA S.A.,OPEA SECURITIZADORA S/A,1ª,2032-06-15,"IPCA + 6,4899%",8.7912,9.0346,8.3369,0.14,1109.50883586,91.78,1005.26,2026-09-23
22F0009409,CRI,GJA INDÚSTRIAS S.A.,RIZA SECURITIZADORA S.A.,1ª,2029-06-15,"IPCA + 6,5%",12.1019,,11.8557,0.51,1072.0666883,90.05,512.78,2026-09-23
CRA022003JT,CRA,BEM BRASIL ALIMENTOS S.A.,ECO SECURITIZADORA DE DIREITOS CREDITÓRIOS DO AGRONEGÓCIO S.A.,1ª,2029-05-15,"IPCA + 6,5348%",9.1047,10.2363,7.2658,0.06,1180.54740524,96.48,377.25,2026-09-23
CRA022004MS,CRA,"VAMOS LOCAÇÃO DE CAMINHÕES, MÁQUINAS E EQUIPAMENTOS S.A.",ECO SECURITIZADORA DE DIREITOS CREDITÓRIOS DO AGRONEGÓCIO S.A.,1ª,2032-05-17,"IPCA + 6,5473%",13.7369,14.0488,12.7006,0.43,948.92848002,77.64,958.03,2026-09-23
23H0027404,CRI,REDE D'OR SÃO LUIZ S.A.,OPEA SECURITIZADORA S/A,3ª,2033-08-15,"IPCA + 6,55%",8.3947,8.7544,8.1798,0.27,1060.35500326,91.94,1226.27,2026-09-23
CRA022008NB,CRA,RAÍZEN ENERGIA S.A.,OPEA SECURITIZADORA S/A,1ª,2032-08-16,"IPCA + 6,5885%",,,,,583.00684297,48.15,,2026-09-23
22B0006022,CRI,MRV ENGENHARIA E PARTICIPAÇÕES S.A.,RIZA SECURITIZADORA S.A.,442ª,2029-02-15,"IPCA + 6,5954%",12.5485,,11.3415,1.3,1131.43491934,90.81,444.63,2026-09-23
CRA024004SA,CRA,JBS S.A.,RIZA SECURITIZADORA S.A.,2ª,2034-05-15,"IPCA + 6,5975%",9.1747,10.457,7.9348,0.18,983.45549918,86.85,1467.81,2026-09-23
22J0306937,CRI,DIAGNÓSTICOS DA AMÉRICA S.A.,VERT COMPANHIA SECURITIZADORA,2ª,2029-10-15,"IPCA + 6,6%",13.4219,15.1877,11.7432,0.6,1038.26538013,84.56,676.64,2026-09-23
CRA02300G7F,CRA,MARFRIG GLOBAL FOODS S.A.,ECO SECURITIZADORA DE DIREITOS CREDITÓRIOS DO AGRONEGÓCIO S.A.,3ª,2030-08-15,"IPCA + 6,6%",12.6025,13.0144,12.3574,0.15,956.79439327,82.88,857.2,2026-09-23
CRA022008C7,CRA,COMPANHIA DE LOCAÇÃO DAS AMÉRICAS,ECO SECURITIZADORA DE DIREITOS CREDITÓRIOS DO AGRONEGÓCIO S.A.,1ª,2028-09-15,"IPCA + 6,6018%",8.4104,8.9494,7.9585,0.49,1162.55631199,96.89,472.47,2026-09-23
24E1835896,CRI,HSL,TRUE SECURITIZADORA S/A,1ª,2034-06-15,"IPCA + 6,6075%",,,,,,,,2026-09-23
CRA022007KI,CRA,COCAL COMÉRCIO INDÚSTRIA CANAÃ AÇÚCAR E ÁLCOOL LTDA.,RIZA SECURITIZADORA S.A.,1ª,2030-08-15,"IPCA + 6,6234%",11.2498,11.8751,10.5749,0.43,1071.77286665,89.51,652.74,2026-09-23
CRA02300JG3,CRA,JBS S.A.,RIZA SECURITIZADORA S.A.,3ª,2030-09-16,"IPCA + 6,6441%",9.1342,10.4642,7.6088,0.09,1054.28443441,92.19,885.56,2026-09-23
CRA022008N7,CRA,JBS S.A.,RIZA SECURITIZADORA S.A.,3ª,2037-09-15,"IPCA + 6,6614%",9.6943,10.3568,8.9595,0.58,979.60791348,81.58,1789.62,2026-09-23
CRA022000XF,CRA,MARFRIG GLOBAL FOODS S.A.,ECO SECURITIZADORA DE DIREITOS CREDITÓRIOS DO AGRONEGÓCIO S.A.,3ª,2032-01-15,"IPCA + 6,663%",12.3562,12.4834,11.3535,0.32,1040.77827549,82.55,917.67,2026-09-23
CRA02300JG4,CRA,JBS S.A.,RIZA SECURITIZADORA S.A.,4ª,2033-09-15,"IPCA + 6,6634%",9.1847,10.4431,7.8691,0.18,1018.67523734,89.07,1238.35,2026-09-23
24F1277567,CRI,DIRECIONAL ENGENHARIA S.A.,OPEA SECURITIZADORA S/A,2ª,2031-07-15,"IPCA + 6,6747%",8.7073,9.0092,8.3245,0.15,1036.99518315,93.21,935.96,2026-09-23
23L1737622,CRI,REDE D'OR SÃO LUIZ S.A.,OPEA SECURITIZADORA S/A,1ª,2033-12-15,"IPCA + 6,6941%",8.3542,,7.9384,0.18,1068.44790173,92.51,1263.27,2026-09-23
22G1414303,CRI,SENDAS DISTRIBUIDORA S.A.,OPEA SECURITIZADORA S/A,3ª,2029-09-17,"IPCA + 6,7%",11.4727,,,0.29,1085.43407199,90.45,575.62,2026-09-23
CRA022008ND,CRA,RAÍZEN ENERGIA S.A.,OPEA SECURITIZADORA S/A,2ª,2037-08-17,"IPCA + 6,7382%",,,,,533.1046942,43.99,,2026-09-23
CRA0240066J,CRA,SLC AGRICOLA II,RIZA SECURITIZADORA S.A.,3ª,2031-07-15,"IPCA + 6,7469%",9.3394,9.9768,8.068,0.5,1018.4048036,91.33,948.56,2026-09-23
22J0306938,CRI,DIAGNÓSTICOS DA AMÉRICA S.A.,VERT COMPANHIA SECURITIZADORA,3ª,2032-10-15,"IPCA + 6,75%",13.287,15.6985,10.5805,0.23,961.00413224,78.22,1020.62,2026-09-23
CRA0240020C,CRA,VICUNHA II,RIZA SECURITIZADORA S.A.,3ª,2031-02-15,"IPCA + 6,7641%",,,,,,,,2026-09-23
CRA022007EP,CRA,KLABIN S.A.,VERT COMPANHIA SECURITIZADORA,1ª,2034-05-15,"IPCA + 6,7694%",7.7534,8.143,7.5021,0.1,1148.60575794,94.72,1482.32,2026-09-23
CRA024004SB,CRA,JBS S.A.,RIZA SECURITIZADORA S.A.,3ª,2039-05-16,"IPCA + 6,7825%",8.7561,10.1291,7.3058,0.01,980.81186944,86.57,1945.03,2026-09-23
CRA0240086K,CRA,SEARA ALIMENTOS LTDA.,RIZA SECURITIZADORA S.A.,2ª,2034-09-15,"IPCA + 6,7931%",8.9588,10.141,8.1083,0.35,967.62889765,88.27,1549.74,2026-09-23
CRA024002ML,CRA,MARFRIG GLOBAL FOODS S.A.,ECO SECURITIZADORA DE DIREITOS CREDITÓRIOS DO AGRONEGÓCIO S.A.,3ª,2034-03-15,"IPCA + 6,7996%",12.4064,12.9597,11.6824,0.33,855.08710824,76.62,1284.56,2026-09-23
22I0970804,CRI,NATURA COSMÉTICOS S.A.,RIZA SECURITIZADORA S.A.,2ª,2029-09-17,"IPCA + 6,8%",8.9699,,8.8665,0.03,1137.34326191,94.67,685.26,2026-09-23
CRA0240066B,CRA,CAMIL ALIMENTOS S.A.,ECO SECURITIZADORA DE DIREITOS CREDITÓRIOS DO AGRONEGÓCIO S.A.,2ª,2031-06-16,"IPCA + 6,8286%",12.3469,,10.9533,0.33,937.86795476,83.39,899.28,2026-09-23
CRA0220079D,CRA,BRF S.A.,VERT COMPANHIA SECURITIZADORA,2ª,2032-07-15,"IPCA + 6,8344%",12.6403,13.0629,12.2474,0.07,988.07531389,80.8,1000.36,2026-09-23
CRA0240086L,CRA,SEARA ALIMENTOS LTDA.,RIZA SECURITIZADORA S.A.,3ª,2044-09-15,"IPCA + 6,8408%",9.372,9.9169,8.715,0.5,876.03961487,79.92,2316.89,2026-09-23
CRA022006HK,CRA,SÃO SALVADOR ALIMENTOS S.A.,ECO SECURITIZADORA DE DIREITOS CREDITÓRIOS DO AGRONEGÓCIO S.A.,2ª,2030-07-15,"IPCA + 6,8911%",8.7163,9.8978,7.5746,0.37,1151.75252239,95.82,634.24,2026-09-23
22I0970868,CRI,NATURA COSMÉTICOS S.A.,RIZA SECURITIZADORA S.A.,3ª,2032-09-15,"IPCA + 6,9%",9.0839,9.6107,,0.09,1102.80919108,91.79,1061.36,2026-09-23
23L1737623,CRI,REDE D'OR SÃO LUIZ S.A.,OPEA SECURITIZADORA S/A,2ª,2038-12-15,"IPCA + 6,9527%",8.4046,,8.026,0.18,1041.56622621,90.12,1917.6,2026-09-23
CRA022004S9,CRA,"VAMOS LOCAÇÃO DE CAMINHÕES, MÁQUINAS E EQUIPAMENTOS S.A.",ECO SECURITIZADORA DE DIREITOS CREDITÓRIOS DO AGRONEGÓCIO S.A.,2ª,2037-05-15,"IPCA + 6,9739%",12.896,,12.2502,1.07,854.08308472,69.78,1601.18,2026-09-23
CRA02300JG5,CRA,JBS S.A.,RIZA SECURITIZADORA S.A.,5ª,2038-09-15,"IPCA + 6,9938%",9.7383,10.3812,8.9957,0.61,942.46511291,82.4,1879.58,2026-09-23
CRA024004SC,CRA,JBS S.A.,RIZA SECURITIZADORA S.A.,4ª,2044-05-16,"IPCA + 6,9947%",9.5362,10.4967,8.7135,0.53,914.77615395,80.68,2208.45,2026-09-23
CRA022004XY,CRA,USINA CERRADÃO S.A.,ECO SECURITIZADORA DE DIREITOS CREDITÓRIOS DO AGRONEGÓCIO S.A.,1ª,2028-05-15,"IPCA + 6,9949%",7.8862,,7.7668,0.32,808.62449735,99.12,269.29,2026-09-23
22F0009410,CRI,GJA INDÚSTRIAS S.A.,RIZA SECURITIZADORA S.A.,2ª,2032-06-15,IPCA + 7%,11.4773,,,0.13,1012.37140939,85.02,985.98,2026-09-23
23F1519397,CRI,MOVIDA PARTICIPAÇÕES S.A.,OPEA SECURITIZADORA S/A,3ª,2028-06-16,IPCA + 7%,13.194,13.8087,,0.38,1069.13578597,91.32,405.97,2026-09-23
24G1674104,CRI,JHSF PARTICIPAÇÕES S.A.,OPEA SECURITIZADORA S/A,4ª,2034-07-17,"IPCA + 7,0163%",8.8553,9.1331,8.5175,0.1,897.03975555,92.66,1112.91,2026-09-23
CRA02200C6Y,CRA,MARFRIG GLOBAL FOODS S.A.,ECO SECURITIZADORA DE DIREITOS CREDITÓRIOS DO AGRONEGÓCIO S.A.,1ª,2029-10-15,"IPCA + 7,0383%",12.604,13.008,10.8574,0.32,1065.38183753,87.26,673.45,2026-09-23
CRA024007PU,CRA,SOROCABA REFRESCOS S.A.,ECO SECURITIZADORA DE DIREITOS CREDITÓRIOS DO AGRONEGÓCIO S.A.,2ª,2034-08-15,"IPCA + 7,05%",9.7961,10.4127,9.4279,0.41,962.44880854,87.09,1359.11,2026-09-23
22K0934880,CRI,BCBF PARTICIPAÇÕES S.A.,RIZA SECURITIZADORA S.A.,2ª,2029-12-17,"IPCA + 7,0913%",20.7316,21.8119,18.0491,3.84,860.8860701,71.24,701.94,2026-09-23
CRA022006HE,CRA,AÇO VERDE DO BRASIL S.A.,RIZA SECURITIZADORA S.A.,1ª,2029-06-15,"IPCA + 7,1543%",10.3026,11.0152,9.7576,0.54,1157.61520048,95.53,395.41,2026-09-23
CRA023000RT,CRA,"VAMOS LOCAÇÃO DE CAMINHÕES, MÁQUINAS E EQUIPAMENTOS S.A.",ECO SECURITIZADORA DE DIREITOS CREDITÓRIOS DO AGRONEGÓCIO S.A.,3ª,2030-01-15,"IPCA + 7,1638%",14.1402,14.6391,12.8355,0.06,992.12260839,83.17,731.12,2026-09-23
CRA022006BU,CRA,CARAMURU ALIMENTOS S.A.,ECO SECURITIZADORA DE DIREITOS CREDITÓRIOS DO AGRONEGÓCIO S.A.,1ª,2029-07-16,"IPCA + 7,2043%",10.4831,11.6262,8.6424,1.25,685.60097424,95.16,412.27,2026-09-23
CRA0220073P,CRA,MINERVA S.A.,RIZA SECURITIZADORA S.A.,1ª,2029-07-16,"IPCA + 7,2063%",11.8192,12.4281,10.8932,0.96,1080.27557865,89.88,635.95,2026-09-23
CRA0240066K,CRA,BRF S.A.,ECO SECURITIZADORA DE DIREITOS CREDITÓRIOS DO AGRONEGÓCIO S.A.,3ª,2034-06-15,"IPCA + 7,2336%",11.9703,12.8173,11.2912,1.14,898.01767214,79.84,1284.44,2026-09-23
22K0934889,CRI,BCBF PARTICIPAÇÕES S.A.,RIZA SECURITIZADORA S.A.,3ª,2034-12-15,"IPCA + 7,2792%",20.7129,23.1191,17.4534,1.46,650.63519682,53.82,1225.24,2026-09-23
CRA024001QA,CRA,ZAMP S.A.,RIZA SECURITIZADORA S.A.,3ª,2029-02-15,"IPCA + 7,3%",9.263,,,0.69,1091.05195488,96.08,554.77,2026-09-23
CRA024007Q5,CRA,SLC MÁQUINAS LTDA.,OPEA SECURITIZADORA S/A,3ª,2031-08-15,"IPCA + 7,31%",10.0632,10.3866,9.3579,0.64,1027.72719211,92.75,744.14,2026-09-23
CRA02200C6Z,CRA,MARFRIG GLOBAL FOODS S.A.,ECO SECURITIZADORA DE DIREITOS CREDITÓRIOS DO AGRONEGÓCIO S.A.,2ª,2032-10-15,"IPCA + 7,3352%",12.5557,,11.0021,0.12,1006.68976518,82.35,1013.05,2026-09-23
24A2721507,CRI,DASA,VERT COMPANHIA SECURITIZADORA,3ª,2031-01-15,"IPCA + 7,3402%",13.0822,13.9324,12.0182,1.65,961.83351234,84.25,821.21,2026-09-23
CRA022006HF,CRA,AÇO VERDE DO BRASIL S.A.,RIZA SECURITIZADORA S.A.,2ª,2032-06-15,"IPCA + 7,3686%",10.4912,11.3045,10.0197,0.5,1083.35995612,89.35,981.36,2026-09-23
CRA024009Q4,CRA,MARFRIG GLOBAL FOODS S.A.,ECO SECURITIZADORA DE DIREITOS CREDITÓRIOS DO AGRONEGÓCIO S.A.,3ª,2034-10-16,"IPCA + 7,3693%",12.752,13.0964,12.2701,0.18,866.62729498,77.19,1296.19,2026-09-23
22E1314836,CRI,SÃO CARLOS EMPREENDIMENTOS E PARTICIPAÇÕES S.A.,OPEA SECURITIZADORA S/A,1ª,2029-09-17,"IPCA + 7,3826%",9.1181,,,0.27,1172.16543686,97.14,454.46,2026-09-23
CRA022001E2,CRA,FS AGRISOLUTIONS INDÚSTRIA DE BIOCOMBUSTÍVEIS LTDA.,ECO SECURITIZADORA DE DIREITOS CREDITÓRIOS DO AGRONEGÓCIO S.A.,2ª,2029-02-15,"IPCA + 7,3913%",11.9596,12.5184,10.9054,0.45,1166.099808,94.75,322.74,2026-09-23
CRA022004SD,CRA,FS AGRISOLUTIONS INDÚSTRIA DE BIOCOMBUSTÍVEIS LTDA.,ECO SECURITIZADORA DE DIREITOS CREDITÓRIOS DO AGRONEGÓCIO S.A.,2ª,2029-05-15,"IPCA + 7,3913%",11.734,12.4725,11.1511,0.17,1161.03242313,94.28,371.26,2026-09-23
CRA02400AHZ,CRA,REFRESCOS BANDEIRANTES INDÚSTRIA E COMÉRCIO LTDA.,RIZA SECURITIZADORA S.A.,2ª,2034-11-16,"IPCA + 7,41%",10.375,12.1565,,0.68,960.29324838,86.25,1348.36,2026-09-23
24J2539865,CRI,JHSF PARTICIPAÇÕES S.A.,OPEA SECURITIZADORA S/A,1ª,2034-10-16,"IPCA + 7,4183%",8.9224,9.1702,8.5723,0.05,1047.93867816,92.78,1347.96,2026-09-23
CRA0240005O,CRA,CEREAL COMÉRCIO EXPORTAÇÃO E REPRESENTAÇÃO AGROPECUÁRIA S.A.,RIZA SECURITIZADORA S.A.,2ª,2029-01-15,"IPCA + 7,4367%",8.9516,10.2186,8.0572,0.08,1121.17514393,98.3,306.64,2026-09-23
CRA022004H5,CRA,NARDINI AGROINDUSTRIAL LTDA.,OPEA SECURITIZADORA S/A,1ª,2028-04-15,"IPCA + 7,4986%",7.8002,,,0.63,822.09562044,99.72,249.12,2026-09-23
23L2043184,CRI,UNIDAS LOCADORA S.A.,OPEA SECURITIZADORA S/A,3ª,2030-12-16,"IPCA + 7,5%",10.0204,10.4679,9.3772,0.12,1073.94345981,92.81,807.47,2026-09-23
CRA024009Q5,CRA,MARFRIG GLOBAL FOODS S.A.,ECO SECURITIZADORA DE DIREITOS CREDITÓRIOS DO AGRONEGÓCIO S.A.,4ª,2039-10-17,"IPCA + 7,5395%",13.328,13.4211,12.7645,0.5,763.47431202,67.95,1726.24,2026-09-23
CRA02300MOQ,CRA,MINERVA S.A.,RIZA SECURITIZADORA S.A.,3ª,2030-09-16,"IPCA + 7,5408%",12.6542,12.8759,10.1899,0.89,991.06717045,86.69,769.99,2026-09-23
23L0034761,CRI,FARO ENERGY PROJETOS SOLARES HOLDING S.A.,OPEA SECURITIZADORA S/A,1ª,2038-12-15,"IPCA + 7,5702%",,,,,,,,2026-09-23
CRA0250080Y,CRA,ELDORADO BRASIL CELULOSE S.A.,OPEA SECURITIZADORA S/A,3ª,2040-09-17,"IPCA + 7,6%",8.4902,,8.1708,0.48,970.95844093,93.03,2183.63,2026-09-23
25D0012204,CRI,CYRELA BRAZIL REALTY S.A.,COMPANHIA PROVÍNCIA DE SECURITIZAÇÃO,3ª,2032-04-15,"IPCA + 7,6693%",8.4768,,8.2008,0.01,1054.2291166,96.97,1035.39,2026-09-23
23J1127331,CRI,MOVIDA PARTICIPAÇÕES S.A.,OPEA SECURITIZADORA S/A,3ª,2033-10-17,"IPCA + 7,7279%",13.6163,,,0.45,919.41907101,78.05,1143.59,2026-09-23
CRA0250080X,CRA,ELDORADO BRASIL CELULOSE S.A.,OPEA SECURITIZADORA S/A,2ª,2035-09-17,"IPCA + 7,7281%",8.6908,,8.1907,0.4,984.25846572,94.3,1651.14,2026-09-23
CRA02400AYK,CRA,BEM BRASIL ALIMENTOS S.A.,ECO SECURITIZADORA DE DIREITOS CREDITÓRIOS DO AGRONEGÓCIO S.A.,ª,2031-11-17,"IPCA + 7,737%",9.6955,10.6842,7.5691,0.4,1025.60438625,93.86,882.56,2026-09-23
CRA0230073N,CRA,J. MACÊDO S.A.,RIZA SECURITIZADORA S.A.,2ª,2030-04-15,"IPCA + 7,8%",8.1984,9.3124,6.7651,0.43,1024.31816435,99.4,410.05,2026-09-23
CRA025003PJ,CRA,SEARA,RIZA SECURITIZADORA S.A.,3ª,2055-05-17,"IPCA + 7,8%",,,,,,,,2026-09-23
CRA024003UZ,CRA,LAR COOPERATIVA AGROINDUSTRIAL,ECO SECURITIZADORA DE DIREITOS CREDITÓRIOS DO AGRONEGÓCIO S.A.,3ª,2031-04-15,"IPCA + 7,8363%",9.4075,10.0787,9.2845,0.21,1064.09545082,95.66,770.92,2026-09-23
CRA021004NV,CRA,LAR COOPERATIVA AGROINDUSTRIAL,ECO SECURITIZADORA DE DIREITOS CREDITÓRIOS DO AGRONEGÓCIO S.A.,1ª,2026-11-15,"IPCA + 7,8749%",9.9338,9.9386,7.9986,0.4,431.9363058,99.7,36.0,2026-09-23
CRA0250066B,CRA,BRF S.A.,ECO SECURITIZADORA DE DIREITOS CREDITÓRIOS DO AGRONEGÓCIO S.A.,3ª,2035-07-16,"IPCA + 7,9064%",12.6099,,,0.23,812.24026352,76.68,1517.95,2026-09-23
22E1321749,CRI,COGNA EDUCAÇÃO S.A.,OPEA SECURITIZADORA S/A,2ª,2029-07-16,"IPCA + 7,9273%",9.2146,9.5727,8.9131,0.12,1176.96348592,97.54,528.86,2026-09-23
CRA0240005P,CRA,CEREAL COMÉRCIO EXPORTAÇÃO E REPRESENTAÇÃO AGROPECUÁRIA S.A.,RIZA SECURITIZADORA S.A.,3ª,2031-01-15,"IPCA + 7,9443%",9.231,10.4878,7.9442,0.07,1098.04592136,96.19,824.7,2026-09-23
22E1321750,CRI,COGNA EDUCAÇÃO S.A.,OPEA SECURITIZADORA S/A,3ª,2032-07-15,"IPCA + 8,0031%",9.6123,10.4029,9.2118,0.66,1137.95571241,94.29,996.77,2026-09-23
CRA025009EZ,CRA,Seara Alimentos Ltda.,ECO SECURITIZADORA DE DIREITOS CREDITÓRIOS DO AGRONEGÓCIO S.A.,4ª,2065-10-15,"IPCA + 8,0313%",,,,,,,,2026-09-23
CRA0250020C,CRA,BRF S.A.,ECO SECURITIZADORA DE DIREITOS CREDITÓRIOS DO AGRONEGÓCIO S.A.,2ª,2035-04-16,"IPCA + 8,04%",11.8333,12.5744,9.3037,1.07,887.33919854,81.35,1467.09,2026-09-23
CRA02200795,CRA,ADUBOS ARAGUAIA INDÚSTRIA E COMÉRCIO LTDA.,ECO SECURITIZADORA DE DIREITOS CREDITÓRIOS DO AGRONEGÓCIO S.A.,1ª,2027-07-15,"IPCA + 8,1191%",9.4376,10.1709,,0.29,598.06031531,99.06,196.23,2026-09-23
CRA0250020D,CRA,BRF S.A.,ECO SECURITIZADORA DE DIREITOS CREDITÓRIOS DO AGRONEGÓCIO S.A.,3ª,2040-04-16,"IPCA + 8,2345%",11.7325,12.4938,10.5164,1.47,860.9168884,78.86,1796.07,2026-09-23
CRA0250018K,CRA,MARFRIG GLOBAL FOODS S.A.,ECO SECURITIZADORA DE DIREITOS CREDITÓRIOS DO AGRONEGÓCIO S.A.,4ª,2040-04-16,"IPCA + 8,2503%",13.3146,,12.3602,0.5,783.89489006,71.59,1719.5,2026-09-23
CRA0250018L,CRA,MARFRIG GLOBAL FOODS S.A,ECO SECURITIZADORA DE DIREITOS CREDITÓRIOS DO AGRONEGÓCIO S.A.,5ª,2045-04-17,"IPCA + 8,3405%",12.5655,,,1.0,791.15420925,72.22,1960.15,2026-09-23
CRA0240099F,CRA,VALE DO TIJUCO AÇÚCAR E ÁLCOOL S.A.,ECO SECURITIZADORA DE DIREITOS CREDITÓRIOS DO AGRONEGÓCIO S.A.,2ª,2034-10-16,"IPCA + 8,3558%",10.0188,,9.7353,0.36,1051.45717971,93.21,1153.7,2026-09-23
CRA0250020E,CRA,BRF S.A.,ECO SECURITIZADORA DE DIREITOS CREDITÓRIOS DO AGRONEGÓCIO S.A.,3ª,2045-04-17,"IPCA + 8,38%",10.1891,,10.0963,0.06,942.6285231,86.3,2161.97,2026-09-23
CRA02500BVX,CRA,BRF S.A.,ECO SECURITIZADORA DE DIREITOS CREDITÓRIOS DO AGRONEGÓCIO S.A.,5ª,2055-12-15,"IPCA + 8,3857%",,,,,,,,2026-09-23
CRA025008C2,CRA,Neomille S.A.,ECO SECURITIZADORA DE DIREITOS CREDITÓRIOS DO AGRONEGÓCIO S.A.,2ª,2032-12-15,"IPCA + 8,4473%",9.1411,,,0.39,1035.35684555,97.15,1138.8,2026-09-23
CRA02400AHX,CRA,CEREAL COMÉRCIO EXPORTAÇÃO E,RIZA SECURITIZADORA S.A.,3ª,2034-11-16,"IPCA + 8,4704%",9.8539,11.6081,8.0871,0.03,1053.08424575,93.51,1324.83,2026-09-23
CRA025008HR,CRA,Nardini II,OPEA SECURITIZADORA S/A,ª,2032-10-15,"IPCA + 8,4773%",,,,,,,,2026-09-23
CRA025006NC,CRA,LAR COOPERATIVA AGROINDUSTRIAL,ECO SECURITIZADORA DE DIREITOS CREDITÓRIOS DO AGRONEGÓCIO S.A.,3ª,2032-08-16,"IPCA + 8,7268%",9.697,,9.4286,0.06,1005.85290995,96.25,1081.1,2026-09-23
CRA0250005M,CRA,Boa Safra,OPEA SECURITIZADORA S/A,3ª,2032-01-15,"IPCA + 8,7384%",,,,,,,,2026-09-23
CRA0250005L,CRA,Boa Safra,OPEA SECURITIZADORA S/A,4ª,2035-01-15,"IPCA + 8,9518%",,,,,,,,2026-09-23
CRA02300796,CRA,FS INDÚSTRIA DE BIOCOMBUSTÍVEIS LTDA.,ECO SECURITIZADORA DE DIREITOS CREDITÓRIOS DO AGRONEGÓCIO S.A.,2ª,2029-10-15,"IPCA + 8,9555%",11.9205,12.6264,11.3608,0.16,1076.10324419,93.09,669.58,2026-09-23
CRA023003JY,CRA,OLFAR S.A.,RIZA SECURITIZADORA S.A.,2ª,2030-03-15,"IPCA + 8,9738%",9.6888,10.9677,8.4377,0.27,1148.7180963,98.85,444.04,2026-09-23
23F2455004,CRI,SENDAS DISTRIBUIDORA S.A.,OPEA SECURITIZADORA S/A,2ª,2027-07-15,,16.4223,,15.5069,1.85,990.08024171,96.89,194.17,2026-09-23
23I1259644,CRI,JSL,OPEA SECURITIZADORA S/A,4ª,2030-09-15,,,,,,,,,2026-09-23
23J1141681,CRI,YDUQS PARTICIPAÇÕES S.A.,OPEA SECURITIZADORA S/A,1ª,2028-10-16,,14.8717,,14.3617,0.66,991.42292515,94.56,451.49,2026-09-23
23K0018801,CRI,MULTIPLAN EMPREENDIMENTOS IMOBILIÁRIOS S.A.,RIZA SECURITIZADORA S.A.,3ª,2031-01-15,,14.2252,,,0.03,947.58676752,92.83,687.5,2026-09-23
23K0022041,CRI,Cogna,TRUE SECURITIZADORA S/A,2ª,2028-11-15,,15.0447,,14.35,0.43,1010.1282348,96.81,364.62,2026-09-23
24A2715837,CRI,DIAGNÓSTICOS DA AMÉRICA S.A.,VERT COMPANHIA SECURITIZADORA,2ª,2029-01-15,,18.6436,,17.662,0.89,915.64400343,89.52,505.22,2026-09-23
24A2721829,CRI,DIAGNÓSTICOS DA AMÉRICA S.A,VERT COMPANHIA SECURITIZADORA,4ª,2031-01-15,,19.6868,,19.2801,0.31,858.21859531,83.83,744.37,2026-09-23
25A1946535,CRI,Cury,OPEA SECURITIZADORA S/A,3ª,2032-01-15,,14.9117,,,0.07,1032.85821227,100.5,811.03,2026-09-23
25D0271049,CRI,Log,OPEA SECURITIZADORA S/A,3ª,2032-04-15,,,,,,,,,2026-09-23
CRA02300G7D,CRA,MARFRIG GLOBAL FOODS S.A.,ECO SECURITIZADORA DE DIREITOS CREDITÓRIOS DO AGRONEGÓCIO S.A.,1ª,2027-08-16,,17.6428,,,0.3,961.55526125,95.13,216.57,2026-09-23
CRA02300HWK,CRA,BANCO BTG PACTUAL S.A.,OPEA SECURITIZADORA S/A,4ª,2033-09-15,,13.3477,13.5305,13.0885,0.28,944.12855514,94.16,1226.16,2026-09-23
CRA02300JR7,CRA,RAÍZEN ENERGIA S.A.,OPEA SECURITIZADORA S/A,3ª,2033-10-17,,,,,,477.00951762,45.56,,2026-09-23
CRA02300NX8,CRA,BTG Pactual III,OPEA SECURITIZADORA S/A,4ª,2033-11-16,,13.4671,,,0.24,1004.66219585,96.31,1182.52,2026-09-23
CRA02300SPD,CRA,FS Agrisolutions Indústria de Biocombustíveis LTDA,ECO SECURITIZADORA DE DIREITOS CREDITÓRIOS DO AGRONEGÓCIO S.A.,3ª,2030-06-15,,18.589,19.0408,18.0449,0.09,874.91295748,87.23,732.03,2026-09-23
CRA02300SUZ,CRA,"Vamos Locação de Caminhões, Máquinas e Equipamentos S.A.",ECO SECURITIZADORA DE DIREITOS CREDITÓRIOS DO AGRONEGÓCIO S.A.,1ª,2030-11-18,,19.6389,,17.5,0.4,863.10694764,82.84,711.57,2026-09-23
CRA02300TSF,CRA,BTG PACTUAL IV,OPEA SECURITIZADORA S/A,4ª,2033-12-15,,,,,,,,,2026-09-23
CRA024000B8,CRA,FS Indústria De Biocombustíveis Ltda,ECO SECURITIZADORA DE DIREITOS CREDITÓRIOS DO AGRONEGÓCIO S.A.,3ª,2030-07-15,,18.6629,19.0621,17.8699,0.42,871.44497962,86.89,742.93,2026-09-23
CRA024001P5,CRA,JSL S.A.,ECO SECURITIZADORA DE DIREITOS CREDITÓRIOS DO AGRONEGÓCIO S.A.,1ª,2031-02-15,,18.9982,,17.65,1.07,839.02826074,82.98,695.21,2026-09-23
CRA024001Q9,CRA,ZAMP S.A.,RIZA SECURITIZADORA S.A.,2ª,2029-02-15,,17.0295,,16.1083,0.91,941.19322361,92.94,525.05,2026-09-23
CRA0240020B,CRA,VICUNHA II,RIZA SECURITIZADORA S.A.,2ª,2031-02-15,,,,,,,,,2026-09-23
CRA024002MH,CRA,JF CITRUS AGROPECUÁRIA S.A.,ECO SECURITIZADORA DE DIREITOS CREDITÓRIOS DO AGRONEGÓCIO S.A.,1ª,2029-03-15,,,,,,,,,2026-09-23
CRA024002S2,CRA,Minerva VII,RIZA SECURITIZADORA S.A.,2ª,2029-03-15,,18.6389,,,0.21,880.69936502,87.84,548.71,2026-09-23
CRA024002S3,CRA,MINERVA S.A.,RIZA SECURITIZADORA S.A.,3ª,2031-03-17,,18.4718,,,0.56,827.00503675,82.47,873.43,2026-09-23
CRA0240066D,CRA,FS Florestal S.A.,ECO SECURITIZADORA DE DIREITOS CREDITÓRIOS DO AGRONEGÓCIO S.A.,1ª,2030-06-15,,17.7909,18.215,17.4116,1.15,945.87525014,94.27,716.89,2026-09-23
CRA0240066G,CRA,BRF S.A.,ECO SECURITIZADORA DE DIREITOS CREDITÓRIOS DO AGRONEGÓCIO S.A.,2ª,2031-06-16,,17.3743,,16.1,1.02,903.6438359,87.32,872.05,2026-09-23
CRA024007PT,CRA,Sorocaba Refrescos S.A,ECO SECURITIZADORA DE DIREITOS CREDITÓRIOS DO AGRONEGÓCIO S.A.,1ª,2031-08-15,,15.6482,16.2272,13.9519,0.22,919.25239985,90.82,858.36,2026-09-23
CRA024007Q3,CRA,SLC Maquinas,OPEA SECURITIZADORA S/A,1ª,2031-08-15,,16.5671,,15.85,0.7,926.65757862,91.52,683.01,2026-09-23
CRA024009Q3,CRA,MARFRIG GLOBAL FOODS S.A.,ECO SECURITIZADORA DE DIREITOS CREDITÓRIOS DO AGRONEGÓCIO S.A.,2ª,2031-10-15,,17.4488,,16.1,0.88,930.40371326,88.04,888.52,2026-09-23
CRA02400AHY,CRA,REFRESCOS BANDEIRANTES INDÚSTRIA E COMÉRCIO LTDA.,RIZA SECURITIZADORA S.A.,1ª,2032-11-16,,16.9961,17.4505,,0.4,932.37169027,89.05,964.28,2026-09-23
CRA02400AYM,CRA,MINERVA S.A.,RIZA SECURITIZADORA S.A.,2ª,2029-11-16,,18.6608,,,0.24,951.82483019,90.74,625.46,2026-09-23
CRA02400AYP,CRA,MINERVA S.A.,RIZA SECURITIZADORA S.A.,5ª,2034-11-16,,18.5994,,,0.24,908.04469417,86.42,1064.69,2026-09-23
CRA02500001,CRA,BOA SAFRA SEMENTES S.A.,OPEA SECURITIZADORA S/A,1ª,2030-01-15,,16.1287,,15.3956,0.22,987.2559412,98.39,658.52,2026-09-23
CRA0250012X,CRA,FS FLORESTAL S.A.,ECO SECURITIZADORA DE DIREITOS CREDITÓRIOS DO AGRONEGÓCIO S.A.,1ª,2030-03-15,,18.289,18.9311,18.102,0.69,994.29018363,99.04,662.47,2026-09-23
CRA0250018I,CRA,Marfrig Global Foods S.A,ECO SECURITIZADORA DE DIREITOS CREDITÓRIOS DO AGRONEGÓCIO S.A.,2ª,2032-04-15,,17.5656,,17.3801,1.02,966.77227465,91.03,925.98,2026-09-23
CRA025002S3,CRA,MINERVA S.A,RIZA SECURITIZADORA S.A.,2ª,2030-04-15,,18.6922,,,0.25,996.34684251,93.44,665.29,2026-09-23
CRA025002S4,CRA,MINERVA S.A.,RIZA SECURITIZADORA S.A.,4ª,2032-04-15,,18.8013,,,0.22,968.63123969,90.84,901.77,2026-09-23
CRA0250040J,CRA,Natural One S.A,ECO SECURITIZADORA DE DIREITOS CREDITÓRIOS DO AGRONEGÓCIO S.A.,2ª,2029-06-15,,,,,,,,,2026-09-23
CRA025005EH,CRA,GDM GENÉTICA DO BRASIL S.A.,ECO SECURITIZADORA DE DIREITOS CREDITÓRIOS DO AGRONEGÓCIO S.A.,1ª,2032-07-15,,15.6267,16.4461,14.95,0.06,1011.32415205,98.4,963.01,2026-09-23
CRA025005V7,CRA,MINERVA S.A.,RIZA SECURITIZADORA S.A.,3ª,2033-07-15,,18.3752,,16.65,0.52,899.39973272,87.58,1027.57,2026-09-23
CRA025005V8,CRA,MINERVA S.A,RIZA SECURITIZADORA S.A.,4ª,2035-07-16,,18.5552,,16.75,0.49,889.82472374,86.61,1140.28,2026-09-23
CRA0250066A,CRA,BRF S.A.,ECO SECURITIZADORA DE DIREITOS CREDITÓRIOS DO AGRONEGÓCIO S.A.,2ª,2032-07-15,,18.0818,,,0.29,891.16473187,86.87,992.26,2026-09-23
CRA025006NB,CRA,LAR COOPERATIVA AGROINDUSTRIAL,ECO SECURITIZADORA DE DIREITOS CREDITÓRIOS DO AGRONEGÓCIO S.A.,2ª,2032-08-16,,16.0698,,,0.37,954.44942218,95.14,947.3,2026-09-23
CRA025007KE,CRA,Cereal Comércio Exportação e Representação Agropecuária S.A.,ECO SECURITIZADORA DE DIREITOS CREDITÓRIOS DO AGRONEGÓCIO S.A.,2ª,2032-09-15,,16.2599,,15.8428,0.13,944.1320276,94.11,985.07,2026-09-23
CRA025007KK,CRA,ELDORADO BRASIL CELULOSE S.A.,OPEA SECURITIZADORA S/A,1ª,2032-09-15,,15.2179,,,0.51,962.68346883,95.97,1059.22,2026-09-23
CRA025008ND,CRA,São Salvador Alimentos S.A.,ECO SECURITIZADORA DE DIREITOS CREDITÓRIOS DO AGRONEGÓCIO S.A.,2ª,2033-10-15,,15.5138,16.1754,14.7184,0.07,1007.35082197,95.02,1103.2,2026-09-23
CRA02500A15,CRA,Açucareira Quatá S.A.,ECO SECURITIZADORA DE DIREITOS CREDITÓRIOS DO AGRONEGÓCIO S.A.,1ª,2032-11-15,,16.2867,,15.65,0.49,990.71206083,94.33,957.59,2026-09-23
CRA02500AHU,CRA,C. Vale - Cooperativa Agroindustrial,ECO SECURITIZADORA DE DIREITOS CREDITÓRIOS DO AGRONEGÓCIO S.A.,2ª,2030-11-15,,15.4094,16.2987,15.0,0.29,1037.17580291,98.64,776.72,2026-09-23
CRA02500BVU,CRA,BRF S.A.,ECO SECURITIZADORA DE DIREITOS CREDITÓRIOS DO AGRONEGÓCIO S.A.,2ª,2032-12-15,,17.9439,,16.5256,0.39,885.38289391,85.42,1028.87,2026-09-23
CRA02500C1D,CRA,Alibem Alimentos S.A.,ECO SECURITIZADORA DE DIREITOS CREDITÓRIOS DO AGRONEGÓCIO S.A.,1ª,2030-12-18,,16.0156,16.917,15.4,0.41,1016.72698065,97.9,505.45,2026-09-23
CRA026001JM,CRA,Lar Cooperativa Agroindustrial,ECO SECURITIZADORA DE DIREITOS CREDITÓRIOS DO AGRONEGÓCIO S.A.,2ª,2033-03-15,,16.3557,,16.0853,0.12,957.6708397,95.45,1003.43,2026-09-23
CRA026002BE,CRA,BRF S.A.,ECO SECURITIZADORA DE DIREITOS CREDITÓRIOS DO AGRONEGÓCIO S.A.,2ª,2033-04-15,,16.8935,,16.2264,0.95,952.36375033,90.5,1047.26,2026-09-23
25B0013406,CRI,Direcional,OPEA SECURITIZADORA S/A,1ª,2032-02-16,100% do DI,101.3922,,99.0,0.4,1005.7839755,99.29,992.78,2026-09-22
CRA019003V2,CRA,RAÍZEN ENERGIA S.A.,OPEA SECURITIZADORA S/A,1ª,2029-07-16,100% do DI,,,,,435.56383729,42.68,,2026-09-22
CRA024004H7,CRA,SÃO MARTINHO S.A.,RIZA SECURITIZADORA S.A.,3ª,2029-04-12,100% do DI,100.985,102.89,98.565,1.05,1058.04073188,99.73,530.12,2026-09-22
CRA0250018H,CRA,Marfrig Global Foods S.A,ECO SECURITIZADORA DE DIREITOS CREDITÓRIOS DO AGRONEGÓCIO S.A.,1ª,2030-04-15,100% do DI,113.12,,108.845,1.46,1011.41770639,95.45,690.66,2026-09-22
CRA02500BVT,CRA,BRF S.A.,ECO SECURITIZADORA DE DIREITOS CREDITÓRIOS DO AGRONEGÓCIO S.A.,1ª,2030-06-17,100% do DI,114.8225,,109.2066,5.17,1030.3329071,93.15,931.0,2026-09-22
24D2765715,CRI,CYRELA BRAZIL REALTY S.A.,COMPANHIA PROVÍNCIA DE SECURITIZAÇÃO,3ª,2031-04-15,101% do DI,99.42,101.49,97.19,0.18,1066.98112756,100.62,768.3,2026-09-22
CRA023007VD,CRA,ENGELHART CTP,OPEA SECURITIZADORA S/A,1ª,2028-07-05,101% do DI,96.8295,98.2875,93.2642,0.35,1038.01783764,100.85,401.53,2026-09-22
25L2997442,CRI,Even Construtora e Incorporadora S/A,VERT COMPANHIA SECURITIZADORA,ª,2032-12-15,"101,5% do DI",,,,,,,,2026-09-22
CRA026002BD,CRA,BRF S.A.,ECO SECURITIZADORA DE DIREITOS CREDITÓRIOS DO AGRONEGÓCIO S.A.,1ª,2030-10-15,"101,5% do DI",113.7341,,107.015,5.46,987.30230391,93.81,1016.0,2026-09-22
24D3313768,CRI,CURY CONSTRUTORA E INCORPORADORA S.A.,TRUE SECURITIZADORA S/A,1ª,2027-05-31,102% do DI,98.9358,101.0166,96.75,0.49,1046.83112456,100.25,161.04,2026-09-22
25G5109813,CRI,MRV,VERT COMPANHIA SECURITIZADORA,1ª,2030-07-15,102% do DI,,,,,,,,2026-09-22
CRA023003UX,CRA,ENGELHART CTP,OPEA SECURITIZADORA S/A,1ª,2027-03-15,102% do DI,94.196,95.982,92.382,2.37,1007.22039423,100.46,117.0,2026-09-22
CRA02500669,CRA,BRF S.A,ECO SECURITIZADORA DE DIREITOS CREDITÓRIOS DO AGRONEGÓCIO S.A.,1ª,2029-07-16,102% do DI,113.7987,,109.0433,4.96,1121.85586097,95.85,702.0,2026-09-22
CRA025008HM,CRA,Cocal Comercio Industria Canaa Acucar e Alcool S.A.,VERT COMPANHIA SECURITIZADORA,1ª,2031-09-15,102% do DI,,,,,,,,2026-09-22
24F1277566,CRI,DIRECIONAL ENGENHARIA S.A.,OPEA SECURITIZADORA S/A,1ª,2029-07-16,103% do DI,100.1763,102.48,97.8466,0.73,1034.81893521,100.86,593.64,2026-09-22
CRA02300209,CRA,ENGELHART CTP,VERT COMPANHIA SECURITIZADORA,1ª,2027-01-15,103% do DI,93.294,96.1333,91.3333,3.69,1029.91832106,100.38,78.0,2026-09-22
CRA0250073L,CRA,Mantiqueira Brasil,ECO SECURITIZADORA DE DIREITOS CREDITÓRIOS DO AGRONEGÓCIO S.A.,1ª,2030-08-15,"103,1% do DI",,,,,,,,2026-09-22
25G5313879,CRI,MOURA DUBEUX ENGENHARIA S.A.,VERT COMPANHIA SECURITIZADORA,1ª,2030-07-15,"103,75% do DI",105.5091,,102.5,2.82,995.92504558,99.33,748.4,2026-09-22
CRA025008N8,CRA,3Tentos,OPEA SECURITIZADORA S/A,1ª,2030-10-15,"103,75% do DI",109.1008,117.3199,101.8582,0.67,1039.97671991,97.92,762.23,2026-09-22
22J0346710,CRI,BANCO BTG PACTUAL S.A.,OPEA SECURITIZADORA S/A,1ª,2027-01-15,104% do DI,96.5,96.9,,0.5,1029.30807646,100.3,78.0,2026-09-22
CRA0240066A,CRA,CAMIL ALIMENTOS S.A.,ECO SECURITIZADORA DE DIREITOS CREDITÓRIOS DO AGRONEGÓCIO S.A.,1ª,2029-06-15,104% do DI,,,,,,,,2026-09-22
CRA025006SR,CRA,Boa Safra II,OPEA SECURITIZADORA S/A,1ª,2032-02-16,104% do DI,109.6655,,108.5,3.06,974.88201272,97.23,959.43,2026-09-22
CRA025007KD,CRA,CEREAL COMÉRCIO EXPORTAÇÃO E REPRESENTAÇÃO AGROPECUÁRIA S.A.,ECO SECURITIZADORA DE DIREITOS CREDITÓRIOS DO AGRONEGÓCIO S.A.,1ª,2030-09-16,104% do DI,,,,,,,,2026-09-22
CRA025002S1,CRA,MINERVA S.A.,RIZA SECURITIZADORA S.A.,1ª,2030-04-15,"104,5% do DI",128.6911,,123.904,0.39,976.20826151,91.88,677.95,2026-09-22
CRA025005V5,CRA,MINERVA S.A.,RIZA SECURITIZADORA S.A.,1ª,2030-07-15,"104,5% do DI",127.8062,,123.718,0.91,938.79904514,91.47,741.36,2026-09-22
24D0006602,CRI,ALLOS S.A.,OPEA SECURITIZADORA S/A,2ª,2029-04-16,105% do DI,98.618,101.3725,97.03,1.35,1081.19064289,101.73,528.93,2026-09-22
25E0013305,CRI,JHSF IV,OPEA SECURITIZADORA S/A,2ª,2030-05-15,105% do DI,103.8877,,,1.25,1055.11224103,100.41,709.38,2026-09-22
CRA02300TSB,CRA,BANCO BTG PACTUAL S.A.,OPEA SECURITIZADORA S/A,1ª,2033-12-15,105% do DI,96.5973,99.3466,94.5466,2.07,1092.76348506,105.17,1170.22,2026-09-22
CRA02400AYL,CRA,MINERVA S.A.,RIZA SECURITIZADORA S.A.,1ª,2029-11-16,105% do DI,124.5567,,120.6087,7.69,986.62737379,93.89,627.09,2026-09-22
CRA025008C3,CRA,Neomille S.A.,ECO SECURITIZADORA DE DIREITOS CREDITÓRIOS DO AGRONEGÓCIO S.A.,3ª,2032-12-15,105% do DI,114.9319,,112.6828,1.7,987.823012,95.07,980.71,2026-09-22
CRA02500AC9,CRA,,ECO SECURITIZADORA DE DIREITOS CREDITÓRIOS DO AGRONEGÓCIO S.A.,1ª,2030-11-15,105% do DI,,,,,,,,2026-09-22
CRA02500AHT,CRA,C. Vale - Cooperativa Agroindustrial,ECO SECURITIZADORA DE DIREITOS CREDITÓRIOS DO AGRONEGÓCIO S.A.,1ª,2030-11-15,"105,5% do DI",,,,,,,,2026-09-22
CRA025005EI,CRA,GDM Genética do Brasil S.A.,ECO SECURITIZADORA DE DIREITOS CREDITÓRIOS DO AGRONEGÓCIO S.A.,2ª,2032-07-15,"105,75% do DI",108.2453,116.0259,100.3891,0.37,1013.91767855,98.75,975.08,2026-09-22
23K0018802,CRI,MULTIPLAN EMPREENDIMENTOS IMOBILIÁRIOS S.A.,RIZA SECURITIZADORA S.A.,2ª,2031-01-15,106% do DI,98.8,101.1666,96.9333,0.05,1052.37966829,102.49,669.21,2026-09-22
CRA025006NA,CRA,Lar Cooperativa Agroindustrial,ECO SECURITIZADORA DE DIREITOS CREDITÓRIOS DO AGRONEGÓCIO S.A.,1ª,2030-08-15,106% do DI,111.5755,,109.0,0.13,983.47442228,98.08,678.22,2026-09-22
23K0019201,CRI,DIRECIONAL ENGENHARIA S.A.,TRUE SECURITIZADORA S/A,2ª,2028-11-16,"106,5% do DI",99.1711,,,0.3,1069.71023162,101.73,461.44,2026-09-22
CRA024004MP,CRA,SÃO SALVADOR ALIMENTOS S.A.,ECO SECURITIZADORA DE DIREITOS CREDITÓRIOS DO AGRONEGÓCIO S.A.,1ª,2030-04-15,"106,5% do DI",,,,,,,,2026-09-22
CRA026001JL,CRA,Lar Cooperativa Agroindustrial,ECO SECURITIZADORA DE DIREITOS CREDITÓRIOS DO AGRONEGÓCIO S.A.,1ª,2031-03-15,"106,5% do DI",112.72,,110.3166,0.39,978.54712782,97.59,763.94,2026-09-22
25H0243072,CRI,BTSA,RIZA SECURITIZADORA S.A.,2ª,2032-08-16,107% do DI,111.7744,,107.5,1.84,983.81847932,98.11,776.04,2026-09-22
CRA02300NRL,CRA,BANCO BTG PACTUAL S.A.,OPEA SECURITIZADORA S/A,1ª,2033-11-16,107% do DI,98.5,99.9,95.1,0.5,1104.72336194,105.1,1141.34,2026-09-22
CRA025003UZ,CRA,COOXUPÉ - COOPERATIVA REGIONAL DE,VERT COMPANHIA SECURITIZADORA,2ª,2030-06-17,"107,5% do DI",110.9511,,108.5,2.17,1028.22729789,98.87,645.94,2026-09-22
CRA02300CYQ,CRA,BANCO BTG PACTUAL S.A.,OPEA SECURITIZADORA S/A,1ª,2033-07-15,109% do DI,96.1458,98.0866,92.92,1.34,1106.91965238,107.73,1133.24,2026-09-22
CRA02300HWH,CRA,BANCO BTG PACTUAL S.A.,OPEA SECURITIZADORA S/A,1ª,2033-09-15,109% do DI,98.4933,99.9225,95.5725,0.41,1068.06892241,106.51,1172.0,2026-09-22
24I1980390,CRI,MRV ENGENHARIA E PARTICIPAÇÕES S.A,OPEA SECURITIZADORA S/A,1ª,2029-10-15,110% do DI,129.9093,138.38,,3.29,1002.48255735,94.06,598.91,2026-09-22
25B3099731,CRI,IGUATEMI PPPH PARTICIPAÇÕES LTDA.,OPEA SECURITIZADORA S/A,1ª,2030-02-18,96% do DI,98.7266,101.41,96.58,0.28,1002.50139111,99.02,708.43,2026-09-22
25D0012202,CRI,CYRELA BRAZIL REALTY S.A. EMPREENDIMENTOS,COMPANHIA PROVÍNCIA DE SECURITIZAÇÃO,1ª,2029-04-15,96% do DI,98.9622,,,0.2,1048.77522688,99.19,535.57,2026-09-22
25J4546988,CRI,CYRELA BRAZIL REALTY S.A. EMPREENDIMENTOS E,COMPANHIA PROVÍNCIA DE SECURITIZAÇÃO,1ª,2032-11-16,"96,5% do DI",100.0122,,97.5,0.95,1026.72565114,98.1,1056.91,2026-09-22
25D0012203,CRI,CYRELA BRAZIL REALTY S.A. EMPREENDIMENTOS E PARTICIPAÇÕES,COMPANHIA PROVÍNCIA DE SECURITIZAÇÃO,2ª,2030-04-15,97% do DI,99.2711,,97.5,0.33,1049.31137645,99.19,700.49,2026-09-22
26C3164285,CRI,Allos VI,OPEA SECURITIZADORA S/A,1ª,2031-03-12,97% do DI,98.67,100.89,,0.18,995.647301,99.27,858.25,2026-09-22
26G0012801,CRI,Cury III,OPEA SECURITIZADORA S/A,1ª,2032-07-06,97% do DI,99.5637,,97.5,0.68,1007.79200902,98.72,974.72,2026-09-22
CRA025003PD,CRA,SÃO MARTINHO S.A.,VERT COMPANHIA SECURITIZADORA,1ª,2032-06-15,97% do DI,103.5758,,,0.19,1000.8961077,96.61,1013.17,2026-09-22
24H1684874,CRI,SOCIEDADE BENEFICENTE ISRAELITA BRASILEIRA HOSPITAL ALBERT EINSTEIN,RIZA SECURITIZADORA S.A.,1ª,2029-08-17,"97,5% do DI",97.4144,99.885,95.9133,0.16,867.28145894,100.02,372.59,2026-09-22
24D2765586,CRI,CYRELA BRAZIL REALTY S.A.,COMPANHIA PROVÍNCIA DE SECURITIZAÇÃO,1ª,2028-04-15,98% do DI,98.1383,99.6,96.5,0.23,705.56039788,99.98,239.5,2026-09-22
25G3629974,CRI,PLANO E PLANO II,RIZA SECURITIZADORA S.A.,1ª,2030-07-15,98% do DI,103.5925,,102.0,1.13,1002.61573886,97.84,760.28,2026-09-22
25I0014209,CRI,Multiplan,OPEA SECURITIZADORA S/A,1ª,2035-09-19,98% do DI,,,,,,,,2026-09-22
CRA024004H5,CRA,SÃO MARTINHO S.A.,RIZA SECURITIZADORA S.A.,1ª,2027-04-12,98% do DI,98.8325,101.7575,96.21,1.03,1059.03815008,99.95,128.33,2026-09-22
25G3629975,CRI,PLANO E PLANO II,RIZA SECURITIZADORA S.A.,2ª,2031-07-15,99% do DI,104.5444,,102.0,0.16,998.87836055,97.45,902.88,2026-09-22
24E1393588,CRI,MULTIPLAN EMPREENDIMENTOS IMOBILIÁRIOS S.A.,RIZA SECURITIZADORA S.A.,1ª,2029-05-17,"99,5% do DI",99.53,101.7533,97.2866,0.03,1046.94384936,99.99,461.45,2026-09-22
CRA025008NB,CRA,Bem Brasil Alimentos S.A.,ECO SECURITIZADORA DE DIREITOS CREDITÓRIOS DO AGRONEGÓCIO S.A.,ª,2032-10-15,"DI + 0,33%",1.5338,2.3578,0.3666,0.02,1017.4025756,95.87,885.93,2026-09-22
CRA024009Q2,CRA,MARFRIG GLOBAL FOODS S.A.,ECO SECURITIZADORA DE DIREITOS CREDITÓRIOS DO AGRONEGÓCIO S.A.,1ª,2031-10-15,"DI + 0,35%",2.9611,3.4005,2.8203,0.38,969.1450633,91.32,880.42,2026-09-22
22D1289009,CRI,CYRELA BRAZIL REALTY S.A.,OPEA SECURITIZADORA S/A,489ª,2027-06-15,"DI + 0,4%",0.3108,0.5171,0.2128,0.08,1038.99939434,100.06,172.0,2026-09-22
CRA02400AYN,CRA,MINERVA S.A.,RIZA SECURITIZADORA S.A.,3ª,2031-11-17,"DI + 0,4%",3.5468,4.4038,1.5223,0.29,939.16691675,89.46,896.81,2026-09-22
CRA02500003,CRA,BOA SAFRA SEMENTES S.A.,OPEA SECURITIZADORA S/A,2ª,2030-01-15,"DI + 0,4%",1.6641,,1.45,0.22,992.25342316,96.71,673.33,2026-09-22
CRA0250018J,CRA,MARFRIG GLOBAL FOODS S.A.,ECO SECURITIZADORA DE DIREITOS CREDITÓRIOS DO AGRONEGÓCIO S.A.,3ª,2035-04-16,"DI + 0,4%",2.9618,,2.5402,0.47,947.55630582,89.26,1111.05,2026-09-22
CRA025007PT,CRA,SLC AGRÍCOLA S.A.,OPEA SECURITIZADORA S/A,1ª,2033-09-22,"DI + 0,4%",1.156,1.7252,0.7083,0.24,1037.68260421,96.93,1041.48,2026-09-22
CRA02300Q2Y,CRA,,RIZA SECURITIZADORA S.A.,3ª,2028-11-06,"DI + 0,48%",,,,,,,,2026-09-22
CRA025002S2,CRA,MINERVA S.A.,RIZA SECURITIZADORA S.A.,3ª,2032-04-15,"DI + 0,5%",3.5574,,,0.5,949.38736955,89.39,927.35,2026-09-22
23J0019601,CRI,Iguatemi,OPEA SECURITIZADORA S/A,1ª,2028-10-16,"DI + 0,55%",,,,,,,,2026-09-22
23K0018602,CRI,MULTIPLAN EMPREENDIMENTOS IMOBILIÁRIOS S.A.,RIZA SECURITIZADORA S.A.,1ª,2031-01-15,"DI + 0,6%",0.3819,0.6405,0.2571,0.02,1032.37681878,100.58,668.45,2026-09-22
24B0013201,CRI,SOMA,RIZA SECURITIZADORA S.A.,1ª,2028-02-15,"DI + 0,6%",,,,,,,,2026-09-22
23H1188857,CRI,RAIA DROGASIL S.A.,OPEA SECURITIZADORA S/A,2ª,2027-09-15,"DI + 0,65%",0.1593,0.4338,0.0838,0.09,1007.35001494,100.46,237.02,2026-09-22
CRA02300RS5,CRA,CAMIL ALIMENTOS S.A.,ECO SECURITIZADORA DE DIREITOS CREDITÓRIOS DO AGRONEGÓCIO S.A.,1ª,2028-11-16,"DI + 0,65%",3.7159,4.3271,2.5,0.65,994.73325467,94.67,458.64,2026-09-22
22C0023008,CRI,RAIA DROGASIL S.A.,OPEA SECURITIZADORA S/A,495ª,2027-03-08,"DI + 0,7%",0.188,0.4138,0.0638,0.26,503.8692682,100.23,112.0,2026-09-22
23K0018401,CRI,DIRECIONAL ENGENHARIA S.A.,OPEA SECURITIZADORA S/A,1ª,2028-11-16,"DI + 0,7%",0.4191,,,0.2,1056.32301161,100.51,461.52,2026-09-22
CRA02300GCY,CRA,IPIRANGA PRODUTOS DE PETRÓLEO S.A.,VERT COMPANHIA SECURITIZADORA,2ª,2027-07-16,"DI + 0,7%",0.4491,,,0.22,1027.95288271,100.19,190.92,2026-09-22
CRA025005V6,CRA,MINERVA S.A.,RIZA SECURITIZADORA S.A.,2ª,2033-07-15,"DI + 0,7%",3.5766,,3.1316,0.41,912.6871151,88.9,1034.9,2026-09-22
22E1325261,CRI,HYPERA S.A.,OPEA SECURITIZADORA S/A,1ª,2027-08-16,"DI + 0,75%",0.5319,0.7321,0.3488,0.03,1015.63297898,100.19,215.98,2026-09-22
22F0230096,CRI,RAIA DROGASIL S.A.,OPEA SECURITIZADORA S/A,1ª,2029-06-26,"DI + 0,75%",0.2468,0.4771,0.1271,0.1,1044.1635168,100.97,485.18,2026-09-22
22K0934871,CRI,BCBF PARTICIPAÇÕES S.A.,RIZA SECURITIZADORA S.A.,1ª,2027-12-15,"DI + 0,75%",14.8502,,11.4541,4.34,897.81329732,86.38,280.36,2026-09-22
22I0970801,CRI,NATURA COSMÉTICOS S.A.,RIZA SECURITIZADORA S.A.,1ª,2027-09-15,"DI + 0,8%",0.3793,0.5571,0.2071,0.03,1006.68263618,100.39,236.93,2026-09-22
22J0305579,CRI,DIAGNÓSTICOS DA AMÉRICA S.A.,VERT COMPANHIA SECURITIZADORA,1ª,2027-10-15,"DI + 0,8%",5.3742,8.0433,3.2233,0.87,1019.18453387,95.84,240.74,2026-09-22
CRA02300JG2,CRA,JBS S.A.,RIZA SECURITIZADORA S.A.,2ª,2028-09-15,"DI + 0,8%",0.6074,1.1577,0.1495,0.19,1006.19257483,100.34,450.32,2026-09-22
CRA02300NRM,CRA,BANCO BTG PACTUAL S.A.,OPEA SECURITIZADORA S/A,2ª,2033-11-16,"DI + 0,8%",-0.1061,,,0.46,1094.26045456,104.15,1141.64,2026-09-22
CRA0240066F,CRA,BRF S.A.,ECO SECURITIZADORA DE DIREITOS CREDITÓRIOS DO AGRONEGÓCIO S.A.,1ª,2029-06-15,"DI + 0,8%",2.6618,3.1071,2.4238,0.65,997.54531751,95.97,565.58,2026-09-22
22E1315701,CRI,EVEN CONSTRUTORA E INCORPORADORA S.A.,OPEA SECURITIZADORA S/A,1ª,2028-09-18,"DI + 0,9%",0.981,,,0.32,961.39455194,99.93,234.79,2026-09-22
23J1142031,CRI,YDUQS PARTICIPAÇÕES S.A.,OPEA SECURITIZADORA S/A,2ª,2028-10-13,"DI + 0,9%",0.9763,1.1205,0.3873,0.08,1062.77697842,99.9,339.83,2026-09-22
CRA022008NC,CRA,SOROCABA REFRESCOS S.A.,ECO SECURITIZADORA DE DIREITOS CREDITÓRIOS DO AGRONEGÓCIO S.A.,1ª,2029-08-15,"DI + 0,9%",1.1574,1.9403,0.2903,0.08,757.21377763,99.58,418.15,2026-09-22
CRA023000GP,CRA,"VAMOS LOCAÇÃO DE CAMINHÕES, MÁQUINAS E EQUIPAMENTOS S.A.",ECO SECURITIZADORA DE DIREITOS CREDITÓRIOS DO AGRONEGÓCIO S.A.,1ª,2028-01-17,"DI + 0,9%",3.9994,4.4833,3.0,0.0,990.02753193,96.4,305.02,2026-09-22
CRA024007K9,CRA,COOXUPÉ - COOPERATIVA REGIONAL DE CAFEICULTORES EM GUAXUPÉ LTDA.,VERT COMPANHIA SECURITIZADORA,1ª,2029-07-16,"DI + 0,9%",1.5012,2.1013,0.8013,0.06,1015.01350059,98.83,497.2,2026-09-22
22F0315398,CRI,LOCALIZA RENT A CAR S.A.,RIZA SECURITIZADORA S.A.,1ª,2027-06-07,"DI + 0,95%",0.5201,0.6838,0.3171,0.21,1046.38747833,100.28,165.68,2026-09-22
CRA024002MJ,CRA,MARFRIG GLOBAL FOODS S.A.,ECO SECURITIZADORA DE DIREITOS CREDITÓRIOS DO AGRONEGÓCIO S.A.,1ª,2029-03-15,"DI + 0,95%",2.8772,3.2138,2.5305,0.6,962.86900597,96.02,540.09,2026-09-22
23H0027402,CRI,REDE D'OR SÃO LUIZ S.A.,OPEA SECURITIZADORA S/A,1ª,2028-08-15,DI + 1%,0.2005,0.3605,-0.0061,0.1,1027.75067152,101.36,428.25,2026-09-22
CRA022006HJ,CRA,SÃO SALVADOR ALIMENTOS S.A.,ECO SECURITIZADORA DE DIREITOS CREDITÓRIOS DO AGRONEGÓCIO S.A.,1ª,2027-07-15,DI + 1%,1.1103,1.8053,0.2553,0.04,1026.34549676,99.92,193.71,2026-09-22
CRA022008C9,CRA,COMPANHIA DE LOCAÇÃO DAS AMÉRICAS,ECO SECURITIZADORA DE DIREITOS CREDITÓRIOS DO AGRONEGÓCIO S.A.,2ª,2028-09-15,DI + 1%,0.7787,1.2035,0.5089,0.17,1006.7038734,100.39,449.71,2026-09-22
CRA022008CB,CRA,JALLES MACHADO S.A.,ECO SECURITIZADORA DE DIREITOS CREDITÓRIOS DO AGRONEGÓCIO S.A.,1ª,2032-08-09,DI + 1%,1.4236,,1.3,0.13,989.87709695,98.44,944.45,2026-09-22
23H1191899,CRI,RAIA DROGASIL S.A.,OPEA SECURITIZADORA S/A,3ª,2030-09-16,"DI + 1,1%",0.3924,0.5828,0.2453,0.19,1022.91846249,102.01,713.0,2026-09-22
CRA024002S1,CRA,MINERVA S.A.,RIZA SECURITIZADORA S.A.,1ª,2029-03-15,"DI + 1,1%",3.1633,3.4366,2.5643,0.57,960.30636211,95.76,539.2,2026-09-22
CRA02400AHV,CRA,CEREAL COMÉRCIO EXPORTAÇÃO E REPRESENTAÇÃO AGROPECUÁRIA S.A.,RIZA SECURITIZADORA S.A.,1ª,2029-11-16,"DI + 1,1%",1.6317,2.2293,0.9293,0.06,1038.80462657,98.7,625.15,2026-09-22
23F2455020,CRI,Assai,TRUE SECURITIZADORA S/A,3ª,2028-07-15,"DI + 1,15%",,,,,,,,2026-09-22
CRA023000MC,CRA,"VAMOS LOCAÇÃO DE CAMINHÕES, MÁQUINAS E EQUIPAMENTOS S.A.",ECO SECURITIZADORA DE DIREITOS CREDITÓRIOS DO AGRONEGÓCIO S.A.,2ª,2030-01-15,"DI + 1,2%",4.7377,5.1327,4.0,0.48,1453.95167765,89.35,826.0,2026-09-22
CRA024001P7,CRA,JSL S.A.,ECO SECURITIZADORA DE DIREITOS CREDITÓRIOS DO AGRONEGÓCIO S.A.,3ª,2031-02-17,"DI + 1,2%",4.9,5.5928,4.0214,0.01,920.7575466,90.79,671.83,2026-09-22
CRA024007Q4,CRA,SLC MÁQUINAS LTDA.,OPEA SECURITIZADORA S/A,2ª,2031-08-15,"DI + 1,2%",1.3427,2.0552,0.7552,0.16,1010.36265192,99.62,677.05,2026-09-22
23C0247388,CRI,LOCALIZA RENT A CAR S.A.,RIZA SECURITIZADORA S.A.,1ª,2028-03-10,"DI + 1,25%",0.6149,0.8505,,0.12,1013.14028494,100.86,342.66,2026-09-22
23G0009601,CRI,DIMED S.A.,OPEA SECURITIZADORA S/A,1ª,2028-07-27,"DI + 1,3%",0.2758,,-0.0047,0.0,825.931059,101.03,254.71,2026-09-22
23C0247702,CRI,LOCALIZA RENT A CAR S.A.,RIZA SECURITIZADORA S.A.,2ª,2030-03-11,"DI + 1,4%",0.5193,,,0.2,1029.41200876,102.47,707.13,2026-09-22
CRA022008NF,CRA,IRANI PAPEL E EMBALAGEM S.A.,ECO SECURITIZADORA DE DIREITOS CREDITÓRIOS DO AGRONEGÓCIO S.A.,1ª,2027-08-16,"DI + 1,4%",1.0181,1.6685,0.6528,0.17,1017.67560839,100.32,215.62,2026-09-22
CRA023002GX,CRA,INTEGRADA COOPERATIVA AGROINDUSTRIAL,ECO SECURITIZADORA DE DIREITOS CREDITÓRIOS DO AGRONEGÓCIO S.A.,1ª,2028-05-15,"DI + 1,4%",1.45,2.9333,-0.0333,0.0,421.19559359,99.95,268.5,2026-09-22
23J1127308,CRI,MOVIDA PARTICIPAÇÕES S.A.,OPEA SECURITIZADORA S/A,1ª,2028-10-16,"DI + 1,45%",4.2598,4.5,,0.27,1017.25871071,95.39,433.7,2026-09-22
22C1235206,CRI,HAVAN S.A.,OPEA SECURITIZADORA S/A,463ª,2027-04-27,"DI + 1,5%",0.7864,0.9121,0.5455,0.08,1014.36029982,100.39,139.56,2026-09-22
23I1257218,CRI,JSL S.A.,OPEA SECURITIZADORA S/A,2ª,2030-09-16,"DI + 1,5%",4.6908,,,1.8,911.27050965,90.87,773.89,2026-09-22
CRA0220080Y,CRA,NEOMILLE S.A.,ECO SECURITIZADORA DE DIREITOS CREDITÓRIOS DO AGRONEGÓCIO S.A.,1ª,2028-04-03,"DI + 1,5%",1.7561,2.7083,0.8683,0.05,428.18450225,99.76,238.93,2026-09-22
CRA02300G7E,CRA,MARFRIG GLOBAL FOODS S.A.,ECO SECURITIZADORA DE DIREITOS CREDITÓRIOS DO AGRONEGÓCIO S.A.,2ª,2028-08-15,"DI + 1,5%",2.4721,3.1938,2.0759,0.65,998.26174218,98.4,425.85,2026-09-22
CRA02300MJ9,CRA,MINERVA S.A.,RIZA SECURITIZADORA S.A.,1ª,2028-09-15,"DI + 1,5%",2.5769,2.8371,1.0016,0.62,984.25219571,98.14,447.5,2026-09-22
CRA024003UY,CRA,LAR COOPERATIVA AGROINDUSTRIAL,ECO SECURITIZADORA DE DIREITOS CREDITÓRIOS DO AGRONEGÓCIO S.A.,2ª,2029-04-16,"DI + 1,55%",1.6915,1.8688,1.1688,0.02,1000.41866293,99.75,445.16,2026-09-22
CRA0240020A,CRA,VICUNHA TÊXTIL S.A.,RIZA SECURITIZADORA S.A.,1ª,2029-02-15,"DI + 1,6%",3.123,3.9621,1.6173,0.24,984.04417032,96.99,517.08,2026-09-22
CRA0240099E,CRA,VALE DO TIJUCO AÇÚCAR E ÁLCOOL S.A.,ECO SECURITIZADORA DE DIREITOS CREDITÓRIOS DO AGRONEGÓCIO S.A.,1ª,2034-10-16,"DI + 1,6%",2.1668,,,0.36,1044.53977481,97.89,961.54,2026-09-22
CRA025009KJ,CRA,Salton,OPEA SECURITIZADORA S/A,1ª,2031-12-09,"DI + 1,6%",,,,,,,,2026-09-22
24A2720884,CRI,DIAGNÓSTICAS DA AMÉRICA S.A.,VERT COMPANHIA SECURITIZADORA,1ª,2029-01-15,"DI + 1,63%",4.4792,7.261,3.0777,1.16,974.01606635,94.71,494.04,2026-09-22
22L1465644,CRI,ÂNIMA HOLDING S.A.,RIZA SECURITIZADORA S.A.,1ª,2027-12-15,"DI + 1,65%",2.279,2.5,1.55,0.18,995.99795219,99.31,282.51,2026-09-22
CRA0230073L,CRA,J. MACÊDO S.A.,RIZA SECURITIZADORA S.A.,1ª,2028-04-17,"DI + 1,65%",0.7987,1.3228,,0.16,804.90369635,100.62,186.82,2026-09-22
22J0000801,CRI,TRISUL S.A.,TRUE SECURITIZADORA S/A,1ª,2027-12-15,"DI + 1,7%",,,,,,,,2026-09-22
23F0012002,CRI,LOG COMMERCIAL PROPERTIES E PARTICIPAÇÕES S.A.,OPEA SECURITIZADORA S/A,1ª,2028-06-26,"DI + 1,7%",1.1202,,,0.08,695.39733066,100.63,279.18,2026-09-22
23L2043099,CRI,Unidas,OPEA SECURITIZADORA S/A,1ª,2028-12-15,"DI + 1,7%",,,,,,,,2026-09-22
CRA02300VBT,CRA,UNIDAS LOCAÇÕES E SERVIÇOS S.A.,OPEA SECURITIZADORA S/A,1ª,2028-12-15,"DI + 1,7%",1.3105,1.9369,0.4702,0.19,1049.67756661,100.73,476.83,2026-09-22
CRA022008NH,CRA,IRANI PAPEL E EMBALAGEM S.A.,ECO SECURITIZADORA DE DIREITOS CREDITÓRIOS DO AGRONEGÓCIO S.A.,2ª,2029-08-15,"DI + 1,75%",0.9867,1.4852,0.3685,0.08,1030.51290604,101.56,516.64,2026-09-22
CRA0230012X,CRA,VALE DO PONTAL AÇÚCAR E ETANOL S.A.,ECO SECURITIZADORA DE DIREITOS CREDITÓRIOS DO AGRONEGÓCIO S.A.,1ª,2031-02-17,"DI + 1,8%",2.179,,,0.13,1003.4939833,98.89,757.5,2026-09-22
CRA0240005N,CRA,CEREAL COMÉRCIO EXPORTAÇÃO E REPRESENTAÇÃO AGROPECUÁRIA S.A.,RIZA SECURITIZADORA S.A.,1ª,2029-01-15,"DI + 1,8%",1.6425,2.2533,0.7733,0.37,1030.62711879,100.18,292.9,2026-09-22
24K0003002,CRI,PATRIMAR ENGENHARIA S.A.,RIZA SECURITIZADORA S.A.,1ª,2029-11-23,"DI + 1,95%",4.3195,4.8271,3.8763,1.28,1001.86022993,95.2,537.57,2026-09-22
CRA02300Q8I,CRA,CAPAL COOPERATIVA AGROINDUSTRIAL,OPEA SECURITIZADORA S/A,1ª,2029-05-17,"DI + 1,95%",1.6195,2.65,0.7,0.08,603.84471691,100.46,358.71,2026-09-22
23H1023846,CRI,BR PROPERTIES S.A.,OPEA SECURITIZADORA S/A,1ª,2031-08-15,DI + 2%,1.3381,1.5855,1.1008,0.13,936.7283201,101.83,702.98,2026-09-22
23J1333602,CRI,PATRIMAR ENGENHARIA S.A.,RIZA SECURITIZADORA S.A.,1ª,2028-10-20,DI + 2%,,,,,,,,2026-09-22
CRA022001P6,CRA,USINA BATATAIS S.A.,RIZA SECURITIZADORA S.A.,1ª,2028-04-20,DI + 2%,1.3293,2.2053,0.4553,0.05,1021.9170942,100.92,350.96,2026-09-22
CRA022008C2,CRA,VICUNHA TÊXTIL S.A.,RIZA SECURITIZADORA S.A.,2ª,2027-08-16,DI + 2%,3.1582,3.6121,2.0273,0.27,502.63087977,99.04,215.22,2026-09-22
CRA02300S8P,CRA,FS INDÚSTRIA DE BIOCOMBUSTÍVEIS LTDA.,ECO SECURITIZADORA DE DIREITOS CREDITÓRIOS DO AGRONEGÓCIO S.A.,2ª,2030-06-17,DI + 2%,3.9749,4.1638,3.4902,0.2,949.78375783,94.7,712.5,2026-09-22
CRA024000B7,CRA,FS INDÚSTRIA DE BIOCOMBUSTÍVEIS LTDA.,ECO SECURITIZADORA DE DIREITOS CREDITÓRIOS DO AGRONEGÓCIO S.A.,2ª,2030-07-15,DI + 2%,4.0827,4.5523,3.4445,0.08,946.19184807,94.34,722.65,2026-09-22
23D0005401,CRI,ORIGINAL HOLDING S.A,OPEA SECURITIZADORA S/A,1ª,2028-04-15,"DI + 2,05%",,,,,,,,2026-09-22
CRA02300BQD,CRA,GJA INDÚSTRIAS S.A.,RIZA SECURITIZADORA S.A.,1ª,2029-07-16,"DI + 2,25%",,,,,,,,2026-09-22
CRA025000MJ,CRA,Integrada Cooperativa Agroindustrial,ECO SECURITIZADORA DE DIREITOS CREDITÓRIOS DO AGRONEGÓCIO S.A.,2ª,2029-05-15,"DI + 2,35%",2.2491,2.9603,1.5353,0.0,793.87095109,100.14,348.47,2026-09-22
22L1212138,CRI,LAR COOPERATIVA AGROINDUSTRIAL,HABITASEC SECURITIZADORA S.A.,2ª,2034-12-19,"DI + 2,45%",1.9443,3.0253,,0.28,914.49639928,101.42,722.87,2026-09-22
CRA02300KZL,CRA,FLORA PRODUTOS DE HIGIENE E LIMPEZA S.A.,OPEA SECURITIZADORA S/A,1ª,2029-10-15,"DI + 2,5%",1.817,3.0,1.0303,0.06,787.14135348,100.89,335.69,2026-09-22
CRA024005K1,CRA,Natural One S.A.,ECO SECURITIZADORA DE DIREITOS CREDITÓRIOS DO AGRONEGÓCIO S.A.,1ª,2029-05-25,"DI + 2,5%",,,,,,,,2026-09-22
CRA02300795,CRA,FS INDÚSTRIA DE BIOCOMBUSTÍVEIS LTDA.,ECO SECURITIZADORA DE DIREITOS CREDITÓRIOS DO AGRONEGÓCIO S.A.,1ª,2029-10-15,"DI + 2,9%",3.9555,4.2402,3.3312,0.02,978.66740055,97.56,608.86,2026-09-22
CRA02300CCH,CRA,FS INDÚSTRIA DE BIOCOMBUSTÍVEIS LTDA.,ECO SECURITIZADORA DE DIREITOS CREDITÓRIOS DO AGRONEGÓCIO S.A.,1ª,2029-12-17,"DI + 2,9%",3.9914,4.4385,3.3375,0.01,976.80409888,97.37,634.2,2026-09-22
CRA0250040I,CRA,Natural One S.A,ECO SECURITIZADORA DE DIREITOS CREDITÓRIOS DO AGRONEGÓCIO S.A.,1ª,2029-06-15,"DI + 2,9%",5.3547,,3.5,2.0,1010.01625849,96.61,367.27,2026-09-22
CRA0220099D,CRA,CENTRAL CRESOL BASER,ECO SECURITIZADORA DE DIREITOS CREDITÓRIOS DO AGRONEGÓCIO S.A.,1ª,2027-12-15,"DI + 2,95%",1.1388,1.8663,0.4463,0.07,352.69734204,101.2,169.17,2026-09-22
CRA023003JX,CRA,OLFAR S.A.,RIZA SECURITIZADORA S.A.,1ª,2029-03-15,DI + 3%,2.1114,3.6,1.1603,0.09,724.5725989,101.12,324.53,2026-09-22
CRA0240086H,CRA,DISTRIBUIDORA DE PRODUTOS DE PETRÓLEO CHARRUA LTDA.,OPEA SECURITIZADORA S/A,1ª,2029-08-23,DI + 3%,2.8285,3.6366,1.9293,0.29,1016.14590674,100.34,506.77,2026-09-22
CRA0250012Y,CRA,FS FLORESTAL S.A.,ECO SECURITIZADORA DE DIREITOS CREDITÓRIOS DO AGRONEGÓCIO S.A.,2ª,2031-03-17,DI + 3%,3.6757,4.2805,3.275,0.28,982.43159974,97.93,802.97,2026-09-22
23F0012602,CRI,FARMACIA E DROGARIA NISSEI S.A.,OPEA SECURITIZADORA S/A,1ª,2028-06-22,"DI + 3,5%",,,,,,,,2026-09-22
CRA022000RU,CRA,MADERO INDÚSTRIA E COMÉRCIO S.A.,ECO SECURITIZADORA DE DIREITOS CREDITÓRIOS DO AGRONEGÓCIO S.A.,2ª,2027-03-15,"DI + 3,5%",3.6943,4.0755,,0.46,139.92144811,99.95,65.45,2026-09-22
CRA024002MM,CRA,USINA SANTA FÉ S.A.,ECO SECURITIZADORA DE DIREITOS CREDITÓRIOS DO AGRONEGÓCIO S.A.,1ª,2029-12-17,DI + 4%,3.0836,4.7878,1.1666,0.52,889.3264306,101.3,368.3,2026-09-22
CRA02400ECU,CRA,USINA CORURIPE AÇÚCAR E ÁLCOOL S.A.,ECO SECURITIZADORA DE DIREITOS CREDITÓRIOS DO AGRONEGÓCIO S.A.,5ª,2030-11-25,"DI + 4,1%",4.6056,5.0255,4.5921,0.45,4967.49551767,99.17,432.87,2026-09-22
CRA023001JL,CRA,PISANI PLÁSTICOS S.A.,ECO SECURITIZADORA DE DIREITOS CREDITÓRIOS DO AGRONEGÓCIO S.A.,1ª,2029-02-20,DI + 5%,4.0563,,,0.17,542.69845266,100.98,273.67,2026-09-22
CRA02300KOH,CRA,TECSOIL AUTOMAÇÃO E SISTEMAS S.A.,OPEA SECURITIZADORA S/A,1ª,2028-10-16,"DI + 5,5%",2.9987,4.0473,1.8333,0.14,712.87761325,102.28,238.19,2026-09-22
CRA02300JR6,CRA,RAÍZEN ENERGIA S.A.,TRUE SECURITIZADORA S/A,2ª,2033-10-17,IPCA + 0%,,,,,482.14664541,42.4,,2026-09-22
CRA019003JY,CRA,KLABIN S.A.,VERT COMPANHIA SECURITIZADORA,1ª,2029-06-15,"IPCA + 3,5%",7.2578,7.7224,7.0773,0.1,1394.50010749,94.27,414.29,2026-09-22
CRA019003V3,CRA,RAÍZEN ENERGIA S.A.,OPEA SECURITIZADORA S/A,2ª,2029-07-16,"IPCA + 3,602%",,,,,701.423617,47.88,,2026-09-22
CRA021000MG,CRA,M. DIAS BRANCO S.A. INDÚSTRIA E COMÉRCIO DE ALIMENTOS,RIZA SECURITIZADORA S.A.,1ª,2028-03-15,"IPCA + 3,7992%",7.8053,8.1807,7.7212,0.1,1297.20005845,94.69,362.96,2026-09-22
CRA021000MH,CRA,M. DIAS BRANCO S.A. INDÚSTRIA E COMÉRCIO DE ALIMENTOS,RIZA SECURITIZADORA S.A.,2ª,2031-03-15,"IPCA + 4,1369%",8.3083,8.6364,8.2138,0.05,1207.56061405,88.14,805.08,2026-09-22
CRA02100002,CRA,COCAL COMÉRCIO INDÚSTRIA CANAÃ AÇÚCAR E ÁLCOOL LTDA.,RIZA SECURITIZADORA S.A.,2ª,2028-02-15,"IPCA + 4,2095%",8.5304,9.0949,7.1328,0.21,613.22561898,97.02,186.99,2026-09-22
CRA021000MB,CRA,COLOMBO AGROINDÚSTRIA S.A.,ECO SECURITIZADORA DE DIREITOS CREDITÓRIOS DO AGRONEGÓCIO S.A.,1ª,2027-03-15,"IPCA + 4,4474%",8.1523,9.226,7.1191,0.12,666.85812507,98.39,117.0,2026-09-22
CRA021001PQ,CRA,MARFRIG GLOBAL FOODS S.A.,OPEA SECURITIZADORA S/A,1ª,2028-07-15,"IPCA + 4,5%",12.4728,12.9029,12.1901,0.33,1167.19531889,88.02,436.55,2026-09-22
CRA019001E7,CRA,KLABIN S.A.,VERT COMPANHIA SECURITIZADORA,2ª,2029-03-15,"IPCA + 4,5081%",7.3595,7.7667,7.0572,0.09,1451.46187596,96.31,349.79,2026-09-22
CRA021001VA,CRA,MARFRIG GLOBAL FOODS S.A.,OPEA SECURITIZADORA S/A,2ª,2031-07-15,"IPCA + 4,6%",11.9887,12.6325,10.9746,1.03,1049.62545748,79.14,853.01,2026-09-22
21G0065100,CRI,ALIANSCE SONAE SHOPPING CENTERS S.A.,RB CAPITAL INVESTIMENTOS DTVM LTDA,347ª,2028-07-17,"IPCA + 4,6197%",8.1961,,7.9477,0.28,1254.74136291,94.35,435.78,2026-09-22
CRA0210013B,CRA,BRF S.A.,VERT COMPANHIA SECURITIZADORA,1ª,2031-05-15,"IPCA + 4,7843%",11.8797,12.2104,11.2334,1.09,1040.36706833,76.58,1014.39,2026-09-22
CRA021001KB,CRA,COMPANHIA DE LOCAÇÃO DAS AMÉRICAS,ECO SECURITIZADORA DE DIREITOS CREDITÓRIOS DO AGRONEGÓCIO S.A.,1ª,2031-07-15,"IPCA + 4,825%",7.9291,8.8043,7.2625,0.21,1205.91395108,90.46,861.63,2026-09-22
CRA021002SO,CRA,IPIRANGA PRODUTOS DE PETRÓLEO S.A.,VERT COMPANHIA SECURITIZADORA,1ª,2028-09-15,"IPCA + 4,8287%",8.1284,8.8409,7.7817,0.41,1226.75498378,94.27,479.19,2026-09-22
21D0737500,CRI,DIRECIONAL ENGENHARIA S.A.,OPEA SECURITIZADORA S/A,371ª,2028-04-17,"IPCA + 4,8444%",7.5742,7.9148,7.3556,0.07,874.76073719,97.41,256.17,2026-09-22
21D0862572,CRI,REDE D'OR SÃO LUIZ S.A.,OPEA SECURITIZADORA S/A,324ª,2036-05-15,"IPCA + 4,9347%",8.3681,,7.8935,0.36,1095.94428917,80.18,1696.99,2026-09-22
21H1078699,CRI,SENDAS DISTRIBUIDORA S.A.,OPEA SECURITIZADORA S/A,428ª,2028-10-16,"IPCA + 5,1531%",10.6275,11.0808,9.9423,0.24,1186.71746019,90.68,484.59,2026-09-22
21H1078700,CRI,SENDAS DISTRIBUIDORA S.A.,OPEA SECURITIZADORA S/A,429ª,2031-10-15,"IPCA + 5,2662%",11.8334,12.1252,10.6843,0.22,1056.43367206,80.69,881.11,2026-09-22
CRA021000SC,CRA,COPERSUCAR S.A.,RIZA SECURITIZADORA S.A.,1ª,2028-05-15,"IPCA + 5,2893%",,,,,,,,2026-09-22
CRA020002GZ,CRA,BRF S.A.,VERT COMPANHIA SECURITIZADORA,1ª,2027-07-15,"IPCA + 5,3%",10.1496,10.8118,8.5401,1.11,1398.42169928,96.51,198.77,2026-09-22
21D0694886,CRI,CONSTRUTORA TENDA S.A.,OPEA SECURITIZADORA S/A,378ª,2028-04-17,"IPCA + 5,3621%",9.0808,9.7934,8.9159,0.54,886.39934129,96.57,252.09,2026-09-22
CRA021002NF,CRA,PETROBRAS DISTRIBUIDORA S.A.,RIZA SECURITIZADORA S.A.,1ª,2031-09-15,"IPCA + 5,3995%",8.9452,9.4804,8.4886,0.26,1160.57994985,88.7,908.42,2026-09-22
CRA020001P7,CRA,RAÍZEN ENERGIA S.A.,OPEA SECURITIZADORA S/A,1ª,2027-06-15,"IPCA + 5,4%",,,,,617.65285008,43.41,,2026-09-22
CRA021000RX,CRA,MINERVA S.A.,RIZA SECURITIZADORA S.A.,1ª,2028-04-17,"IPCA + 5,5034%",12.1265,12.6076,11.0256,1.04,1260.12893745,91.41,371.18,2026-09-22
21I0278118,CRI,LOG COMMERCIAL PROPERTIES E PARTICIPAÇÕES S.A.,RIZA SECURITIZADORA S.A.,362ª,2028-09-15,"IPCA + 5,5212%",11.4734,,10.3004,1.4,605.69478005,92.51,355.93,2026-09-22
21K0001806,CRI,REDE D'OR SÃO LUIZ S.A.,OPEA SECURITIZADORA S/A,396ª,2031-12-15,"IPCA + 5,5758%",8.3518,8.5355,8.1487,0.1,1163.92791823,90.81,930.84,2026-09-22
CRA021000RY,CRA,MINERVA S.A.,RIZA SECURITIZADORA S.A.,39ª,2031-04-15,"IPCA + 5,578%",11.1206,12.0722,10.8626,0.35,1174.96405237,85.2,780.16,2026-09-22
CRA020002H1,CRA,BRF S.A.,VERT COMPANHIA SECURITIZADORA,2ª,2030-07-15,"IPCA + 5,6%",11.4532,12.5979,10.6241,1.22,1263.06414902,87.12,638.09,2026-09-22
CRA022002Y1,CRA,NORSA REFRIGERANTES S.A.,RIZA SECURITIZADORA S.A.,1ª,2027-03-15,"IPCA + 5,685%",7.2193,7.7273,7.2033,0.25,601.37804453,99.33,117.0,2026-09-22
CRA020003PY,CRA,"VAMOS LOCAÇÃO DE CAMINHÕES, MÁQUINAS E EQUIPAMENTOS S.A.",ECO SECURITIZADORA DE DIREITOS CREDITÓRIOS DO AGRONEGÓCIO S.A.,1ª,2030-11-18,"IPCA + 5,7315%",11.7416,13.2803,10.4546,1.65,1223.42489631,85.62,700.24,2026-09-22
21K0001812,CRI,ULTRA SOM SERVIÇOS MÉDICOS S.A.,RIZA SECURITIZADORA S.A.,378ª,2031-12-15,"IPCA + 5,7505%",20.6722,23.0065,18.6721,1.47,752.87338255,59.0,973.85,2026-09-22
CRA021002YA,CRA,CARAMURU ALIMENTOS S.A.,ECO SECURITIZADORA DE DIREITOS CREDITÓRIOS DO AGRONEGÓCIO S.A.,1ª,2027-09-15,"IPCA + 5,7641%",9.7355,10.9969,7.9407,0.15,246.98051854,96.53,241.51,2026-09-22
CRA020001P8,CRA,RAÍZEN ENERGIA S.A.,TRUE SECURITIZADORA S/A,2ª,2030-06-17,"IPCA + 5,8%",,,,,630.85644227,44.3,,2026-09-22
22D1289007,CRI,REDE D'OR SÃO LUIZ S.A.,OPEA SECURITIZADORA S/A,508ª,2029-06-15,"IPCA + 5,83%",8.0393,8.3027,7.6359,0.24,1149.17547404,94.97,629.06,2026-09-22
22D1289010,CRI,CYRELA BRAZIL REALTY S.A.,OPEA SECURITIZADORA S/A,490ª,2027-06-15,"IPCA + 5,9068%",6.7802,,,0.19,1224.40202112,99.43,176.48,2026-09-22
CRA022002Y2,CRA,NORSA REFRIGERANTES S.A.,RIZA SECURITIZADORA S.A.,2ª,2029-03-15,"IPCA + 5,9169%",8.4967,9.021,8.4914,0.34,1157.64116725,95.6,469.94,2026-09-22
CRA022006N5,CRA,IPIRANGA PRODUTOS DE PETRÓLEO S.A.,VERT COMPANHIA SECURITIZADORA,1ª,2032-06-15,"IPCA + 6,0053%",8.3948,9.1548,8.0703,0.39,1104.10349067,91.35,1016.95,2026-09-22
22D1289008,CRI,REDE D'OR SÃO LUIZ S.A.,OPEA SECURITIZADORA S/A,509ª,2032-06-15,"IPCA + 6,01%",8.3106,8.5789,,0.09,1109.61831249,91.65,1017.27,2026-09-22
CRA022002Y3,CRA,NORSA REFRIGERANTES S.A.,RIZA SECURITIZADORA S.A.,3ª,2032-03-15,"IPCA + 6,0392%",8.5733,,,0.16,1103.67587825,91.14,984.46,2026-09-22
CRA022002XN,CRA,JBS S.A.,RIZA SECURITIZADORA S.A.,3ª,2037-04-15,"IPCA + 6,0953%",,,,,,,,2026-09-22
21K0001807,CRI,REDE D'OR SÃO LUIZ S.A.,OPEA SECURITIZADORA S/A,397ª,2036-12-15,"IPCA + 6,1017%",8.4213,8.6627,8.0522,0.1,1104.34249161,86.04,1725.35,2026-09-22
22D1289011,CRI,CYRELA BRAZIL REALTY S.A.,OPEA SECURITIZADORA S/A,491ª,2029-06-15,"IPCA + 6,128%",,,,,,,,2026-09-22
22K0001201,CRI,PETRÓLEO BRASILEIRO S.A. - PETROBRAS,OPEA SECURITIZADORA S/A,1ª,2030-04-15,"IPCA + 6,2%",7.2852,7.4949,7.2411,0.03,1185.45922085,96.81,803.02,2026-09-22
23H0027403,CRI,REDE D'OR SÃO LUIZ S.A.,OPEA SECURITIZADORA S/A,2ª,2030-08-15,"IPCA + 6,2%",8.2915,8.4893,8.0061,0.04,1076.9196405,93.46,872.21,2026-09-22
CRA022006MY,CRA,Dexco S.A.,ECO SECURITIZADORA DE DIREITOS CREDITÓRIOS DO AGRONEGÓCIO S.A.,2ª,2032-06-15,"IPCA + 6,2%",,,,,,,,2026-09-22
22K0001203,CRI,PETRÓLEO BRASILEIRO S.A. - PETROBRAS,OPEA SECURITIZADORA S/A,2ª,2032-11-16,"IPCA + 6,25%",7.4556,7.6788,7.3293,0.09,1186.32062364,94.53,1250.07,2026-09-22
22E1325262,CRI,HYPERA S.A.,OPEA SECURITIZADORA S/A,2ª,2029-08-15,"IPCA + 6,279%",8.5608,8.8221,8.224,0.3,1132.35635033,94.51,668.63,2026-09-22
CRA021002YF,CRA,J. MACÊDO S.A.,ECO SECURITIZADORA DE DIREITOS CREDITÓRIOS DO AGRONEGÓCIO S.A.,1ª,2026-11-16,"IPCA + 6,3071%",9.4727,11.6374,6.8623,0.73,61.1160327,99.69,26.43,2026-09-22
CRA02300S35,CRA,CAMIL ALIMENTOS S.A.,ECO SECURITIZADORA DE DIREITOS CREDITÓRIOS DO AGRONEGÓCIO S.A.,2ª,2030-11-18,"IPCA + 6,3416%",12.5871,13.1002,11.4986,0.27,968.13253076,83.35,796.27,2026-09-22
22C1362141,CRI,MATEUS SUPERMERCADOS S.A.,OPEA SECURITIZADORA S/A,1ª,2034-07-17,"IPCA + 6,3423%",10.4967,,9.8899,0.22,819.35213415,88.24,799.87,2026-09-22
22B0004808,CRI,CSN CIMENTOS S.A.,RIZA SECURITIZADORA S.A.,417ª,2032-02-16,"IPCA + 6,3893%",16.9275,19.3406,12.372,0.78,870.55507413,70.09,926.87,2026-09-22
CRA022008N6,CRA,JBS S.A.,RIZA SECURITIZADORA S.A.,2ª,2032-09-15,"IPCA + 6,3919%",9.1559,10.5764,7.577,0.08,1075.4631307,89.61,1070.89,2026-09-22
22K0001204,CRI,PETRÓLEO BRASILEIRO S.A. - PETROBRAS,OPEA SECURITIZADORA S/A,3ª,2037-11-16,"IPCA + 6,4%",,,,,,,,2026-09-22
24B0013203,CRI,CIDADE MARAVILHOSA INDÚSTRIA E COMÉRCIO DE ROUPAS S.A.,RIZA SECURITIZADORA S.A.,3ª,2030-02-15,"IPCA + 6,4%",11.0205,,10.4694,0.83,1005.62773306,89.4,661.44,2026-09-22
CRA02300CYS,CRA,BANCO BTG PACTUAL S.A.,OPEA SECURITIZADORA S/A,3ª,2033-07-15,"IPCA + 6,4338%",7.3106,7.5939,7.1197,0.13,1109.42239694,95.56,1389.07,2026-09-22
22E1325264,CRI,HYPERA S.A.,OPEA SECURITIZADORA S/A,3ª,2032-08-16,"IPCA + 6,4451%",8.7405,9.223,,0.08,1095.73978259,91.44,1051.01,2026-09-22
CRA024001P6,CRA,JSL S.A.,ECO SECURITIZADORA DE DIREITOS CREDITÓRIOS DO AGRONEGÓCIO S.A.,2ª,2031-02-17,"IPCA + 6,4527%",13.2404,14.1255,12.165,0.12,934.67306839,82.99,751.56,2026-09-22
22E1095384,CRI,MRV ENGENHARIA E PARTICIPAÇÕES S.A.,OPEA SECURITIZADORA S/A,1ª,2030-09-16,"IPCA + 6,4802%",12.4671,,,0.27,1030.23160545,86.28,673.87,2026-09-22
21J0001208,CRI,TENDA ATACADO S.A.,RIZA SECURITIZADORA S.A.,306ª,2026-10-15,"IPCA + 6,4803%",12.097,,11.6137,0.68,439.81179926,99.67,16.0,2026-09-22
22F0009804,CRI,DIRECIONAL ENGENHARIA S.A.,OPEA SECURITIZADORA S/A,1ª,2032-06-15,"IPCA + 6,4899%",8.7112,8.9843,8.2958,0.12,1112.10558229,92.04,1006.66,2026-09-22
22F0009409,CRI,GJA INDÚSTRIAS S.A.,RIZA SECURITIZADORA S.A.,1ª,2029-06-15,"IPCA + 6,5%",12.068,,,0.93,1071.95670084,90.08,513.81,2026-09-22
CRA022003JT,CRA,BEM BRASIL ALIMENTOS S.A.,ECO SECURITIZADORA DE DIREITOS CREDITÓRIOS DO AGRONEGÓCIO S.A.,1ª,2029-05-15,"IPCA + 6,5348%",9.1951,10.3229,7.258,0.37,1178.35996216,96.35,378.1,2026-09-22
CRA022004MS,CRA,"VAMOS LOCAÇÃO DE CAMINHÕES, MÁQUINAS E EQUIPAMENTOS S.A.",ECO SECURITIZADORA DE DIREITOS CREDITÓRIOS DO AGRONEGÓCIO S.A.,1ª,2032-05-17,"IPCA + 6,5473%",13.5455,14.2855,12.6086,1.06,954.29201605,78.12,960.01,2026-09-22
23H0027404,CRI,REDE D'OR SÃO LUIZ S.A.,OPEA SECURITIZADORA S/A,3ª,2033-08-15,"IPCA + 6,55%",8.3224,8.7148,7.8609,0.08,1063.18397028,92.24,1227.82,2026-09-22
CRA022008NB,CRA,RAÍZEN ENERGIA S.A.,OPEA SECURITIZADORA S/A,1ª,2032-08-16,"IPCA + 6,5885%",,,,,582.90977328,48.14,,2026-09-22
22B0006022,CRI,MRV ENGENHARIA E PARTICIPAÇÕES S.A.,RIZA SECURITIZADORA S.A.,442ª,2029-02-15,"IPCA + 6,5954%",12.2271,,11.3429,1.33,1136.33710479,91.26,445.86,2026-09-22
CRA024004SA,CRA,JBS S.A.,RIZA SECURITIZADORA S.A.,2ª,2034-05-15,"IPCA + 6,5975%",9.2282,10.4607,7.9372,0.33,980.04976194,86.6,1468.01,2026-09-22
22J0306937,CRI,DIAGNÓSTICOS DA AMÉRICA S.A.,VERT COMPANHIA SECURITIZADORA,2ª,2029-10-15,"IPCA + 6,6%",13.3203,14.9598,11.7452,0.55,1039.97411086,84.74,677.79,2026-09-22
CRA02300G7F,CRA,MARFRIG GLOBAL FOODS S.A.,ECO SECURITIZADORA DE DIREITOS CREDITÓRIOS DO AGRONEGÓCIO S.A.,3ª,2030-08-15,"IPCA + 6,6%",12.4628,12.9355,12.2787,0.15,960.14089325,83.22,858.5,2026-09-22
CRA022008C7,CRA,COMPANHIA DE LOCAÇÃO DAS AMÉRICAS,ECO SECURITIZADORA DE DIREITOS CREDITÓRIOS DO AGRONEGÓCIO S.A.,1ª,2028-09-15,"IPCA + 6,6018%",8.4092,8.9633,7.9352,0.27,1161.89896652,96.89,473.47,2026-09-22
24E1835896,CRI,HSL,TRUE SECURITIZADORA S/A,1ª,2034-06-15,"IPCA + 6,6075%",,,,,,,,2026-09-22
CRA022007KI,CRA,COCAL COMÉRCIO INDÚSTRIA CANAÃ AÇÚCAR E ÁLCOOL LTDA.,RIZA SECURITIZADORA S.A.,1ª,2030-08-15,"IPCA + 6,6234%",11.2051,11.8389,10.5936,0.45,1072.60079605,89.59,653.84,2026-09-22
CRA02300JG3,CRA,JBS S.A.,RIZA SECURITIZADORA S.A.,3ª,2030-09-16,"IPCA + 6,6441%",9.0834,10.4239,7.5802,0.13,1055.36595161,92.33,886.67,2026-09-22
CRA022008N7,CRA,JBS S.A.,RIZA SECURITIZADORA S.A.,3ª,2037-09-15,"IPCA + 6,6614%",9.6868,10.3531,8.9507,0.56,979.46369907,81.61,1790.82,2026-09-22
CRA022000XF,CRA,MARFRIG GLOBAL FOODS S.A.,ECO SECURITIZADORA DE DIREITOS CREDITÓRIOS DO AGRONEGÓCIO S.A.,3ª,2032-01-15,"IPCA + 6,663%",12.205,12.3654,11.1907,0.35,1045.14052129,82.94,919.29,2026-09-22
CRA02300JG4,CRA,JBS S.A.,RIZA SECURITIZADORA S.A.,4ª,2033-09-15,"IPCA + 6,6634%",9.1498,10.4242,7.8528,0.14,1019.65140677,89.21,1239.62,2026-09-22
24F1277567,CRI,DIRECIONAL ENGENHARIA S.A.,OPEA SECURITIZADORA S/A,2ª,2031-07-15,"IPCA + 6,6747%",8.6514,8.9685,8.2206,0.05,1038.36012842,93.38,937.14,2026-09-22
23L1737622,CRI,REDE D'OR SÃO LUIZ S.A.,OPEA SECURITIZADORA S/A,1ª,2033-12-15,"IPCA + 6,6941%",8.2871,,7.7758,0.12,1071.14831287,92.79,1264.9,2026-09-22
22G1414303,CRI,SENDAS DISTRIBUIDORA S.A.,OPEA SECURITIZADORA S/A,3ª,2029-09-17,"IPCA + 6,7%",11.361,,,0.33,1087.1692128,90.64,576.73,2026-09-22
CRA022008ND,CRA,RAÍZEN ENERGIA S.A.,OPEA SECURITIZADORA S/A,2ª,2037-08-17,"IPCA + 6,7382%",,,,,484.89520965,40.01,,2026-09-22
CRA0240066J,CRA,SLC AGRICOLA II,RIZA SECURITIZADORA S.A.,3ª,2031-07-15,"IPCA + 6,7469%",9.422,9.9415,8.0337,0.47,1014.88173573,91.06,949.32,2026-09-22
22J0306938,CRI,DIAGNÓSTICOS DA AMÉRICA S.A.,VERT COMPANHIA SECURITIZADORA,3ª,2032-10-15,"IPCA + 6,75%",13.2381,15.5652,10.7531,0.38,961.95558801,78.33,1021.93,2026-09-22
CRA0240020C,CRA,VICUNHA II,RIZA SECURITIZADORA S.A.,3ª,2031-02-15,"IPCA + 6,7641%",,,,,,,,2026-09-22
22G1136492,CRI,REDE D'OR SÃO LUIZ S.A.,OPEA SECURITIZADORA S/A,3ª,2037-07-15,"IPCA + 6,7692%",,,,,,,,2026-09-22
CRA022007EP,CRA,KLABIN S.A.,VERT COMPANHIA SECURITIZADORA,1ª,2034-05-15,"IPCA + 6,7694%",7.7069,8.1267,7.4731,0.14,1150.88110355,94.96,1484.0,2026-09-22
CRA024004SB,CRA,JBS S.A.,RIZA SECURITIZADORA S.A.,3ª,2039-05-16,"IPCA + 6,7825%",8.7584,10.1929,7.3392,0.13,980.06445692,86.55,1945.94,2026-09-22
CRA0240086K,CRA,SEARA ALIMENTOS LTDA.,RIZA SECURITIZADORA S.A.,2ª,2034-09-15,"IPCA + 6,7931%",8.9384,10.1376,8.1026,0.07,968.15732657,88.37,1551.05,2026-09-22
CRA024002ML,CRA,MARFRIG GLOBAL FOODS S.A.,ECO SECURITIZADORA DE DIREITOS CREDITÓRIOS DO AGRONEGÓCIO S.A.,3ª,2034-03-15,"IPCA + 6,7996%",12.3242,12.8806,11.0611,0.36,857.65883757,76.89,1286.36,2026-09-22
22I0970804,CRI,NATURA COSMÉTICOS S.A.,RIZA SECURITIZADORA S.A.,2ª,2029-09-17,"IPCA + 6,8%",8.9159,,8.8131,0.07,1138.18870607,94.79,686.31,2026-09-22
CRA0240066B,CRA,CAMIL ALIMENTOS S.A.,ECO SECURITIZADORA DE DIREITOS CREDITÓRIOS DO AGRONEGÓCIO S.A.,2ª,2031-06-16,"IPCA + 6,8286%",12.2154,,10.9318,0.34,941.11594833,83.72,900.74,2026-09-22
CRA0220079D,CRA,BRF S.A.,VERT COMPANHIA SECURITIZADORA,2ª,2032-07-15,"IPCA + 6,8344%",12.613,13.0038,12.2144,0.06,988.29764558,80.86,1001.51,2026-09-22
CRA0240086L,CRA,SEARA ALIMENTOS LTDA.,RIZA SECURITIZADORA S.A.,3ª,2044-09-15,"IPCA + 6,8408%",9.3773,9.9251,8.7365,0.49,875.10529102,79.87,2317.5,2026-09-22
CRA022006HK,CRA,SÃO SALVADOR ALIMENTOS S.A.,ECO SECURITIZADORA DE DIREITOS CREDITÓRIOS DO AGRONEGÓCIO S.A.,2ª,2030-07-15,"IPCA + 6,8911%",8.5925,9.8747,7.543,0.3,1154.37595424,96.09,635.5,2026-09-22
22I0970868,CRI,NATURA COSMÉTICOS S.A.,RIZA SECURITIZADORA S.A.,3ª,2032-09-15,"IPCA + 6,9%",9.0687,9.5483,,0.16,1102.78330946,91.84,1062.44,2026-09-22
23L1737623,CRI,REDE D'OR SÃO LUIZ S.A.,OPEA SECURITIZADORA S/A,2ª,2038-12-15,"IPCA + 6,9527%",8.3693,,7.8088,0.16,1043.54110789,90.34,1919.91,2026-09-22
CRA022004S9,CRA,"VAMOS LOCAÇÃO DE CAMINHÕES, MÁQUINAS E EQUIPAMENTOS S.A.",ECO SECURITIZADORA DE DIREITOS CREDITÓRIOS DO AGRONEGÓCIO S.A.,2ª,2037-05-15,"IPCA + 6,9739%",12.9024,,12.0941,1.04,853.13757371,69.74,1602.0,2026-09-22
CRA02300JG5,CRA,JBS S.A.,RIZA SECURITIZADORA S.A.,5ª,2038-09-15,"IPCA + 6,9938%",9.7323,10.3738,8.8759,0.59,942.25154057,82.43,1880.78,2026-09-22
CRA024004SC,CRA,JBS S.A.,RIZA SECURITIZADORA S.A.,4ª,2044-05-16,"IPCA + 6,9947%",9.5417,10.4969,8.7343,0.51,913.80009161,80.64,2209.03,2026-09-22
CRA022004XY,CRA,USINA CERRADÃO S.A.,ECO SECURITIZADORA DE DIREITOS CREDITÓRIOS DO AGRONEGÓCIO S.A.,1ª,2028-05-15,"IPCA + 6,9949%",7.9079,,,0.02,807.99170609,99.09,270.28,2026-09-22
22F0009410,CRI,GJA INDÚSTRIAS S.A.,RIZA SECURITIZADORA S.A.,2ª,2032-06-15,IPCA + 7%,11.465,,,0.28,1012.10326668,85.05,987.04,2026-09-22
23F1519397,CRI,MOVIDA PARTICIPAÇÕES S.A.,OPEA SECURITIZADORA S/A,3ª,2028-06-16,IPCA + 7%,13.1638,13.8249,,0.43,1069.23386442,91.34,406.98,2026-09-22
24G1674104,CRI,JHSF PARTICIPAÇÕES S.A.,OPEA SECURITIZADORA S/A,4ª,2034-07-17,"IPCA + 7,0163%",8.7858,9.0828,8.4548,0.01,899.41141603,92.91,1115.03,2026-09-22
CRA02200C6Y,CRA,MARFRIG GLOBAL FOODS S.A.,ECO SECURITIZADORA DE DIREITOS CREDITÓRIOS DO AGRONEGÓCIO S.A.,1ª,2029-10-15,"IPCA + 7,0383%",12.4359,12.922,10.6423,0.39,1068.86294035,87.59,674.7,2026-09-22
CRA024007PU,CRA,SOROCABA REFRESCOS S.A.,ECO SECURITIZADORA DE DIREITOS CREDITÓRIOS DO AGRONEGÓCIO S.A.,2ª,2034-08-15,"IPCA + 7,05%",9.7959,10.4003,9.4332,0.4,961.84559426,87.09,1360.11,2026-09-22
22K0934880,CRI,BCBF PARTICIPAÇÕES S.A.,RIZA SECURITIZADORA S.A.,2ª,2029-12-17,"IPCA + 7,0913%",20.6453,21.7563,18.4731,3.8,861.73125869,71.35,703.08,2026-09-22
CRA022006HE,CRA,AÇO VERDE DO BRASIL S.A.,RIZA SECURITIZADORA S.A.,1ª,2029-06-15,"IPCA + 7,1543%",10.2491,11.0136,9.7769,0.48,1157.74046514,95.59,396.5,2026-09-22
CRA023000RT,CRA,"VAMOS LOCAÇÃO DE CAMINHÕES, MÁQUINAS E EQUIPAMENTOS S.A.",ECO SECURITIZADORA DE DIREITOS CREDITÓRIOS DO AGRONEGÓCIO S.A.,3ª,2030-01-15,"IPCA + 7,1638%",14.0786,14.6672,12.6372,0.13,992.89446566,83.28,732.21,2026-09-22
CRA022006BU,CRA,CARAMURU ALIMENTOS S.A.,ECO SECURITIZADORA DE DIREITOS CREDITÓRIOS DO AGRONEGÓCIO S.A.,1ª,2029-07-16,"IPCA + 7,2043%",10.4733,11.6442,8.6603,1.22,685.24725657,95.16,413.29,2026-09-22
CRA0220073P,CRA,MINERVA S.A.,RIZA SECURITIZADORA S.A.,1ª,2029-07-16,"IPCA + 7,2063%",11.7899,12.4228,10.5213,0.94,1080.22499002,89.93,636.98,2026-09-22
CRA025000ME,CRA,SEARA ALIMENTOS LTDA.,RIZA SECURITIZADORA S.A.,2ª,2045-02-15,"IPCA + 7,2266%",,,,,,,,2026-09-22
CRA0240066K,CRA,BRF S.A.,ECO SECURITIZADORA DE DIREITOS CREDITÓRIOS DO AGRONEGÓCIO S.A.,3ª,2034-06-15,"IPCA + 7,2336%",11.8813,12.7579,11.3661,1.09,901.02494293,80.16,1286.49,2026-09-22
22K0934889,CRI,BCBF PARTICIPAÇÕES S.A.,RIZA SECURITIZADORA S.A.,3ª,2034-12-15,"IPCA + 7,2792%",20.6709,22.9706,17.7974,1.47,651.07832516,53.88,1226.85,2026-09-22
CRA024001QA,CRA,ZAMP S.A.,RIZA SECURITIZADORA S.A.,3ª,2029-02-15,"IPCA + 7,3%",8.9734,,,0.18,1097.23939989,96.64,555.92,2026-09-22
CRA024007Q5,CRA,SLC MÁQUINAS LTDA.,OPEA SECURITIZADORA S/A,3ª,2031-08-15,"IPCA + 7,31%",10.0277,10.3703,9.7221,0.62,1028.47366905,92.82,745.27,2026-09-22
CRA02200C6Z,CRA,MARFRIG GLOBAL FOODS S.A.,ECO SECURITIZADORA DE DIREITOS CREDITÓRIOS DO AGRONEGÓCIO S.A.,2ª,2032-10-15,"IPCA + 7,3352%",12.4307,,10.878,0.19,1010.4597258,82.7,1014.88,2026-09-22
24A2721507,CRI,DASA,VERT COMPANHIA SECURITIZADORA,3ª,2031-01-15,"IPCA + 7,3402%",13.1039,13.8989,12.0661,0.57,960.50725666,84.18,822.15,2026-09-22
CRA022006HF,CRA,AÇO VERDE DO BRASIL S.A.,RIZA SECURITIZADORA S.A.,2ª,2032-06-15,"IPCA + 7,3686%",10.4603,11.2758,10.0158,0.49,1083.82438514,89.44,982.52,2026-09-22
CRA024009Q4,CRA,MARFRIG GLOBAL FOODS S.A.,ECO SECURITIZADORA DE DIREITOS CREDITÓRIOS DO AGRONEGÓCIO S.A.,3ª,2034-10-16,"IPCA + 7,3693%",12.6648,13.0552,12.2396,0.16,869.44168713,77.48,1298.42,2026-09-22
22E1314836,CRI,SÃO CARLOS EMPREENDIMENTOS E PARTICIPAÇÕES S.A.,OPEA SECURITIZADORA S/A,1ª,2029-09-17,"IPCA + 7,3826%",10.054,,,0.33,1153.84167529,95.65,453.91,2026-09-22
CRA022001E2,CRA,FS AGRISOLUTIONS INDÚSTRIA DE BIOCOMBUSTÍVEIS LTDA.,ECO SECURITIZADORA DE DIREITOS CREDITÓRIOS DO AGRONEGÓCIO S.A.,2ª,2029-02-15,"IPCA + 7,3913%",11.8558,12.524,11.1394,0.37,1166.65693546,94.85,323.89,2026-09-22
CRA022004SD,CRA,FS AGRISOLUTIONS INDÚSTRIA DE BIOCOMBUSTÍVEIS LTDA.,ECO SECURITIZADORA DE DIREITOS CREDITÓRIOS DO AGRONEGÓCIO S.A.,2ª,2029-05-15,"IPCA + 7,3913%",11.7287,12.4902,11.2134,0.16,1160.29408081,94.27,372.27,2026-09-22
CRA02400AHZ,CRA,REFRESCOS BANDEIRANTES INDÚSTRIA E COMÉRCIO LTDA.,RIZA SECURITIZADORA S.A.,2ª,2034-11-16,"IPCA + 7,41%",10.444,11.5366,,0.82,956.45707057,85.95,1348.4,2026-09-22
24J2539865,CRI,JHSF PARTICIPAÇÕES S.A.,OPEA SECURITIZADORA S/A,1ª,2034-10-16,"IPCA + 7,4183%",8.8501,9.1199,8.528,0.08,1051.47527795,93.1,1349.95,2026-09-22
CRA0240005O,CRA,CEREAL COMÉRCIO EXPORTAÇÃO E REPRESENTAÇÃO AGROPECUÁRIA S.A.,RIZA SECURITIZADORA S.A.,2ª,2029-01-15,"IPCA + 7,4367%",8.954,10.2273,8.064,0.09,1120.46562237,98.3,307.64,2026-09-22
CRA022004H5,CRA,NARDINI AGROINDUSTRIAL LTDA.,OPEA SECURITIZADORA S/A,1ª,2028-04-15,"IPCA + 7,4986%",8.0018,,,0.96,820.11023134,99.54,249.99,2026-09-22
23L2043184,CRI,UNIDAS LOCADORA S.A.,OPEA SECURITIZADORA S/A,3ª,2030-12-16,"IPCA + 7,5%",10.0076,10.4236,9.3272,0.29,1073.65181276,92.84,808.5,2026-09-22
CRA024009Q5,CRA,MARFRIG GLOBAL FOODS S.A.,ECO SECURITIZADORA DE DIREITOS CREDITÓRIOS DO AGRONEGÓCIO S.A.,4ª,2039-10-17,"IPCA + 7,5395%",13.2122,13.2248,12.5683,0.6,768.26502003,68.42,1732.41,2026-09-22
CRA02300MOQ,CRA,MINERVA S.A.,RIZA SECURITIZADORA S.A.,3ª,2030-09-16,"IPCA + 7,5408%",12.5882,13.1243,10.1421,0.86,992.11265998,86.83,771.12,2026-09-22
23L0034761,CRI,FARO ENERGY PROJETOS SOLARES HOLDING S.A.,OPEA SECURITIZADORA S/A,1ª,2038-12-15,"IPCA + 7,5702%",,,,,,,,2026-09-22
CRA0250080Y,CRA,ELDORADO BRASIL CELULOSE S.A.,OPEA SECURITIZADORA S/A,3ª,2040-09-17,"IPCA + 7,6%",8.4848,,,0.44,970.8052681,93.07,2184.94,2026-09-22
25D0012204,CRI,CYRELA BRAZIL REALTY S.A.,COMPANHIA PROVÍNCIA DE SECURITIZAÇÃO,3ª,2032-04-15,"IPCA + 7,6693%",8.4343,,8.1616,0.09,1055.30813973,97.12,1036.64,2026-09-22
23J1127331,CRI,MOVIDA PARTICIPAÇÕES S.A.,OPEA SECURITIZADORA S/A,3ª,2033-10-17,"IPCA + 7,7279%",13.5454,,,0.51,921.31837079,78.26,1145.31,2026-09-22
CRA0250080X,CRA,ELDORADO BRASIL CELULOSE S.A.,OPEA SECURITIZADORA S/A,2ª,2035-09-17,"IPCA + 7,7281%",8.6695,,,0.36,984.93631197,94.42,1652.58,2026-09-22
CRA02400AYK,CRA,BEM BRASIL ALIMENTOS S.A.,ECO SECURITIZADORA DE DIREITOS CREDITÓRIOS DO AGRONEGÓCIO S.A.,ª,2031-11-17,"IPCA + 7,737%",9.9269,10.728,7.5707,0.48,1017.41431505,93.16,882.62,2026-09-22
CRA0230073N,CRA,J. MACÊDO S.A.,RIZA SECURITIZADORA S.A.,2ª,2030-04-15,"IPCA + 7,8%",8.1979,9.3368,6.792,0.37,1023.73336247,99.4,411.05,2026-09-22
CRA025003PJ,CRA,SEARA,RIZA SECURITIZADORA S.A.,3ª,2055-05-17,"IPCA + 7,8%",,,,,,,,2026-09-22
CRA024003UZ,CRA,LAR COOPERATIVA AGROINDUSTRIAL,ECO SECURITIZADORA DE DIREITOS CREDITÓRIOS DO AGRONEGÓCIO S.A.,3ª,2031-04-15,"IPCA + 7,8363%",9.3422,10.049,8.5819,0.36,1065.37988302,95.83,772.12,2026-09-22
CRA021004NV,CRA,LAR COOPERATIVA AGROINDUSTRIAL,ECO SECURITIZADORA DE DIREITOS CREDITÓRIOS DO AGRONEGÓCIO S.A.,1ª,2026-11-15,"IPCA + 7,8749%",10.0122,10.0571,8.0785,2.49,431.61401767,99.68,37.0,2026-09-22
CRA0250066B,CRA,BRF S.A.,ECO SECURITIZADORA DE DIREITOS CREDITÓRIOS DO AGRONEGÓCIO S.A.,3ª,2035-07-16,"IPCA + 7,9064%",12.5021,,,0.14,816.34436417,77.11,1521.27,2026-09-22
22E1321749,CRI,COGNA EDUCAÇÃO S.A.,OPEA SECURITIZADORA S/A,2ª,2029-07-16,"IPCA + 7,9273%",9.226,9.6442,8.6984,0.08,1175.98092724,97.51,529.85,2026-09-22
CRA0240005P,CRA,CEREAL COMÉRCIO EXPORTAÇÃO E REPRESENTAÇÃO AGROPECUÁRIA S.A.,RIZA SECURITIZADORA S.A.,3ª,2031-01-15,"IPCA + 7,9443%",9.2291,10.4692,7.9294,0.02,1097.43193958,96.19,825.71,2026-09-22
22E1321750,CRI,COGNA EDUCAÇÃO S.A.,OPEA SECURITIZADORA S/A,3ª,2032-07-15,"IPCA + 8,0031%",9.5557,10.3297,9.1712,0.17,1139.56728488,94.48,998.07,2026-09-22
CRA025009EZ,CRA,Seara Alimentos Ltda.,ECO SECURITIZADORA DE DIREITOS CREDITÓRIOS DO AGRONEGÓCIO S.A.,4ª,2065-10-15,"IPCA + 8,0313%",,,,,,,,2026-09-22
CRA0250020C,CRA,BRF S.A.,ECO SECURITIZADORA DE DIREITOS CREDITÓRIOS DO AGRONEGÓCIO S.A.,2ª,2035-04-16,"IPCA + 8,04%",11.9493,12.5512,9.2906,1.04,881.37486274,80.85,1465.6,2026-09-22
22L1469805,CRI,ÂNIMA HOLDING S.A.,RIZA SECURITIZADORA S.A.,2ª,2029-12-17,"IPCA + 8,0481%",,,,,,,,2026-09-22
CRA02200795,CRA,ADUBOS ARAGUAIA INDÚSTRIA E COMÉRCIO LTDA.,ECO SECURITIZADORA DE DIREITOS CREDITÓRIOS DO AGRONEGÓCIO S.A.,1ª,2027-07-15,"IPCA + 8,1191%",9.5252,10.3796,,0.12,597.31319455,98.99,197.22,2026-09-22
CRA0250020D,CRA,BRF S.A.,ECO SECURITIZADORA DE DIREITOS CREDITÓRIOS DO AGRONEGÓCIO S.A.,3ª,2040-04-16,"IPCA + 8,2345%",11.6735,12.3818,10.3083,1.41,863.55829915,79.15,1799.91,2026-09-22
CRA0250018K,CRA,MARFRIG GLOBAL FOODS S.A.,ECO SECURITIZADORA DE DIREITOS CREDITÓRIOS DO AGRONEGÓCIO S.A.,4ª,2040-04-16,"IPCA + 8,2503%",13.1922,,,0.61,789.10884982,72.1,1726.33,2026-09-22
CRA0250018L,CRA,MARFRIG GLOBAL FOODS S.A,ECO SECURITIZADORA DE DIREITOS CREDITÓRIOS DO AGRONEGÓCIO S.A.,5ª,2045-04-17,"IPCA + 8,3405%",12.316,,,1.19,804.416403,73.48,1981.88,2026-09-22
CRA0240099F,CRA,VALE DO TIJUCO AÇÚCAR E ÁLCOOL S.A.,ECO SECURITIZADORA DE DIREITOS CREDITÓRIOS DO AGRONEGÓCIO S.A.,2ª,2034-10-16,"IPCA + 8,3558%",9.9811,,9.5329,0.3,1052.43117673,93.35,1155.14,2026-09-22
CRA0250020E,CRA,BRF S.A.,ECO SECURITIZADORA DE DIREITOS CREDITÓRIOS DO AGRONEGÓCIO S.A.,3ª,2045-04-17,"IPCA + 8,38%",10.2078,,10.1167,0.06,940.64457164,86.17,2161.31,2026-09-22
CRA02500BVX,CRA,BRF S.A.,ECO SECURITIZADORA DE DIREITOS CREDITÓRIOS DO AGRONEGÓCIO S.A.,5ª,2055-12-15,"IPCA + 8,3857%",,,,,,,,2026-09-22
CRA025008C2,CRA,Neomille S.A.,ECO SECURITIZADORA DE DIREITOS CREDITÓRIOS DO AGRONEGÓCIO S.A.,2ª,2032-12-15,"IPCA + 8,4473%",9.1228,,,0.34,1035.50745562,97.22,1139.95,2026-09-22
CRA02400AHX,CRA,CEREAL COMÉRCIO EXPORTAÇÃO E,RIZA SECURITIZADORA S.A.,3ª,2034-11-16,"IPCA + 8,4704%",9.8498,11.6152,8.0913,0.02,1053.05900277,93.52,1325.88,2026-09-22
CRA025008HR,CRA,Nardini II,OPEA SECURITIZADORA S/A,ª,2032-10-15,"IPCA + 8,4773%",,,,,,,,2026-09-22
CRA025006NC,CRA,LAR COOPERATIVA AGROINDUSTRIAL,ECO SECURITIZADORA DE DIREITOS CREDITÓRIOS DO AGRONEGÓCIO S.A.,3ª,2032-08-16,"IPCA + 8,7268%",9.6434,,9.381,0.11,1007.32838186,96.45,1082.46,2026-09-22
CRA0250005M,CRA,Boa Safra,OPEA SECURITIZADORA S/A,3ª,2032-01-15,"IPCA + 8,7384%",,,,,,,,2026-09-22
CRA0250005L,CRA,Boa Safra,OPEA SECURITIZADORA S/A,4ª,2035-01-15,"IPCA + 8,9518%",,,,,,,,2026-09-22
CRA02300796,CRA,FS INDÚSTRIA DE BIOCOMBUSTÍVEIS LTDA.,ECO SECURITIZADORA DE DIREITOS CREDITÓRIOS DO AGRONEGÓCIO S.A.,2ª,2029-10-15,"IPCA + 8,9555%",11.8517,12.5879,11.4429,0.16,1077.09758758,93.24,670.68,2026-09-22
CRA023003JY,CRA,OLFAR S.A.,RIZA SECURITIZADORA S.A.,2ª,2030-03-15,"IPCA + 8,9738%",9.75,11.0084,8.4756,0.31,1146.86117599,98.75,444.9,2026-09-22
23F2455004,CRI,SENDAS DISTRIBUIDORA S.A.,OPEA SECURITIZADORA S/A,2ª,2027-07-15,,16.3975,,15.4854,1.81,989.64629456,96.89,195.17,2026-09-22
23I1259644,CRI,JSL,OPEA SECURITIZADORA S/A,4ª,2030-09-15,,,,,,,,,2026-09-22
23J1141681,CRI,YDUQS PARTICIPAÇÕES S.A.,OPEA SECURITIZADORA S/A,1ª,2028-10-16,,14.8796,,14.1468,0.63,990.75526405,94.53,452.49,2026-09-22
23K0018801,CRI,MULTIPLAN EMPREENDIMENTOS IMOBILIÁRIOS S.A.,RIZA SECURITIZADORA S.A.,3ª,2031-01-15,,14.2346,,,0.06,946.87387443,92.8,688.47,2026-09-22
23K0022041,CRI,Cogna,TRUE SECURITIZADORA S/A,2ª,2028-11-15,,14.9836,,14.15,0.41,1010.34509308,96.87,365.67,2026-09-22
24A2715837,CRI,DIAGNÓSTICOS DA AMÉRICA S.A.,VERT COMPANHIA SECURITIZADORA,2ª,2029-01-15,,19.0532,,,0.93,908.7119375,88.89,505.92,2026-09-22
24A2721829,CRI,DIAGNÓSTICOS DA AMÉRICA S.A,VERT COMPANHIA SECURITIZADORA,4ª,2031-01-15,,19.6425,,18.4919,0.22,858.54646743,83.9,745.51,2026-09-22
25A1946535,CRI,Cury,OPEA SECURITIZADORA S/A,3ª,2032-01-15,,14.92,,14.0851,0.09,1032.04846464,100.48,811.98,2026-09-22
25D0271049,CRI,Log,OPEA SECURITIZADORA S/A,3ª,2032-04-15,,,,,,,,,2026-09-22
CRA02300G7D,CRA,MARFRIG GLOBAL FOODS S.A.,ECO SECURITIZADORA DE DIREITOS CREDITÓRIOS DO AGRONEGÓCIO S.A.,1ª,2027-08-16,,17.5677,,16.2084,0.32,961.46540869,95.16,217.57,2026-09-22
CRA02300HWK,CRA,BANCO BTG PACTUAL S.A.,OPEA SECURITIZADORA S/A,4ª,2033-09-15,,13.3673,13.5265,13.0845,0.24,942.86512773,94.08,1226.92,2026-09-22
CRA02300JR7,CRA,RAÍZEN ENERGIA S.A.,OPEA SECURITIZADORA S/A,3ª,2033-10-17,,,,,,487.33016519,46.54,,2026-09-22
CRA02300NX8,CRA,BTG Pactual III,OPEA SECURITIZADORA S/A,4ª,2033-11-16,,13.4788,,,0.19,1003.67251568,96.26,1183.35,2026-09-22
CRA02300SPD,CRA,FS Agrisolutions Indústria de Biocombustíveis LTDA,ECO SECURITIZADORA DE DIREITOS CREDITÓRIOS DO AGRONEGÓCIO S.A.,3ª,2030-06-15,,18.5382,19.3758,17.7257,0.39,875.41171016,87.33,733.18,2026-09-22
CRA02300SUZ,CRA,"Vamos Locação de Caminhões, Máquinas e Equipamentos S.A.",ECO SECURITIZADORA DE DIREITOS CREDITÓRIOS DO AGRONEGÓCIO S.A.,1ª,2030-11-18,,19.5927,,,0.37,863.43560862,82.91,712.72,2026-09-22
CRA02300TSF,CRA,BTG PACTUAL IV,OPEA SECURITIZADORA S/A,4ª,2033-12-15,,,,,,,,,2026-09-22
CRA024000B8,CRA,FS Indústria De Biocombustíveis Ltda,ECO SECURITIZADORA DE DIREITOS CREDITÓRIOS DO AGRONEGÓCIO S.A.,3ª,2030-07-15,,18.5987,19.2819,17.614,0.3,872.24602624,87.01,744.14,2026-09-22
CRA024001P5,CRA,JSL S.A.,ECO SECURITIZADORA DE DIREITOS CREDITÓRIOS DO AGRONEGÓCIO S.A.,1ª,2031-02-15,,19.0029,,17.65,1.38,838.35785448,82.95,696.2,2026-09-22
CRA024001Q9,CRA,ZAMP S.A.,RIZA SECURITIZADORA S.A.,2ª,2029-02-15,,17.0959,,16.3002,0.87,939.49305017,92.82,526.0,2026-09-22
CRA0240020B,CRA,VICUNHA II,RIZA SECURITIZADORA S.A.,2ª,2031-02-15,,,,,,,,,2026-09-22
CRA024002MH,CRA,JF CITRUS AGROPECUÁRIA S.A.,ECO SECURITIZADORA DE DIREITOS CREDITÓRIOS DO AGRONEGÓCIO S.A.,1ª,2029-03-15,,17.04,,16.9,1.63,922.19761324,92.02,437.91,2026-09-22
CRA024002S2,CRA,Minerva VII,RIZA SECURITIZADORA S.A.,2ª,2029-03-15,,18.6435,,16.8277,0.21,880.02781668,87.81,549.7,2026-09-22
CRA024002S3,CRA,MINERVA S.A.,RIZA SECURITIZADORA S.A.,3ª,2031-03-17,,18.5029,,16.8901,0.51,825.69663532,82.38,874.3,2026-09-22
CRA0240066D,CRA,FS Florestal S.A.,ECO SECURITIZADORA DE DIREITOS CREDITÓRIOS DO AGRONEGÓCIO S.A.,1ª,2030-06-15,,17.907,18.1125,17.3148,1.02,942.6123756,93.99,717.53,2026-09-22
CRA0240066G,CRA,BRF S.A.,ECO SECURITIZADORA DE DIREITOS CREDITÓRIOS DO AGRONEGÓCIO S.A.,2ª,2031-06-16,,17.337,,16.2516,0.97,904.06464325,87.4,873.26,2026-09-22
CRA024007PT,CRA,Sorocaba Refrescos S.A,ECO SECURITIZADORA DE DIREITOS CREDITÓRIOS DO AGRONEGÓCIO S.A.,1ª,2031-08-15,,15.65,16.1968,14.0263,0.3,918.67346096,90.8,859.35,2026-09-22
CRA024007Q3,CRA,SLC Maquinas,OPEA SECURITIZADORA S/A,1ª,2031-08-15,,16.5758,,15.9083,0.66,925.90646306,91.49,683.98,2026-09-22
CRA024009Q3,CRA,MARFRIG GLOBAL FOODS S.A.,ECO SECURITIZADORA DE DIREITOS CREDITÓRIOS DO AGRONEGÓCIO S.A.,2ª,2031-10-15,,17.4305,,16.1,0.84,930.32170676,88.08,889.65,2026-09-22
CRA02400AHY,CRA,REFRESCOS BANDEIRANTES INDÚSTRIA E COMÉRCIO LTDA.,RIZA SECURITIZADORA S.A.,1ª,2032-11-16,,17.1019,,,0.48,928.57208487,88.73,964.33,2026-09-22
CRA02400AYM,CRA,MINERVA S.A.,RIZA SECURITIZADORA S.A.,2ª,2029-11-16,,18.6615,,,0.24,951.16484616,90.73,626.46,2026-09-22
CRA02400AYP,CRA,MINERVA S.A.,RIZA SECURITIZADORA S.A.,5ª,2034-11-16,,18.5435,,16.9307,0.12,909.24190218,86.58,1066.52,2026-09-22
CRA02500001,CRA,BOA SAFRA SEMENTES S.A.,OPEA SECURITIZADORA S/A,1ª,2030-01-15,,16.1488,,,0.24,986.2235179,98.34,659.47,2026-09-22
CRA0250012X,CRA,FS FLORESTAL S.A.,ECO SECURITIZADORA DE DIREITOS CREDITÓRIOS DO AGRONEGÓCIO S.A.,1ª,2030-03-15,,18.2684,18.77,18.0558,0.6,994.08344731,99.08,663.53,2026-09-22
CRA0250018I,CRA,Marfrig Global Foods S.A,ECO SECURITIZADORA DE DIREITOS CREDITÓRIOS DO AGRONEGÓCIO S.A.,2ª,2032-04-15,,17.5135,,16.4711,0.97,967.72863275,91.17,927.44,2026-09-22
CRA025002S3,CRA,MINERVA S.A,RIZA SECURITIZADORA S.A.,2ª,2030-04-15,,18.7008,,,0.26,995.47882662,93.41,666.26,2026-09-22
CRA025002S4,CRA,MINERVA S.A.,RIZA SECURITIZADORA S.A.,4ª,2032-04-15,,18.8113,,,0.23,967.67743283,90.8,902.69,2026-09-22
CRA0250040J,CRA,Natural One S.A,ECO SECURITIZADORA DE DIREITOS CREDITÓRIOS DO AGRONEGÓCIO S.A.,2ª,2029-06-15,,,,,,,,,2026-09-22
CRA025005EH,CRA,GDM GENÉTICA DO BRASIL S.A.,ECO SECURITIZADORA DE DIREITOS CREDITÓRIOS DO AGRONEGÓCIO S.A.,1ª,2032-07-15,,15.6514,16.4421,14.95,0.08,1009.91616505,98.32,963.81,2026-09-22
CRA025005V7,CRA,MINERVA S.A.,RIZA SECURITIZADORA S.A.,3ª,2033-07-15,,18.3078,,17.1236,0.45,900.89042091,87.77,1029.29,2026-09-22
CRA025005V8,CRA,MINERVA S.A,RIZA SECURITIZADORA S.A.,4ª,2035-07-16,,18.5667,,17.226,0.43,888.83340793,86.56,1141.08,2026-09-22
CRA0250066A,CRA,BRF S.A.,ECO SECURITIZADORA DE DIREITOS CREDITÓRIOS DO AGRONEGÓCIO S.A.,2ª,2032-07-15,,18.0302,,,0.27,892.11307214,87.01,993.71,2026-09-22
CRA025006NB,CRA,LAR COOPERATIVA AGROINDUSTRIAL,ECO SECURITIZADORA DE DIREITOS CREDITÓRIOS DO AGRONEGÓCIO S.A.,2ª,2032-08-16,,16.0961,,,0.32,953.07234981,95.05,948.09,2026-09-22
CRA025007KE,CRA,Cereal Comércio Exportação e Representação Agropecuária S.A.,ECO SECURITIZADORA DE DIREITOS CREDITÓRIOS DO AGRONEGÓCIO S.A.,2ª,2032-09-15,,16.2422,,15.7003,0.11,944.13010719,94.16,986.2,2026-09-22
CRA025007KK,CRA,ELDORADO BRASIL CELULOSE S.A.,OPEA SECURITIZADORA S/A,1ª,2032-09-15,,15.2256,,,0.45,961.87200715,95.94,1060.15,2026-09-22
CRA025008ND,CRA,São Salvador Alimentos S.A.,ECO SECURITIZADORA DE DIREITOS CREDITÓRIOS DO AGRONEGÓCIO S.A.,2ª,2033-10-15,,15.5426,16.1514,14.4665,0.2,1005.67556412,94.91,1103.78,2026-09-22
CRA025009VO,CRA,EUCATEX INDÚSTRIA E COMÉRCIO LTDA,VERT COMPANHIA SECURITIZADORA,3ª,2032-11-16,,,,,,,,,2026-09-22
CRA02500A15,CRA,Açucareira Quatá S.A.,ECO SECURITIZADORA DE DIREITOS CREDITÓRIOS DO AGRONEGÓCIO S.A.,1ª,2032-11-15,,16.3192,,15.65,0.47,989.06727793,94.23,958.3,2026-09-22
CRA02500AHU,CRA,C. Vale - Cooperativa Agroindustrial,ECO SECURITIZADORA DE DIREITOS CREDITÓRIOS DO AGRONEGÓCIO S.A.,2ª,2030-11-15,,15.4124,16.095,15.0,0.3,1036.50296176,98.63,777.71,2026-09-22
CRA02500BVU,CRA,BRF S.A.,ECO SECURITIZADORA DE DIREITOS CREDITÓRIOS DO AGRONEGÓCIO S.A.,2ª,2032-12-15,,17.7493,,16.4984,0.38,890.80059438,85.99,1031.94,2026-09-22
CRA02500C1D,CRA,Alibem Alimentos S.A.,ECO SECURITIZADORA DE DIREITOS CREDITÓRIOS DO AGRONEGÓCIO S.A.,1ª,2030-12-18,,16.0283,16.8781,15.4,0.42,1015.90429306,97.88,506.41,2026-09-22
CRA026001JM,CRA,Lar Cooperativa Agroindustrial,ECO SECURITIZADORA DE DIREITOS CREDITÓRIOS DO AGRONEGÓCIO S.A.,2ª,2033-03-15,,16.3924,,16.12,0.16,955.89325862,95.32,1004.07,2026-09-22
CRA026002BE,CRA,BRF S.A.,ECO SECURITIZADORA DE DIREITOS CREDITÓRIOS DO AGRONEGÓCIO S.A.,2ª,2033-04-15,,16.8099,,,1.04,954.61217928,90.76,1049.3,2026-09-22
25B0013406,CRI,Direcional,OPEA SECURITIZADORA S/A,1ª,2032-02-16,100% do DI,101.2611,,99.0,0.45,1005.9222581,99.35,993.08,2026-09-21
CRA019003V2,CRA,RAÍZEN ENERGIA S.A.,OPEA SECURITIZADORA S/A,1ª,2029-07-16,100% do DI,,,,,423.81935198,41.53,,2026-09-21
CRA024004H7,CRA,SÃO MARTINHO S.A.,RIZA SECURITIZADORA S.A.,3ª,2029-04-12,100% do DI,100.9606,102.8825,98.5575,1.05,1057.55992308,99.74,530.94,2026-09-21
CRA0250018H,CRA,Marfrig Global Foods S.A,ECO SECURITIZADORA DE DIREITOS CREDITÓRIOS DO AGRONEGÓCIO S.A.,1ª,2030-04-15,100% do DI,112.4666,,108.2666,4.15,1013.05506106,95.65,691.57,2026-09-21
CRA02500BVT,CRA,BRF S.A.,ECO SECURITIZADORA DE DIREITOS CREDITÓRIOS DO AGRONEGÓCIO S.A.,1ª,2030-06-17,100% do DI,114.6359,,109.1466,1.11,1030.45478097,93.21,932.0,2026-09-21
24D2765715,CRI,CYRELA BRAZIL REALTY S.A.,COMPANHIA PROVÍNCIA DE SECURITIZAÇÃO,3ª,2031-04-15,101% do DI,99.3675,101.44,97.14,0.62,1066.68400718,100.65,768.84,2026-09-21
CRA023007VD,CRA,ENGELHART CTP,OPEA SECURITIZADORA S/A,1ª,2028-07-05,101% do DI,96.649,98.205,93.3533,0.48,1037.9113063,100.89,402.47,2026-09-21
25L2997442,CRI,Even Construtora e Incorporadora S/A,VERT COMPANHIA SECURITIZADORA,ª,2032-12-15,"101,5% do DI",,,,,,,,2026-09-21
CRA026002BD,CRA,BRF S.A.,ECO SECURITIZADORA DE DIREITOS CREDITÓRIOS DO AGRONEGÓCIO S.A.,1ª,2030-10-15,"101,5% do DI",113.4891,,106.41,4.69,987.78506628,93.9,1017.0,2026-09-21
24D3313768,CRI,CURY CONSTRUTORA E INCORPORADORA S.A.,TRUE SECURITIZADORA S/A,1ª,2027-05-31,102% do DI,98.7541,100.9633,96.6966,0.52,1046.46367991,100.27,162.04,2026-09-21
25G5109813,CRI,MRV,VERT COMPANHIA SECURITIZADORA,1ª,2030-07-15,102% do DI,,,,,,,,2026-09-21
CRA023003UX,CRA,ENGELHART CTP,OPEA SECURITIZADORA S/A,1ª,2027-03-15,102% do DI,94.2133,95.988,92.388,2.37,1006.7344968,100.46,118.0,2026-09-21
CRA02500669,CRA,BRF S.A,ECO SECURITIZADORA DE DIREITOS CREDITÓRIOS DO AGRONEGÓCIO S.A.,1ª,2029-07-16,102% do DI,113.6594,114.2533,107.5075,5.99,1121.60678935,95.88,703.0,2026-09-21
CRA025008HM,CRA,Cocal Comercio Industria Canaa Acucar e Alcool S.A.,VERT COMPANHIA SECURITIZADORA,1ª,2031-09-15,102% do DI,,,,,,,,2026-09-21
24F1277566,CRI,DIRECIONAL ENGENHARIA S.A.,OPEA SECURITIZADORA S/A,1ª,2029-07-16,103% do DI,100.043,102.4366,97.8033,0.75,1034.73778664,100.9,594.42,2026-09-21
CRA02300209,CRA,ENGELHART CTP,VERT COMPANHIA SECURITIZADORA,1ª,2027-01-15,103% do DI,93.7048,96.1433,91.3433,3.69,1029.26665714,100.37,79.0,2026-09-21
CRA0250073L,CRA,Mantiqueira Brasil,ECO SECURITIZADORA DE DIREITOS CREDITÓRIOS DO AGRONEGÓCIO S.A.,1ª,2030-08-15,"103,1% do DI",,,,,,,,2026-09-21
25G5313879,CRI,MOURA DUBEUX ENGENHARIA S.A.,VERT COMPANHIA SECURITIZADORA,1ª,2030-07-15,"103,75% do DI",105.6303,,102.5,2.65,994.90942123,99.28,748.85,2026-09-21
CRA025008N8,CRA,3Tentos,OPEA SECURITIZADORA S/A,1ª,2030-10-15,"103,75% do DI",108.5755,117.2395,103.0,1.93,1041.48876193,98.12,763.05,2026-09-21
22J0346710,CRI,BANCO BTG PACTUAL S.A.,OPEA SECURITIZADORA S/A,1ª,2027-01-15,104% do DI,96.5,96.9,,0.5,1028.80623893,100.3,79.0,2026-09-21
CRA0240066A,CRA,CAMIL ALIMENTOS S.A.,ECO SECURITIZADORA DE DIREITOS CREDITÓRIOS DO AGRONEGÓCIO S.A.,1ª,2029-06-15,104% do DI,118.9025,119.425,114.0,10.48,993.9946013,95.75,568.33,2026-09-21
CRA025006SR,CRA,Boa Safra II,OPEA SECURITIZADORA S/A,1ª,2032-02-16,104% do DI,109.7034,117.3266,108.5,2.66,974.08071456,97.2,959.39,2026-09-21
CRA025007KD,CRA,CEREAL COMÉRCIO EXPORTAÇÃO E REPRESENTAÇÃO AGROPECUÁRIA S.A.,ECO SECURITIZADORA DE DIREITOS CREDITÓRIOS DO AGRONEGÓCIO S.A.,1ª,2030-09-16,104% do DI,,,,,,,,2026-09-21
CRA025002S1,CRA,MINERVA S.A.,RIZA SECURITIZADORA S.A.,1ª,2030-04-15,"104,5% do DI",128.5211,,123.3157,0.81,975.92354382,91.9,678.6,2026-09-21
CRA025005V5,CRA,MINERVA S.A.,RIZA SECURITIZADORA S.A.,1ª,2030-07-15,"104,5% do DI",127.5851,,123.2028,8.79,938.75623536,91.51,741.94,2026-09-21
24D0006602,CRI,ALLOS S.A.,OPEA SECURITIZADORA S/A,2ª,2029-04-16,105% do DI,98.792,101.3725,97.03,1.35,1080.19596497,101.69,529.73,2026-09-21
25E0013305,CRI,JHSF IV,OPEA SECURITIZADORA S/A,2ª,2030-05-15,105% do DI,103.6955,,,1.28,1055.30647034,100.48,710.11,2026-09-21
CRA02300TSB,CRA,BANCO BTG PACTUAL S.A.,OPEA SECURITIZADORA S/A,1ª,2033-12-15,105% do DI,96.8413,99.3533,94.5533,2.07,1090.75181183,105.03,1169.31,2026-09-21
CRA02400AYL,CRA,MINERVA S.A.,RIZA SECURITIZADORA S.A.,1ª,2029-11-16,105% do DI,124.2672,,120.51,7.15,986.78154748,93.96,627.9,2026-09-21
CRA025008C3,CRA,Neomille S.A.,ECO SECURITIZADORA DE DIREITOS CREDITÓRIOS DO AGRONEGÓCIO S.A.,3ª,2032-12-15,105% do DI,114.7786,117.46,112.3975,1.87,987.87792426,95.12,980.94,2026-09-21
CRA02500AC9,CRA,,ECO SECURITIZADORA DE DIREITOS CREDITÓRIOS DO AGRONEGÓCIO S.A.,1ª,2030-11-15,105% do DI,,,,,,,,2026-09-21
CRA02500AHT,CRA,C. Vale - Cooperativa Agroindustrial,ECO SECURITIZADORA DE DIREITOS CREDITÓRIOS DO AGRONEGÓCIO S.A.,1ª,2030-11-15,"105,5% do DI",,,,,,,,2026-09-21
CRA025005EI,CRA,GDM Genética do Brasil S.A.,ECO SECURITIZADORA DE DIREITOS CREDITÓRIOS DO AGRONEGÓCIO S.A.,2ª,2032-07-15,"105,75% do DI",108.0999,115.775,101.2888,0.87,1014.06445973,98.82,975.28,2026-09-21
23K0018802,CRI,MULTIPLAN EMPREENDIMENTOS IMOBILIÁRIOS S.A.,RIZA SECURITIZADORA S.A.,2ª,2031-01-15,106% do DI,98.7988,101.1666,96.9333,0.05,1051.92612974,102.5,669.85,2026-09-21
CRA025006NA,CRA,Lar Cooperativa Agroindustrial,ECO SECURITIZADORA DE DIREITOS CREDITÓRIOS DO AGRONEGÓCIO S.A.,1ª,2030-08-15,106% do DI,111.5555,115.1133,109.12,0.11,982.94034434,98.08,678.81,2026-09-21
23K0019201,CRI,DIRECIONAL ENGENHARIA S.A.,TRUE SECURITIZADORA S/A,2ª,2028-11-16,"106,5% do DI",98.9788,,,0.4,1069.69993414,101.78,462.35,2026-09-21
CRA024004MP,CRA,SÃO SALVADOR ALIMENTOS S.A.,ECO SECURITIZADORA DE DIREITOS CREDITÓRIOS DO AGRONEGÓCIO S.A.,1ª,2030-04-15,"106,5% do DI",,,,,,,,2026-09-21
CRA026001JL,CRA,Lar Cooperativa Agroindustrial,ECO SECURITIZADORA DE DIREITOS CREDITÓRIOS DO AGRONEGÓCIO S.A.,1ª,2031-03-15,"106,5% do DI",112.6688,,110.48,0.28,978.11683895,97.6,764.4,2026-09-21
25H0243072,CRI,BTSA,RIZA SECURITIZADORA S.A.,2ª,2032-08-16,107% do DI,111.5722,,107.5,1.9,984.00689299,98.18,776.56,2026-09-21
CRA02300NRL,CRA,BANCO BTG PACTUAL S.A.,OPEA SECURITIZADORA S/A,1ª,2033-11-16,107% do DI,98.5,99.9,95.1,0.5,1104.30998187,105.11,1140.91,2026-09-21
CRA025003UZ,CRA,COOXUPÉ - COOPERATIVA REGIONAL DE,VERT COMPANHIA SECURITIZADORA,2ª,2030-06-17,"107,5% do DI",110.7963,,108.4166,1.76,1028.14638245,98.91,646.68,2026-09-21
CRA02300CYQ,CRA,BANCO BTG PACTUAL S.A.,OPEA SECURITIZADORA S/A,1ª,2033-07-15,109% do DI,96.1583,98.1166,92.9166,1.33,1106.51187882,107.75,1132.85,2026-09-21
CRA02300HWH,CRA,BANCO BTG PACTUAL S.A.,OPEA SECURITIZADORA S/A,1ª,2033-09-15,109% do DI,98.4891,99.92,95.57,0.41,1067.73374753,106.54,1171.58,2026-09-21
24I1980390,CRI,MRV ENGENHARIA E PARTICIPAÇÕES S.A,OPEA SECURITIZADORA S/A,1ª,2029-10-15,110% do DI,,,,,,,,2026-09-21
25B3099731,CRI,IGUATEMI PPPH PARTICIPAÇÕES LTDA.,OPEA SECURITIZADORA S/A,1ª,2030-02-18,96% do DI,98.7266,101.41,96.0433,0.28,1001.97501388,99.01,709.09,2026-09-21
25D0012202,CRI,CYRELA BRAZIL REALTY S.A. EMPREENDIMENTOS,COMPANHIA PROVÍNCIA DE SECURITIZAÇÃO,1ª,2029-04-15,96% do DI,98.8488,,,0.28,1048.54870872,99.22,536.42,2026-09-21
25J4546988,CRI,CYRELA BRAZIL REALTY S.A. EMPREENDIMENTOS E,COMPANHIA PROVÍNCIA DE SECURITIZAÇÃO,1ª,2032-11-16,"96,5% do DI",99.8533,,97.6,0.97,1027.03344446,98.18,1057.06,2026-09-21
25D0012203,CRI,CYRELA BRAZIL REALTY S.A. EMPREENDIMENTOS E PARTICIPAÇÕES,COMPANHIA PROVÍNCIA DE SECURITIZAÇÃO,2ª,2030-04-15,97% do DI,99.2,,97.5,0.35,1049.0272928,99.21,701.16,2026-09-21
26C3164285,CRI,Allos VI,OPEA SECURITIZADORA S/A,1ª,2031-03-12,97% do DI,98.6655,100.8866,,0.18,995.14604288,99.27,858.6,2026-09-21
26G0012801,CRI,Cury III,OPEA SECURITIZADORA S/A,1ª,2032-07-06,97% do DI,99.7955,,97.4,0.68,1006.06228464,98.6,974.63,2026-09-21
CRA025003PD,CRA,SÃO MARTINHO S.A.,VERT COMPANHIA SECURITIZADORA,1ª,2032-06-15,97% do DI,103.568,106.4233,101.0,0.34,1000.31207091,96.6,1013.26,2026-09-21
24H1684874,CRI,SOCIEDADE BENEFICENTE ISRAELITA BRASILEIRA HOSPITAL ALBERT EINSTEIN,RIZA SECURITIZADORA S.A.,1ª,2029-08-17,"97,5% do DI",97.44,99.8875,95.95,0.13,866.80905876,100.01,373.51,2026-09-21
24D2765586,CRI,CYRELA BRAZIL REALTY S.A.,COMPANHIA PROVÍNCIA DE SECURITIZAÇÃO,1ª,2028-04-15,98% do DI,98.1304,99.6,96.64,0.24,705.21534261,99.99,240.49,2026-09-21
25G3629974,CRI,PLANO E PLANO II,RIZA SECURITIZADORA S.A.,1ª,2030-07-15,98% do DI,103.6922,,102.0,1.12,1001.63610852,97.79,760.77,2026-09-21
25I0014209,CRI,Multiplan,OPEA SECURITIZADORA S/A,1ª,2035-09-19,98% do DI,,,,,,,,2026-09-21
CRA024004H5,CRA,SÃO MARTINHO S.A.,RIZA SECURITIZADORA S.A.,1ª,2027-04-12,98% do DI,98.8325,101.7575,96.21,1.03,1058.50608493,99.95,129.33,2026-09-21
25G3629975,CRI,PLANO E PLANO II,RIZA SECURITIZADORA S.A.,2ª,2031-07-15,99% do DI,104.4296,,102.0,0.22,998.81578888,97.49,903.24,2026-09-21
24E1393588,CRI,MULTIPLAN EMPREENDIMENTOS IMOBILIÁRIOS S.A.,RIZA SECURITIZADORA S.A.,1ª,2029-05-17,"99,5% do DI",99.5577,101.7633,97.2966,0.05,1046.34648558,99.99,462.33,2026-09-21
CRA025008NB,CRA,Bem Brasil Alimentos S.A.,ECO SECURITIZADORA DE DIREITOS CREDITÓRIOS DO AGRONEGÓCIO S.A.,ª,2032-10-15,"DI + 0,33%",1.5365,2.1416,1.1,0.35,1016.76705742,95.86,886.13,2026-09-21
CRA024009Q2,CRA,MARFRIG GLOBAL FOODS S.A.,ECO SECURITIZADORA DE DIREITOS CREDITÓRIOS DO AGRONEGÓCIO S.A.,1ª,2031-10-15,"DI + 0,35%",2.9146,2.927,2.6797,0.59,970.14699253,91.46,881.03,2026-09-21
22D1289009,CRI,CYRELA BRAZIL REALTY S.A.,OPEA SECURITIZADORA S/A,489ª,2027-06-15,"DI + 0,4%",0.3052,0.5027,0.202,0.16,1038.49825631,100.07,173.0,2026-09-21
CRA02400AYN,CRA,MINERVA S.A.,RIZA SECURITIZADORA S.A.,3ª,2031-11-17,"DI + 0,4%",3.5159,4.227,3.4,0.03,939.64340982,89.55,897.32,2026-09-21
CRA02500003,CRA,BOA SAFRA SEMENTES S.A.,OPEA SECURITIZADORA S/A,2ª,2030-01-15,"DI + 0,4%",1.6477,1.8427,1.3956,0.24,992.12766354,96.75,674.03,2026-09-21
CRA0250018J,CRA,MARFRIG GLOBAL FOODS S.A.,ECO SECURITIZADORA DE DIREITOS CREDITÓRIOS DO AGRONEGÓCIO S.A.,3ª,2035-04-16,"DI + 0,4%",2.9452,,2.5,0.29,947.79034431,89.33,1110.79,2026-09-21
CRA025007PT,CRA,SLC AGRÍCOLA S.A.,OPEA SECURITIZADORA S/A,1ª,2033-09-22,"DI + 0,4%",1.1618,1.6897,0.8,0.19,1036.89317752,96.91,1041.23,2026-09-21
CRA02300Q2Y,CRA,,RIZA SECURITIZADORA S.A.,3ª,2028-11-06,"DI + 0,48%",,,,,,,,2026-09-21
CRA025002S2,CRA,MINERVA S.A.,RIZA SECURITIZADORA S.A.,3ª,2032-04-15,"DI + 0,5%",3.6126,3.9927,3.4261,0.05,947.01861684,89.22,926.88,2026-09-21
23J0019601,CRI,Iguatemi,OPEA SECURITIZADORA S/A,1ª,2028-10-16,"DI + 0,55%",,,,,,,,2026-09-21
23K0018602,CRI,MULTIPLAN EMPREENDIMENTOS IMOBILIÁRIOS S.A.,RIZA SECURITIZADORA S.A.,1ª,2031-01-15,"DI + 0,6%",0.3832,0.6361,0.2527,0.02,1031.79634703,100.58,669.09,2026-09-21
24B0013201,CRI,SOMA,RIZA SECURITIZADORA S.A.,1ª,2028-02-15,"DI + 0,6%",,,,,,,,2026-09-21
23H1188857,CRI,RAIA DROGASIL S.A.,OPEA SECURITIZADORA S/A,2ª,2027-09-15,"DI + 0,65%",0.1584,0.4194,0.0694,0.25,1006.83855912,100.47,238.01,2026-09-21
CRA02300RS5,CRA,CAMIL ALIMENTOS S.A.,ECO SECURITIZADORA DE DIREITOS CREDITÓRIOS DO AGRONEGÓCIO S.A.,1ª,2028-11-16,"DI + 0,65%",3.5361,3.8461,2.6413,0.63,997.24787663,94.96,459.7,2026-09-21
22C0023008,CRI,RAIA DROGASIL S.A.,OPEA SECURITIZADORA S/A,495ª,2027-03-08,"DI + 0,7%",0.1492,0.4094,0.0594,0.27,503.67696891,100.24,113.0,2026-09-21
23K0018401,CRI,DIRECIONAL ENGENHARIA S.A.,OPEA SECURITIZADORA S/A,1ª,2028-11-16,"DI + 0,7%",0.4071,,,0.2,1055.99918957,100.54,462.42,2026-09-21
CRA02300GCY,CRA,IPIRANGA PRODUTOS DE PETRÓLEO S.A.,VERT COMPANHIA SECURITIZADORA,2ª,2027-07-16,"DI + 0,7%",0.4895,,,0.18,1027.09813655,100.16,191.91,2026-09-21
CRA025005V6,CRA,MINERVA S.A.,RIZA SECURITIZADORA S.A.,2ª,2033-07-15,"DI + 0,7%",3.6257,,3.0,0.41,910.44351205,88.73,1034.12,2026-09-21
22E1325261,CRI,HYPERA S.A.,OPEA SECURITIZADORA S/A,1ª,2027-08-16,"DI + 0,75%",0.5321,0.7277,0.3444,0.05,1015.09283498,100.19,216.98,2026-09-21
22F0230096,CRI,RAIA DROGASIL S.A.,OPEA SECURITIZADORA S/A,1ª,2029-06-26,"DI + 0,75%",0.2426,0.4627,0.1127,0.23,1043.70303146,100.98,486.04,2026-09-21
22K0934871,CRI,BCBF PARTICIPAÇÕES S.A.,RIZA SECURITIZADORA S.A.,1ª,2027-12-15,"DI + 0,75%",14.702,,10.8275,1.03,898.1688776,86.46,281.37,2026-09-21
22I0970801,CRI,NATURA COSMÉTICOS S.A.,RIZA SECURITIZADORA S.A.,1ª,2027-09-15,"DI + 0,8%",0.3795,0.5527,0.2027,0.03,1006.15376226,100.4,237.93,2026-09-21
22J0305579,CRI,DIAGNÓSTICOS DA AMÉRICA S.A.,VERT COMPANHIA SECURITIZADORA,1ª,2027-10-15,"DI + 0,8%",5.0721,7.9706,3.1506,0.91,1021.26648087,96.09,241.78,2026-09-21
CRA02300JG2,CRA,JBS S.A.,RIZA SECURITIZADORA S.A.,2ª,2028-09-15,"DI + 0,8%",0.5628,1.1472,0.1314,0.2,1006.45350465,100.42,451.24,2026-09-21
CRA02300NRM,CRA,BANCO BTG PACTUAL S.A.,OPEA SECURITIZADORA S/A,2ª,2033-11-16,"DI + 0,8%",0.1062,,,0.46,1083.20578666,103.15,1137.69,2026-09-21
CRA0240066F,CRA,BRF S.A.,ECO SECURITIZADORA DE DIREITOS CREDITÓRIOS DO AGRONEGÓCIO S.A.,1ª,2029-06-15,"DI + 0,8%",2.4824,,2.307,0.26,1000.87639443,96.34,566.68,2026-09-21
22E1315701,CRI,EVEN CONSTRUTORA E INCORPORADORA S.A.,OPEA SECURITIZADORA S/A,1ª,2028-09-18,"DI + 0,9%",0.9158,,,0.25,961.45025105,99.99,235.81,2026-09-21
23J1142031,CRI,YDUQS PARTICIPAÇÕES S.A.,OPEA SECURITIZADORA S/A,2ª,2028-10-13,"DI + 0,9%",0.9699,,0.318,0.25,1062.28776623,99.91,340.78,2026-09-21
CRA022008NC,CRA,SOROCABA REFRESCOS S.A.,ECO SECURITIZADORA DE DIREITOS CREDITÓRIOS DO AGRONEGÓCIO S.A.,1ª,2029-08-15,"DI + 0,9%",1.1682,2.1,0.3896,0.22,756.66023314,99.56,419.03,2026-09-21
CRA023000GP,CRA,"VAMOS LOCAÇÃO DE CAMINHÕES, MÁQUINAS E EQUIPAMENTOS S.A.",ECO SECURITIZADORA DE DIREITOS CREDITÓRIOS DO AGRONEGÓCIO S.A.,1ª,2028-01-17,"DI + 0,9%",4.001,5.0,2.9708,0.0,989.35528031,96.39,305.99,2026-09-21
CRA024007K9,CRA,COOXUPÉ - COOPERATIVA REGIONAL DE CAFEICULTORES EM GUAXUPÉ LTDA.,VERT COMPANHIA SECURITIZADORA,1ª,2029-07-16,"DI + 0,9%",1.4926,2.0822,0.8322,0.06,1014.61121283,98.85,498.05,2026-09-21
22F0315398,CRI,LOCALIZA RENT A CAR S.A.,RIZA SECURITIZADORA S.A.,1ª,2027-06-07,"DI + 0,95%",0.5053,0.6727,0.3061,0.21,1045.93660215,100.29,166.68,2026-09-21
CRA024002MJ,CRA,MARFRIG GLOBAL FOODS S.A.,ECO SECURITIZADORA DE DIREITOS CREDITÓRIOS DO AGRONEGÓCIO S.A.,1ª,2029-03-15,"DI + 0,95%",2.7985,3.032,2.4445,0.57,963.86662631,96.17,540.97,2026-09-21
23H0027402,CRI,REDE D'OR SÃO LUIZ S.A.,OPEA SECURITIZADORA S/A,1ª,2028-08-15,DI + 1%,0.241,0.3694,0.0027,0.11,1026.5114543,101.29,429.15,2026-09-21
CRA022006HJ,CRA,SÃO SALVADOR ALIMENTOS S.A.,ECO SECURITIZADORA DE DIREITOS CREDITÓRIOS DO AGRONEGÓCIO S.A.,1ª,2027-07-15,DI + 1%,1.1301,1.8796,0.3796,0.26,1025.62297011,99.9,194.71,2026-09-21
CRA022008C9,CRA,COMPANHIA DE LOCAÇÃO DAS AMÉRICAS,ECO SECURITIZADORA DE DIREITOS CREDITÓRIOS DO AGRONEGÓCIO S.A.,2ª,2028-09-15,DI + 1%,0.7847,1.244,0.5108,0.19,1006.0531698,100.38,450.6,2026-09-21
CRA022008CB,CRA,JALLES MACHADO S.A.,ECO SECURITIZADORA DE DIREITOS CREDITÓRIOS DO AGRONEGÓCIO S.A.,1ª,2032-08-09,DI + 1%,1.4227,1.8627,1.2797,0.16,989.3672992,98.44,944.53,2026-09-21
23H1191899,CRI,RAIA DROGASIL S.A.,OPEA SECURITIZADORA S/A,3ª,2030-09-16,"DI + 1,1%",0.3939,0.582,0.2445,0.19,1022.32763188,102.0,713.64,2026-09-21
CRA024002S1,CRA,MINERVA S.A.,RIZA SECURITIZADORA S.A.,1ª,2029-03-15,"DI + 1,1%",3.0327,3.1726,2.3181,1.15,962.32206496,96.02,540.13,2026-09-21
CRA02400AHV,CRA,CEREAL COMÉRCIO EXPORTAÇÃO E REPRESENTAÇÃO AGROPECUÁRIA S.A.,RIZA SECURITIZADORA S.A.,1ª,2029-11-16,"DI + 1,1%",1.6348,2.1888,0.9722,0.06,1038.13596345,98.69,625.89,2026-09-21
23F2455020,CRI,Assai,TRUE SECURITIZADORA S/A,3ª,2028-07-15,"DI + 1,15%",,,,,,,,2026-09-21
CRA023000MC,CRA,"VAMOS LOCAÇÃO DE CAMINHÕES, MÁQUINAS E EQUIPAMENTOS S.A.",ECO SECURITIZADORA DE DIREITOS CREDITÓRIOS DO AGRONEGÓCIO S.A.,2ª,2030-01-15,"DI + 1,2%",4.6822,5.2972,4.0,0.06,1455.47368892,89.49,827.0,2026-09-21
CRA024001P7,CRA,JSL S.A.,ECO SECURITIZADORA DE DIREITOS CREDITÓRIOS DO AGRONEGÓCIO S.A.,3ª,2031-02-17,"DI + 1,2%",4.9301,5.5469,4.0312,0.01,919.45430432,90.71,672.4,2026-09-21
CRA024007Q4,CRA,SLC MÁQUINAS LTDA.,OPEA SECURITIZADORA S/A,2ª,2031-08-15,"DI + 1,2%",1.3384,1.974,0.7026,0.21,1009.91209107,99.63,677.72,2026-09-21
23C0247388,CRI,LOCALIZA RENT A CAR S.A.,RIZA SECURITIZADORA S.A.,1ª,2028-03-10,"DI + 1,25%",0.6141,0.8461,,0.12,1012.61142686,100.86,343.63,2026-09-21
23G0009601,CRI,DIMED S.A.,OPEA SECURITIZADORA S/A,1ª,2028-07-27,"DI + 1,3%",0.2804,,0.0036,0.0,825.46291026,101.03,255.68,2026-09-21
23C0247702,CRI,LOCALIZA RENT A CAR S.A.,RIZA SECURITIZADORA S.A.,2ª,2030-03-11,"DI + 1,4%",0.5362,,,0.2,1028.37058576,102.43,707.75,2026-09-21
CRA022008NF,CRA,IRANI PAPEL E EMBALAGEM S.A.,ECO SECURITIZADORA DE DIREITOS CREDITÓRIOS DO AGRONEGÓCIO S.A.,1ª,2027-08-16,"DI + 1,4%",1.0186,1.714,0.7196,0.26,1017.11227088,100.33,216.61,2026-09-21
CRA023002GX,CRA,INTEGRADA COOPERATIVA AGROINDUSTRIAL,ECO SECURITIZADORA DE DIREITOS CREDITÓRIOS DO AGRONEGÓCIO S.A.,1ª,2028-05-15,"DI + 1,4%",1.4492,2.875,0.6256,0.0,420.96100577,99.95,269.48,2026-09-21
23J1127308,CRI,MOVIDA PARTICIPAÇÕES S.A.,OPEA SECURITIZADORA S/A,1ª,2028-10-16,"DI + 1,45%",4.4175,4.5,,0.27,1013.93944747,95.14,434.44,2026-09-21
22C1235206,CRI,HAVAN S.A.,OPEA SECURITIZADORA S/A,463ª,2027-04-27,"DI + 1,5%",0.7866,0.9077,0.5411,0.08,1013.81263312,100.39,140.55,2026-09-21
23I1257218,CRI,JSL S.A.,OPEA SECURITIZADORA S/A,2ª,2030-09-16,"DI + 1,5%",4.691,,,1.8,910.68900586,90.86,774.42,2026-09-21
CRA0220080Y,CRA,NEOMILLE S.A.,ECO SECURITIZADORA DE DIREITOS CREDITÓRIOS DO AGRONEGÓCIO S.A.,1ª,2028-04-03,"DI + 1,5%",1.75,2.5963,0.8963,0.0,427.96174784,99.77,239.92,2026-09-21
CRA02300G7E,CRA,MARFRIG GLOBAL FOODS S.A.,ECO SECURITIZADORA DE DIREITOS CREDITÓRIOS DO AGRONEGÓCIO S.A.,2ª,2028-08-15,"DI + 1,5%",2.3428,3.0594,2.0,0.32,999.79639348,98.61,426.83,2026-09-21
CRA02300MJ9,CRA,MINERVA S.A.,RIZA SECURITIZADORA S.A.,1ª,2028-09-15,"DI + 1,5%",2.5717,2.6745,1.0997,0.61,983.74483916,98.15,448.4,2026-09-21
CRA024003UY,CRA,LAR COOPERATIVA AGROINDUSTRIAL,ECO SECURITIZADORA DE DIREITOS CREDITÓRIOS DO AGRONEGÓCIO S.A.,2ª,2029-04-16,"DI + 1,55%",1.6906,1.8983,1.1733,0.05,999.86071672,99.76,446.02,2026-09-21
CRA0240020A,CRA,VICUNHA TÊXTIL S.A.,RIZA SECURITIZADORA S.A.,1ª,2029-02-15,"DI + 1,6%",3.1191,3.9544,1.6126,0.24,983.50801748,96.99,517.94,2026-09-21
CRA0240099E,CRA,VALE DO TIJUCO AÇÚCAR E ÁLCOOL S.A.,ECO SECURITIZADORA DE DIREITOS CREDITÓRIOS DO AGRONEGÓCIO S.A.,1ª,2034-10-16,"DI + 1,6%",2.1972,,,0.11,1042.76089878,97.78,961.08,2026-09-21
CRA025009KJ,CRA,Salton,OPEA SECURITIZADORA S/A,1ª,2031-12-09,"DI + 1,6%",2.4,,2.25,1.56,984.70376805,98.07,624.06,2026-09-21
24A2720884,CRI,DIAGNÓSTICAS DA AMÉRICA S.A.,VERT COMPANHIA SECURITIZADORA,1ª,2029-01-15,"DI + 1,63%",4.8012,7.2238,3.0405,1.17,967.5041137,94.13,494.59,2026-09-21
22L1465644,CRI,ÂNIMA HOLDING S.A.,RIZA SECURITIZADORA S.A.,1ª,2027-12-15,"DI + 1,65%",2.2838,2.5,1.9,0.19,995.35168436,99.3,283.48,2026-09-21
CRA0230073L,CRA,J. MACÊDO S.A.,RIZA SECURITIZADORA S.A.,1ª,2028-04-17,"DI + 1,65%",0.7972,1.4,0.6627,0.19,804.47816622,100.63,187.8,2026-09-21
22J0000801,CRI,TRISUL S.A.,TRUE SECURITIZADORA S/A,1ª,2027-12-15,"DI + 1,7%",,,,,,,,2026-09-21
23F0012002,CRI,LOG COMMERCIAL PROPERTIES E PARTICIPAÇÕES S.A.,OPEA SECURITIZADORA S/A,1ª,2028-06-26,"DI + 1,7%",1.1215,,,0.08,695.00291979,100.64,280.13,2026-09-21
23L2043099,CRI,Unidas,OPEA SECURITIZADORA S/A,1ª,2028-12-15,"DI + 1,7%",,,,,,,,2026-09-21
CRA02300VBT,CRA,UNIDAS LOCAÇÕES E SERVIÇOS S.A.,OPEA SECURITIZADORA S/A,1ª,2028-12-15,"DI + 1,7%",1.3267,1.9347,0.468,0.19,1048.76992468,100.7,477.7,2026-09-21
CRA022008NH,CRA,IRANI PAPEL E EMBALAGEM S.A.,ECO SECURITIZADORA DE DIREITOS CREDITÓRIOS DO AGRONEGÓCIO S.A.,2ª,2029-08-15,"DI + 1,75%",0.9731,1.5569,0.5569,0.08,1030.22856944,101.59,517.51,2026-09-21
CRA0230012X,CRA,VALE DO PONTAL AÇÚCAR E ETANOL S.A.,ECO SECURITIZADORA DE DIREITOS CREDITÓRIOS DO AGRONEGÓCIO S.A.,1ª,2031-02-17,"DI + 1,8%",2.1615,2.7894,,0.13,1003.42110318,98.94,758.16,2026-09-21
CRA0240005N,CRA,CEREAL COMÉRCIO EXPORTAÇÃO E REPRESENTAÇÃO AGROPECUÁRIA S.A.,RIZA SECURITIZADORA S.A.,1ª,2029-01-15,"DI + 1,8%",1.6544,2.2922,0.8088,0.34,1029.89423338,100.17,293.82,2026-09-21
24K0003002,CRI,PATRIMAR ENGENHARIA S.A.,RIZA SECURITIZADORA S.A.,1ª,2029-11-23,"DI + 1,95%",4.1914,4.6994,3.9196,1.16,1003.83412559,95.44,538.63,2026-09-21
CRA02300Q8I,CRA,CAPAL COOPERATIVA AGROINDUSTRIAL,OPEA SECURITIZADORA S/A,1ª,2029-05-17,"DI + 1,95%",1.5935,2.4063,0.9647,0.13,603.71932962,100.5,359.65,2026-09-21
23H1023846,CRI,BR PROPERTIES S.A.,OPEA SECURITIZADORA S/A,1ª,2031-08-15,DI + 2%,1.3615,1.5811,1.1008,0.05,935.58819973,101.76,703.33,2026-09-21
23J1333602,CRI,PATRIMAR ENGENHARIA S.A.,RIZA SECURITIZADORA S.A.,1ª,2028-10-20,DI + 2%,5.381,,,0.28,1034.86632592,97.05,228.92,2026-09-21
CRA022001P6,CRA,USINA BATATAIS S.A.,RIZA SECURITIZADORA S.A.,1ª,2028-04-20,DI + 2%,1.334,2.0616,0.5216,0.05,1021.27670455,100.92,351.88,2026-09-21
CRA022008C2,CRA,VICUNHA TÊXTIL S.A.,RIZA SECURITIZADORA S.A.,2ª,2027-08-16,DI + 2%,3.2161,3.8283,2.3522,0.64,502.07109395,98.99,216.21,2026-09-21
CRA02300S8P,CRA,FS INDÚSTRIA DE BIOCOMBUSTÍVEIS LTDA.,ECO SECURITIZADORA DE DIREITOS CREDITÓRIOS DO AGRONEGÓCIO S.A.,2ª,2030-06-17,DI + 2%,3.9544,4.1127,3.334,0.41,949.7167192,94.75,713.13,2026-09-21
CRA024000B7,CRA,FS INDÚSTRIA DE BIOCOMBUSTÍVEIS LTDA.,ECO SECURITIZADORA DE DIREITOS CREDITÓRIOS DO AGRONEGÓCIO S.A.,2ª,2030-07-15,DI + 2%,4.1238,4.5854,3.25,0.03,944.52561597,94.23,723.03,2026-09-21
23D0005401,CRI,ORIGINAL HOLDING S.A,OPEA SECURITIZADORA S/A,1ª,2028-04-15,"DI + 2,05%",,,,,,,,2026-09-21
CRA02300BQD,CRA,GJA INDÚSTRIAS S.A.,RIZA SECURITIZADORA S.A.,1ª,2029-07-16,"DI + 2,25%",5.2337,,5.0013,0.25,584.24403789,97.14,252.31,2026-09-21
CRA025000MJ,CRA,Integrada Cooperativa Agroindustrial,ECO SECURITIZADORA DE DIREITOS CREDITÓRIOS DO AGRONEGÓCIO S.A.,2ª,2029-05-15,"DI + 2,35%",2.2535,3.1,1.4,0.0,793.35010192,100.13,349.39,2026-09-21
22L1212138,CRI,LAR COOPERATIVA AGROINDUSTRIAL,HABITASEC SECURITIZADORA S.A.,2ª,2034-12-19,"DI + 2,45%",2.0145,3.002,1.868,0.58,912.14736806,101.23,722.3,2026-09-21
CRA02300KZL,CRA,FLORA PRODUTOS DE HIGIENE E LIMPEZA S.A.,OPEA SECURITIZADORA S/A,1ª,2029-10-15,"DI + 2,5%",1.7273,2.4616,0.8,0.17,787.61026932,101.02,336.79,2026-09-21
CRA024005K1,CRA,Natural One S.A.,ECO SECURITIZADORA DE DIREITOS CREDITÓRIOS DO AGRONEGÓCIO S.A.,1ª,2029-05-25,"DI + 2,5%",,,,,,,,2026-09-21
CRA02300795,CRA,FS INDÚSTRIA DE BIOCOMBUSTÍVEIS LTDA.,ECO SECURITIZADORA DE DIREITOS CREDITÓRIOS DO AGRONEGÓCIO S.A.,1ª,2029-10-15,"DI + 2,9%",3.9465,4.2542,3.3166,0.09,978.23677026,97.58,609.58,2026-09-21
CRA02300CCH,CRA,FS INDÚSTRIA DE BIOCOMBUSTÍVEIS LTDA.,ECO SECURITIZADORA DE DIREITOS CREDITÓRIOS DO AGRONEGÓCIO S.A.,1ª,2029-12-17,"DI + 2,9%",3.9929,4.392,3.3222,0.03,976.13471849,97.37,634.86,2026-09-21
CRA0250040I,CRA,Natural One S.A,ECO SECURITIZADORA DE DIREITOS CREDITÓRIOS DO AGRONEGÓCIO S.A.,1ª,2029-06-15,"DI + 2,9%",5.2771,,3.5,1.93,1010.38857385,96.7,368.29,2026-09-21
CRA0220099D,CRA,CENTRAL CRESOL BASER,ECO SECURITIZADORA DE DIREITOS CREDITÓRIOS DO AGRONEGÓCIO S.A.,1ª,2027-12-15,"DI + 2,95%",1.1382,1.96,0.453,0.04,352.50348388,101.2,170.16,2026-09-21
CRA023003JX,CRA,OLFAR S.A.,RIZA SECURITIZADORA S.A.,1ª,2029-03-15,DI + 3%,2.1071,3.52,1.348,0.09,724.18214063,101.13,325.45,2026-09-21
CRA0240086H,CRA,DISTRIBUIDORA DE PRODUTOS DE PETRÓLEO CHARRUA LTDA.,OPEA SECURITIZADORA S/A,1ª,2029-08-23,DI + 3%,2.8254,3.6308,1.9246,0.29,1015.5780273,100.34,507.58,2026-09-21
CRA0250012Y,CRA,FS FLORESTAL S.A.,ECO SECURITIZADORA DE DIREITOS CREDITÓRIOS DO AGRONEGÓCIO S.A.,2ª,2031-03-17,DI + 3%,3.7508,,3.25,0.35,979.54426987,97.71,802.95,2026-09-21
23F0012602,CRI,FARMACIA E DROGARIA NISSEI S.A.,OPEA SECURITIZADORA S/A,1ª,2028-06-22,"DI + 3,5%",,,,,,,,2026-09-21
CRA022000RU,CRA,MADERO INDÚSTRIA E COMÉRCIO S.A.,ECO SECURITIZADORA DE DIREITOS CREDITÓRIOS DO AGRONEGÓCIO S.A.,2ª,2027-03-15,"DI + 3,5%",3.7582,4.125,,0.19,139.80757818,99.93,66.45,2026-09-21
CRA024002MM,CRA,USINA SANTA FÉ S.A.,ECO SECURITIZADORA DE DIREITOS CREDITÓRIOS DO AGRONEGÓCIO S.A.,1ª,2029-12-17,DI + 4%,3.0567,4.2296,1.125,0.83,889.10388501,101.34,369.24,2026-09-21
CRA02400ECU,CRA,USINA CORURIPE AÇÚCAR E ÁLCOOL S.A.,ECO SECURITIZADORA DE DIREITOS CREDITÓRIOS DO AGRONEGÓCIO S.A.,5ª,2030-11-25,"DI + 4,1%",4.6057,5.0211,4.5877,0.45,4964.09615713,99.17,433.68,2026-09-21
CRA023001JL,CRA,PISANI PLÁSTICOS S.A.,ECO SECURITIZADORA DE DIREITOS CREDITÓRIOS DO AGRONEGÓCIO S.A.,1ª,2029-02-20,DI + 5%,4.0295,4.5894,3.2894,0.23,542.48853795,101.02,274.65,2026-09-21
CRA02300KOH,CRA,TECSOIL AUTOMAÇÃO E SISTEMAS S.A.,OPEA SECURITIZADORA S/A,1ª,2028-10-16,"DI + 5,5%",2.9866,3.9828,1.9666,0.14,712.50891762,102.3,239.16,2026-09-21
CRA02300JR6,CRA,RAÍZEN ENERGIA S.A.,TRUE SECURITIZADORA S/A,2ª,2033-10-17,IPCA + 0%,,,,,482.02028237,42.38,,2026-09-21
CRA019003JY,CRA,KLABIN S.A.,VERT COMPANHIA SECURITIZADORA,1ª,2029-06-15,"IPCA + 3,5%",7.1895,7.6209,6.7223,0.17,1395.20577524,94.35,415.39,2026-09-21
CRA019003V3,CRA,RAÍZEN ENERGIA S.A.,OPEA SECURITIZADORA S/A,2ª,2029-07-16,"IPCA + 3,602%",,,,,700.09910513,47.79,,2026-09-21
CRA021000MG,CRA,M. DIAS BRANCO S.A. INDÚSTRIA E COMÉRCIO DE ALIMENTOS,RIZA SECURITIZADORA S.A.,1ª,2028-03-15,"IPCA + 3,7992%",7.7449,8.1946,7.6427,0.07,1298.06139056,94.75,363.96,2026-09-21
CRA021000MH,CRA,M. DIAS BRANCO S.A. INDÚSTRIA E COMÉRCIO DE ALIMENTOS,RIZA SECURITIZADORA S.A.,2ª,2031-03-15,"IPCA + 4,1369%",8.2349,8.6134,8.2024,0.05,1209.98371451,88.32,806.24,2026-09-21
CRA02100002,CRA,COCAL COMÉRCIO INDÚSTRIA CANAÃ AÇÚCAR E ÁLCOOL LTDA.,RIZA SECURITIZADORA S.A.,2ª,2028-02-15,"IPCA + 4,2095%",8.4987,8.9263,7.2948,0.24,612.99703443,97.02,188.0,2026-09-21
CRA021000MB,CRA,COLOMBO AGROINDÚSTRIA S.A.,ECO SECURITIZADORA DE DIREITOS CREDITÓRIOS DO AGRONEGÓCIO S.A.,1ª,2027-03-15,"IPCA + 4,4474%",8.0466,8.9882,7.2801,0.16,666.77873819,98.43,118.0,2026-09-21
CRA021001PQ,CRA,MARFRIG GLOBAL FOODS S.A.,OPEA SECURITIZADORA S/A,1ª,2028-07-15,"IPCA + 4,5%",12.289,12.3031,11.7957,0.52,1169.65773775,88.25,437.58,2026-09-21
CRA019001E7,CRA,KLABIN S.A.,VERT COMPANHIA SECURITIZADORA,2ª,2029-03-15,"IPCA + 4,5081%",7.2895,7.6459,6.9852,0.18,1451.98496806,96.39,350.89,2026-09-21
CRA021001VA,CRA,MARFRIG GLOBAL FOODS S.A.,OPEA SECURITIZADORA S/A,2ª,2031-07-15,"IPCA + 4,6%",11.9938,12.3456,10.9066,0.92,1048.71313025,79.11,854.0,2026-09-21
21G0065100,CRI,ALIANSCE SONAE SHOPPING CENTERS S.A.,RB CAPITAL INVESTIMENTOS DTVM LTDA,347ª,2028-07-17,"IPCA + 4,6197%",8.0896,,7.8485,0.29,1256.68389038,94.5,436.8,2026-09-21
CRA0210013B,CRA,BRF S.A.,VERT COMPANHIA SECURITIZADORA,1ª,2031-05-15,"IPCA + 4,7843%",11.7998,11.9607,10.8929,0.99,1042.62464107,76.78,1015.67,2026-09-21
CRA021001KB,CRA,COMPANHIA DE LOCAÇÃO DAS AMÉRICAS,ECO SECURITIZADORA DE DIREITOS CREDITÓRIOS DO AGRONEGÓCIO S.A.,1ª,2031-07-15,"IPCA + 4,825%",7.8758,8.6351,7.268,0.2,1207.26815312,90.6,862.78,2026-09-21
CRA021002SO,CRA,IPIRANGA PRODUTOS DE PETRÓLEO S.A.,VERT COMPANHIA SECURITIZADORA,1ª,2028-09-15,"IPCA + 4,8287%",8.0102,8.6841,7.7148,0.08,1228.6065279,94.46,480.21,2026-09-21
21D0737500,CRI,DIRECIONAL ENGENHARIA S.A.,OPEA SECURITIZADORA S/A,371ª,2028-04-17,"IPCA + 4,8444%",7.5165,8.0479,7.4863,0.38,874.75367296,97.46,257.21,2026-09-21
21D0862572,CRI,REDE D'OR SÃO LUIZ S.A.,OPEA SECURITIZADORA S/A,324ª,2036-05-15,"IPCA + 4,9347%",8.2613,,8.0008,0.36,1102.60915178,80.7,1700.01,2026-09-21
21H1078699,CRI,SENDAS DISTRIBUIDORA S.A.,OPEA SECURITIZADORA S/A,428ª,2028-10-16,"IPCA + 5,1531%",10.5443,11.0567,9.9152,0.24,1187.64711284,90.79,485.62,2026-09-21
21H1078700,CRI,SENDAS DISTRIBUIDORA S.A.,OPEA SECURITIZADORA S/A,429ª,2031-10-15,"IPCA + 5,2662%",11.7472,12.0138,10.7102,0.27,1058.53795941,80.89,882.43,2026-09-21
CRA021000SC,CRA,COPERSUCAR S.A.,RIZA SECURITIZADORA S.A.,1ª,2028-05-15,"IPCA + 5,2893%",,,,,,,,2026-09-21
CRA020002GZ,CRA,BRF S.A.,VERT COMPANHIA SECURITIZADORA,1ª,2027-07-15,"IPCA + 5,3%",10.037,10.6843,8.4426,0.44,1398.64723438,96.57,199.77,2026-09-21
21D0694886,CRI,CONSTRUTORA TENDA S.A.,OPEA SECURITIZADORA S/A,378ª,2028-04-17,"IPCA + 5,3621%",8.8427,9.6465,8.7725,0.5,887.80488449,96.77,253.24,2026-09-21
CRA021002NF,CRA,PETROBRAS DISTRIBUIDORA S.A.,RIZA SECURITIZADORA S.A.,1ª,2031-09-15,"IPCA + 5,3995%",8.901,9.3608,8.5027,0.25,1162.06310104,88.82,909.54,2026-09-21
CRA020001P7,CRA,RAÍZEN ENERGIA S.A.,OPEA SECURITIZADORA S/A,1ª,2027-06-15,"IPCA + 5,4%",,,,,581.26606181,40.85,,2026-09-21
CRA021000RX,CRA,MINERVA S.A.,RIZA SECURITIZADORA S.A.,1ª,2028-04-17,"IPCA + 5,5034%",12.2115,,10.8385,1.11,1257.81336076,91.28,372.16,2026-09-21
21I0278118,CRI,LOG COMMERCIAL PROPERTIES E PARTICIPAÇÕES S.A.,RIZA SECURITIZADORA S.A.,362ª,2028-09-15,"IPCA + 5,5212%",10.9333,,10.1672,0.96,609.70800512,93.12,357.26,2026-09-21
21K0001806,CRI,REDE D'OR SÃO LUIZ S.A.,OPEA SECURITIZADORA S/A,396ª,2031-12-15,"IPCA + 5,5758%",8.2472,8.4524,8.0801,0.11,1167.41093333,91.12,932.24,2026-09-21
CRA021000RY,CRA,MINERVA S.A.,RIZA SECURITIZADORA S.A.,39ª,2031-04-15,"IPCA + 5,578%",11.2779,11.5973,10.6838,0.53,1169.02443375,84.81,780.68,2026-09-21
CRA020002H1,CRA,BRF S.A.,VERT COMPANHIA SECURITIZADORA,2ª,2030-07-15,"IPCA + 5,6%",11.5319,12.298,10.6101,1.15,1259.92789158,86.95,638.93,2026-09-21
CRA022002Y1,CRA,NORSA REFRIGERANTES S.A.,RIZA SECURITIZADORA S.A.,1ª,2027-03-15,"IPCA + 5,685%",7.2121,7.5502,7.0514,0.3,601.07076636,99.33,118.0,2026-09-21
CRA020003PY,CRA,"VAMOS LOCAÇÃO DE CAMINHÕES, MÁQUINAS E EQUIPAMENTOS S.A.",ECO SECURITIZADORA DE DIREITOS CREDITÓRIOS DO AGRONEGÓCIO S.A.,1ª,2030-11-18,"IPCA + 5,7315%",11.4735,12.8285,10.8706,1.35,1230.76433644,86.17,701.9,2026-09-21
21K0001812,CRI,ULTRA SOM SERVIÇOS MÉDICOS S.A.,RIZA SECURITIZADORA S.A.,378ª,2031-12-15,"IPCA + 5,7505%",20.8544,23.0085,17.9389,1.43,747.73713669,58.62,974.02,2026-09-21
CRA021002YA,CRA,CARAMURU ALIMENTOS S.A.,ECO SECURITIZADORA DE DIREITOS CREDITÓRIOS DO AGRONEGÓCIO S.A.,1ª,2027-09-15,"IPCA + 5,7641%",9.6047,10.816,8.187,0.17,247.10729718,96.63,242.51,2026-09-21
CRA020001P8,CRA,RAÍZEN ENERGIA S.A.,TRUE SECURITIZADORA S/A,2ª,2030-06-17,"IPCA + 5,8%",,,,,588.67980586,41.33,,2026-09-21
22D1289007,CRI,REDE D'OR SÃO LUIZ S.A.,OPEA SECURITIZADORA S/A,508ª,2029-06-15,"IPCA + 5,83%",7.9616,8.2593,7.65,0.12,1150.5853237,95.13,630.12,2026-09-21
22D1289010,CRI,CYRELA BRAZIL REALTY S.A.,OPEA SECURITIZADORA S/A,490ª,2027-06-15,"IPCA + 5,9068%",6.7124,,,0.25,1224.30539671,99.47,177.48,2026-09-21
CRA022002Y2,CRA,NORSA REFRIGERANTES S.A.,RIZA SECURITIZADORA S.A.,2ª,2029-03-15,"IPCA + 5,9169%",8.4702,8.7961,8.2916,0.36,1157.48719865,95.64,470.96,2026-09-21
CRA022006N5,CRA,IPIRANGA PRODUTOS DE PETRÓLEO S.A.,VERT COMPANHIA SECURITIZADORA,1ª,2032-06-15,"IPCA + 6,0053%",8.3974,9.026,7.9323,0.31,1103.34998429,91.33,1017.93,2026-09-21
22D1289008,CRI,REDE D'OR SÃO LUIZ S.A.,OPEA SECURITIZADORA S/A,509ª,2032-06-15,"IPCA + 6,01%",8.2097,8.489,7.8706,0.12,1113.15723382,91.99,1018.76,2026-09-21
CRA022002Y3,CRA,NORSA REFRIGERANTES S.A.,RIZA SECURITIZADORA S.A.,3ª,2032-03-15,"IPCA + 6,0392%",8.5278,8.6915,8.3071,0.21,1104.83199969,91.29,985.64,2026-09-21
CRA022002XN,CRA,JBS S.A.,RIZA SECURITIZADORA S.A.,3ª,2037-04-15,"IPCA + 6,0953%",,,,,,,,2026-09-21
21K0001807,CRI,REDE D'OR SÃO LUIZ S.A.,OPEA SECURITIZADORA S/A,397ª,2036-12-15,"IPCA + 6,1017%",8.3954,8.6413,8.0524,0.12,1105.50287541,86.17,1726.95,2026-09-21
22D1289011,CRI,CYRELA BRAZIL REALTY S.A.,OPEA SECURITIZADORA S/A,491ª,2029-06-15,"IPCA + 6,128%",,,,,,,,2026-09-21
22K0001201,CRI,PETRÓLEO BRASILEIRO S.A. - PETROBRAS,OPEA SECURITIZADORA S/A,1ª,2030-04-15,"IPCA + 6,2%",7.2467,7.4098,7.1561,0.06,1186.17098565,96.92,804.08,2026-09-21
23H0027403,CRI,REDE D'OR SÃO LUIZ S.A.,OPEA SECURITIZADORA S/A,2ª,2030-08-15,"IPCA + 6,2%",8.2321,8.4346,7.9614,0.04,1078.34137333,93.63,873.33,2026-09-21
CRA022006MY,CRA,Dexco S.A.,ECO SECURITIZADORA DE DIREITOS CREDITÓRIOS DO AGRONEGÓCIO S.A.,2ª,2032-06-15,"IPCA + 6,2%",,,,,,,,2026-09-21
22K0001203,CRI,PETRÓLEO BRASILEIRO S.A. - PETROBRAS,OPEA SECURITIZADORA S/A,2ª,2032-11-16,"IPCA + 6,25%",7.4761,7.6203,,0.21,1184.54457367,94.44,1250.88,2026-09-21
22E1325262,CRI,HYPERA S.A.,OPEA SECURITIZADORA S/A,2ª,2029-08-15,"IPCA + 6,279%",8.5439,8.7448,8.3399,0.1,1132.1546052,94.54,669.65,2026-09-21
CRA021002YF,CRA,J. MACÊDO S.A.,ECO SECURITIZADORA DE DIREITOS CREDITÓRIOS DO AGRONEGÓCIO S.A.,1ª,2026-11-16,"IPCA + 6,3071%",9.3948,11.2414,7.2075,0.69,61.10814547,99.69,27.43,2026-09-21
CRA02300S35,CRA,CAMIL ALIMENTOS S.A.,ECO SECURITIZADORA DE DIREITOS CREDITÓRIOS DO AGRONEGÓCIO S.A.,2ª,2030-11-18,"IPCA + 6,3416%",12.3656,12.8983,11.4246,0.78,973.46822176,83.85,797.82,2026-09-21
22C1362141,CRI,MATEUS SUPERMERCADOS S.A.,OPEA SECURITIZADORA S/A,1ª,2034-07-17,"IPCA + 6,3423%",10.3434,,9.8414,0.23,822.43435028,88.62,802.51,2026-09-21
22B0004808,CRI,CSN CIMENTOS S.A.,RIZA SECURITIZADORA S.A.,417ª,2032-02-16,"IPCA + 6,3893%",16.9096,19.4765,12.1664,0.76,870.27413659,70.1,927.94,2026-09-21
CRA022008N6,CRA,JBS S.A.,RIZA SECURITIZADORA S.A.,2ª,2032-09-15,"IPCA + 6,3919%",9.0548,10.5336,7.5374,0.09,1079.04908286,89.96,1072.39,2026-09-21
22K0001204,CRI,PETRÓLEO BRASILEIRO S.A. - PETROBRAS,OPEA SECURITIZADORA S/A,3ª,2037-11-16,"IPCA + 6,4%",,,,,,,,2026-09-21
24B0013203,CRI,CIDADE MARAVILHOSA INDÚSTRIA E COMÉRCIO DE ROUPAS S.A.,RIZA SECURITIZADORA S.A.,3ª,2030-02-15,"IPCA + 6,4%",10.9071,,10.3111,0.84,1007.64700935,89.62,662.59,2026-09-21
CRA02300CYS,CRA,BANCO BTG PACTUAL S.A.,OPEA SECURITIZADORA S/A,3ª,2033-07-15,"IPCA + 6,4338%",7.2957,7.4992,7.0629,0.15,1109.66660879,95.63,1390.22,2026-09-21
22E1325264,CRI,HYPERA S.A.,OPEA SECURITIZADORA S/A,3ª,2032-08-16,"IPCA + 6,4451%",8.6849,9.1594,,0.08,1097.42513443,91.63,1052.29,2026-09-21
CRA024001P6,CRA,JSL S.A.,ECO SECURITIZADORA DE DIREITOS CREDITÓRIOS DO AGRONEGÓCIO S.A.,2ª,2031-02-17,"IPCA + 6,4527%",13.299,14.0109,12.3229,0.16,932.52189312,82.84,752.41,2026-09-21
22E1095384,CRI,MRV ENGENHARIA E PARTICIPAÇÕES S.A.,OPEA SECURITIZADORA S/A,1ª,2030-09-16,"IPCA + 6,4802%",12.2889,,11.5778,0.28,1034.29266859,86.62,675.23,2026-09-21
21J0001208,CRI,TENDA ATACADO S.A.,RIZA SECURITIZADORA S.A.,306ª,2026-10-15,"IPCA + 6,4803%",12.224,,11.1169,0.7,439.64604612,99.65,17.0,2026-09-21
22F0009804,CRI,DIRECIONAL ENGENHARIA S.A.,OPEA SECURITIZADORA S/A,1ª,2032-06-15,"IPCA + 6,4899%",8.6078,8.9086,8.2503,0.14,1115.6797563,92.39,1008.18,2026-09-21
22F0009409,CRI,GJA INDÚSTRIAS S.A.,RIZA SECURITIZADORA S.A.,1ª,2029-06-15,"IPCA + 6,5%",12.0354,,11.5568,0.95,1071.82413413,90.12,514.84,2026-09-21
CRA022003JT,CRA,BEM BRASIL ALIMENTOS S.A.,ECO SECURITIZADORA DE DIREITOS CREDITÓRIOS DO AGRONEGÓCIO S.A.,1ª,2029-05-15,"IPCA + 6,5348%",9.4509,10.1836,8.0791,0.11,1173.49963744,96.0,378.71,2026-09-21
CRA022004MS,CRA,"VAMOS LOCAÇÃO DE CAMINHÕES, MÁQUINAS E EQUIPAMENTOS S.A.",ECO SECURITIZADORA DE DIREITOS CREDITÓRIOS DO AGRONEGÓCIO S.A.,1ª,2032-05-17,"IPCA + 6,5473%",13.6158,14.003,12.5904,0.97,951.30980055,77.92,960.65,2026-09-21
23H0027404,CRI,REDE D'OR SÃO LUIZ S.A.,OPEA SECURITIZADORA S/A,3ª,2033-08-15,"IPCA + 6,55%",8.2741,8.5756,7.9328,0.24,1064.87784708,92.43,1229.19,2026-09-21
CRA022008NB,CRA,RAÍZEN ENERGIA S.A.,OPEA SECURITIZADORA S/A,1ª,2032-08-16,"IPCA + 6,5885%",,,,,580.20016746,47.92,,2026-09-21
22B0006022,CRI,MRV ENGENHARIA E PARTICIPAÇÕES S.A.,RIZA SECURITIZADORA S.A.,442ª,2029-02-15,"IPCA + 6,5954%",11.8348,,11.3036,0.51,1142.5900428,91.81,447.13,2026-09-21
CRA024004SA,CRA,JBS S.A.,RIZA SECURITIZADORA S.A.,2ª,2034-05-15,"IPCA + 6,5975%",9.2364,10.4527,7.9159,0.35,979.01754168,86.55,1468.89,2026-09-21
22J0306937,CRI,DIAGNÓSTICOS DA AMÉRICA S.A.,VERT COMPANHIA SECURITIZADORA,2ª,2029-10-15,"IPCA + 6,6%",13.2153,14.845,11.5992,0.55,1041.78015042,84.93,678.94,2026-09-21
CRA02300G7F,CRA,MARFRIG GLOBAL FOODS S.A.,ECO SECURITIZADORA DE DIREITOS CREDITÓRIOS DO AGRONEGÓCIO S.A.,3ª,2030-08-15,"IPCA + 6,6%",12.3472,12.6593,12.2167,0.33,962.81010739,83.49,859.75,2026-09-21
CRA022008C7,CRA,COMPANHIA DE LOCAÇÃO DAS AMÉRICAS,ECO SECURITIZADORA DE DIREITOS CREDITÓRIOS DO AGRONEGÓCIO S.A.,1ª,2028-09-15,"IPCA + 6,6018%",8.357,8.8506,7.9355,0.43,1162.27140982,96.97,474.48,2026-09-21
24E1835896,CRI,HSL,TRUE SECURITIZADORA S/A,1ª,2034-06-15,"IPCA + 6,6075%",,,,,,,,2026-09-21
CRA022007KI,CRA,COCAL COMÉRCIO INDÚSTRIA CANAÃ AÇÚCAR E ÁLCOOL LTDA.,RIZA SECURITIZADORA S.A.,1ª,2030-08-15,"IPCA + 6,6234%",11.1437,11.6473,10.43,0.45,1073.85263008,89.7,654.96,2026-09-21
CRA02300JG3,CRA,JBS S.A.,RIZA SECURITIZADORA S.A.,3ª,2030-09-16,"IPCA + 6,6441%",9.0238,10.3847,7.5443,0.04,1056.75394915,92.5,887.79,2026-09-21
CRA022008N7,CRA,JBS S.A.,RIZA SECURITIZADORA S.A.,3ª,2037-09-15,"IPCA + 6,6614%",9.6313,10.318,8.904,0.56,982.37441815,81.89,1793.31,2026-09-21
CRA022000XF,CRA,MARFRIG GLOBAL FOODS S.A.,ECO SECURITIZADORA DE DIREITOS CREDITÓRIOS DO AGRONEGÓCIO S.A.,3ª,2032-01-15,"IPCA + 6,663%",11.9196,12.2119,11.1014,0.46,1054.15037984,83.7,921.46,2026-09-21
CRA02300JG4,CRA,JBS S.A.,RIZA SECURITIZADORA S.A.,4ª,2033-09-15,"IPCA + 6,6634%",9.1001,10.3507,7.7785,0.14,1021.3139581,89.4,1241.0,2026-09-21
24F1277567,CRI,DIRECIONAL ENGENHARIA S.A.,OPEA SECURITIZADORA S/A,2ª,2031-07-15,"IPCA + 6,6747%",8.5786,8.9124,8.2558,0.06,1040.33525244,93.6,938.38,2026-09-21
23L1737622,CRI,REDE D'OR SÃO LUIZ S.A.,OPEA SECURITIZADORA S/A,1ª,2033-12-15,"IPCA + 6,6941%",8.242,,7.738,0.17,1072.76814886,92.98,1266.32,2026-09-21
22G1414303,CRI,SENDAS DISTRIBUIDORA S.A.,OPEA SECURITIZADORA S/A,3ª,2029-09-17,"IPCA + 6,7%",11.2813,,10.5527,0.33,1088.20092772,90.78,577.81,2026-09-21
CRA022008ND,CRA,RAÍZEN ENERGIA S.A.,OPEA SECURITIZADORA S/A,2ª,2037-08-17,"IPCA + 6,7382%",,,,,478.70820928,39.5,,2026-09-21
CRA0240066J,CRA,SLC AGRICOLA II,RIZA SECURITIZADORA S.A.,3ª,2031-07-15,"IPCA + 6,7469%",9.4301,9.8443,9.1078,0.07,1013.96634134,91.03,950.3,2026-09-21
22J0306938,CRI,DIAGNÓSTICOS DA AMÉRICA S.A.,VERT COMPANHIA SECURITIZADORA,3ª,2032-10-15,"IPCA + 6,75%",13.1566,15.3291,10.8183,0.38,964.03958794,78.54,1023.46,2026-09-21
CRA0240020C,CRA,VICUNHA II,RIZA SECURITIZADORA S.A.,3ª,2031-02-15,"IPCA + 6,7641%",,,,,,,,2026-09-21
22G1136492,CRI,REDE D'OR SÃO LUIZ S.A.,OPEA SECURITIZADORA S/A,3ª,2037-07-15,"IPCA + 6,7692%",,,,,,,,2026-09-21
CRA022007EP,CRA,KLABIN S.A.,VERT COMPANHIA SECURITIZADORA,1ª,2034-05-15,"IPCA + 6,7694%",7.6642,8.0171,7.4433,0.15,1152.9276028,95.18,1485.63,2026-09-21
CRA024004SB,CRA,JBS S.A.,RIZA SECURITIZADORA S.A.,3ª,2039-05-16,"IPCA + 6,7825%",8.8855,10.1753,7.3137,0.06,970.69046419,85.76,1941.76,2026-09-21
CRA0240086K,CRA,SEARA ALIMENTOS LTDA.,RIZA SECURITIZADORA S.A.,2ª,2034-09-15,"IPCA + 6,7931%",8.929,9.8903,8.2656,0.27,968.08552054,88.41,1552.19,2026-09-21
CRA024002ML,CRA,MARFRIG GLOBAL FOODS S.A.,ECO SECURITIZADORA DE DIREITOS CREDITÓRIOS DO AGRONEGÓCIO S.A.,3ª,2034-03-15,"IPCA + 6,7996%",12.1322,12.6491,11.0096,0.97,864.56400432,77.55,1289.22,2026-09-21
22I0970804,CRI,NATURA COSMÉTICOS S.A.,RIZA SECURITIZADORA S.A.,2ª,2029-09-17,"IPCA + 6,8%",8.864,,8.7401,0.1,1138.9802053,94.91,687.35,2026-09-21
CRA0240066B,CRA,CAMIL ALIMENTOS S.A.,ECO SECURITIZADORA DE DIREITOS CREDITÓRIOS DO AGRONEGÓCIO S.A.,2ª,2031-06-16,"IPCA + 6,8286%",11.9885,,10.8426,0.08,947.27455875,84.31,902.53,2026-09-21
CRA0220079D,CRA,BRF S.A.,VERT COMPANHIA SECURITIZADORA,2ª,2032-07-15,"IPCA + 6,8344%",12.5177,12.7555,12.0931,0.31,990.90182765,81.11,1003.0,2026-09-21
CRA0240086L,CRA,SEARA ALIMENTOS LTDA.,RIZA SECURITIZADORA S.A.,3ª,2044-09-15,"IPCA + 6,8408%",9.3982,9.7698,8.7433,0.44,873.02600314,79.73,2316.92,2026-09-21
CRA022006HK,CRA,SÃO SALVADOR ALIMENTOS S.A.,ECO SECURITIZADORA DE DIREITOS CREDITÓRIOS DO AGRONEGÓCIO S.A.,2ª,2030-07-15,"IPCA + 6,8911%",8.5276,9.3047,7.5874,0.35,1155.4351229,96.22,636.63,2026-09-21
22I0970868,CRI,NATURA COSMÉTICOS S.A.,RIZA SECURITIZADORA S.A.,3ª,2032-09-15,"IPCA + 6,9%",9.0062,9.4918,,0.16,1104.77988942,92.06,1063.76,2026-09-21
23L1737623,CRI,REDE D'OR SÃO LUIZ S.A.,OPEA SECURITIZADORA S/A,2ª,2038-12-15,"IPCA + 6,9527%",8.3501,,7.9019,0.18,1044.34078453,90.46,1921.62,2026-09-21
CRA022004S9,CRA,"VAMOS LOCAÇÃO DE CAMINHÕES, MÁQUINAS E EQUIPAMENTOS S.A.",ECO SECURITIZADORA DE DIREITOS CREDITÓRIOS DO AGRONEGÓCIO S.A.,2ª,2037-05-15,"IPCA + 6,9739%",12.7873,,12.1892,0.92,858.05484463,70.18,1606.18,2026-09-21
CRA02300JG5,CRA,JBS S.A.,RIZA SECURITIZADORA S.A.,5ª,2038-09-15,"IPCA + 6,9938%",9.6768,10.349,8.9493,0.58,945.21977641,82.73,1883.66,2026-09-21
CRA024004SC,CRA,JBS S.A.,RIZA SECURITIZADORA S.A.,4ª,2044-05-16,"IPCA + 6,9947%",9.5112,10.4802,8.6939,0.51,915.46095213,80.83,2212.32,2026-09-21
CRA022004XY,CRA,USINA CERRADÃO S.A.,ECO SECURITIZADORA DE DIREITOS CREDITÓRIOS DO AGRONEGÓCIO S.A.,1ª,2028-05-15,"IPCA + 6,9949%",7.8669,8.365,,0.04,807.86338936,99.13,271.3,2026-09-21
22F0009410,CRI,GJA INDÚSTRIAS S.A.,RIZA SECURITIZADORA S.A.,2ª,2032-06-15,IPCA + 7%,11.6132,,,0.26,1006.14525356,84.59,987.29,2026-09-21
23F1519397,CRI,MOVIDA PARTICIPAÇÕES S.A.,OPEA SECURITIZADORA S/A,3ª,2028-06-16,IPCA + 7%,13.091,13.788,,0.43,1069.98656535,91.41,408.0,2026-09-21
24G1674104,CRI,JHSF PARTICIPAÇÕES S.A.,OPEA SECURITIZADORA S/A,4ª,2034-07-17,"IPCA + 7,0163%",8.6892,9.0116,8.4272,0.04,902.795507,93.27,1117.58,2026-09-21
CRA02200C6Y,CRA,MARFRIG GLOBAL FOODS S.A.,ECO SECURITIZADORA DE DIREITOS CREDITÓRIOS DO AGRONEGÓCIO S.A.,1ª,2029-10-15,"IPCA + 7,0383%",12.258,12.3605,11.7879,0.58,1072.62729956,87.95,675.96,2026-09-21
CRA024007PU,CRA,SOROCABA REFRESCOS S.A.,ECO SECURITIZADORA DE DIREITOS CREDITÓRIOS DO AGRONEGÓCIO S.A.,2ª,2034-08-15,"IPCA + 7,05%",9.7468,10.2606,9.4051,0.37,963.55888626,87.29,1361.68,2026-09-21
22K0934880,CRI,BCBF PARTICIPAÇÕES S.A.,RIZA SECURITIZADORA S.A.,2ª,2029-12-17,"IPCA + 7,0913%",20.5363,21.5412,17.7318,3.76,863.03778969,71.5,704.25,2026-09-21
CRA022006HE,CRA,AÇO VERDE DO BRASIL S.A.,RIZA SECURITIZADORA S.A.,1ª,2029-06-15,"IPCA + 7,1543%",10.1272,10.8329,9.7324,0.44,1159.00578583,95.75,397.69,2026-09-21
CRA023000RT,CRA,"VAMOS LOCAÇÃO DE CAMINHÕES, MÁQUINAS E EQUIPAMENTOS S.A.",ECO SECURITIZADORA DE DIREITOS CREDITÓRIOS DO AGRONEGÓCIO S.A.,3ª,2030-01-15,"IPCA + 7,1638%",13.9782,14.6726,12.6621,0.2,994.65691394,83.47,733.37,2026-09-21
CRA022006BU,CRA,CARAMURU ALIMENTOS S.A.,ECO SECURITIZADORA DE DIREITOS CREDITÓRIOS DO AGRONEGÓCIO S.A.,1ª,2029-07-16,"IPCA + 7,2043%",10.4448,11.4949,8.9568,1.13,685.08488813,95.19,414.33,2026-09-21
CRA0220073P,CRA,MINERVA S.A.,RIZA SECURITIZADORA S.A.,1ª,2029-07-16,"IPCA + 7,2063%",11.8863,12.1293,11.1732,0.85,1077.10739522,89.72,637.89,2026-09-21
CRA025000ME,CRA,SEARA ALIMENTOS LTDA.,RIZA SECURITIZADORA S.A.,2ª,2045-02-15,"IPCA + 7,2266%",,,,,,,,2026-09-21
CRA0240066K,CRA,BRF S.A.,ECO SECURITIZADORA DE DIREITOS CREDITÓRIOS DO AGRONEGÓCIO S.A.,3ª,2034-06-15,"IPCA + 7,2336%",11.6997,12.1393,10.9547,1.02,907.89433877,80.81,1289.64,2026-09-21
22K0934889,CRI,BCBF PARTICIPAÇÕES S.A.,RIZA SECURITIZADORA S.A.,3ª,2034-12-15,"IPCA + 7,2792%",20.6369,23.0284,17.3653,1.44,651.31390844,53.93,1228.35,2026-09-21
CRA024001QA,CRA,ZAMP S.A.,RIZA SECURITIZADORA S.A.,3ª,2029-02-15,"IPCA + 7,3%",8.8683,,,0.17,1099.37468066,96.84,556.97,2026-09-21
CRA024007Q5,CRA,SLC MÁQUINAS LTDA.,OPEA SECURITIZADORA S/A,3ª,2031-08-15,"IPCA + 7,31%",9.9503,10.3011,9.2619,0.58,1030.3860573,93.01,746.55,2026-09-21
CRA02200C6Z,CRA,MARFRIG GLOBAL FOODS S.A.,ECO SECURITIZADORA DE DIREITOS CREDITÓRIOS DO AGRONEGÓCIO S.A.,2ª,2032-10-15,"IPCA + 7,3352%",12.2395,12.6191,11.0107,0.28,1016.67775933,83.26,1017.14,2026-09-21
24A2721507,CRI,DASA,VERT COMPANHIA SECURITIZADORA,3ª,2031-01-15,"IPCA + 7,3402%",13.0731,13.8469,11.8741,0.6,960.63705256,84.23,823.23,2026-09-21
CRA022006HF,CRA,AÇO VERDE DO BRASIL S.A.,RIZA SECURITIZADORA S.A.,2ª,2032-06-15,"IPCA + 7,3686%",10.3668,11.045,9.9394,0.46,1086.69502706,89.73,984.01,2026-09-21
CRA024009Q4,CRA,MARFRIG GLOBAL FOODS S.A.,ECO SECURITIZADORA DE DIREITOS CREDITÓRIOS DO AGRONEGÓCIO S.A.,3ª,2034-10-16,"IPCA + 7,3693%",12.5703,12.7993,12.1593,0.12,872.56858952,77.8,1300.76,2026-09-21
22E1314836,CRI,SÃO CARLOS EMPREENDIMENTOS E PARTICIPAÇÕES S.A.,OPEA SECURITIZADORA S/A,1ª,2029-09-17,"IPCA + 7,3826%",9.9806,,,0.34,1154.7932725,95.76,455.04,2026-09-21
CRA022001E2,CRA,FS AGRISOLUTIONS INDÚSTRIA DE BIOCOMBUSTÍVEIS LTDA.,ECO SECURITIZADORA DE DIREITOS CREDITÓRIOS DO AGRONEGÓCIO S.A.,2ª,2029-02-15,"IPCA + 7,3913%",11.7535,12.3586,10.863,0.07,1167.20465496,94.95,325.03,2026-09-21
CRA022004SD,CRA,FS AGRISOLUTIONS INDÚSTRIA DE BIOCOMBUSTÍVEIS LTDA.,ECO SECURITIZADORA DE DIREITOS CREDITÓRIOS DO AGRONEGÓCIO S.A.,2ª,2029-05-15,"IPCA + 7,3913%",11.6258,12.3414,11.1196,0.01,1161.05907592,94.38,373.43,2026-09-21
CRA02400AHZ,CRA,REFRESCOS BANDEIRANTES INDÚSTRIA E COMÉRCIO LTDA.,RIZA SECURITIZADORA S.A.,2ª,2034-11-16,"IPCA + 7,41%",10.5367,11.1958,,0.07,951.54345486,85.56,1348.11,2026-09-21
24J2539865,CRI,JHSF PARTICIPAÇÕES S.A.,OPEA SECURITIZADORA S/A,1ª,2034-10-16,"IPCA + 7,4183%",8.7832,9.0664,8.5026,0.13,1054.75369807,93.41,1351.87,2026-09-21
CRA0240005O,CRA,CEREAL COMÉRCIO EXPORTAÇÃO E REPRESENTAÇÃO AGROPECUÁRIA S.A.,RIZA SECURITIZADORA S.A.,2ª,2029-01-15,"IPCA + 7,4367%",8.8673,9.9833,8.1292,0.15,1120.87911266,98.39,308.76,2026-09-21
CRA022004H5,CRA,NARDINI AGROINDUSTRIAL LTDA.,OPEA SECURITIZADORA S/A,1ª,2028-04-15,"IPCA + 7,4986%",7.9462,,,1.01,820.06228223,99.59,251.03,2026-09-21
23L2043184,CRI,UNIDAS LOCADORA S.A.,OPEA SECURITIZADORA S/A,3ª,2030-12-16,"IPCA + 7,5%",9.9258,10.3595,9.3088,0.19,1075.52743098,93.05,809.72,2026-09-21
CRA024009Q5,CRA,MARFRIG GLOBAL FOODS S.A.,ECO SECURITIZADORA DE DIREITOS CREDITÓRIOS DO AGRONEGÓCIO S.A.,4ª,2039-10-17,"IPCA + 7,5395%",12.9351,12.9794,12.4064,0.47,780.77996204,69.57,1745.78,2026-09-21
CRA02300MOQ,CRA,MINERVA S.A.,RIZA SECURITIZADORA S.A.,3ª,2030-09-16,"IPCA + 7,5408%",12.3687,12.4879,10.1181,0.82,997.32950246,87.33,772.55,2026-09-21
23L0034761,CRI,FARO ENERGY PROJETOS SOLARES HOLDING S.A.,OPEA SECURITIZADORA S/A,1ª,2038-12-15,"IPCA + 7,5702%",,,,,,,,2026-09-21
CRA0250080Y,CRA,ELDORADO BRASIL CELULOSE S.A.,OPEA SECURITIZADORA S/A,3ª,2040-09-17,"IPCA + 7,6%",8.5317,,8.2052,0.19,966.60488389,92.72,2183.28,2026-09-21
25D0012204,CRI,CYRELA BRAZIL REALTY S.A.,COMPANHIA PROVÍNCIA DE SECURITIZAÇÃO,3ª,2032-04-15,"IPCA + 7,6693%",8.3773,,7.9828,0.09,1056.97490468,97.33,1037.98,2026-09-21
23J1127331,CRI,MOVIDA PARTICIPAÇÕES S.A.,OPEA SECURITIZADORA S/A,3ª,2033-10-17,"IPCA + 7,7279%",13.4936,,,0.5,922.52252995,78.4,1146.83,2026-09-21
CRA0250080X,CRA,ELDORADO BRASIL CELULOSE S.A.,OPEA SECURITIZADORA S/A,2ª,2035-09-17,"IPCA + 7,7281%",8.6733,,8.2427,0.03,984.12378763,94.4,1653.5,2026-09-21
CRA02400AYK,CRA,BEM BRASIL ALIMENTOS S.A.,ECO SECURITIZADORA DE DIREITOS CREDITÓRIOS DO AGRONEGÓCIO S.A.,ª,2031-11-17,"IPCA + 7,737%",10.0937,10.5288,9.7499,0.54,1011.37259569,92.66,882.95,2026-09-21
CRA0230073N,CRA,J. MACÊDO S.A.,RIZA SECURITIZADORA S.A.,2ª,2030-04-15,"IPCA + 7,8%",8.1835,9.0458,6.9441,0.36,1023.36392194,99.42,412.09,2026-09-21
CRA025003PJ,CRA,SEARA,RIZA SECURITIZADORA S.A.,3ª,2055-05-17,"IPCA + 7,8%",10.0672,,8.8983,0.42,859.88954526,79.87,2515.13,2026-09-21
CRA024003UZ,CRA,LAR COOPERATIVA AGROINDUSTRIAL,ECO SECURITIZADORA DE DIREITOS CREDITÓRIOS DO AGRONEGÓCIO S.A.,3ª,2031-04-15,"IPCA + 7,8363%",9.3897,9.8974,9.1246,0.18,1063.30155105,95.69,772.98,2026-09-21
CRA021004NV,CRA,LAR COOPERATIVA AGROINDUSTRIAL,ECO SECURITIZADORA DE DIREITOS CREDITÓRIOS DO AGRONEGÓCIO S.A.,1ª,2026-11-15,"IPCA + 7,8749%",10.042,10.7331,8.5072,0.74,431.31828063,99.67,38.0,2026-09-21
CRA0250066B,CRA,BRF S.A.,ECO SECURITIZADORA DE DIREITOS CREDITÓRIOS DO AGRONEGÓCIO S.A.,3ª,2035-07-16,"IPCA + 7,9064%",12.4523,,11.4156,0.23,817.93136434,77.31,1523.34,2026-09-21
22E1321749,CRI,COGNA EDUCAÇÃO S.A.,OPEA SECURITIZADORA S/A,2ª,2029-07-16,"IPCA + 7,9273%",9.2035,9.6041,8.7881,0.08,1175.76677084,97.55,530.88,2026-09-21
CRA0240005P,CRA,CEREAL COMÉRCIO EXPORTAÇÃO E REPRESENTAÇÃO AGROPECUÁRIA S.A.,RIZA SECURITIZADORA S.A.,3ª,2031-01-15,"IPCA + 7,9443%",9.14,10.179,8.0812,0.12,1099.69639277,96.44,826.95,2026-09-21
22E1321750,CRI,COGNA EDUCAÇÃO S.A.,OPEA SECURITIZADORA S/A,3ª,2032-07-15,"IPCA + 8,0031%",9.4884,10.2565,9.1226,0.16,1141.63011052,94.71,999.44,2026-09-21
CRA025009EZ,CRA,Seara Alimentos Ltda.,ECO SECURITIZADORA DE DIREITOS CREDITÓRIOS DO AGRONEGÓCIO S.A.,4ª,2065-10-15,"IPCA + 8,0313%",,,,,,,,2026-09-21
CRA0250020C,CRA,BRF S.A.,ECO SECURITIZADORA DE DIREITOS CREDITÓRIOS DO AGRONEGÓCIO S.A.,2ª,2035-04-16,"IPCA + 8,04%",11.8911,12.5559,9.4337,1.03,883.41658516,81.08,1467.85,2026-09-21
22L1469805,CRI,ÂNIMA HOLDING S.A.,RIZA SECURITIZADORA S.A.,2ª,2029-12-17,"IPCA + 8,0481%",,,,,,,,2026-09-21
CRA02200795,CRA,ADUBOS ARAGUAIA INDÚSTRIA E COMÉRCIO LTDA.,ECO SECURITIZADORA DE DIREITOS CREDITÓRIOS DO AGRONEGÓCIO S.A.,1ª,2027-07-15,"IPCA + 8,1191%",9.5289,10.1692,9.1526,0.01,596.92295057,98.99,198.22,2026-09-21
CRA0250020D,CRA,BRF S.A.,ECO SECURITIZADORA DE DIREITOS CREDITÓRIOS DO AGRONEGÓCIO S.A.,3ª,2040-04-16,"IPCA + 8,2345%",11.6038,11.9458,10.2207,1.25,866.81304876,79.5,1804.28,2026-09-21
CRA0250018K,CRA,MARFRIG GLOBAL FOODS S.A.,ECO SECURITIZADORA DE DIREITOS CREDITÓRIOS DO AGRONEGÓCIO S.A.,4ª,2040-04-16,"IPCA + 8,2503%",12.8757,12.9048,11.8755,0.74,803.85857921,73.49,1742.43,2026-09-21
CRA0250018L,CRA,MARFRIG GLOBAL FOODS S.A,ECO SECURITIZADORA DE DIREITOS CREDITÓRIOS DO AGRONEGÓCIO S.A.,5ª,2045-04-17,"IPCA + 8,3405%",11.9026,,,1.77,827.7069342,75.65,2017.61,2026-09-21
CRA0240099F,CRA,VALE DO TIJUCO AÇÚCAR E ÁLCOOL S.A.,ECO SECURITIZADORA DE DIREITOS CREDITÓRIOS DO AGRONEGÓCIO S.A.,2ª,2034-10-16,"IPCA + 8,3558%",9.9346,,9.6571,0.29,1053.79723356,93.53,1156.68,2026-09-21
CRA0250020E,CRA,BRF S.A.,ECO SECURITIZADORA DE DIREITOS CREDITÓRIOS DO AGRONEGÓCIO S.A.,3ª,2045-04-17,"IPCA + 8,38%",10.197,10.954,10.0634,0.03,940.82281351,86.23,2163.27,2026-09-21
CRA02500BVX,CRA,BRF S.A.,ECO SECURITIZADORA DE DIREITOS CREDITÓRIOS DO AGRONEGÓCIO S.A.,5ª,2055-12-15,"IPCA + 8,3857%",,,,,,,,2026-09-21
CRA025008C2,CRA,Neomille S.A.,ECO SECURITIZADORA DE DIREITOS CREDITÓRIOS DO AGRONEGÓCIO S.A.,2ª,2032-12-15,"IPCA + 8,4473%",9.1418,,,0.21,1034.05817561,97.14,1140.8,2026-09-21
CRA02400AHX,CRA,CEREAL COMÉRCIO EXPORTAÇÃO E,RIZA SECURITIZADORA S.A.,3ª,2034-11-16,"IPCA + 8,4704%",9.8034,11.5807,8.0578,0.04,1055.17241078,93.73,1327.55,2026-09-21
CRA025008HR,CRA,Nardini II,OPEA SECURITIZADORA S/A,ª,2032-10-15,"IPCA + 8,4773%",,,,,,,,2026-09-21
CRA025006NC,CRA,LAR COOPERATIVA AGROINDUSTRIAL,ECO SECURITIZADORA DE DIREITOS CREDITÓRIOS DO AGRONEGÓCIO S.A.,3ª,2032-08-16,"IPCA + 8,7268%",9.5939,,,0.11,1008.64937595,96.63,1083.79,2026-09-21
CRA0250005M,CRA,Boa Safra,OPEA SECURITIZADORA S/A,3ª,2032-01-15,"IPCA + 8,7384%",,,,,,,,2026-09-21
CRA0250005L,CRA,Boa Safra,OPEA SECURITIZADORA S/A,4ª,2035-01-15,"IPCA + 8,9518%",,,,,,,,2026-09-21
CRA02300796,CRA,FS INDÚSTRIA DE BIOCOMBUSTÍVEIS LTDA.,ECO SECURITIZADORA DE DIREITOS CREDITÓRIOS DO AGRONEGÓCIO S.A.,2ª,2029-10-15,"IPCA + 8,9555%",11.7618,12.5375,11.208,0.17,1078.64215419,93.43,671.81,2026-09-21
CRA023003JY,CRA,OLFAR S.A.,RIZA SECURITIZADORA S.A.,2ª,2030-03-15,"IPCA + 8,9738%",9.8342,10.9803,8.4508,0.45,1144.57910996,98.62,445.71,2026-09-21
23F2455004,CRI,SENDAS DISTRIBUIDORA S.A.,OPEA SECURITIZADORA S/A,2ª,2027-07-15,,16.3851,,15.4887,1.82,989.13219979,96.88,196.17,2026-09-21
23I1259644,CRI,JSL,OPEA SECURITIZADORA S/A,4ª,2030-09-15,,,,,,,,,2026-09-21
23J1141681,CRI,YDUQS PARTICIPAÇÕES S.A.,OPEA SECURITIZADORA S/A,1ª,2028-10-16,,14.9187,,14.1956,0.65,989.60386471,94.46,453.46,2026-09-21
23K0018801,CRI,MULTIPLAN EMPREENDIMENTOS IMOBILIÁRIOS S.A.,RIZA SECURITIZADORA S.A.,3ª,2031-01-15,,14.2617,,,0.06,945.76000223,92.73,689.39,2026-09-21
23K0022041,CRI,Cogna,TRUE SECURITIZADORA S/A,2ª,2028-11-15,,14.9535,,14.2137,0.27,1010.17023023,96.9,366.69,2026-09-21
24A2715837,CRI,DIAGNÓSTICOS DA AMÉRICA S.A.,VERT COMPANHIA SECURITIZADORA,2ª,2029-01-15,,19.5212,,18.5065,0.75,900.94729825,88.17,506.57,2026-09-21
24A2721829,CRI,DIAGNÓSTICOS DA AMÉRICA S.A,VERT COMPANHIA SECURITIZADORA,4ª,2031-01-15,,19.6734,,19.1165,0.12,857.27967808,83.82,746.41,2026-09-21
25A1946535,CRI,Cury,OPEA SECURITIZADORA S/A,3ª,2032-01-15,,14.949,,14.1081,0.08,1030.63987066,100.4,812.84,2026-09-21
25D0271049,CRI,Log,OPEA SECURITIZADORA S/A,3ª,2032-04-15,,,,,,,,,2026-09-21
CRA02300G7D,CRA,MARFRIG GLOBAL FOODS S.A.,ECO SECURITIZADORA DE DIREITOS CREDITÓRIOS DO AGRONEGÓCIO S.A.,1ª,2027-08-16,,17.51,,,0.52,961.25731109,95.18,218.57,2026-09-21
CRA02300HWK,CRA,BANCO BTG PACTUAL S.A.,OPEA SECURITIZADORA S/A,4ª,2033-09-15,,13.4405,13.7029,13.14,0.26,939.43751917,93.78,1227.01,2026-09-21
CRA02300JR7,CRA,RAÍZEN ENERGIA S.A.,OPEA SECURITIZADORA S/A,3ª,2033-10-17,,,,,,475.05822451,45.37,,2026-09-21
CRA02300NX8,CRA,BTG Pactual III,OPEA SECURITIZADORA S/A,4ª,2033-11-16,,13.5044,,,0.14,1002.10628339,96.15,1183.97,2026-09-21
CRA02300SPD,CRA,FS Agrisolutions Indústria de Biocombustíveis LTDA,ECO SECURITIZADORA DE DIREITOS CREDITÓRIOS DO AGRONEGÓCIO S.A.,3ª,2030-06-15,,18.5006,,17.5663,0.55,875.63013802,87.39,734.29,2026-09-21
CRA02300SUZ,CRA,"Vamos Locação de Caminhões, Máquinas e Equipamentos S.A.",ECO SECURITIZADORA DE DIREITOS CREDITÓRIOS DO AGRONEGÓCIO S.A.,1ª,2030-11-18,,19.5612,,18.6901,0.95,863.46680769,82.95,713.82,2026-09-21
CRA02300TSF,CRA,BTG PACTUAL IV,OPEA SECURITIZADORA S/A,4ª,2033-12-15,,,,,,,,,2026-09-21
CRA024000B8,CRA,FS Indústria De Biocombustíveis Ltda,ECO SECURITIZADORA DE DIREITOS CREDITÓRIOS DO AGRONEGÓCIO S.A.,3ª,2030-07-15,,18.6335,,17.6719,0.15,870.90003539,86.92,745.03,2026-09-21
CRA024001P5,CRA,JSL S.A.,ECO SECURITIZADORA DE DIREITOS CREDITÓRIOS DO AGRONEGÓCIO S.A.,1ª,2031-02-15,,,,,,,,,2026-09-21
CRA024001Q9,CRA,ZAMP S.A.,RIZA SECURITIZADORA S.A.,2ª,2029-02-15,,17.1814,,16.5565,1.18,937.47286599,92.66,526.93,2026-09-21
CRA0240020B,CRA,VICUNHA II,RIZA SECURITIZADORA S.A.,2ª,2031-02-15,,,,,,,,,2026-09-21
CRA024002MH,CRA,JF CITRUS AGROPECUÁRIA S.A.,ECO SECURITIZADORA DE DIREITOS CREDITÓRIOS DO AGRONEGÓCIO S.A.,1ª,2029-03-15,,17.3837,,,0.29,916.92867619,91.53,438.61,2026-09-21
CRA024002S2,CRA,Minerva VII,RIZA SECURITIZADORA S.A.,2ª,2029-03-15,,18.6693,,16.8491,0.2,879.0132516,87.75,550.68,2026-09-21
CRA024002S3,CRA,MINERVA S.A.,RIZA SECURITIZADORA S.A.,3ª,2031-03-17,,18.6172,,16.9237,0.54,822.38285326,82.09,874.83,2026-09-21
CRA0240066D,CRA,FS Florestal S.A.,ECO SECURITIZADORA DE DIREITOS CREDITÓRIOS DO AGRONEGÓCIO S.A.,1ª,2030-06-15,,17.9103,18.1378,17.2151,0.5,941.92124604,93.98,718.52,2026-09-21
CRA0240066G,CRA,BRF S.A.,ECO SECURITIZADORA DE DIREITOS CREDITÓRIOS DO AGRONEGÓCIO S.A.,2ª,2031-06-16,,17.2125,,16.15,0.93,906.82626685,87.71,874.94,2026-09-21
CRA024007PT,CRA,Sorocaba Refrescos S.A,ECO SECURITIZADORA DE DIREITOS CREDITÓRIOS DO AGRONEGÓCIO S.A.,1ª,2031-08-15,,15.6575,16.4161,14.0248,0.45,917.94031081,90.77,860.32,2026-09-21
CRA024007Q3,CRA,SLC Maquinas,OPEA SECURITIZADORA S/A,1ª,2031-08-15,,16.5898,17.1033,15.9,0.36,925.04112645,91.45,684.93,2026-09-21
CRA024009Q3,CRA,MARFRIG GLOBAL FOODS S.A.,ECO SECURITIZADORA DE DIREITOS CREDITÓRIOS DO AGRONEGÓCIO S.A.,2ª,2031-10-15,,17.4166,,16.15,0.81,930.11779784,88.1,890.75,2026-09-21
CRA02400AHY,CRA,REFRESCOS BANDEIRANTES INDÚSTRIA E COMÉRCIO LTDA.,RIZA SECURITIZADORA S.A.,1ª,2032-11-16,,17.1206,,,1.35,927.42312916,88.67,965.16,2026-09-21
CRA02400AYM,CRA,MINERVA S.A.,RIZA SECURITIZADORA S.A.,2ª,2029-11-16,,18.6737,,17.0867,0.23,950.27595451,90.69,627.44,2026-09-21
CRA02400AYP,CRA,MINERVA S.A.,RIZA SECURITIZADORA S.A.,5ª,2034-11-16,,18.3901,,16.9274,0.15,913.63148419,87.05,1069.78,2026-09-21
CRA02500001,CRA,BOA SAFRA SEMENTES S.A.,OPEA SECURITIZADORA S/A,1ª,2030-01-15,,16.1635,16.6705,15.3573,0.19,985.31095919,98.31,660.44,2026-09-21
CRA0250012X,CRA,FS FLORESTAL S.A.,ECO SECURITIZADORA DE DIREITOS CREDITÓRIOS DO AGRONEGÓCIO S.A.,1ª,2030-03-15,,18.3149,18.6398,17.8504,0.61,992.39263708,98.98,664.4,2026-09-21
CRA0250018I,CRA,Marfrig Global Foods S.A,ECO SECURITIZADORA DE DIREITOS CREDITÓRIOS DO AGRONEGÓCIO S.A.,2ª,2032-04-15,,17.5013,,16.15,0.94,967.47911282,91.2,928.54,2026-09-21
CRA025002S3,CRA,MINERVA S.A,RIZA SECURITIZADORA S.A.,2ª,2030-04-15,,18.7324,,,0.25,994.100984,93.33,667.16,2026-09-21
CRA025002S4,CRA,MINERVA S.A.,RIZA SECURITIZADORA S.A.,4ª,2032-04-15,,18.8403,,,0.23,966.16993846,90.71,903.43,2026-09-21
CRA0250040J,CRA,Natural One S.A,ECO SECURITIZADORA DE DIREITOS CREDITÓRIOS DO AGRONEGÓCIO S.A.,2ª,2029-06-15,,,,,,,,,2026-09-21
CRA025005EH,CRA,GDM GENÉTICA DO BRASIL S.A.,ECO SECURITIZADORA DE DIREITOS CREDITÓRIOS DO AGRONEGÓCIO S.A.,1ª,2032-07-15,,15.6802,16.4697,15.0,0.06,1008.3719598,98.22,964.58,2026-09-21
CRA025005V7,CRA,MINERVA S.A.,RIZA SECURITIZADORA S.A.,3ª,2033-07-15,,18.4364,,16.75,0.9,896.30230536,87.37,1028.91,2026-09-21
CRA025005V8,CRA,MINERVA S.A,RIZA SECURITIZADORA S.A.,4ª,2035-07-16,,18.6304,,16.75,0.47,886.07441748,86.34,1141.02,2026-09-21
CRA0250066A,CRA,BRF S.A.,ECO SECURITIZADORA DE DIREITOS CREDITÓRIOS DO AGRONEGÓCIO S.A.,2ª,2032-07-15,,17.998,,,0.49,892.4872511,87.09,995.0,2026-09-21
CRA025006NB,CRA,LAR COOPERATIVA AGROINDUSTRIAL,ECO SECURITIZADORA DE DIREITOS CREDITÓRIOS DO AGRONEGÓCIO S.A.,2ª,2032-08-16,,16.1476,,,0.35,950.91872051,94.89,948.69,2026-09-21
CRA025007KE,CRA,Cereal Comércio Exportação e Representação Agropecuária S.A.,ECO SECURITIZADORA DE DIREITOS CREDITÓRIOS DO AGRONEGÓCIO S.A.,2ª,2032-09-15,,16.3034,16.6683,15.92,0.39,941.6232617,93.96,986.75,2026-09-21
CRA025007KK,CRA,ELDORADO BRASIL CELULOSE S.A.,OPEA SECURITIZADORA S/A,1ª,2032-09-15,,15.2631,,,0.65,960.015093,95.8,1060.82,2026-09-21
CRA025008ND,CRA,São Salvador Alimentos S.A.,ECO SECURITIZADORA DE DIREITOS CREDITÓRIOS DO AGRONEGÓCIO S.A.,2ª,2033-10-15,,15.5754,16.2908,14.7657,0.24,1003.84953483,94.79,1104.3,2026-09-21
CRA025009VO,CRA,EUCATEX INDÚSTRIA E COMÉRCIO LTDA,VERT COMPANHIA SECURITIZADORA,3ª,2032-11-16,,,,,,,,,2026-09-21
CRA02500A15,CRA,Açucareira Quatá S.A.,ECO SECURITIZADORA DE DIREITOS CREDITÓRIOS DO AGRONEGÓCIO S.A.,1ª,2032-11-15,,16.3968,,15.7483,0.08,985.96875577,93.98,958.6,2026-09-21
CRA02500AHU,CRA,C. Vale - Cooperativa Agroindustrial,ECO SECURITIZADORA DE DIREITOS CREDITÓRIOS DO AGRONEGÓCIO S.A.,2ª,2030-11-15,,15.4155,16.0741,14.8,0.33,1035.8275737,98.62,778.69,2026-09-21
CRA02500BVU,CRA,BRF S.A.,ECO SECURITIZADORA DE DIREITOS CREDITÓRIOS DO AGRONEGÓCIO S.A.,2ª,2032-12-15,,17.6745,,17.0946,0.96,892.54590041,86.2,1033.74,2026-09-21
CRA02500C1D,CRA,Alibem Alimentos S.A.,ECO SECURITIZADORA DE DIREITOS CREDITÓRIOS DO AGRONEGÓCIO S.A.,1ª,2030-12-18,,16.0173,16.8764,15.45,0.41,1015.49899785,97.89,507.44,2026-09-21
CRA026001JM,CRA,Lar Cooperativa Agroindustrial,ECO SECURITIZADORA DE DIREITOS CREDITÓRIOS DO AGRONEGÓCIO S.A.,2ª,2033-03-15,,16.4472,,16.1049,0.16,953.52630248,95.14,1004.54,2026-09-21
CRA026002BE,CRA,BRF S.A.,ECO SECURITIZADORA DE DIREITOS CREDITÓRIOS DO AGRONEGÓCIO S.A.,2ª,2033-04-15,,16.432,17.1245,15.8732,0.75,967.0250011,91.99,1054.99,2026-09-21
25B0013406,CRI,Direcional,OPEA SECURITIZADORA S/A,1ª,2032-02-16,100% do DI,101.14,,99.0,0.15,1005.99735515,99.41,992.02,2026-09-18
CRA019003V2,CRA,RAÍZEN ENERGIA S.A.,OPEA SECURITIZADORA S/A,1ª,2029-07-16,100% do DI,,,,,423.81935198,41.53,,2026-09-18
CRA024004H7,CRA,SÃO MARTINHO S.A.,RIZA SECURITIZADORA S.A.,3ª,2029-04-12,100% do DI,100.9253,102.8525,98.5275,1.05,1057.10032444,99.75,531.52,2026-09-18
CRA0250018H,CRA,Marfrig Global Foods S.A,ECO SECURITIZADORA DE DIREITOS CREDITÓRIOS DO AGRONEGÓCIO S.A.,1ª,2030-04-15,100% do DI,,,,,,,,2026-09-18
CRA02500BVT,CRA,BRF S.A.,ECO SECURITIZADORA DE DIREITOS CREDITÓRIOS DO AGRONEGÓCIO S.A.,1ª,2030-06-17,100% do DI,114.2798,,107.9885,1.29,1030.99211372,93.31,933.0,2026-09-18
24D2765715,CRI,CYRELA BRAZIL REALTY S.A.,COMPANHIA PROVÍNCIA DE SECURITIZAÇÃO,3ª,2031-04-15,101% do DI,99.2241,101.42,97.12,0.2,1066.80017191,100.71,768.72,2026-09-18
CRA023007VD,CRA,ENGELHART CTP,OPEA SECURITIZADORA S/A,1ª,2028-07-05,101% do DI,96.3178,97.196,93.596,1.17,1038.17909455,100.97,403.34,2026-09-18
25L2997442,CRI,Even Construtora e Incorporadora S/A,VERT COMPANHIA SECURITIZADORA,ª,2032-12-15,"101,5% do DI",,,,,,,,2026-09-18
CRA026002BD,CRA,BRF S.A.,ECO SECURITIZADORA DE DIREITOS CREDITÓRIOS DO AGRONEGÓCIO S.A.,1ª,2030-10-15,"101,5% do DI",113.4633,,106.9783,1.57,986.80043438,93.86,1018.0,2026-09-18
24D3313768,CRI,CURY CONSTRUTORA E INCORPORADORA S.A.,TRUE SECURITIZADORA S/A,1ª,2027-05-31,102% do DI,98.588,100.9133,96.675,0.56,1046.08822368,100.28,163.04,2026-09-18
25G5109813,CRI,MRV,VERT COMPANHIA SECURITIZADORA,1ª,2030-07-15,102% do DI,,,,,,,,2026-09-18
CRA023003UX,CRA,ENGELHART CTP,OPEA SECURITIZADORA S/A,1ª,2027-03-15,102% do DI,94.2413,96.018,92.418,2.37,1006.24228458,100.47,119.0,2026-09-18
CRA02500669,CRA,BRF S.A,ECO SECURITIZADORA DE DIREITOS CREDITÓRIOS DO AGRONEGÓCIO S.A.,1ª,2029-07-16,102% do DI,113.4625,,108.1342,4.69,1121.37360091,95.91,704.0,2026-09-18
CRA025008HM,CRA,Cocal Comercio Industria Canaa Acucar e Alcool S.A.,VERT COMPANHIA SECURITIZADORA,1ª,2031-09-15,102% do DI,,,,,,,,2026-09-18
24F1277566,CRI,DIRECIONAL ENGENHARIA S.A.,OPEA SECURITIZADORA S/A,1ª,2029-07-16,103% do DI,99.9138,102.45,97.8166,0.28,1034.6875074,100.95,594.88,2026-09-18
CRA02300209,CRA,ENGELHART CTP,VERT COMPANHIA SECURITIZADORA,1ª,2027-01-15,103% do DI,93.7341,96.3933,91.5933,3.73,1028.76680339,100.37,80.0,2026-09-18
CRA0250073L,CRA,Mantiqueira Brasil,ECO SECURITIZADORA DE DIREITOS CREDITÓRIOS DO AGRONEGÓCIO S.A.,1ª,2030-08-15,"103,1% do DI",,,,,,,,2026-09-18
25G5313879,CRI,MOURA DUBEUX ENGENHARIA S.A.,VERT COMPANHIA SECURITIZADORA,1ª,2030-07-15,"103,75% do DI",105.5253,,102.5,2.81,994.73616421,99.31,748.61,2026-09-18
CRA025008N8,CRA,3Tentos,OPEA SECURITIZADORA S/A,1ª,2030-10-15,"103,75% do DI",108.397,115.7722,101.8478,1.63,1041.51514352,98.17,762.9,2026-09-18
22J0346710,CRI,BANCO BTG PACTUAL S.A.,OPEA SECURITIZADORA S/A,1ª,2027-01-15,104% do DI,96.5,96.9,,0.5,1028.30335193,100.3,80.0,2026-09-18
CRA0240066A,CRA,CAMIL ALIMENTOS S.A.,ECO SECURITIZADORA DE DIREITOS CREDITÓRIOS DO AGRONEGÓCIO S.A.,1ª,2029-06-15,104% do DI,,,,,,,,2026-09-18
CRA025006SR,CRA,Boa Safra II,OPEA SECURITIZADORA S/A,1ª,2032-02-16,104% do DI,109.7818,,108.5,3.07,973.0062557,97.14,957.86,2026-09-18
CRA025007KD,CRA,CEREAL COMÉRCIO EXPORTAÇÃO E REPRESENTAÇÃO AGROPECUÁRIA S.A.,ECO SECURITIZADORA DE DIREITOS CREDITÓRIOS DO AGRONEGÓCIO S.A.,1ª,2030-09-16,104% do DI,,,,,,,,2026-09-18
CRA025002S1,CRA,MINERVA S.A.,RIZA SECURITIZADORA S.A.,1ª,2030-04-15,"104,5% do DI",127.7081,,123.878,0.87,977.54089009,92.1,678.94,2026-09-18
CRA025005V5,CRA,MINERVA S.A.,RIZA SECURITIZADORA S.A.,1ª,2030-07-15,"104,5% do DI",127.3155,,123.778,1.15,938.59000458,91.54,741.84,2026-09-18
24D0006602,CRI,ALLOS S.A.,OPEA SECURITIZADORA S/A,2ª,2029-04-16,105% do DI,98.7906,101.41,97.08,1.36,1079.78766851,101.71,530.28,2026-09-18
25E0013305,CRI,JHSF IV,OPEA SECURITIZADORA S/A,2ª,2030-05-15,105% do DI,103.5233,,,0.48,1055.45239398,100.55,710.17,2026-09-18
CRA02300TSB,CRA,BANCO BTG PACTUAL S.A.,OPEA SECURITIZADORA S/A,1ª,2033-12-15,105% do DI,96.8553,99.4866,94.6866,2.09,1090.41399565,105.06,1166.93,2026-09-18
CRA02400AYL,CRA,MINERVA S.A.,RIZA SECURITIZADORA S.A.,1ª,2029-11-16,105% do DI,123.6895,124.23,115.458,7.64,987.59601979,94.08,628.25,2026-09-18
CRA025008C3,CRA,Neomille S.A.,ECO SECURITIZADORA DE DIREITOS CREDITÓRIOS DO AGRONEGÓCIO S.A.,3ª,2032-12-15,105% do DI,114.1785,,112.4116,1.66,990.06594343,95.38,980.22,2026-09-18
CRA02500AC9,CRA,,ECO SECURITIZADORA DE DIREITOS CREDITÓRIOS DO AGRONEGÓCIO S.A.,1ª,2030-11-15,105% do DI,,,,,,,,2026-09-18
CRA02500AHT,CRA,C. Vale - Cooperativa Agroindustrial,ECO SECURITIZADORA DE DIREITOS CREDITÓRIOS DO AGRONEGÓCIO S.A.,1ª,2030-11-15,"105,5% do DI",,,,,,,,2026-09-18
CRA025005EI,CRA,GDM Genética do Brasil S.A.,ECO SECURITIZADORA DE DIREITOS CREDITÓRIOS DO AGRONEGÓCIO S.A.,2ª,2032-07-15,"105,75% do DI",108.002,115.2208,100.3655,0.02,1013.94399388,98.86,974.13,2026-09-18
23K0018802,CRI,MULTIPLAN EMPREENDIMENTOS IMOBILIÁRIOS S.A.,RIZA SECURITIZADORA S.A.,2ª,2031-01-15,106% do DI,98.7977,101.1666,96.9333,0.05,1051.57421016,102.52,670.0,2026-09-18
CRA025006NA,CRA,Lar Cooperativa Agroindustrial,ECO SECURITIZADORA DE DIREITOS CREDITÓRIOS DO AGRONEGÓCIO S.A.,1ª,2030-08-15,106% do DI,111.5377,,109.0,0.05,982.31807,98.07,678.73,2026-09-18
23K0019201,CRI,DIRECIONAL ENGENHARIA S.A.,TRUE SECURITIZADORA S/A,2ª,2028-11-16,"106,5% do DI",98.8055,,,0.52,1069.74132353,101.84,463.08,2026-09-18
CRA024004MP,CRA,SÃO SALVADOR ALIMENTOS S.A.,ECO SECURITIZADORA DE DIREITOS CREDITÓRIOS DO AGRONEGÓCIO S.A.,1ª,2030-04-15,"106,5% do DI",,,,,,,,2026-09-18
CRA026001JL,CRA,Lar Cooperativa Agroindustrial,ECO SECURITIZADORA DE DIREITOS CREDITÓRIOS DO AGRONEGÓCIO S.A.,1ª,2031-03-15,"106,5% do DI",112.6422,,110.46,0.33,977.51587541,97.59,763.95,2026-09-18
25H0243072,CRI,BTSA,RIZA SECURITIZADORA S.A.,2ª,2032-08-16,107% do DI,111.2872,,107.5,1.39,984.47142272,98.28,776.18,2026-09-18
CRA02300NRL,CRA,BANCO BTG PACTUAL S.A.,OPEA SECURITIZADORA S/A,1ª,2033-11-16,107% do DI,98.5,99.9,95.1,0.5,1104.05700909,105.15,1138.67,2026-09-18
CRA025003UZ,CRA,COOXUPÉ - COOPERATIVA REGIONAL DE,VERT COMPANHIA SECURITIZADORA,2ª,2030-06-17,"107,5% do DI",110.5677,,108.5,2.14,1028.27591916,98.98,646.95,2026-09-18
CRA02300CYQ,CRA,BANCO BTG PACTUAL S.A.,OPEA SECURITIZADORA S/A,1ª,2033-07-15,109% do DI,96.1483,98.1466,92.98,1.32,1106.49666601,107.81,1130.87,2026-09-18
CRA02300HWH,CRA,BANCO BTG PACTUAL S.A.,OPEA SECURITIZADORA S/A,1ª,2033-09-15,109% do DI,98.4825,99.9125,95.5625,0.41,1067.61290447,106.58,1169.32,2026-09-18
24I1980390,CRI,MRV ENGENHARIA E PARTICIPAÇÕES S.A,OPEA SECURITIZADORA S/A,1ª,2029-10-15,110% do DI,129.6058,138.6333,,1.54,1001.51631566,94.07,599.92,2026-09-18
25B3099731,CRI,IGUATEMI PPPH PARTICIPAÇÕES LTDA.,OPEA SECURITIZADORA S/A,1ª,2030-02-18,96% do DI,98.7266,101.41,96.0433,0.28,1001.39921945,99.0,709.23,2026-09-18
25D0012202,CRI,CYRELA BRAZIL REALTY S.A. EMPREENDIMENTOS,COMPANHIA PROVÍNCIA DE SECURITIZAÇÃO,1ª,2029-04-15,96% do DI,98.7288,,,0.34,1048.31152577,99.25,537.01,2026-09-18
25J4546988,CRI,CYRELA BRAZIL REALTY S.A. EMPREENDIMENTOS E,COMPANHIA PROVÍNCIA DE SECURITIZAÇÃO,1ª,2032-11-16,"96,5% do DI",99.7077,,97.5,0.28,1027.23321426,98.24,1055.7,2026-09-18
25D0012203,CRI,CYRELA BRAZIL REALTY S.A. EMPREENDIMENTOS E PARTICIPAÇÕES,COMPANHIA PROVÍNCIA DE SECURITIZAÇÃO,2ª,2030-04-15,97% do DI,99.1333,,97.0,0.09,1048.69743907,99.23,701.27,2026-09-18
26C3164285,CRI,Allos VI,OPEA SECURITIZADORA S/A,1ª,2031-03-12,97% do DI,98.6611,100.8833,,0.18,994.62265538,99.26,857.95,2026-09-18
26G0012801,CRI,Cury III,OPEA SECURITIZADORA S/A,1ª,2032-07-06,97% do DI,99.7755,,97.5,0.68,1005.57028879,98.6,973.63,2026-09-18
CRA025003PD,CRA,SÃO MARTINHO S.A.,VERT COMPANHIA SECURITIZADORA,1ª,2032-06-15,97% do DI,103.5688,,101.48,0.16,999.58600498,96.58,1011.85,2026-09-18
24H1684874,CRI,SOCIEDADE BENEFICENTE ISRAELITA BRASILEIRA HOSPITAL ALBERT EINSTEIN,RIZA SECURITIZADORA S.A.,1ª,2029-08-17,"97,5% do DI",97.4533,99.985,95.9466,0.03,866.35800288,100.01,374.29,2026-09-18
24D2765586,CRI,CYRELA BRAZIL REALTY S.A.,COMPANHIA PROVÍNCIA DE SECURITIZAÇÃO,1ª,2028-04-15,98% do DI,98.1165,99.6,96.64,0.33,704.87541023,99.99,241.44,2026-09-18
25G3629974,CRI,PLANO E PLANO II,RIZA SECURITIZADORA S.A.,1ª,2030-07-15,98% do DI,103.6227,,102.0,1.11,1001.23660542,97.8,760.7,2026-09-18
25I0014209,CRI,Multiplan,OPEA SECURITIZADORA S/A,1ª,2035-09-19,98% do DI,,,,,,,,2026-09-18
CRA024004H5,CRA,SÃO MARTINHO S.A.,RIZA SECURITIZADORA S.A.,1ª,2027-04-12,98% do DI,98.8325,101.7575,96.21,1.03,1057.9738869,99.95,130.33,2026-09-18
25G3629975,CRI,PLANO E PLANO II,RIZA SECURITIZADORA S.A.,2ª,2031-07-15,99% do DI,104.3222,,102.0,0.33,998.63586914,97.53,902.6,2026-09-18
24E1393588,CRI,MULTIPLAN EMPREENDIMENTOS IMOBILIÁRIOS S.A.,RIZA SECURITIZADORA S.A.,1ª,2029-05-17,"99,5% do DI",99.5894,101.7733,97.3066,0.07,1045.73789003,99.98,463.02,2026-09-18
CRA025008NB,CRA,Bem Brasil Alimentos S.A.,ECO SECURITIZADORA DE DIREITOS CREDITÓRIOS DO AGRONEGÓCIO S.A.,ª,2032-10-15,"DI + 0,33%",1.5268,2.3641,1.1,0.38,1016.61879287,95.9,885.38,2026-09-18
CRA024009Q2,CRA,MARFRIG GLOBAL FOODS S.A.,ECO SECURITIZADORA DE DIREITOS CREDITÓRIOS DO AGRONEGÓCIO S.A.,1ª,2031-10-15,"DI + 0,35%",2.7764,3.2041,2.5207,0.16,974.28646084,91.9,881.32,2026-09-18
22D1289009,CRI,CYRELA BRAZIL REALTY S.A.,OPEA SECURITIZADORA S/A,489ª,2027-06-15,"DI + 0,4%",0.2813,0.5074,0.2055,0.1,1038.12933462,100.08,174.0,2026-09-18
CRA02400AYN,CRA,MINERVA S.A.,RIZA SECURITIZADORA S.A.,3ª,2031-11-17,"DI + 0,4%",3.5262,4.4341,1.5404,0.54,938.92254049,89.53,896.32,2026-09-18
CRA02500003,CRA,BOA SAFRA SEMENTES S.A.,OPEA SECURITIZADORA S/A,2ª,2030-01-15,"DI + 0,4%",1.599,,1.35,0.23,992.87017127,96.87,674.34,2026-09-18
CRA0250018J,CRA,MARFRIG GLOBAL FOODS S.A.,ECO SECURITIZADORA DE DIREITOS CREDITÓRIOS DO AGRONEGÓCIO S.A.,3ª,2035-04-16,"DI + 0,4%",3.0394,,2.5237,0.47,943.72802599,89.0,1106.53,2026-09-18
CRA025007PT,CRA,SLC AGRÍCOLA S.A.,OPEA SECURITIZADORA S/A,1ª,2033-09-22,"DI + 0,4%",1.146,1.677,0.602,0.18,1037.06791668,96.98,1039.73,2026-09-18
CRA02300Q2Y,CRA,,RIZA SECURITIZADORA S.A.,3ª,2028-11-06,"DI + 0,48%",,,,,,,,2026-09-18
CRA025002S2,CRA,MINERVA S.A.,RIZA SECURITIZADORA S.A.,3ª,2032-04-15,"DI + 0,5%",3.5479,,,0.3,948.82424947,89.44,926.4,2026-09-18
23J0019601,CRI,Iguatemi,OPEA SECURITIZADORA S/A,1ª,2028-10-16,"DI + 0,55%",,,,,,,,2026-09-18
23K0018602,CRI,MULTIPLAN EMPREENDIMENTOS IMOBILIÁRIOS S.A.,RIZA SECURITIZADORA S.A.,1ª,2031-01-15,"DI + 0,6%",0.3846,0.6441,0.2607,0.01,1031.21030009,100.57,669.25,2026-09-18
24B0013201,CRI,SOMA,RIZA SECURITIZADORA S.A.,1ª,2028-02-15,"DI + 0,6%",,,,,,,,2026-09-18
23H1188857,CRI,RAIA DROGASIL S.A.,OPEA SECURITIZADORA S/A,2ª,2027-09-15,"DI + 0,65%",0.1285,0.4274,0.0774,0.09,1006.60385777,100.5,239.0,2026-09-18
CRA02300RS5,CRA,CAMIL ALIMENTOS S.A.,ECO SECURITIZADORA DE DIREITOS CREDITÓRIOS DO AGRONEGÓCIO S.A.,1ª,2028-11-16,"DI + 0,65%",3.3622,3.4318,2.7159,0.69,999.70232216,95.24,460.57,2026-09-18
22C0023008,CRI,RAIA DROGASIL S.A.,OPEA SECURITIZADORA S/A,495ª,2027-03-08,"DI + 0,7%",0.154,0.4174,0.0674,0.12,503.42658023,100.25,114.0,2026-09-18
23K0018401,CRI,DIRECIONAL ENGENHARIA S.A.,OPEA SECURITIZADORA S/A,1ª,2028-11-16,"DI + 0,7%",0.3962,,,0.15,1055.65326738,100.56,463.14,2026-09-18
CRA02300GCY,CRA,IPIRANGA PRODUTOS DE PETRÓLEO S.A.,VERT COMPANHIA SECURITIZADORA,2ª,2027-07-16,"DI + 0,7%",0.4809,,,0.18,1026.62403625,100.17,192.9,2026-09-18
CRA025005V6,CRA,MINERVA S.A.,RIZA SECURITIZADORA S.A.,2ª,2033-07-15,"DI + 0,7%",3.6093,,3.1387,0.28,910.71891329,88.81,1032.65,2026-09-18
22E1325261,CRI,HYPERA S.A.,OPEA SECURITIZADORA S/A,1ª,2027-08-16,"DI + 0,75%",0.5323,0.7324,0.3491,0.03,1014.55369206,100.19,217.97,2026-09-18
22F0230096,CRI,RAIA DROGASIL S.A.,OPEA SECURITIZADORA S/A,1ª,2029-06-26,"DI + 0,75%",0.2144,0.4607,0.1107,0.23,1043.72346219,101.04,486.75,2026-09-18
22K0934871,CRI,BCBF PARTICIPAÇÕES S.A.,RIZA SECURITIZADORA S.A.,1ª,2027-12-15,"DI + 0,75%",14.4722,,10.8191,1.14,899.25571877,86.61,282.38,2026-09-18
22I0970801,CRI,NATURA COSMÉTICOS S.A.,RIZA SECURITIZADORA S.A.,1ª,2027-09-15,"DI + 0,8%",0.3805,0.5574,0.2074,0.03,1005.6175423,100.4,238.92,2026-09-18
22J0305579,CRI,DIAGNÓSTICOS DA AMÉRICA S.A.,VERT COMPANHIA SECURITIZADORA,1ª,2027-10-15,"DI + 0,8%",4.7242,7.5134,3.0934,0.87,1023.81668221,96.38,242.83,2026-09-18
CRA02300JG2,CRA,JBS S.A.,RIZA SECURITIZADORA S.A.,2ª,2028-09-15,"DI + 0,8%",0.5095,1.1412,0.1371,0.2,1006.87295011,100.52,452.03,2026-09-18
CRA02300NRM,CRA,BANCO BTG PACTUAL S.A.,OPEA SECURITIZADORA S/A,2ª,2033-11-16,"DI + 0,8%",0.1062,,,0.46,1082.55654195,103.14,1135.49,2026-09-18
CRA0240066F,CRA,BRF S.A.,ECO SECURITIZADORA DE DIREITOS CREDITÓRIOS DO AGRONEGÓCIO S.A.,1ª,2029-06-15,"DI + 0,8%",2.4509,3.0641,2.3807,0.64,1000.99667216,96.4,567.22,2026-09-18
22E1315701,CRI,EVEN CONSTRUTORA E INCORPORADORA S.A.,OPEA SECURITIZADORA S/A,1ª,2028-09-18,"DI + 0,9%",0.9488,,,0.25,960.63241876,99.96,236.7,2026-09-18
23J1142031,CRI,YDUQS PARTICIPAÇÕES S.A.,OPEA SECURITIZADORA S/A,2ª,2028-10-13,"DI + 0,9%",0.9301,,,0.26,1062.27591375,99.96,341.69,2026-09-18
CRA022008NC,CRA,SOROCABA REFRESCOS S.A.,ECO SECURITIZADORA DE DIREITOS CREDITÓRIOS DO AGRONEGÓCIO S.A.,1ª,2029-08-15,"DI + 0,9%",1.1678,1.9405,0.2905,0.08,756.24785065,99.56,419.77,2026-09-18
CRA023000GP,CRA,"VAMOS LOCAÇÃO DE CAMINHÕES, MÁQUINAS E EQUIPAMENTOS S.A.",ECO SECURITIZADORA DE DIREITOS CREDITÓRIOS DO AGRONEGÓCIO S.A.,1ª,2028-01-17,"DI + 0,9%",4.0011,4.8404,3.0,0.0,988.70264343,96.38,306.95,2026-09-18
CRA024007K9,CRA,COOXUPÉ - COOPERATIVA REGIONAL DE CAFEICULTORES EM GUAXUPÉ LTDA.,VERT COMPANHIA SECURITIZADORA,1ª,2029-07-16,"DI + 0,9%",1.4939,2.1034,0.8034,0.06,1014.01887532,98.84,498.69,2026-09-18
22F0315398,CRI,LOCALIZA RENT A CAR S.A.,RIZA SECURITIZADORA S.A.,1ª,2027-06-07,"DI + 0,95%",0.4922,0.6741,0.3074,0.21,1045.47543667,100.3,167.68,2026-09-18
CRA024002MJ,CRA,MARFRIG GLOBAL FOODS S.A.,ECO SECURITIZADORA DE DIREITOS CREDITÓRIOS DO AGRONEGÓCIO S.A.,1ª,2029-03-15,"DI + 0,95%",2.8007,3.2074,2.5241,0.59,963.25642089,96.17,541.54,2026-09-18
23H0027402,CRI,REDE D'OR SÃO LUIZ S.A.,OPEA SECURITIZADORA S/A,1ª,2028-08-15,DI + 1%,0.2757,0.3707,0.0041,0.04,1025.3690035,101.24,429.94,2026-09-18
CRA022006HJ,CRA,SÃO SALVADOR ALIMENTOS S.A.,ECO SECURITIZADORA DE DIREITOS CREDITÓRIOS DO AGRONEGÓCIO S.A.,1ª,2027-07-15,DI + 1%,1.1247,1.8055,0.2555,0.04,1025.09843857,99.91,195.7,2026-09-18
CRA022008C9,CRA,COMPANHIA DE LOCAÇÃO DAS AMÉRICAS,ECO SECURITIZADORA DE DIREITOS CREDITÓRIOS DO AGRONEGÓCIO S.A.,2ª,2028-09-15,DI + 1%,0.7844,1.2053,0.5102,0.17,1005.51397203,100.38,451.37,2026-09-18
CRA022008CB,CRA,JALLES MACHADO S.A.,ECO SECURITIZADORA DE DIREITOS CREDITÓRIOS DO AGRONEGÓCIO S.A.,1ª,2032-08-09,DI + 1%,1.4074,,1.282,0.13,989.40456443,98.5,943.45,2026-09-18
23H1191899,CRI,RAIA DROGASIL S.A.,OPEA SECURITIZADORA S/A,3ª,2030-09-16,"DI + 1,1%",0.3997,0.588,0.2505,0.19,1021.59692447,101.99,713.69,2026-09-18
CRA024002S1,CRA,MINERVA S.A.,RIZA SECURITIZADORA S.A.,1ª,2029-03-15,"DI + 1,1%",2.9565,3.4018,2.5,0.62,963.27694702,96.17,540.77,2026-09-18
CRA02400AHV,CRA,CEREAL COMÉRCIO EXPORTAÇÃO E REPRESENTAÇÃO AGROPECUÁRIA S.A.,RIZA SECURITIZADORA S.A.,1ª,2029-11-16,"DI + 1,1%",1.6343,2.2254,0.9254,0.06,1037.57075228,98.69,626.16,2026-09-18
23F2455020,CRI,Assai,TRUE SECURITIZADORA S/A,3ª,2028-07-15,"DI + 1,15%",,,,,,,,2026-09-18
CRA023000MC,CRA,"VAMOS LOCAÇÃO DE CAMINHÕES, MÁQUINAS E EQUIPAMENTOS S.A.",ECO SECURITIZADORA DE DIREITOS CREDITÓRIOS DO AGRONEGÓCIO S.A.,2ª,2030-01-15,"DI + 1,2%",4.6461,5.3387,4.0,0.08,1456.11390488,89.58,828.0,2026-09-18
CRA024001P7,CRA,JSL S.A.,ECO SECURITIZADORA DE DIREITOS CREDITÓRIOS DO AGRONEGÓCIO S.A.,3ª,2031-02-17,"DI + 1,2%",4.904,5.6184,4.0333,0.0,919.54009818,90.77,672.59,2026-09-18
CRA024007Q4,CRA,SLC MÁQUINAS LTDA.,OPEA SECURITIZADORA S/A,2ª,2031-08-15,"DI + 1,2%",1.338,2.0537,0.7537,0.16,1009.36118847,99.64,677.81,2026-09-18
23C0247388,CRI,LOCALIZA RENT A CAR S.A.,RIZA SECURITIZADORA S.A.,1ª,2028-03-10,"DI + 1,25%",0.6129,0.7307,,0.09,1012.08721561,100.87,344.54,2026-09-18
23G0009601,CRI,DIMED S.A.,OPEA SECURITIZADORA S/A,1ª,2028-07-27,"DI + 1,3%",0.2862,,0.0084,0.01,824.98368142,101.03,256.62,2026-09-18
23C0247702,CRI,LOCALIZA RENT A CAR S.A.,RIZA SECURITIZADORA S.A.,2ª,2030-03-11,"DI + 1,4%",0.5339,,,0.2,1027.86170376,102.44,707.87,2026-09-18
CRA022008NF,CRA,IRANI PAPEL E EMBALAGEM S.A.,ECO SECURITIZADORA DE DIREITOS CREDITÓRIOS DO AGRONEGÓCIO S.A.,1ª,2027-08-16,"DI + 1,4%",1.019,1.6687,0.6405,0.16,1016.55083328,100.33,217.61,2026-09-18
CRA023002GX,CRA,INTEGRADA COOPERATIVA AGROINDUSTRIAL,ECO SECURITIZADORA DE DIREITOS CREDITÓRIOS DO AGRONEGÓCIO S.A.,1ª,2028-05-15,"DI + 1,4%",1.4492,2.9333,-0.0333,0.0,420.72272508,99.95,270.46,2026-09-18
23J1127308,CRI,MOVIDA PARTICIPAÇÕES S.A.,OPEA SECURITIZADORA S/A,1ª,2028-10-16,"DI + 1,45%",4.4776,4.5,2.5,0.69,1012.2728778,95.03,435.14,2026-09-18
22C1235206,CRI,HAVAN S.A.,OPEA SECURITIZADORA S/A,463ª,2027-04-27,"DI + 1,5%",0.7869,0.9191,0.5524,0.17,1013.26472426,100.4,141.55,2026-09-18
23I1257218,CRI,JSL S.A.,OPEA SECURITIZADORA S/A,2ª,2030-09-16,"DI + 1,5%",4.6912,,,1.8,910.19164751,90.86,774.19,2026-09-18
CRA0220080Y,CRA,NEOMILLE S.A.,ECO SECURITIZADORA DE DIREITOS CREDITÓRIOS DO AGRONEGÓCIO S.A.,1ª,2028-04-03,"DI + 1,5%",1.75,2.6584,0.8384,0.0,427.71479673,99.77,240.91,2026-09-18
CRA02300G7E,CRA,MARFRIG GLOBAL FOODS S.A.,ECO SECURITIZADORA DE DIREITOS CREDITÓRIOS DO AGRONEGÓCIO S.A.,2ª,2028-08-15,"DI + 1,5%",2.353,3.1074,2.0,0.33,999.0339946,98.59,427.63,2026-09-18
CRA02300MJ9,CRA,MINERVA S.A.,RIZA SECURITIZADORA S.A.,1ª,2028-09-15,"DI + 1,5%",2.5718,2.8341,1.0003,0.62,983.15276336,98.15,449.17,2026-09-18
CRA024003UY,CRA,LAR COOPERATIVA AGROINDUSTRIAL,ECO SECURITIZADORA DE DIREITOS CREDITÓRIOS DO AGRONEGÓCIO S.A.,2ª,2029-04-16,"DI + 1,55%",1.69,1.8657,1.1657,0.03,999.29906866,99.76,446.67,2026-09-18
CRA0240020A,CRA,VICUNHA TÊXTIL S.A.,RIZA SECURITIZADORA S.A.,1ª,2029-02-15,"DI + 1,6%",3.1071,3.9524,1.6114,0.24,983.14547053,97.01,518.58,2026-09-18
CRA0240099E,CRA,VALE DO TIJUCO AÇÚCAR E ÁLCOOL S.A.,ECO SECURITIZADORA DE DIREITOS CREDITÓRIOS DO AGRONEGÓCIO S.A.,1ª,2034-10-16,"DI + 1,6%",2.1984,,,0.37,1042.15255964,97.78,959.7,2026-09-18
CRA025009KJ,CRA,Salton,OPEA SECURITIZADORA S/A,1ª,2031-12-09,"DI + 1,6%",,,,,,,,2026-09-18
24A2720884,CRI,DIAGNÓSTICAS DA AMÉRICA S.A.,VERT COMPANHIA SECURITIZADORA,1ª,2029-01-15,"DI + 1,63%",4.5894,6.0197,2.9662,0.96,970.72441156,94.5,495.45,2026-09-18
22L1465644,CRI,ÂNIMA HOLDING S.A.,RIZA SECURITIZADORA S.A.,1ª,2027-12-15,"DI + 1,65%",2.2456,2.5,1.9,0.19,995.17852422,99.34,284.41,2026-09-18
CRA0230073L,CRA,J. MACÊDO S.A.,RIZA SECURITIZADORA S.A.,1ª,2028-04-17,"DI + 1,65%",0.7606,1.3155,,0.08,804.2622961,100.66,188.79,2026-09-18
22J0000801,CRI,TRISUL S.A.,TRUE SECURITIZADORA S/A,1ª,2027-12-15,"DI + 1,7%",,,,,,,,2026-09-18
23F0012002,CRI,LOG COMMERCIAL PROPERTIES E PARTICIPAÇÕES S.A.,OPEA SECURITIZADORA S/A,1ª,2028-06-26,"DI + 1,7%",1.1229,,0.6674,0.08,694.60719492,100.64,281.04,2026-09-18
23L2043099,CRI,Unidas,OPEA SECURITIZADORA S/A,1ª,2028-12-15,"DI + 1,7%",,,,,,,,2026-09-18
CRA02300VBT,CRA,UNIDAS LOCAÇÕES E SERVIÇOS S.A.,OPEA SECURITIZADORA S/A,1ª,2028-12-15,"DI + 1,7%",1.3278,1.9403,0.4737,0.19,1048.15659802,100.7,478.4,2026-09-18
CRA022008NH,CRA,IRANI PAPEL E EMBALAGEM S.A.,ECO SECURITIZADORA DE DIREITOS CREDITÓRIOS DO AGRONEGÓCIO S.A.,2ª,2029-08-15,"DI + 1,75%",0.9743,1.487,0.3703,0.07,1029.62787298,101.59,518.12,2026-09-18
CRA0230012X,CRA,VALE DO PONTAL AÇÚCAR E ETANOL S.A.,ECO SECURITIZADORA DE DIREITOS CREDITÓRIOS DO AGRONEGÓCIO S.A.,1ª,2031-02-17,"DI + 1,8%",2.1905,,,0.14,1001.98646349,98.85,757.92,2026-09-18
CRA0240005N,CRA,CEREAL COMÉRCIO EXPORTAÇÃO E REPRESENTAÇÃO AGROPECUÁRIA S.A.,RIZA SECURITIZADORA S.A.,1ª,2029-01-15,"DI + 1,8%",1.6517,2.2594,0.7794,0.37,1029.33458419,100.17,294.7,2026-09-18
24K0003002,CRI,PATRIMAR ENGENHARIA S.A.,RIZA SECURITIZADORA S.A.,1ª,2029-11-23,"DI + 1,95%",3.8196,4.6641,3.573,1.16,1010.90917082,96.17,539.91,2026-09-18
CRA02300Q8I,CRA,CAPAL COOPERATIVA AGROINDUSTRIAL,OPEA SECURITIZADORA S/A,1ª,2029-05-17,"DI + 1,95%",1.5615,2.3484,0.7,0.12,603.64477677,100.55,360.45,2026-09-18
23H1023846,CRI,BR PROPERTIES S.A.,OPEA SECURITIZADORA S/A,1ª,2031-08-15,DI + 2%,1.3619,1.5857,1.1008,0.05,935.02344066,101.76,703.07,2026-09-18
23J1333602,CRI,PATRIMAR ENGENHARIA S.A.,RIZA SECURITIZADORA S.A.,1ª,2028-10-20,DI + 2%,,,,,,,,2026-09-18
CRA022001P6,CRA,USINA BATATAIS S.A.,RIZA SECURITIZADORA S.A.,1ª,2028-04-20,DI + 2%,1.3267,2.2055,0.4555,0.05,1020.80338169,100.93,352.73,2026-09-18
CRA022008C2,CRA,VICUNHA TÊXTIL S.A.,RIZA SECURITIZADORA S.A.,2ª,2027-08-16,DI + 2%,3.2097,3.6091,2.0254,0.27,501.77956948,98.99,217.21,2026-09-18
CRA02300S8P,CRA,FS INDÚSTRIA DE BIOCOMBUSTÍVEIS LTDA.,ECO SECURITIZADORA DE DIREITOS CREDITÓRIOS DO AGRONEGÓCIO S.A.,2ª,2030-06-17,DI + 2%,3.8084,4.0907,3.337,0.52,952.95390651,95.13,713.49,2026-09-18
CRA024000B7,CRA,FS INDÚSTRIA DE BIOCOMBUSTÍVEIS LTDA.,ECO SECURITIZADORA DE DIREITOS CREDITÓRIOS DO AGRONEGÓCIO S.A.,2ª,2030-07-15,DI + 2%,4.0717,4.5587,3.4587,0.34,945.3435146,94.37,723.02,2026-09-18
23D0005401,CRI,ORIGINAL HOLDING S.A,OPEA SECURITIZADORA S/A,1ª,2028-04-15,"DI + 2,05%",,,,,,,,2026-09-18
CRA02300BQD,CRA,GJA INDÚSTRIAS S.A.,RIZA SECURITIZADORA S.A.,1ª,2029-07-16,"DI + 2,25%",5.2285,,,0.25,583.86724827,97.13,253.18,2026-09-18
CRA025000MJ,CRA,Integrada Cooperativa Agroindustrial,ECO SECURITIZADORA DE DIREITOS CREDITÓRIOS DO AGRONEGÓCIO S.A.,2ª,2029-05-15,"DI + 2,35%",2.2519,2.7605,1.5355,0.0,792.89393154,100.13,350.2,2026-09-18
22L1212138,CRI,LAR COOPERATIVA AGROINDUSTRIAL,HABITASEC SECURITIZADORA S.A.,2ª,2034-12-19,"DI + 2,45%",1.9259,3.0305,,0.28,913.85931306,101.48,722.73,2026-09-18
CRA02300KZL,CRA,FLORA PRODUTOS DE HIGIENE E LIMPEZA S.A.,OPEA SECURITIZADORA S/A,1ª,2029-10-15,"DI + 2,5%",1.6254,2.453,0.7,0.31,788.20837267,101.15,337.75,2026-09-18
CRA024005K1,CRA,Natural One S.A.,ECO SECURITIZADORA DE DIREITOS CREDITÓRIOS DO AGRONEGÓCIO S.A.,1ª,2029-05-25,"DI + 2,5%",,,,,,,,2026-09-18
CRA02300795,CRA,FS INDÚSTRIA DE BIOCOMBUSTÍVEIS LTDA.,ECO SECURITIZADORA DE DIREITOS CREDITÓRIOS DO AGRONEGÓCIO S.A.,1ª,2029-10-15,"DI + 2,9%",3.908,4.2989,3.3285,0.09,978.49739188,97.67,609.89,2026-09-18
CRA02300CCH,CRA,FS INDÚSTRIA DE BIOCOMBUSTÍVEIS LTDA.,ECO SECURITIZADORA DE DIREITOS CREDITÓRIOS DO AGRONEGÓCIO S.A.,1ª,2029-12-17,"DI + 2,9%",4.0039,4.4789,3.394,0.03,975.26293017,97.34,634.97,2026-09-18
CRA0250040I,CRA,Natural One S.A,ECO SECURITIZADORA DE DIREITOS CREDITÓRIOS DO AGRONEGÓCIO S.A.,1ª,2029-06-15,"DI + 2,9%",5.217,,3.5,2.01,1010.53134786,96.78,369.19,2026-09-18
CRA0220099D,CRA,CENTRAL CRESOL BASER,ECO SECURITIZADORA DE DIREITOS CREDITÓRIOS DO AGRONEGÓCIO S.A.,1ª,2027-12-15,"DI + 2,95%",1.1383,1.8664,0.4464,0.07,352.30814836,101.21,171.15,2026-09-18
CRA023003JX,CRA,OLFAR S.A.,RIZA SECURITIZADORA S.A.,1ª,2029-03-15,DI + 3%,2.1065,3.2404,1.1604,0.1,723.75536034,101.13,326.26,2026-09-18
CRA0240086H,CRA,DISTRIBUIDORA DE PRODUTOS DE PETRÓLEO CHARRUA LTDA.,OPEA SECURITIZADORA S/A,1ª,2029-08-23,DI + 3%,2.8223,3.6343,1.9274,0.29,1015.00869186,100.35,508.11,2026-09-18
CRA0250012Y,CRA,FS FLORESTAL S.A.,ECO SECURITIZADORA DE DIREITOS CREDITÓRIOS DO AGRONEGÓCIO S.A.,2ª,2031-03-17,DI + 3%,3.6521,4.6141,3.275,0.65,981.92004821,98.01,802.95,2026-09-18
23F0012602,CRI,FARMACIA E DROGARIA NISSEI S.A.,OPEA SECURITIZADORA S/A,1ª,2028-06-22,"DI + 3,5%",,,,,,,,2026-09-18
CRA022000RU,CRA,MADERO INDÚSTRIA E COMÉRCIO S.A.,ECO SECURITIZADORA DE DIREITOS CREDITÓRIOS DO AGRONEGÓCIO S.A.,2ª,2027-03-15,"DI + 3,5%",3.6937,4.0557,,0.19,139.73940885,99.95,67.45,2026-09-18
CRA024002MM,CRA,USINA SANTA FÉ S.A.,ECO SECURITIZADORA DE DIREITOS CREDITÓRIOS DO AGRONEGÓCIO S.A.,1ª,2029-12-17,DI + 4%,3.0717,4.793,1.1666,0.52,888.34656248,101.32,369.89,2026-09-18
CRA02400ECU,CRA,USINA CORURIPE AÇÚCAR E ÁLCOOL S.A.,ECO SECURITIZADORA DE DIREITOS CREDITÓRIOS DO AGRONEGÓCIO S.A.,5ª,2030-11-25,"DI + 4,1%",4.6059,5.0257,4.5924,0.45,4960.71587225,99.17,434.24,2026-09-18
CRA023001JL,CRA,PISANI PLÁSTICOS S.A.,ECO SECURITIZADORA DE DIREITOS CREDITÓRIOS DO AGRONEGÓCIO S.A.,1ª,2029-02-20,DI + 5%,4.0879,,,0.16,568.63481181,100.91,262.49,2026-09-18
CRA02300KOH,CRA,TECSOIL AUTOMAÇÃO E SISTEMAS S.A.,OPEA SECURITIZADORA S/A,1ª,2028-10-16,"DI + 5,5%",2.9968,4.0115,1.8571,0.14,711.99089265,102.3,240.06,2026-09-18
CRA02300JR6,CRA,RAÍZEN ENERGIA S.A.,TRUE SECURITIZADORA S/A,2ª,2033-10-17,IPCA + 0%,,,,,481.91919192,42.38,,2026-09-18
CRA019003JY,CRA,KLABIN S.A.,VERT COMPANHIA SECURITIZADORA,1ª,2029-06-15,"IPCA + 3,5%",7.2236,7.6388,6.6447,0.16,1393.71791931,94.29,416.34,2026-09-18
CRA019003V3,CRA,RAÍZEN ENERGIA S.A.,OPEA SECURITIZADORA S/A,2ª,2029-07-16,"IPCA + 3,602%",,,,,701.99126478,47.92,,2026-09-18
CRA021000MG,CRA,M. DIAS BRANCO S.A. INDÚSTRIA E COMÉRCIO DE ALIMENTOS,RIZA SECURITIZADORA S.A.,1ª,2028-03-15,"IPCA + 3,7992%",7.7306,8.0625,7.6308,0.06,1298.12473642,94.76,364.96,2026-09-18
CRA021000MH,CRA,M. DIAS BRANCO S.A. INDÚSTRIA E COMÉRCIO DE ALIMENTOS,RIZA SECURITIZADORA S.A.,2ª,2031-03-15,"IPCA + 4,1369%",8.178,8.5272,8.0869,0.03,1211.82813146,88.45,807.37,2026-09-18
CRA02100002,CRA,COCAL COMÉRCIO INDÚSTRIA CANAÃ AÇÚCAR E ÁLCOOL LTDA.,RIZA SECURITIZADORA S.A.,2ª,2028-02-15,"IPCA + 4,2095%",8.503,9.0744,7.1153,0.31,612.61750256,97.0,189.0,2026-09-18
CRA021000MB,CRA,COLOMBO AGROINDÚSTRIA S.A.,ECO SECURITIZADORA DE DIREITOS CREDITÓRIOS DO AGRONEGÓCIO S.A.,1ª,2027-03-15,"IPCA + 4,4474%",8.0223,9.205,7.0957,0.34,666.46754419,98.42,119.0,2026-09-18
CRA021001PQ,CRA,MARFRIG GLOBAL FOODS S.A.,OPEA SECURITIZADORA S/A,1ª,2028-07-15,"IPCA + 4,5%",12.1541,12.3065,11.8562,0.32,1171.25691729,88.41,438.6,2026-09-18
CRA019001E7,CRA,KLABIN S.A.,VERT COMPANHIA SECURITIZADORA,2ª,2029-03-15,"IPCA + 4,5081%",7.2815,7.6638,6.9689,0.12,1451.34477654,96.39,351.91,2026-09-18
CRA021001VA,CRA,MARFRIG GLOBAL FOODS S.A.,OPEA SECURITIZADORA S/A,2ª,2031-07-15,"IPCA + 4,6%",12.016,12.516,10.9813,0.37,1047.25865807,79.03,854.93,2026-09-18
21G0065100,CRI,ALIANSCE SONAE SHOPPING CENTERS S.A.,RB CAPITAL INVESTIMENTOS DTVM LTDA,347ª,2028-07-17,"IPCA + 4,6197%",7.9965,,7.858,0.25,1258.37017147,94.63,437.82,2026-09-18
CRA0210013B,CRA,BRF S.A.,VERT COMPANHIA SECURITIZADORA,1ª,2031-05-15,"IPCA + 4,7843%",11.7715,12.2786,10.9932,1.0,1042.95089565,76.84,1016.76,2026-09-18
CRA021001KB,CRA,COMPANHIA DE LOCAÇÃO DAS AMÉRICAS,ECO SECURITIZADORA DE DIREITOS CREDITÓRIOS DO AGRONEGÓCIO S.A.,1ª,2031-07-15,"IPCA + 4,825%",7.834,8.7576,7.2148,0.19,1208.18816165,90.71,863.9,2026-09-18
CRA021002SO,CRA,IPIRANGA PRODUTOS DE PETRÓLEO S.A.,VERT COMPANHIA SECURITIZADORA,1ª,2028-09-15,"IPCA + 4,8287%",7.9728,8.7283,7.6667,0.41,1228.71665796,94.51,481.22,2026-09-18
21D0737500,CRI,DIRECIONAL ENGENHARIA S.A.,OPEA SECURITIZADORA S/A,371ª,2028-04-17,"IPCA + 4,8444%",7.3492,7.9439,,0.44,875.66599891,97.6,258.31,2026-09-18
21D0862572,CRI,REDE D'OR SÃO LUIZ S.A.,OPEA SECURITIZADORA S/A,324ª,2036-05-15,"IPCA + 4,9347%",8.2836,,8.0394,0.33,1100.43805269,80.58,1700.59,2026-09-18
21H1078699,CRI,SENDAS DISTRIBUIDORA S.A.,OPEA SECURITIZADORA S/A,428ª,2028-10-16,"IPCA + 5,1531%",10.5297,11.0013,9.8913,0.24,1187.16185696,90.8,486.63,2026-09-18
21H1078700,CRI,SENDAS DISTRIBUIDORA S.A.,OPEA SECURITIZADORA S/A,429ª,2031-10-15,"IPCA + 5,2662%",11.6335,11.9639,10.6841,0.28,1061.57284088,81.16,883.86,2026-09-18
CRA021000SC,CRA,COPERSUCAR S.A.,RIZA SECURITIZADORA S.A.,1ª,2028-05-15,"IPCA + 5,2893%",,,,,,,,2026-09-18
CRA020002GZ,CRA,BRF S.A.,VERT COMPANHIA SECURITIZADORA,1ª,2027-07-15,"IPCA + 5,3%",10.0328,10.9073,8.3263,1.22,1397.78723934,96.56,200.77,2026-09-18
21D0694886,CRI,CONSTRUTORA TENDA S.A.,OPEA SECURITIZADORA S/A,378ª,2028-04-17,"IPCA + 5,3621%",8.6425,9.2309,,0.43,888.92036925,96.94,254.36,2026-09-18
CRA021002NF,CRA,PETROBRAS DISTRIBUIDORA S.A.,RIZA SECURITIZADORA S.A.,1ª,2031-09-15,"IPCA + 5,3995%",8.8691,9.2707,8.3935,0.25,1163.07784658,88.9,910.62,2026-09-18
CRA020001P7,CRA,RAÍZEN ENERGIA S.A.,OPEA SECURITIZADORA S/A,1ª,2027-06-15,"IPCA + 5,4%",,,,,580.44786156,40.79,,2026-09-18
CRA021000RX,CRA,MINERVA S.A.,RIZA SECURITIZADORA S.A.,1ª,2028-04-17,"IPCA + 5,5034%",12.2814,,10.8582,0.26,1255.74563645,91.18,373.15,2026-09-18
21I0278118,CRI,LOG COMMERCIAL PROPERTIES E PARTICIPAÇÕES S.A.,RIZA SECURITIZADORA S.A.,362ª,2028-09-15,"IPCA + 5,5212%",10.4509,,10.0135,0.7,613.33980933,93.68,358.55,2026-09-18
21K0001806,CRI,REDE D'OR SÃO LUIZ S.A.,OPEA SECURITIZADORA S/A,396ª,2031-12-15,"IPCA + 5,5758%",8.1623,8.406,8.0374,0.01,1170.12929504,91.38,933.56,2026-09-18
CRA021000RY,CRA,MINERVA S.A.,RIZA SECURITIZADORA S.A.,39ª,2031-04-15,"IPCA + 5,578%",11.2389,12.0034,10.7884,0.36,1169.48914163,84.89,781.8,2026-09-18
CRA020002H1,CRA,BRF S.A.,VERT COMPANHIA SECURITIZADORA,2ª,2030-07-15,"IPCA + 5,6%",11.7685,12.6274,10.669,1.14,1252.29280929,86.46,639.46,2026-09-18
CRA022002Y1,CRA,NORSA REFRIGERANTES S.A.,RIZA SECURITIZADORA S.A.,1ª,2027-03-15,"IPCA + 5,685%",7.1909,7.6867,7.1276,0.23,600.8010154,99.33,119.0,2026-09-18
CRA020003PY,CRA,"VAMOS LOCAÇÃO DE CAMINHÕES, MÁQUINAS E EQUIPAMENTOS S.A.",ECO SECURITIZADORA DE DIREITOS CREDITÓRIOS DO AGRONEGÓCIO S.A.,1ª,2030-11-18,"IPCA + 5,7315%",11.3343,13.2519,10.3618,1.7,1234.20190626,86.46,703.24,2026-09-18
21K0001812,CRI,ULTRA SOM SERVIÇOS MÉDICOS S.A.,RIZA SECURITIZADORA S.A.,378ª,2031-12-15,"IPCA + 5,7505%",20.4691,22.9545,17.9003,1.43,756.27119591,59.32,976.78,2026-09-18
CRA021002YA,CRA,CARAMURU ALIMENTOS S.A.,ECO SECURITIZADORA DE DIREITOS CREDITÓRIOS DO AGRONEGÓCIO S.A.,1ª,2027-09-15,"IPCA + 5,7641%",9.5748,10.8457,7.9112,0.21,247.01682103,96.64,243.51,2026-09-18
CRA020001P8,CRA,RAÍZEN ENERGIA S.A.,TRUE SECURITIZADORA S/A,2ª,2030-06-17,"IPCA + 5,8%",,,,,620.52665456,43.57,,2026-09-18
22D1289007,CRI,REDE D'OR SÃO LUIZ S.A.,OPEA SECURITIZADORA S/A,508ª,2029-06-15,"IPCA + 5,83%",7.8891,8.2201,7.6047,0.05,1151.86610894,95.28,631.17,2026-09-18
22D1289010,CRI,CYRELA BRAZIL REALTY S.A.,OPEA SECURITIZADORA S/A,490ª,2027-06-15,"IPCA + 5,9068%",6.5929,,,0.32,1224.63581606,99.54,178.48,2026-09-18
CRA022002Y2,CRA,NORSA REFRIGERANTES S.A.,RIZA SECURITIZADORA S.A.,2ª,2029-03-15,"IPCA + 5,9169%",8.4162,8.9168,8.3518,0.32,1157.88553421,95.72,472.0,2026-09-18
CRA022006N5,CRA,IPIRANGA PRODUTOS DE PETRÓLEO S.A.,VERT COMPANHIA SECURITIZADORA,1ª,2032-06-15,"IPCA + 6,0053%",8.3418,9.0762,7.8898,0.41,1104.9939544,91.51,1019.21,2026-09-18
22D1289008,CRI,REDE D'OR SÃO LUIZ S.A.,OPEA SECURITIZADORA S/A,509ª,2032-06-15,"IPCA + 6,01%",8.1293,8.4474,7.8617,0.14,1115.86478756,92.26,1020.16,2026-09-18
CRA022002Y3,CRA,NORSA REFRIGERANTES S.A.,RIZA SECURITIZADORA S.A.,3ª,2032-03-15,"IPCA + 6,0392%",8.4904,,,0.15,1105.67077738,91.4,986.79,2026-09-18
CRA022002XN,CRA,JBS S.A.,RIZA SECURITIZADORA S.A.,3ª,2037-04-15,"IPCA + 6,0953%",,,,,,,,2026-09-18
21K0001807,CRI,REDE D'OR SÃO LUIZ S.A.,OPEA SECURITIZADORA S/A,397ª,2036-12-15,"IPCA + 6,1017%",8.3752,8.6868,8.0888,0.03,1106.26846755,86.28,1728.41,2026-09-18
22D1289011,CRI,CYRELA BRAZIL REALTY S.A.,OPEA SECURITIZADORA S/A,491ª,2029-06-15,"IPCA + 6,128%",,,,,,,,2026-09-18
22K0001201,CRI,PETRÓLEO BRASILEIRO S.A. - PETROBRAS,OPEA SECURITIZADORA S/A,1ª,2030-04-15,"IPCA + 6,2%",7.1946,7.352,7.1091,0.05,1187.36834509,97.06,805.17,2026-09-18
23H0027403,CRI,REDE D'OR SÃO LUIZ S.A.,OPEA SECURITIZADORA S/A,2ª,2030-08-15,"IPCA + 6,2%",8.183,8.4266,7.989,0.18,1079.41440404,93.77,874.42,2026-09-18
CRA022006MY,CRA,Dexco S.A.,ECO SECURITIZADORA DE DIREITOS CREDITÓRIOS DO AGRONEGÓCIO S.A.,2ª,2032-06-15,"IPCA + 6,2%",,,,,,,,2026-09-18
22K0001203,CRI,PETRÓLEO BRASILEIRO S.A. - PETROBRAS,OPEA SECURITIZADORA S/A,2ª,2032-11-16,"IPCA + 6,25%",7.4839,7.6569,,0.21,1183.46413081,94.4,1251.82,2026-09-18
22E1325262,CRI,HYPERA S.A.,OPEA SECURITIZADORA S/A,2ª,2029-08-15,"IPCA + 6,279%",8.5009,8.7283,8.2205,0.16,1132.67921492,94.64,670.68,2026-09-18
CRA021002YF,CRA,J. MACÊDO S.A.,ECO SECURITIZADORA DE DIREITOS CREDITÓRIOS DO AGRONEGÓCIO S.A.,1ª,2026-11-16,"IPCA + 6,3071%",9.4133,11.7128,6.9365,0.55,61.09453137,99.68,28.43,2026-09-18
CRA02300S35,CRA,CAMIL ALIMENTOS S.A.,ECO SECURITIZADORA DE DIREITOS CREDITÓRIOS DO AGRONEGÓCIO S.A.,2ª,2030-11-18,"IPCA + 6,3416%",12.4254,13.0506,11.4955,0.19,971.12015076,83.69,798.67,2026-09-18
22C1362141,CRI,MATEUS SUPERMERCADOS S.A.,OPEA SECURITIZADORA S/A,1ª,2034-07-17,"IPCA + 6,3423%",10.2303,,9.8003,0.23,824.58852949,88.89,804.73,2026-09-18
22B0004808,CRI,CSN CIMENTOS S.A.,RIZA SECURITIZADORA S.A.,417ª,2032-02-16,"IPCA + 6,3893%",16.7669,19.4423,12.1511,0.77,873.42825483,70.39,929.52,2026-09-18
CRA022008N6,CRA,JBS S.A.,RIZA SECURITIZADORA S.A.,2ª,2032-09-15,"IPCA + 6,3919%",8.9698,10.5316,7.5388,0.08,1081.9794668,90.25,1073.82,2026-09-18
22K0001204,CRI,PETRÓLEO BRASILEIRO S.A. - PETROBRAS,OPEA SECURITIZADORA S/A,3ª,2037-11-16,"IPCA + 6,4%",,,,,,,,2026-09-18
24B0013203,CRI,CIDADE MARAVILHOSA INDÚSTRIA E COMÉRCIO DE ROUPAS S.A.,RIZA SECURITIZADORA S.A.,3ª,2030-02-15,"IPCA + 6,4%",10.611,,10.3115,0.8,1014.08121596,90.24,663.97,2026-09-18
CRA02300CYS,CRA,BANCO BTG PACTUAL S.A.,OPEA SECURITIZADORA S/A,3ª,2033-07-15,"IPCA + 6,4338%",7.3333,7.6099,7.1357,0.11,1106.91870802,95.45,1390.84,2026-09-18
22E1325264,CRI,HYPERA S.A.,OPEA SECURITIZADORA S/A,3ª,2032-08-16,"IPCA + 6,4451%",8.631,9.1273,,0.08,1099.04746899,91.81,1053.56,2026-09-18
CRA024001P6,CRA,JSL S.A.,ECO SECURITIZADORA DE DIREITOS CREDITÓRIOS DO AGRONEGÓCIO S.A.,2ª,2031-02-17,"IPCA + 6,4527%",13.2608,14.0827,12.2853,0.6,932.75212178,82.9,753.51,2026-09-18
22E1095384,CRI,MRV ENGENHARIA E PARTICIPAÇÕES S.A.,OPEA SECURITIZADORA S/A,1ª,2030-09-16,"IPCA + 6,4802%",12.1062,,11.5029,0.4,1038.50410925,86.98,676.6,2026-09-18
21J0001208,CRI,TENDA ATACADO S.A.,RIZA SECURITIZADORA S.A.,306ª,2026-10-15,"IPCA + 6,4803%",12.3495,,11.285,0.72,439.47686536,99.62,18.0,2026-09-18
22F0009804,CRI,DIRECIONAL ENGENHARIA S.A.,OPEA SECURITIZADORA S/A,1ª,2032-06-15,"IPCA + 6,4899%",8.5289,8.9043,8.2647,0.04,1118.26814161,92.65,1009.58,2026-09-18
22F0009409,CRI,GJA INDÚSTRIAS S.A.,RIZA SECURITIZADORA S.A.,1ª,2029-06-15,"IPCA + 6,5%",11.7249,,,0.44,1077.1596926,90.61,516.13,2026-09-18
CRA022003JT,CRA,BEM BRASIL ALIMENTOS S.A.,ECO SECURITIZADORA DE DIREITOS CREDITÓRIOS DO AGRONEGÓCIO S.A.,1ª,2029-05-15,"IPCA + 6,5348%",9.6064,10.6067,7.2389,0.41,1170.26199021,95.78,379.46,2026-09-18
CRA022004MS,CRA,"VAMOS LOCAÇÃO DE CAMINHÕES, MÁQUINAS E EQUIPAMENTOS S.A.",ECO SECURITIZADORA DE DIREITOS CREDITÓRIOS DO AGRONEGÓCIO S.A.,1ª,2032-05-17,"IPCA + 6,5473%",13.6568,14.2358,12.6054,1.06,949.26746488,77.79,961.44,2026-09-18
23H0027404,CRI,REDE D'OR SÃO LUIZ S.A.,OPEA SECURITIZADORA S/A,3ª,2033-08-15,"IPCA + 6,55%",8.2701,8.6267,7.9691,0.05,1064.45088396,92.44,1230.22,2026-09-18
CRA022008NB,CRA,RAÍZEN ENERGIA S.A.,OPEA SECURITIZADORA S/A,1ª,2032-08-16,"IPCA + 6,5885%",,,,,580.25061957,47.92,,2026-09-18
22B0006022,CRI,MRV ENGENHARIA E PARTICIPAÇÕES S.A.,RIZA SECURITIZADORA S.A.,442ª,2029-02-15,"IPCA + 6,5954%",11.5568,,11.1725,0.55,1146.84521215,92.2,448.33,2026-09-18
CRA024004SA,CRA,JBS S.A.,RIZA SECURITIZADORA S.A.,2ª,2034-05-15,"IPCA + 6,5975%",9.3481,10.5197,7.9645,0.34,972.60207446,86.03,1468.23,2026-09-18
22J0306937,CRI,DIAGNÓSTICOS DA AMÉRICA S.A.,VERT COMPANHIA SECURITIZADORA,2ª,2029-10-15,"IPCA + 6,6%",13.1741,14.7466,11.619,0.6,1042.01316246,84.99,680.0,2026-09-18
CRA02300G7F,CRA,MARFRIG GLOBAL FOODS S.A.,ECO SECURITIZADORA DE DIREITOS CREDITÓRIOS DO AGRONEGÓCIO S.A.,3ª,2030-08-15,"IPCA + 6,6%",12.2816,12.7968,12.1406,0.26,964.03099095,83.64,860.89,2026-09-18
CRA022008C7,CRA,COMPANHIA DE LOCAÇÃO DAS AMÉRICAS,ECO SECURITIZADORA DE DIREITOS CREDITÓRIOS DO AGRONEGÓCIO S.A.,1ª,2028-09-15,"IPCA + 6,6018%",8.3588,8.917,7.9108,0.49,1161.55594144,96.96,475.48,2026-09-18
24E1835896,CRI,HSL,TRUE SECURITIZADORA S/A,1ª,2034-06-15,"IPCA + 6,6075%",,,,,,,,2026-09-18
CRA022007KI,CRA,COCAL COMÉRCIO INDÚSTRIA CANAÃ AÇÚCAR E ÁLCOOL LTDA.,RIZA SECURITIZADORA S.A.,1ª,2030-08-15,"IPCA + 6,6234%",11.1549,11.7501,10.4703,0.46,1073.28475834,89.66,655.94,2026-09-18
CRA02300JG3,CRA,JBS S.A.,RIZA SECURITIZADORA S.A.,3ª,2030-09-16,"IPCA + 6,6441%",8.9522,10.353,7.5121,0.02,1058.56093229,92.71,888.94,2026-09-18
CRA022008N7,CRA,JBS S.A.,RIZA SECURITIZADORA S.A.,3ª,2037-09-15,"IPCA + 6,6614%",9.6136,10.3377,8.9393,0.55,982.88441189,81.98,1794.79,2026-09-18
CRA022000XF,CRA,MARFRIG GLOBAL FOODS S.A.,ECO SECURITIZADORA DE DIREITOS CREDITÓRIOS DO AGRONEGÓCIO S.A.,3ª,2032-01-15,"IPCA + 6,663%",11.883,12.3421,11.1223,0.08,1054.66132326,83.78,922.61,2026-09-18
CRA02300JG4,CRA,JBS S.A.,RIZA SECURITIZADORA S.A.,4ª,2033-09-15,"IPCA + 6,6634%",9.0378,10.3697,7.7994,0.12,1023.56763306,89.64,1242.49,2026-09-18
24F1277567,CRI,DIRECIONAL ENGENHARIA S.A.,OPEA SECURITIZADORA S/A,2ª,2031-07-15,"IPCA + 6,6747%",8.5316,8.8832,8.2404,0.17,1041.39854411,93.75,939.53,2026-09-18
23L1737622,CRI,REDE D'OR SÃO LUIZ S.A.,OPEA SECURITIZADORA S/A,1ª,2033-12-15,"IPCA + 6,6941%",,,,,,,,2026-09-18
22G1414303,CRI,SENDAS DISTRIBUIDORA S.A.,OPEA SECURITIZADORA S/A,3ª,2029-09-17,"IPCA + 6,7%",11.1346,,,0.4,1090.75048287,91.04,578.95,2026-09-18
CRA022008ND,CRA,RAÍZEN ENERGIA S.A.,OPEA SECURITIZADORA S/A,2ª,2037-08-17,"IPCA + 6,7382%",,,,,478.66781541,39.5,,2026-09-18
CRA0240066J,CRA,SLC AGRICOLA II,RIZA SECURITIZADORA S.A.,3ª,2031-07-15,"IPCA + 6,7469%",9.4074,9.9079,9.122,0.07,1014.12825129,91.09,951.36,2026-09-18
22J0306938,CRI,DIAGNÓSTICOS DA AMÉRICA S.A.,VERT COMPANHIA SECURITIZADORA,3ª,2032-10-15,"IPCA + 6,75%",13.0774,15.2195,10.8097,0.43,966.05719551,78.75,1024.97,2026-09-18
CRA0240020C,CRA,VICUNHA II,RIZA SECURITIZADORA S.A.,3ª,2031-02-15,"IPCA + 6,7641%",,,,,,,,2026-09-18
22G1136492,CRI,REDE D'OR SÃO LUIZ S.A.,OPEA SECURITIZADORA S/A,3ª,2037-07-15,"IPCA + 6,7692%",,,,,,,,2026-09-18
CRA022007EP,CRA,KLABIN S.A.,VERT COMPANHIA SECURITIZADORA,1ª,2034-05-15,"IPCA + 6,7694%",7.7149,8.1149,7.4669,0.16,1149.08823513,94.91,1485.88,2026-09-18
CRA024004SB,CRA,JBS S.A.,RIZA SECURITIZADORA S.A.,3ª,2039-05-16,"IPCA + 6,7825%",8.8747,10.1934,7.3401,0.16,970.84682394,85.82,1943.2,2026-09-18
CRA0240086K,CRA,SEARA ALIMENTOS LTDA.,RIZA SECURITIZADORA S.A.,2ª,2034-09-15,"IPCA + 6,7931%",8.9964,9.9453,8.173,0.36,963.81936196,88.06,1552.18,2026-09-18
CRA024002ML,CRA,MARFRIG GLOBAL FOODS S.A.,ECO SECURITIZADORA DE DIREITOS CREDITÓRIOS DO AGRONEGÓCIO S.A.,3ª,2034-03-15,"IPCA + 6,7996%",12.2895,12.9204,11.1484,0.19,857.7665981,76.98,1288.69,2026-09-18
22I0970804,CRI,NATURA COSMÉTICOS S.A.,RIZA SECURITIZADORA S.A.,2ª,2029-09-17,"IPCA + 6,8%",8.8202,,8.7645,0.05,1139.54563679,95.0,688.39,2026-09-18
CRA0240066B,CRA,CAMIL ALIMENTOS S.A.,ECO SECURITIZADORA DE DIREITOS CREDITÓRIOS DO AGRONEGÓCIO S.A.,2ª,2031-06-16,"IPCA + 6,8286%",11.9289,,10.8018,0.4,948.4059497,84.46,903.74,2026-09-18
CRA0220079D,CRA,BRF S.A.,VERT COMPANHIA SECURITIZADORA,2ª,2032-07-15,"IPCA + 6,8344%",12.4915,12.9101,12.1381,0.61,991.09403172,81.17,1004.14,2026-09-18
CRA0240086L,CRA,SEARA ALIMENTOS LTDA.,RIZA SECURITIZADORA S.A.,3ª,2044-09-15,"IPCA + 6,8408%",9.3805,9.9159,8.7098,0.46,873.78270634,79.84,2319.25,2026-09-18
CRA022006HK,CRA,SÃO SALVADOR ALIMENTOS S.A.,ECO SECURITIZADORA DE DIREITOS CREDITÓRIOS DO AGRONEGÓCIO S.A.,2ª,2030-07-15,"IPCA + 6,8911%",8.3947,9.3551,7.4818,0.01,1158.33941619,96.52,637.91,2026-09-18
22I0970868,CRI,NATURA COSMÉTICOS S.A.,RIZA SECURITIZADORA S.A.,3ª,2032-09-15,"IPCA + 6,9%",8.9776,9.4441,,0.39,1105.33316611,92.15,1064.91,2026-09-18
23L1737623,CRI,REDE D'OR SÃO LUIZ S.A.,OPEA SECURITIZADORA S/A,2ª,2038-12-15,"IPCA + 6,9527%",8.3063,,7.9301,0.14,1046.95690615,90.73,1924.23,2026-09-18
CRA022004S9,CRA,"VAMOS LOCAÇÃO DE CAMINHÕES, MÁQUINAS E EQUIPAMENTOS S.A.",ECO SECURITIZADORA DE DIREITOS CREDITÓRIOS DO AGRONEGÓCIO S.A.,2ª,2037-05-15,"IPCA + 6,9739%",12.8426,,12.2019,0.99,854.74212994,69.95,1605.65,2026-09-18
CRA02300JG5,CRA,JBS S.A.,RIZA SECURITIZADORA S.A.,5ª,2038-09-15,"IPCA + 6,9938%",9.6664,10.3688,8.9809,0.58,945.29238089,82.78,1885.01,2026-09-18
CRA024004SC,CRA,JBS S.A.,RIZA SECURITIZADORA S.A.,4ª,2044-05-16,"IPCA + 6,9947%",9.5166,10.4905,8.7098,0.49,914.49153401,80.78,2212.91,2026-09-18
CRA022004XY,CRA,USINA CERRADÃO S.A.,ECO SECURITIZADORA DE DIREITOS CREDITÓRIOS DO AGRONEGÓCIO S.A.,1ª,2028-05-15,"IPCA + 6,9949%",7.8801,,,0.03,807.29917169,99.11,272.3,2026-09-18
22F0009410,CRI,GJA INDÚSTRIAS S.A.,RIZA SECURITIZADORA S.A.,2ª,2032-06-15,IPCA + 7%,11.5614,,,0.28,1007.27161946,84.73,988.55,2026-09-18
23F1519397,CRI,MOVIDA PARTICIPAÇÕES S.A.,OPEA SECURITIZADORA S/A,3ª,2028-06-16,IPCA + 7%,13.0309,13.4071,,0.26,1070.55077661,91.47,409.01,2026-09-18
24G1674104,CRI,JHSF PARTICIPAÇÕES S.A.,OPEA SECURITIZADORA S/A,4ª,2034-07-17,"IPCA + 7,0163%",8.6074,9.0084,8.4278,0.18,905.6581532,93.58,1119.9,2026-09-18
CRA02200C6Y,CRA,MARFRIG GLOBAL FOODS S.A.,ECO SECURITIZADORA DE DIREITOS CREDITÓRIOS DO AGRONEGÓCIO S.A.,1ª,2029-10-15,"IPCA + 7,0383%",12.0847,12.3262,11.6706,0.44,1076.30878454,88.3,677.22,2026-09-18
CRA024007PU,CRA,SOROCABA REFRESCOS S.A.,ECO SECURITIZADORA DE DIREITOS CREDITÓRIOS DO AGRONEGÓCIO S.A.,2ª,2034-08-15,"IPCA + 7,05%",9.7787,10.3982,9.4618,0.22,961.43530315,87.14,1362.31,2026-09-18
22K0934880,CRI,BCBF PARTICIPAÇÕES S.A.,RIZA SECURITIZADORA S.A.,2ª,2029-12-17,"IPCA + 7,0913%",20.1913,21.4833,17.6894,3.78,869.11563373,72.04,705.8,2026-09-18
CRA022006HE,CRA,AÇO VERDE DO BRASIL S.A.,RIZA SECURITIZADORA S.A.,1ª,2029-06-15,"IPCA + 7,1543%",10.0615,10.9544,9.7488,0.49,1159.34834933,95.83,398.79,2026-09-18
CRA023000RT,CRA,"VAMOS LOCAÇÃO DE CAMINHÕES, MÁQUINAS E EQUIPAMENTOS S.A.",ECO SECURITIZADORA DE DIREITOS CREDITÓRIOS DO AGRONEGÓCIO S.A.,3ª,2030-01-15,"IPCA + 7,1638%",13.9427,14.6181,12.692,0.17,994.77897672,83.53,734.42,2026-09-18
CRA022006BU,CRA,CARAMURU ALIMENTOS S.A.,ECO SECURITIZADORA DE DIREITOS CREDITÓRIOS DO AGRONEGÓCIO S.A.,1ª,2029-07-16,"IPCA + 7,2043%",10.4799,11.5563,8.5766,1.23,684.27434997,95.13,415.28,2026-09-18
CRA0220073P,CRA,MINERVA S.A.,RIZA SECURITIZADORA S.A.,1ª,2029-07-16,"IPCA + 7,2063%",11.9116,12.2081,10.4703,0.97,1075.72440111,89.65,638.87,2026-09-18
CRA025000ME,CRA,SEARA ALIMENTOS LTDA.,RIZA SECURITIZADORA S.A.,2ª,2045-02-15,"IPCA + 7,2266%",,,,,,,,2026-09-18
CRA0240066K,CRA,BRF S.A.,ECO SECURITIZADORA DE DIREITOS CREDITÓRIOS DO AGRONEGÓCIO S.A.,3ª,2034-06-15,"IPCA + 7,2336%",11.8406,12.1686,10.9762,1.03,901.41954334,80.28,1288.97,2026-09-18
22K0934889,CRI,BCBF PARTICIPAÇÕES S.A.,RIZA SECURITIZADORA S.A.,3ª,2034-12-15,"IPCA + 7,2792%",20.5043,23.0493,17.3858,1.42,654.15909589,54.2,1231.28,2026-09-18
CRA024001QA,CRA,ZAMP S.A.,RIZA SECURITIZADORA S.A.,3ª,2029-02-15,"IPCA + 7,3%",8.7676,,,0.18,1101.42637719,97.03,558.02,2026-09-18
CRA024007Q5,CRA,SLC MÁQUINAS LTDA.,OPEA SECURITIZADORA S/A,3ª,2031-08-15,"IPCA + 7,31%",9.929,10.3402,9.2609,0.64,1030.74771788,93.05,747.63,2026-09-18
CRA02200C6Z,CRA,MARFRIG GLOBAL FOODS S.A.,ECO SECURITIZADORA DE DIREITOS CREDITÓRIOS DO AGRONEGÓCIO S.A.,2ª,2032-10-15,"IPCA + 7,3352%",12.1638,,10.8757,0.26,1018.71562464,83.47,1018.64,2026-09-18
24A2721507,CRI,DASA,VERT COMPANHIA SECURITIZADORA,3ª,2031-01-15,"IPCA + 7,3402%",12.9046,13.4958,11.918,0.67,964.60838771,84.63,824.68,2026-09-18
CRA022006HF,CRA,AÇO VERDE DO BRASIL S.A.,RIZA SECURITIZADORA S.A.,2ª,2032-06-15,"IPCA + 7,3686%",10.3114,11.2358,9.972,0.52,1088.11462799,89.89,985.31,2026-09-18
CRA024009Q4,CRA,MARFRIG GLOBAL FOODS S.A.,ECO SECURITIZADORA DE DIREITOS CREDITÓRIOS DO AGRONEGÓCIO S.A.,3ª,2034-10-16,"IPCA + 7,3693%",12.5398,13.0346,12.0296,0.13,873.14837029,77.9,1302.19,2026-09-18
22E1314836,CRI,SÃO CARLOS EMPREENDIMENTOS E PARTICIPAÇÕES S.A.,OPEA SECURITIZADORA S/A,1ª,2029-09-17,"IPCA + 7,3826%",9.8751,,,0.32,1156.36438615,95.91,456.21,2026-09-18
CRA022001E2,CRA,FS AGRISOLUTIONS INDÚSTRIA DE BIOCOMBUSTÍVEIS LTDA.,ECO SECURITIZADORA DE DIREITOS CREDITÓRIOS DO AGRONEGÓCIO S.A.,2ª,2029-02-15,"IPCA + 7,3913%",11.7712,12.3079,10.8834,0.4,1166.14090095,94.91,326.01,2026-09-18
CRA022004SD,CRA,FS AGRISOLUTIONS INDÚSTRIA DE BIOCOMBUSTÍVEIS LTDA.,ECO SECURITIZADORA DE DIREITOS CREDITÓRIOS DO AGRONEGÓCIO S.A.,2ª,2029-05-15,"IPCA + 7,3913%",11.5429,12.2434,10.9249,0.04,1161.52556998,94.47,374.56,2026-09-18
CRA02400AHZ,CRA,REFRESCOS BANDEIRANTES INDÚSTRIA E COMÉRCIO LTDA.,RIZA SECURITIZADORA S.A.,2ª,2034-11-16,"IPCA + 7,41%",10.5632,11.5016,,0.75,949.69299235,85.44,1348.74,2026-09-18
24J2539865,CRI,JHSF PARTICIPAÇÕES S.A.,OPEA SECURITIZADORA S/A,1ª,2034-10-16,"IPCA + 7,4183%",8.7073,9.1008,8.5293,0.19,1058.52269481,93.75,1353.91,2026-09-18
CRA0240005O,CRA,CEREAL COMÉRCIO EXPORTAÇÃO E REPRESENTAÇÃO AGROPECUÁRIA S.A.,RIZA SECURITIZADORA S.A.,2ª,2029-01-15,"IPCA + 7,4367%",8.8281,10.1748,8.0146,0.13,1120.6994098,98.43,309.82,2026-09-18
CRA022004H5,CRA,NARDINI AGROINDUSTRIAL LTDA.,OPEA SECURITIZADORA S/A,1ª,2028-04-15,"IPCA + 7,4986%",,,,,,,,2026-09-18
23L2043184,CRI,UNIDAS LOCADORA S.A.,OPEA SECURITIZADORA S/A,3ª,2030-12-16,"IPCA + 7,5%",9.8757,10.3249,9.3123,0.28,1076.41537814,93.18,810.86,2026-09-18
CRA024009Q5,CRA,MARFRIG GLOBAL FOODS S.A.,ECO SECURITIZADORA DE DIREITOS CREDITÓRIOS DO AGRONEGÓCIO S.A.,4ª,2039-10-17,"IPCA + 7,5395%",12.8528,13.1717,12.5152,0.37,784.15229809,69.91,1750.46,2026-09-18
CRA02300MOQ,CRA,MINERVA S.A.,RIZA SECURITIZADORA S.A.,3ª,2030-09-16,"IPCA + 7,5408%",12.3483,12.8439,9.9546,0.86,997.15864027,87.37,773.59,2026-09-18
23L0034761,CRI,FARO ENERGY PROJETOS SOLARES HOLDING S.A.,OPEA SECURITIZADORA S/A,1ª,2038-12-15,"IPCA + 7,5702%",,,,,,,,2026-09-18
CRA0250080Y,CRA,ELDORADO BRASIL CELULOSE S.A.,OPEA SECURITIZADORA S/A,3ª,2040-09-17,"IPCA + 7,6%",8.5554,,8.1906,0.41,964.2079735,92.54,2182.94,2026-09-18
25D0012204,CRI,CYRELA BRAZIL REALTY S.A.,COMPANHIA PROVÍNCIA DE SECURITIZAÇÃO,3ª,2032-04-15,"IPCA + 7,6693%",8.3434,,8.1371,0.09,1057.72012923,97.45,1039.19,2026-09-18
23J1127331,CRI,MOVIDA PARTICIPAÇÕES S.A.,OPEA SECURITIZADORA S/A,3ª,2033-10-17,"IPCA + 7,7279%",13.4503,,,0.52,923.41802539,78.52,1148.27,2026-09-18
CRA0250080X,CRA,ELDORADO BRASIL CELULOSE S.A.,OPEA SECURITIZADORA S/A,2ª,2035-09-17,"IPCA + 7,7281%",8.6959,,8.1911,0.35,982.19578583,94.27,1654.03,2026-09-18
CRA02400AYK,CRA,BEM BRASIL ALIMENTOS S.A.,ECO SECURITIZADORA DE DIREITOS CREDITÓRIOS DO AGRONEGÓCIO S.A.,ª,2031-11-17,"IPCA + 7,737%",10.0348,11.4115,9.767,0.32,1012.61721425,92.83,884.19,2026-09-18
CRA0230073N,CRA,J. MACÊDO S.A.,RIZA SECURITIZADORA S.A.,2ª,2030-04-15,"IPCA + 7,8%",8.1404,9.2808,6.7375,0.38,1023.44091854,99.48,413.2,2026-09-18
CRA025003PJ,CRA,SEARA,RIZA SECURITIZADORA S.A.,3ª,2055-05-17,"IPCA + 7,8%",,,,,,,,2026-09-18
CRA024003UZ,CRA,LAR COOPERATIVA AGROINDUSTRIAL,ECO SECURITIZADORA DE DIREITOS CREDITÓRIOS DO AGRONEGÓCIO S.A.,3ª,2031-04-15,"IPCA + 7,8363%",9.2478,9.94,9.1188,0.22,1066.88642794,96.07,774.41,2026-09-18
CRA021004NV,CRA,LAR COOPERATIVA AGROINDUSTRIAL,ECO SECURITIZADORA DE DIREITOS CREDITÓRIOS DO AGRONEGÓCIO S.A.,1ª,2026-11-15,"IPCA + 7,8749%",10.2583,11.0478,8.2155,1.7,430.90891588,99.63,39.0,2026-09-18
CRA0250066B,CRA,BRF S.A.,ECO SECURITIZADORA DE DIREITOS CREDITÓRIOS DO AGRONEGÓCIO S.A.,3ª,2035-07-16,"IPCA + 7,9064%",12.4581,,,0.25,817.07821175,77.27,1524.22,2026-09-18
22E1321749,CRI,COGNA EDUCAÇÃO S.A.,OPEA SECURITIZADORA S/A,2ª,2029-07-16,"IPCA + 7,9273%",9.1573,9.6688,8.7647,0.13,1176.09351063,97.63,531.92,2026-09-18
CRA0240005P,CRA,CEREAL COMÉRCIO EXPORTAÇÃO E REPRESENTAÇÃO AGROPECUÁRIA S.A.,RIZA SECURITIZADORA S.A.,3ª,2031-01-15,"IPCA + 7,9443%",9.1065,10.4381,7.8943,0.03,1100.13161802,96.54,828.04,2026-09-18
22E1321750,CRI,COGNA EDUCAÇÃO S.A.,OPEA SECURITIZADORA S/A,3ª,2032-07-15,"IPCA + 8,0031%",9.4252,10.3665,9.0627,0.14,1143.53481012,94.92,1000.78,2026-09-18
CRA025009EZ,CRA,Seara Alimentos Ltda.,ECO SECURITIZADORA DE DIREITOS CREDITÓRIOS DO AGRONEGÓCIO S.A.,4ª,2065-10-15,"IPCA + 8,0313%",,,,,,,,2026-09-18
CRA0250020C,CRA,BRF S.A.,ECO SECURITIZADORA DE DIREITOS CREDITÓRIOS DO AGRONEGÓCIO S.A.,2ª,2035-04-16,"IPCA + 8,04%",12.0479,12.5816,11.7603,0.34,875.61977239,80.41,1465.49,2026-09-18
22L1469805,CRI,ÂNIMA HOLDING S.A.,RIZA SECURITIZADORA S.A.,2ª,2029-12-17,"IPCA + 8,0481%",,,,,,,,2026-09-18
CRA02200795,CRA,ADUBOS ARAGUAIA INDÚSTRIA E COMÉRCIO LTDA.,ECO SECURITIZADORA DE DIREITOS CREDITÓRIOS DO AGRONEGÓCIO S.A.,1ª,2027-07-15,"IPCA + 8,1191%",9.5049,10.3511,,0.05,596.65209202,99.0,199.22,2026-09-18
CRA0250020D,CRA,BRF S.A.,ECO SECURITIZADORA DE DIREITOS CREDITÓRIOS DO AGRONEGÓCIO S.A.,3ª,2040-04-16,"IPCA + 8,2345%",11.658,12.398,10.4934,1.27,863.19968133,79.21,1802.66,2026-09-18
CRA0250018K,CRA,MARFRIG GLOBAL FOODS S.A.,ECO SECURITIZADORA DE DIREITOS CREDITÓRIOS DO AGRONEGÓCIO S.A.,4ª,2040-04-16,"IPCA + 8,2503%",12.8654,,,0.37,803.76603948,73.53,1743.92,2026-09-18
CRA0250018L,CRA,MARFRIG GLOBAL FOODS S.A,ECO SECURITIZADORA DE DIREITOS CREDITÓRIOS DO AGRONEGÓCIO S.A.,5ª,2045-04-17,"IPCA + 8,3405%",,,,,,,,2026-09-18
CRA0240099F,CRA,VALE DO TIJUCO AÇÚCAR E ÁLCOOL S.A.,ECO SECURITIZADORA DE DIREITOS CREDITÓRIOS DO AGRONEGÓCIO S.A.,2ª,2034-10-16,"IPCA + 8,3558%",9.8909,,9.693,0.29,1055.04687291,93.69,1158.19,2026-09-18
CRA0250020E,CRA,BRF S.A.,ECO SECURITIZADORA DE DIREITOS CREDITÓRIOS DO AGRONEGÓCIO S.A.,3ª,2045-04-17,"IPCA + 8,38%",10.1975,,10.0978,0.06,940.17368084,86.22,2164.22,2026-09-18
CRA02500BVX,CRA,BRF S.A.,ECO SECURITIZADORA DE DIREITOS CREDITÓRIOS DO AGRONEGÓCIO S.A.,5ª,2055-12-15,"IPCA + 8,3857%",,,,,,,,2026-09-18
CRA025008C2,CRA,Neomille S.A.,ECO SECURITIZADORA DE DIREITOS CREDITÓRIOS DO AGRONEGÓCIO S.A.,2ª,2032-12-15,"IPCA + 8,4473%",9.1607,,,0.34,1032.61402713,97.07,1141.65,2026-09-18
CRA02400AHX,CRA,CEREAL COMÉRCIO EXPORTAÇÃO E,RIZA SECURITIZADORA S.A.,3ª,2034-11-16,"IPCA + 8,4704%",9.808,11.6026,8.0787,0.04,1054.70889629,93.7,1328.48,2026-09-18
CRA025008HR,CRA,Nardini II,OPEA SECURITIZADORA S/A,ª,2032-10-15,"IPCA + 8,4773%",,,,,,,,2026-09-18
CRA025006NC,CRA,LAR COOPERATIVA AGROINDUSTRIAL,ECO SECURITIZADORA DE DIREITOS CREDITÓRIOS DO AGRONEGÓCIO S.A.,3ª,2032-08-16,"IPCA + 8,7268%",9.5642,,,0.11,1009.19155465,96.74,1084.99,2026-09-18
CRA0250005M,CRA,Boa Safra,OPEA SECURITIZADORA S/A,3ª,2032-01-15,"IPCA + 8,7384%",,,,,,,,2026-09-18
CRA0250005L,CRA,Boa Safra,OPEA SECURITIZADORA S/A,4ª,2035-01-15,"IPCA + 8,9518%",,,,,,,,2026-09-18
CRA02300796,CRA,FS INDÚSTRIA DE BIOCOMBUSTÍVEIS LTDA.,ECO SECURITIZADORA DE DIREITOS CREDITÓRIOS DO AGRONEGÓCIO S.A.,2ª,2029-10-15,"IPCA + 8,9555%",11.7223,12.4961,11.1758,0.07,1078.89742311,93.51,672.87,2026-09-18
CRA023003JY,CRA,OLFAR S.A.,RIZA SECURITIZADORA S.A.,2ª,2030-03-15,"IPCA + 8,9738%",9.7255,10.9279,8.3972,0.48,1145.85896556,98.79,446.96,2026-09-18
23F2455004,CRI,SENDAS DISTRIBUIDORA S.A.,OPEA SECURITIZADORA S/A,2ª,2027-07-15,,16.3703,,15.447,1.82,988.63516994,96.88,197.17,2026-09-18
23I1259644,CRI,JSL,OPEA SECURITIZADORA S/A,4ª,2030-09-15,,,,,,,,,2026-09-18
23J1141681,CRI,YDUQS PARTICIPAÇÕES S.A.,OPEA SECURITIZADORA S/A,1ª,2028-10-16,,14.9485,,14.3618,0.61,988.59559535,94.41,454.44,2026-09-18
23K0018801,CRI,MULTIPLAN EMPREENDIMENTOS IMOBILIÁRIOS S.A.,RIZA SECURITIZADORA S.A.,3ª,2031-01-15,,14.2876,,,0.04,944.67304745,92.66,690.32,2026-09-18
23K0022041,CRI,Cogna,TRUE SECURITIZADORA S/A,2ª,2028-11-15,,14.8799,,14.25,0.21,1010.55575718,96.98,367.75,2026-09-18
24A2715837,CRI,DIAGNÓSTICOS DA AMÉRICA S.A.,VERT COMPANHIA SECURITIZADORA,2ª,2029-01-15,,19.5959,,,0.13,899.17776838,88.03,507.51,2026-09-18
24A2721829,CRI,DIAGNÓSTICOS DA AMÉRICA S.A,VERT COMPANHIA SECURITIZADORA,4ª,2031-01-15,,19.7349,,18.6476,0.6,855.36471269,83.67,747.21,2026-09-18
25A1946535,CRI,Cury,OPEA SECURITIZADORA S/A,3ª,2032-01-15,,14.9742,,14.1554,0.02,1029.34134372,100.33,813.71,2026-09-18
25D0271049,CRI,Log,OPEA SECURITIZADORA S/A,3ª,2032-04-15,,,,,,,,,2026-09-18
CRA02300G7D,CRA,MARFRIG GLOBAL FOODS S.A.,ECO SECURITIZADORA DE DIREITOS CREDITÓRIOS DO AGRONEGÓCIO S.A.,1ª,2027-08-16,,17.482,,,0.57,960.84151093,95.17,219.57,2026-09-18
CRA02300HWK,CRA,BANCO BTG PACTUAL S.A.,OPEA SECURITIZADORA S/A,4ª,2033-09-15,,13.4736,13.7632,13.1851,0.26,937.6337869,93.64,1227.6,2026-09-18
CRA02300JR7,CRA,RAÍZEN ENERGIA S.A.,OPEA SECURITIZADORA S/A,3ª,2033-10-17,,,,,,454.73635997,43.43,,2026-09-18
CRA02300NX8,CRA,BTG Pactual III,OPEA SECURITIZADORA S/A,4ª,2033-11-16,,13.469,,,0.15,1003.07321998,96.29,1185.49,2026-09-18
CRA02300SPD,CRA,FS Agrisolutions Indústria de Biocombustíveis LTDA,ECO SECURITIZADORA DE DIREITOS CREDITÓRIOS DO AGRONEGÓCIO S.A.,3ª,2030-06-15,,18.5195,18.9953,17.68,0.03,874.63343267,87.33,735.24,2026-09-18
CRA02300SUZ,CRA,"Vamos Locação de Caminhões, Máquinas e Equipamentos S.A.",ECO SECURITIZADORA DE DIREITOS CREDITÓRIOS DO AGRONEGÓCIO S.A.,1ª,2030-11-18,,19.5602,,18.0582,0.48,862.87533189,82.93,714.82,2026-09-18
CRA02300TSF,CRA,BTG PACTUAL IV,OPEA SECURITIZADORA S/A,4ª,2033-12-15,,,,,,,,,2026-09-18
CRA024000B8,CRA,FS Indústria De Biocombustíveis Ltda,ECO SECURITIZADORA DE DIREITOS CREDITÓRIOS DO AGRONEGÓCIO S.A.,3ª,2030-07-15,,18.6478,19.0566,17.8106,0.09,869.99923739,86.87,745.98,2026-09-18
CRA024001P5,CRA,JSL S.A.,ECO SECURITIZADORA DE DIREITOS CREDITÓRIOS DO AGRONEGÓCIO S.A.,1ª,2031-02-15,,18.9126,,17.8,0.96,838.96401963,83.08,698.45,2026-09-18
CRA024001Q9,CRA,ZAMP S.A.,RIZA SECURITIZADORA S.A.,2ª,2029-02-15,,17.2491,,17.0325,1.16,935.75033382,92.54,527.88,2026-09-18
CRA0240020B,CRA,VICUNHA II,RIZA SECURITIZADORA S.A.,2ª,2031-02-15,,,,,,,,,2026-09-18
CRA024002MH,CRA,JF CITRUS AGROPECUÁRIA S.A.,ECO SECURITIZADORA DE DIREITOS CREDITÓRIOS DO AGRONEGÓCIO S.A.,1ª,2029-03-15,,17.4738,,17.0,1.83,915.12008816,91.39,439.53,2026-09-18
CRA024002S2,CRA,Minerva VII,RIZA SECURITIZADORA S.A.,2ª,2029-03-15,,18.6944,,16.8972,0.27,878.00978146,87.68,551.67,2026-09-18
CRA024002S3,CRA,MINERVA S.A.,RIZA SECURITIZADORA S.A.,3ª,2031-03-17,,18.6683,,16.9957,0.55,820.59673128,81.95,875.62,2026-09-18
CRA0240066D,CRA,FS Florestal S.A.,ECO SECURITIZADORA DE DIREITOS CREDITÓRIOS DO AGRONEGÓCIO S.A.,1ª,2030-06-15,,17.793,18.1643,17.2571,0.57,943.98517794,94.24,719.88,2026-09-18
CRA0240066G,CRA,BRF S.A.,ECO SECURITIZADORA DE DIREITOS CREDITÓRIOS DO AGRONEGÓCIO S.A.,2ª,2031-06-16,,17.1416,,16.3733,0.94,908.16339627,87.89,876.33,2026-09-18
CRA024007PT,CRA,Sorocaba Refrescos S.A,ECO SECURITIZADORA DE DIREITOS CREDITÓRIOS DO AGRONEGÓCIO S.A.,1ª,2031-08-15,,15.6313,16.2314,13.9553,0.21,918.12131824,90.83,861.43,2026-09-18
CRA024007Q3,CRA,SLC Maquinas,OPEA SECURITIZADORA S/A,1ª,2031-08-15,,16.6114,,16.075,0.6,924.01185353,91.39,685.85,2026-09-18
CRA024009Q3,CRA,MARFRIG GLOBAL FOODS S.A.,ECO SECURITIZADORA DE DIREITOS CREDITÓRIOS DO AGRONEGÓCIO S.A.,2ª,2031-10-15,,17.4354,,16.25,0.82,928.99894308,88.04,891.62,2026-09-18
CRA02400AHY,CRA,REFRESCOS BANDEIRANTES INDÚSTRIA E COMÉRCIO LTDA.,RIZA SECURITIZADORA S.A.,1ª,2032-11-16,,17.102,,,0.53,927.40630294,88.71,966.33,2026-09-18
CRA02400AYM,CRA,MINERVA S.A.,RIZA SECURITIZADORA S.A.,2ª,2029-11-16,,18.684,,,0.3,949.42505542,90.66,628.41,2026-09-18
CRA02400AYP,CRA,MINERVA S.A.,RIZA SECURITIZADORA S.A.,5ª,2034-11-16,,18.325,,16.9232,0.41,915.15696672,87.24,1071.75,2026-09-18
CRA02500001,CRA,BOA SAFRA SEMENTES S.A.,OPEA SECURITIZADORA S/A,1ª,2030-01-15,,16.1522,,16.0412,0.29,984.97678615,98.33,661.46,2026-09-18
CRA0250012X,CRA,FS FLORESTAL S.A.,ECO SECURITIZADORA DE DIREITOS CREDITÓRIOS DO AGRONEGÓCIO S.A.,1ª,2030-03-15,,18.3405,18.8719,17.9285,0.57,991.16420716,98.92,665.33,2026-09-18
CRA0250018I,CRA,Marfrig Global Foods S.A,ECO SECURITIZADORA DE DIREITOS CREDITÓRIOS DO AGRONEGÓCIO S.A.,2ª,2032-04-15,,17.5252,,17.1748,0.94,966.13513809,91.12,929.33,2026-09-18
CRA025002S3,CRA,MINERVA S.A,RIZA SECURITIZADORA S.A.,2ª,2030-04-15,,18.7682,,,0.32,992.63018095,93.25,668.05,2026-09-18
CRA025002S4,CRA,MINERVA S.A.,RIZA SECURITIZADORA S.A.,4ª,2032-04-15,,18.8677,,,0.28,964.70996037,90.63,904.19,2026-09-18
CRA0250040J,CRA,Natural One S.A,ECO SECURITIZADORA DE DIREITOS CREDITÓRIOS DO AGRONEGÓCIO S.A.,2ª,2029-06-15,,,,,,,,,2026-09-18
CRA025005EH,CRA,GDM GENÉTICA DO BRASIL S.A.,ECO SECURITIZADORA DE DIREITOS CREDITÓRIOS DO AGRONEGÓCIO S.A.,1ª,2032-07-15,,15.7086,16.4938,15.1,0.06,1006.84192739,98.13,965.36,2026-09-18
CRA025005V7,CRA,MINERVA S.A.,RIZA SECURITIZADORA S.A.,3ª,2033-07-15,,18.6056,,17.3447,0.91,890.49453676,86.85,1028.09,2026-09-18
CRA025005V8,CRA,MINERVA S.A,RIZA SECURITIZADORA S.A.,4ª,2035-07-16,,18.6501,,17.3514,0.48,884.8079376,86.26,1141.69,2026-09-18
CRA0250066A,CRA,BRF S.A.,ECO SECURITIZADORA DE DIREITOS CREDITÓRIOS DO AGRONEGÓCIO S.A.,2ª,2032-07-15,,18.0031,,,0.54,891.74897534,87.07,995.95,2026-09-18
CRA025006NB,CRA,LAR COOPERATIVA AGROINDUSTRIAL,ECO SECURITIZADORA DE DIREITOS CREDITÓRIOS DO AGRONEGÓCIO S.A.,2ª,2032-08-16,,16.2104,,,0.37,948.42051973,94.69,949.21,2026-09-18
CRA025007KE,CRA,Cereal Comércio Exportação e Representação Agropecuária S.A.,ECO SECURITIZADORA DE DIREITOS CREDITÓRIOS DO AGRONEGÓCIO S.A.,2ª,2032-09-15,,16.3232,,15.8529,0.22,940.43142749,93.89,987.6,2026-09-18
CRA025007KK,CRA,ELDORADO BRASIL CELULOSE S.A.,OPEA SECURITIZADORA S/A,1ª,2032-09-15,,,,,,,,,2026-09-18
CRA025008ND,CRA,São Salvador Alimentos S.A.,ECO SECURITIZADORA DE DIREITOS CREDITÓRIOS DO AGRONEGÓCIO S.A.,2ª,2033-10-15,,15.6246,16.2133,14.7565,0.19,1001.40257503,94.61,1104.57,2026-09-18
CRA025009VO,CRA,EUCATEX INDÚSTRIA E COMÉRCIO LTDA,VERT COMPANHIA SECURITIZADORA,3ª,2032-11-16,,,,,,,,,2026-09-18
CRA02500A15,CRA,Açucareira Quatá S.A.,ECO SECURITIZADORA DE DIREITOS CREDITÓRIOS DO AGRONEGÓCIO S.A.,1ª,2032-11-15,,16.4138,,15.8,0.42,984.82708299,93.93,959.45,2026-09-18
CRA02500AHU,CRA,C. Vale - Cooperativa Agroindustrial,ECO SECURITIZADORA DE DIREITOS CREDITÓRIOS DO AGRONEGÓCIO S.A.,2ª,2030-11-15,,15.4085,16.0003,14.9,0.37,1035.43273004,98.64,779.72,2026-09-18
CRA02500BVU,CRA,BRF S.A.,ECO SECURITIZADORA DE DIREITOS CREDITÓRIOS DO AGRONEGÓCIO S.A.,2ª,2032-12-15,,17.67,,16.6955,0.96,892.10971885,86.2,1034.79,2026-09-18
CRA02500C1D,CRA,Alibem Alimentos S.A.,ECO SECURITIZADORA DE DIREITOS CREDITÓRIOS DO AGRONEGÓCIO S.A.,1ª,2030-12-18,,16.0077,16.9208,15.55,0.39,1015.06994115,97.9,508.47,2026-09-18
CRA026001JM,CRA,Lar Cooperativa Agroindustrial,ECO SECURITIZADORA DE DIREITOS CREDITÓRIOS DO AGRONEGÓCIO S.A.,2ª,2033-03-15,,16.4786,,16.2788,0.18,951.92582312,95.03,1005.23,2026-09-18
CRA026002BE,CRA,BRF S.A.,ECO SECURITIZADORA DE DIREITOS CREDITÓRIOS DO AGRONEGÓCIO S.A.,2ª,2033-04-15,,16.4616,,,1.22,965.41265706,91.89,1055.62,2026-09-18
