codigo,tipo,emissor,securitizadora,serie,vencimento,indexador,taxa_indicativa,taxa_compra,taxa_venda,desvio,pu,pct_pu_par,duration,referencia
25B0013406,CRI,Direcional,OPEA SECURITIZADORA S/A,1ª,2032-02-16,100% do DI,,,,,,,,2026-10-06
CRA019003V2,CRA,RAÍZEN ENERGIA S.A.,OPEA SECURITIZADORA S/A,1ª,2029-07-16,100% do DI,,,,,456.1893384,44.7,,2026-10-06
CRA024004H7,CRA,SÃO MARTINHO S.A.,RIZA SECURITIZADORA S.A.,3ª,2029-04-12,100% do DI,101.267,101.638,98.118,1.43,1062.95594309,99.69,524.07,2026-10-06
CRA0250018H,CRA,Marfrig Global Foods S.A,ECO SECURITIZADORA DE DIREITOS CREDITÓRIOS DO AGRONEGÓCIO S.A.,1ª,2030-04-15,100% do DI,,,,,,,,2026-10-06
CRA02500BVT,CRA,BRF S.A.,ECO SECURITIZADORA DE DIREITOS CREDITÓRIOS DO AGRONEGÓCIO S.A.,1ª,2030-06-17,100% do DI,120.2233,,113.1285,2.95,1018.80017988,91.64,921.0,2026-10-06
24D2765715,CRI,CYRELA BRAZIL REALTY S.A.,COMPANHIA PROVÍNCIA DE SECURITIZAÇÃO,3ª,2031-04-15,101% do DI,100.1308,102.06,97.5933,0.65,1069.16406271,100.31,770.09,2026-10-06
CRA023007VD,CRA,ENGELHART CTP,OPEA SECURITIZADORA S/A,1ª,2028-07-05,101% do DI,97.2125,98.7025,93.9728,0.29,1041.7934993,100.7,392.87,2026-10-06
25L2997442,CRI,Even Construtora e Incorporadora S/A,VERT COMPANHIA SECURITIZADORA,ª,2032-12-15,"101,5% do DI",,,,,,,,2026-10-06
CRA026002BD,CRA,BRF S.A.,ECO SECURITIZADORA DE DIREITOS CREDITÓRIOS DO AGRONEGÓCIO S.A.,1ª,2030-10-15,"101,5% do DI",,,,,,,,2026-10-06
24D3313768,CRI,CURY CONSTRUTORA E INCORPORADORA S.A.,TRUE SECURITIZADORA S/A,1ª,2027-05-31,102% do DI,99.3433,101.5233,97.6666,0.22,1051.72129624,100.2,151.04,2026-10-06
CRA023003UX,CRA,ENGELHART CTP,OPEA SECURITIZADORA S/A,1ª,2027-03-15,102% do DI,95.3583,97.096,94.825,0.73,1011.35343852,100.35,107.0,2026-10-06
CRA02500669,CRA,BRF S.A,ECO SECURITIZADORA DE DIREITOS CREDITÓRIOS DO AGRONEGÓCIO S.A.,1ª,2029-07-16,102% do DI,124.4666,,114.0416,2.3,1094.09302834,93.0,692.0,2026-10-06
24F1277566,CRI,DIRECIONAL ENGENHARIA S.A.,OPEA SECURITIZADORA S/A,1ª,2029-07-16,103% do DI,101.3544,103.3766,98.3766,0.34,1036.07481326,100.46,588.82,2026-10-06
CRA02300209,CRA,ENGELHART CTP,VERT COMPANHIA SECURITIZADORA,1ª,2027-01-15,103% do DI,94.0283,,,3.17,1034.53004169,100.31,68.0,2026-10-06
25G5313879,CRI,MOURA DUBEUX ENGENHARIA S.A.,VERT COMPANHIA SECURITIZADORA,1ª,2030-07-15,"103,75% do DI",105.9311,,,0.92,1000.2521922,99.23,751.19,2026-10-06
CRA025008N8,CRA,3Tentos,OPEA SECURITIZADORA S/A,1ª,2030-10-15,"103,75% do DI",110.606,,,6.18,1041.6404989,97.57,764.18,2026-10-06
22J0346710,CRI,BANCO BTG PACTUAL S.A.,OPEA SECURITIZADORA S/A,1ª,2027-01-15,104% do DI,,,,,,,,2026-10-06
CRA0240066A,CRA,CAMIL ALIMENTOS S.A.,ECO SECURITIZADORA DE DIREITOS CREDITÓRIOS DO AGRONEGÓCIO S.A.,1ª,2029-06-15,104% do DI,,,,,,,,2026-10-06
CRA025006SR,CRA,Boa Safra II,OPEA SECURITIZADORA S/A,1ª,2032-02-16,104% do DI,,,,,,,,2026-10-06
CRA025007KD,CRA,CEREAL COMÉRCIO EXPORTAÇÃO E REPRESENTAÇÃO AGROPECUÁRIA S.A.,ECO SECURITIZADORA DE DIREITOS CREDITÓRIOS DO AGRONEGÓCIO S.A.,1ª,2030-09-16,104% do DI,,,,,,,,2026-10-06
CRA025002S1,CRA,MINERVA S.A.,RIZA SECURITIZADORA S.A.,1ª,2030-04-15,"104,5% do DI",130.7277,,122.4628,2.16,982.11724307,91.95,677.64,2026-10-06
CRA025005V5,CRA,MINERVA S.A.,RIZA SECURITIZADORA S.A.,1ª,2030-07-15,"104,5% do DI",130.6511,,122.4457,2.22,941.44791155,91.24,742.66,2026-10-06
24D0006602,CRI,ALLOS S.A.,OPEA SECURITIZADORA S/A,2ª,2029-04-16,105% do DI,99.4258,103.365,98.515,0.37,1083.09873229,101.37,522.83,2026-10-06
25E0013305,CRI,JHSF IV,OPEA SECURITIZADORA S/A,2ª,2030-05-15,105% do DI,105.2211,,,0.68,1055.7019694,99.93,708.78,2026-10-06
CRA02300TSB,CRA,BANCO BTG PACTUAL S.A.,OPEA SECURITIZADORA S/A,1ª,2033-12-15,105% do DI,96.62,,,2.11,1094.98770536,104.82,1194.97,2026-10-06
CRA02400AYL,CRA,MINERVA S.A.,RIZA SECURITIZADORA S.A.,1ª,2029-11-16,105% do DI,126.86,,114.5,9.47,990.75191692,93.78,624.3,2026-10-06
CRA025008C3,CRA,Neomille S.A.,ECO SECURITIZADORA DE DIREITOS CREDITÓRIOS DO AGRONEGÓCIO S.A.,3ª,2032-12-15,105% do DI,,,,,,,,2026-10-06
CRA02500AC9,CRA,,ECO SECURITIZADORA DE DIREITOS CREDITÓRIOS DO AGRONEGÓCIO S.A.,1ª,2030-11-15,105% do DI,,,,,,,,2026-10-06
CRA02500AHT,CRA,C. Vale - Cooperativa Agroindustrial,ECO SECURITIZADORA DE DIREITOS CREDITÓRIOS DO AGRONEGÓCIO S.A.,1ª,2030-11-15,"105,5% do DI",,,,,,,,2026-10-06
CRA025005EI,CRA,GDM Genética do Brasil S.A.,ECO SECURITIZADORA DE DIREITOS CREDITÓRIOS DO AGRONEGÓCIO S.A.,2ª,2032-07-15,"105,75% do DI",,,,,,,,2026-10-06
23K0018802,CRI,MULTIPLAN EMPREENDIMENTOS IMOBILIÁRIOS S.A.,RIZA SECURITIZADORA S.A.,2ª,2031-01-15,106% do DI,99.145,101.27,96.9366,0.33,1054.70113721,102.17,667.53,2026-10-06
CRA025006NA,CRA,Lar Cooperativa Agroindustrial,ECO SECURITIZADORA DE DIREITOS CREDITÓRIOS DO AGRONEGÓCIO S.A.,1ª,2030-08-15,106% do DI,112.4499,,112.0,1.63,987.63898326,97.97,678.67,2026-10-06
23K0019201,CRI,DIRECIONAL ENGENHARIA S.A.,TRUE SECURITIZADORA S/A,2ª,2028-11-16,"106,5% do DI",100.0433,102.3633,98.83,0.36,1071.79018757,101.38,453.85,2026-10-06
CRA026001JL,CRA,Lar Cooperativa Agroindustrial,ECO SECURITIZADORA DE DIREITOS CREDITÓRIOS DO AGRONEGÓCIO S.A.,1ª,2031-03-15,"106,5% do DI",,,,,,,,2026-10-06
25H0243072,CRI,BTSA,RIZA SECURITIZADORA S.A.,2ª,2032-08-16,107% do DI,,,,,,,,2026-10-06
CRA02300NRL,CRA,BANCO BTG PACTUAL S.A.,OPEA SECURITIZADORA S/A,1ª,2033-11-16,107% do DI,97.8844,,,0.88,1111.0414011,105.12,1166.6,2026-10-06
CRA025003UZ,CRA,COOXUPÉ - COOPERATIVA REGIONAL DE,VERT COMPANHIA SECURITIZADORA,2ª,2030-06-17,"107,5% do DI",,,,,,,,2026-10-06
CRA02300CYQ,CRA,BANCO BTG PACTUAL S.A.,OPEA SECURITIZADORA S/A,1ª,2033-07-15,109% do DI,96.6155,,,0.71,1104.91325899,106.94,1154.33,2026-10-06
CRA02300HWH,CRA,BANCO BTG PACTUAL S.A.,OPEA SECURITIZADORA S/A,1ª,2033-09-15,109% do DI,98.2025,100.71,96.2433,0.66,1071.49779029,106.26,1196.95,2026-10-06
24I1980390,CRI,MRV ENGENHARIA E PARTICIPAÇÕES S.A,OPEA SECURITIZADORA S/A,1ª,2029-10-15,110% do DI,130.3944,,125.8833,0.18,1012.20400783,94.44,596.3,2026-10-06
25B3099731,CRI,IGUATEMI PPPH PARTICIPAÇÕES LTDA.,OPEA SECURITIZADORA S/A,1ª,2030-02-18,96% do DI,99.4033,101.9666,96.6333,0.92,1006.03362865,98.88,706.71,2026-10-06
25D0012202,CRI,CYRELA BRAZIL REALTY S.A. EMPREENDIMENTOS,COMPANHIA PROVÍNCIA DE SECURITIZAÇÃO,1ª,2029-04-15,96% do DI,99.4344,,,0.4,1053.46342701,99.15,529.45,2026-10-06
25J4546988,CRI,CYRELA BRAZIL REALTY S.A. EMPREENDIMENTOS E,COMPANHIA PROVÍNCIA DE SECURITIZAÇÃO,1ª,2032-11-16,"96,5% do DI",,,,,,,,2026-10-06
25D0012203,CRI,CYRELA BRAZIL REALTY S.A. EMPREENDIMENTOS E PARTICIPAÇÕES,COMPANHIA PROVÍNCIA DE SECURITIZAÇÃO,2ª,2030-04-15,97% do DI,,,,,,,,2026-10-06
26C3164285,CRI,Allos VI,OPEA SECURITIZADORA S/A,1ª,2031-03-12,97% do DI,99.2611,,,0.78,998.74082103,99.09,864.82,2026-10-06
26G0012801,CRI,Cury III,OPEA SECURITIZADORA S/A,1ª,2032-07-06,97% do DI,100.1149,,97.7666,0.58,1011.15466728,98.56,985.39,2026-10-06
CRA025003PD,CRA,SÃO MARTINHO S.A.,VERT COMPANHIA SECURITIZADORA,1ª,2032-06-15,97% do DI,105.6398,,101.4966,1.56,998.26798395,95.88,1025.46,2026-10-06
24H1684874,CRI,SOCIEDADE BENEFICENTE ISRAELITA BRASILEIRA HOSPITAL ALBERT EINSTEIN,RIZA SECURITIZADORA S.A.,1ª,2029-08-17,"97,5% do DI",97.8244,100.29,95.99,0.52,870.97925256,99.95,364.44,2026-10-06
24D2765586,CRI,CYRELA BRAZIL REALTY S.A.,COMPANHIA PROVÍNCIA DE SECURITIZAÇÃO,1ª,2028-04-15,98% do DI,99.0155,100.95,96.925,0.58,708.41327507,99.89,229.85,2026-10-06
25G3629974,CRI,PLANO E PLANO II,RIZA SECURITIZADORA S.A.,1ª,2030-07-15,98% do DI,104.8497,,104.5,0.26,1004.96949058,97.58,760.84,2026-10-06
25I0014209,CRI,Multiplan,OPEA SECURITIZADORA S/A,1ª,2035-09-19,98% do DI,,,,,,,,2026-10-06
CRA024004H5,CRA,SÃO MARTINHO S.A.,RIZA SECURITIZADORA S.A.,1ª,2027-04-12,98% do DI,99.0,99.3,95.95,1.22,1064.27372442,99.94,118.33,2026-10-06
25G3629975,CRI,PLANO E PLANO II,RIZA SECURITIZADORA S.A.,2ª,2031-07-15,99% do DI,105.0935,,104.7,0.4,1003.57344606,97.42,910.53,2026-10-06
CRA025009Q2,CRA,Jalles Machado S.A.,ECO SECURITIZADORA DE DIREITOS CREDITÓRIOS DO AGRONEGÓCIO S.A.,1ª,2031-10-15,99% do DI,,,,,,,,2026-10-06
24E1393588,CRI,MULTIPLAN EMPREENDIMENTOS IMOBILIÁRIOS S.A.,RIZA SECURITIZADORA S.A.,1ª,2029-05-17,"99,5% do DI",99.0683,101.58,97.1133,0.59,1053.29025242,100.09,454.26,2026-10-06
CRA025008NB,CRA,Bem Brasil Alimentos S.A.,ECO SECURITIZADORA DE DIREITOS CREDITÓRIOS DO AGRONEGÓCIO S.A.,ª,2032-10-15,"DI + 0,33%",,,,,,,,2026-10-06
CRA024009Q2,CRA,MARFRIG GLOBAL FOODS S.A.,ECO SECURITIZADORA DE DIREITOS CREDITÓRIOS DO AGRONEGÓCIO S.A.,1ª,2031-10-15,"DI + 0,35%",2.9937,3.4274,2.5,0.45,972.25965107,91.13,888.95,2026-10-06
22D1289009,CRI,CYRELA BRAZIL REALTY S.A.,OPEA SECURITIZADORA S/A,489ª,2027-06-15,"DI + 0,4%",0.3279,0.5241,0.218,0.06,1044.30837521,100.05,162.01,2026-10-06
CRA02400AYN,CRA,MINERVA S.A.,RIZA SECURITIZADORA S.A.,3ª,2031-11-17,"DI + 0,4%",3.6572,4.4607,2.4607,0.62,939.38365818,89.01,905.6,2026-10-06
CRA02500003,CRA,BOA SAFRA SEMENTES S.A.,OPEA SECURITIZADORA S/A,2ª,2030-01-15,"DI + 0,4%",2.407,,2.25,0.25,978.44336256,94.86,669.51,2026-10-06
CRA0250018J,CRA,MARFRIG GLOBAL FOODS S.A.,ECO SECURITIZADORA DE DIREITOS CREDITÓRIOS DO AGRONEGÓCIO S.A.,3ª,2035-04-16,"DI + 0,4%",3.1235,,2.5,0.51,943.33222221,88.4,1133.92,2026-10-06
CRA025007PT,CRA,SLC AGRÍCOLA S.A.,OPEA SECURITIZADORA S/A,1ª,2033-09-22,"DI + 0,4%",1.1295,1.6507,0.8,0.25,972.2997746,96.77,1139.04,2026-10-06
CRA025002S2,CRA,MINERVA S.A.,RIZA SECURITIZADORA S.A.,3ª,2032-04-15,"DI + 0,5%",3.6865,,2.8374,0.57,948.62555622,88.85,938.16,2026-10-06
23J0019601,CRI,Iguatemi,OPEA SECURITIZADORA S/A,1ª,2028-10-16,"DI + 0,55%",,,,,,,,2026-10-06
23K0018602,CRI,MULTIPLAN EMPREENDIMENTOS IMOBILIÁRIOS S.A.,RIZA SECURITIZADORA S.A.,1ª,2031-01-15,"DI + 0,6%",0.4916,,,0.09,1034.88322536,100.29,666.38,2026-10-06
24B0013201,CRI,SOMA,RIZA SECURITIZADORA S.A.,1ª,2028-02-15,"DI + 0,6%",,,,,,,,2026-10-06
23H1188857,CRI,RAIA DROGASIL S.A.,OPEA SECURITIZADORA S/A,2ª,2027-09-15,"DI + 0,65%",0.2343,0.4274,0.0774,0.26,1011.88980747,100.38,227.13,2026-10-06
CRA02300RS5,CRA,CAMIL ALIMENTOS S.A.,ECO SECURITIZADORA DE DIREITOS CREDITÓRIOS DO AGRONEGÓCIO S.A.,1ª,2028-11-16,"DI + 0,65%",4.0008,4.473,3.856,0.25,996.05181073,94.29,450.84,2026-10-06
22C0023008,CRI,RAIA DROGASIL S.A.,OPEA SECURITIZADORA S/A,495ª,2027-03-08,"DI + 0,7%",0.2418,0.4341,0.0841,0.26,506.37073991,100.19,102.0,2026-10-06
23K0018401,CRI,DIRECIONAL ENGENHARIA S.A.,OPEA SECURITIZADORA S/A,1ª,2028-11-16,"DI + 0,7%",,,,,,,,2026-10-06
CRA02300GCY,CRA,IPIRANGA PRODUTOS DE PETRÓLEO S.A.,VERT COMPANHIA SECURITIZADORA,2ª,2027-07-16,"DI + 0,7%",0.2267,0.4741,,0.08,1035.01707885,100.34,181.04,2026-10-06
CRA025005V6,CRA,MINERVA S.A.,RIZA SECURITIZADORA S.A.,2ª,2033-07-15,"DI + 0,7%",3.6042,,2.5,1.45,914.71050222,88.62,1052.8,2026-10-06
22E1325261,CRI,HYPERA S.A.,OPEA SECURITIZADORA S/A,1ª,2027-08-16,"DI + 0,75%",0.5107,0.7257,0.3424,0.03,1021.20883841,100.2,206.05,2026-10-06
22F0230096,CRI,RAIA DROGASIL S.A.,OPEA SECURITIZADORA S/A,1ª,2029-06-26,"DI + 0,75%",0.2822,0.4641,0.1307,0.23,1048.95043481,100.89,478.24,2026-10-06
22K0934871,CRI,BCBF PARTICIPAÇÕES S.A.,RIZA SECURITIZADORA S.A.,1ª,2027-12-15,"DI + 0,75%",14.4661,,12.576,3.24,910.4764378,87.13,270.76,2026-10-06
22I0970801,CRI,NATURA COSMÉTICOS S.A.,RIZA SECURITIZADORA S.A.,1ª,2027-09-15,"DI + 0,8%",0.3929,0.5641,0.2141,0.04,1011.84705714,100.37,227.05,2026-10-06
22J0305579,CRI,DIAGNÓSTICOS DA AMÉRICA S.A.,VERT COMPANHIA SECURITIZADORA,1ª,2027-10-15,"DI + 0,8%",4.7257,6.5624,3.1091,0.3,1032.29782894,96.55,231.02,2026-10-06
CRA02300JG2,CRA,JBS S.A.,RIZA SECURITIZADORA S.A.,2ª,2028-09-15,"DI + 0,8%",0.5126,0.6657,0.2991,0.05,1013.27684672,100.51,442.35,2026-10-06
CRA02300NRM,CRA,BANCO BTG PACTUAL S.A.,OPEA SECURITIZADORA S/A,2ª,2033-11-16,"DI + 0,8%",-0.0044,,,0.43,1095.93739409,103.75,1163.36,2026-10-06
CRA0240066F,CRA,BRF S.A.,ECO SECURITIZADORA DE DIREITOS CREDITÓRIOS DO AGRONEGÓCIO S.A.,1ª,2029-06-15,"DI + 0,8%",3.4191,,2.7241,0.13,987.07095692,94.45,559.24,2026-10-06
22E1315701,CRI,EVEN CONSTRUTORA E INCORPORADORA S.A.,OPEA SECURITIZADORA S/A,1ª,2028-09-18,"DI + 0,9%",1.2156,,,0.03,964.65587892,99.72,225.35,2026-10-06
23J1142031,CRI,YDUQS PARTICIPAÇÕES S.A.,OPEA SECURITIZADORA S/A,2ª,2028-10-13,"DI + 0,9%",1.0416,,,0.27,1067.68837157,99.82,330.91,2026-10-06
CRA022008NC,CRA,SOROCABA REFRESCOS S.A.,ECO SECURITIZADORA DE DIREITOS CREDITÓRIOS DO AGRONEGÓCIO S.A.,1ª,2029-08-15,"DI + 0,9%",,,,,,,,2026-10-06
CRA023000GP,CRA,"VAMOS LOCAÇÃO DE CAMINHÕES, MÁQUINAS E EQUIPAMENTOS S.A.",ECO SECURITIZADORA DE DIREITOS CREDITÓRIOS DO AGRONEGÓCIO S.A.,1ª,2028-01-17,"DI + 0,9%",4.0855,4.3218,3.2468,0.14,995.60322913,96.42,295.44,2026-10-06
CRA024007K9,CRA,COOXUPÉ - COOPERATIVA REGIONAL DE CAFEICULTORES EM GUAXUPÉ LTDA.,VERT COMPANHIA SECURITIZADORA,1ª,2029-07-16,"DI + 0,9%",1.4165,1.6824,1.0491,0.07,1022.36815343,99.01,490.66,2026-10-06
22F0315398,CRI,LOCALIZA RENT A CAR S.A.,RIZA SECURITIZADORA S.A.,1ª,2027-06-07,"DI + 0,95%",0.5255,0.6841,0.3174,0.22,1051.89574945,100.26,155.69,2026-10-06
CRA024002MJ,CRA,MARFRIG GLOBAL FOODS S.A.,ECO SECURITIZADORA DE DIREITOS CREDITÓRIOS DO AGRONEGÓCIO S.A.,1ª,2029-03-15,"DI + 0,95%",3.3635,3.3807,2.9284,0.17,958.96398221,95.11,533.52,2026-10-06
23H0027402,CRI,REDE D'OR SÃO LUIZ S.A.,OPEA SECURITIZADORA S/A,1ª,2028-08-15,DI + 1%,0.1347,0.3274,0.133,0.08,1034.25191144,101.44,419.99,2026-10-06
CRA022006HJ,CRA,SÃO SALVADOR ALIMENTOS S.A.,ECO SECURITIZADORA DE DIREITOS CREDITÓRIOS DO AGRONEGÓCIO S.A.,1ª,2027-07-15,DI + 1%,1.1565,,,0.32,1031.68769699,99.89,183.74,2026-10-06
CRA022008C9,CRA,COMPANHIA DE LOCAÇÃO DAS AMÉRICAS,ECO SECURITIZADORA DE DIREITOS CREDITÓRIOS DO AGRONEGÓCIO S.A.,2ª,2028-09-15,DI + 1%,0.7194,1.043,0.4603,0.04,1013.21181243,100.49,441.72,2026-10-06
CRA022008CB,CRA,JALLES MACHADO S.A.,ECO SECURITIZADORA DE DIREITOS CREDITÓRIOS DO AGRONEGÓCIO S.A.,1ª,2032-08-09,DI + 1%,1.5854,,1.45,0.27,989.08727413,97.83,956.18,2026-10-06
23H1191899,CRI,RAIA DROGASIL S.A.,OPEA SECURITIZADORA S/A,3ª,2030-09-16,"DI + 1,1%",0.4,0.5666,0.2666,0.23,1028.35487971,101.98,712.05,2026-10-06
CRA024002S1,CRA,MINERVA S.A.,RIZA SECURITIZADORA S.A.,1ª,2029-03-15,"DI + 1,1%",3.1756,3.4768,2.5,1.18,965.86624468,95.79,533.04,2026-10-06
CRA02400AHV,CRA,CEREAL COMÉRCIO EXPORTAÇÃO E REPRESENTAÇÃO AGROPECUÁRIA S.A.,RIZA SECURITIZADORA S.A.,1ª,2029-11-16,"DI + 1,1%",1.8201,2.0207,1.1718,0.3,1039.83796007,98.26,621.47,2026-10-06
23F2455020,CRI,Assai,TRUE SECURITIZADORA S/A,3ª,2028-07-15,"DI + 1,15%",,,,,,,,2026-10-06
CRA023000MC,CRA,"VAMOS LOCAÇÃO DE CAMINHÕES, MÁQUINAS E EQUIPAMENTOS S.A.",ECO SECURITIZADORA DE DIREITOS CREDITÓRIOS DO AGRONEGÓCIO S.A.,2ª,2030-01-15,"DI + 1,2%",4.9835,5.5705,4.0,0.14,1453.03445542,88.8,816.0,2026-10-06
CRA024001P7,CRA,JSL S.A.,ECO SECURITIZADORA DE DIREITOS CREDITÓRIOS DO AGRONEGÓCIO S.A.,3ª,2031-02-17,"DI + 1,2%",4.7078,5.0455,4.0,0.18,930.57228001,91.25,671.29,2026-10-06
CRA024007Q4,CRA,SLC MÁQUINAS LTDA.,OPEA SECURITIZADORA S/A,2ª,2031-08-15,"DI + 1,2%",1.3858,1.673,0.898,0.19,1014.84729988,99.51,676.01,2026-10-06
23C0247388,CRI,LOCALIZA RENT A CAR S.A.,RIZA SECURITIZADORA S.A.,1ª,2028-03-10,"DI + 1,25%",0.5505,,,0.19,1019.42609275,100.92,333.37,2026-10-06
23G0009601,CRI,DIMED S.A.,OPEA SECURITIZADORA S/A,1ª,2028-07-27,"DI + 1,3%",,,,,,,,2026-10-06
23C0247702,CRI,LOCALIZA RENT A CAR S.A.,RIZA SECURITIZADORA S.A.,2ª,2030-03-11,"DI + 1,4%",0.3574,,,0.03,1039.8628286,102.93,706.21,2026-10-06
CRA022008NF,CRA,IRANI PAPEL E EMBALAGEM S.A.,ECO SECURITIZADORA DE DIREITOS CREDITÓRIOS DO AGRONEGÓCIO S.A.,1ª,2027-08-16,"DI + 1,4%",0.9782,1.4105,0.6903,0.14,1023.61256166,100.34,205.69,2026-10-06
CRA023002GX,CRA,INTEGRADA COOPERATIVA AGROINDUSTRIAL,ECO SECURITIZADORA DE DIREITOS CREDITÓRIOS DO AGRONEGÓCIO S.A.,1ª,2028-05-15,"DI + 1,4%",,,,,,,,2026-10-06
23J1127308,CRI,MOVIDA PARTICIPAÇÕES S.A.,OPEA SECURITIZADORA S/A,1ª,2028-10-16,"DI + 1,45%",4.7815,4.9541,,0.21,1015.30095957,94.67,425.33,2026-10-06
22C1235206,CRI,HAVAN S.A.,OPEA SECURITIZADORA S/A,463ª,2027-04-27,"DI + 1,5%",0.706,1.0218,0.6968,0.17,1008.09062454,100.41,131.25,2026-10-06
23I1257218,CRI,JSL S.A.,OPEA SECURITIZADORA S/A,2ª,2030-09-16,"DI + 1,5%",,,,,,,,2026-10-06
CRA0220080Y,CRA,NEOMILLE S.A.,ECO SECURITIZADORA DE DIREITOS CREDITÓRIOS DO AGRONEGÓCIO S.A.,1ª,2028-04-03,"DI + 1,5%",1.8769,2.6041,1.6155,0.08,430.2013886,99.67,228.98,2026-10-06
CRA02300G7E,CRA,MARFRIG GLOBAL FOODS S.A.,ECO SECURITIZADORA DE DIREITOS CREDITÓRIOS DO AGRONEGÓCIO S.A.,2ª,2028-08-15,"DI + 1,5%",3.2243,3.4941,2.8107,0.46,992.16640126,97.25,417.21,2026-10-06
CRA02300MJ9,CRA,MINERVA S.A.,RIZA SECURITIZADORA S.A.,1ª,2028-09-15,"DI + 1,5%",2.2997,2.3304,1.2304,1.29,994.88308091,98.64,439.62,2026-10-06
CRA024003UY,CRA,LAR COOPERATIVA AGROINDUSTRIAL,ECO SECURITIZADORA DE DIREITOS CREDITÓRIOS DO AGRONEGÓCIO S.A.,2ª,2029-04-16,"DI + 1,55%",1.7171,2.1724,1.1724,0.06,1005.7220704,99.71,438.4,2026-10-06
CRA0240020A,CRA,VICUNHA TÊXTIL S.A.,RIZA SECURITIZADORA S.A.,1ª,2029-02-15,"DI + 1,6%",,,,,,,,2026-10-06
CRA0240099E,CRA,VALE DO TIJUCO AÇÚCAR E ÁLCOOL S.A.,ECO SECURITIZADORA DE DIREITOS CREDITÓRIOS DO AGRONEGÓCIO S.A.,1ª,2034-10-16,"DI + 1,6%",2.8048,,2.45,0.91,1025.27278873,95.54,967.36,2026-10-06
CRA025009KJ,CRA,Salton,OPEA SECURITIZADORA S/A,1ª,2031-12-09,"DI + 1,6%",,,,,,,,2026-10-06
24A2720884,CRI,DIAGNÓSTICAS DA AMÉRICA S.A.,VERT COMPANHIA SECURITIZADORA,1ª,2029-01-15,"DI + 1,63%",4.4027,6.0583,3.4625,1.2,981.747917,94.92,487.18,2026-10-06
22L1465644,CRI,ÂNIMA HOLDING S.A.,RIZA SECURITIZADORA S.A.,1ª,2027-12-15,"DI + 1,65%",2.4847,2.9241,1.9244,0.23,999.76757047,99.12,273.14,2026-10-06
CRA0230073L,CRA,J. MACÊDO S.A.,RIZA SECURITIZADORA S.A.,1ª,2028-04-17,"DI + 1,65%",,,,,,,,2026-10-06
23F0012002,CRI,LOG COMMERCIAL PROPERTIES E PARTICIPAÇÕES S.A.,OPEA SECURITIZADORA S/A,1ª,2028-06-26,"DI + 1,7%",1.0652,,,0.08,673.66419483,100.7,280.73,2026-10-06
23L2043099,CRI,Unidas,OPEA SECURITIZADORA S/A,1ª,2028-12-15,"DI + 1,7%",,,,,,,,2026-10-06
CRA02300VBT,CRA,UNIDAS LOCAÇÕES E SERVIÇOS S.A.,OPEA SECURITIZADORA S/A,1ª,2028-12-15,"DI + 1,7%",1.1271,1.3941,0.5941,0.1,1059.18625682,101.06,469.72,2026-10-06
CRA022008NH,CRA,IRANI PAPEL E EMBALAGEM S.A.,ECO SECURITIZADORA DE DIREITOS CREDITÓRIOS DO AGRONEGÓCIO S.A.,2ª,2029-08-15,"DI + 1,75%",0.8584,1.1205,0.558,0.06,1038.96241095,101.8,510.49,2026-10-06
CRA0230012X,CRA,VALE DO PONTAL AÇÚCAR E ETANOL S.A.,ECO SECURITIZADORA DE DIREITOS CREDITÓRIOS DO AGRONEGÓCIO S.A.,1ª,2031-02-17,"DI + 1,8%",,,,,,,,2026-10-06
CRA0240005N,CRA,CEREAL COMÉRCIO EXPORTAÇÃO E REPRESENTAÇÃO AGROPECUÁRIA S.A.,RIZA SECURITIZADORA S.A.,1ª,2029-01-15,"DI + 1,8%",1.8289,1.9891,1.7224,0.22,1034.42734577,99.97,283.77,2026-10-06
24K0003002,CRI,PATRIMAR ENGENHARIA S.A.,RIZA SECURITIZADORA S.A.,1ª,2029-11-23,"DI + 1,95%",4.9822,5.4074,4.6805,1.67,994.85756072,93.98,530.83,2026-10-06
CRA02300Q8I,CRA,CAPAL COOPERATIVA AGROINDUSTRIAL,OPEA SECURITIZADORA S/A,1ª,2029-05-17,"DI + 1,95%",1.3665,,,0.91,609.43883455,100.8,351.54,2026-10-06
23H1023846,CRI,BR PROPERTIES S.A.,OPEA SECURITIZADORA S/A,1ª,2031-08-15,DI + 2%,,,,,,,,2026-10-06
23J1333602,CRI,PATRIMAR ENGENHARIA S.A.,RIZA SECURITIZADORA S.A.,1ª,2028-10-20,DI + 2%,,,,,,,,2026-10-06
CRA022001P6,CRA,USINA BATATAIS S.A.,RIZA SECURITIZADORA S.A.,1ª,2028-04-20,DI + 2%,1.5677,,,0.24,1011.18414487,100.59,346.88,2026-10-06
CRA022008C2,CRA,VICUNHA TÊXTIL S.A.,RIZA SECURITIZADORA S.A.,2ª,2027-08-16,DI + 2%,5.5,,,2.63,496.65911893,97.29,205.19,2026-10-06
CRA02300S8P,CRA,FS INDÚSTRIA DE BIOCOMBUSTÍVEIS LTDA.,ECO SECURITIZADORA DE DIREITOS CREDITÓRIOS DO AGRONEGÓCIO S.A.,2ª,2030-06-17,DI + 2%,4.1268,4.4841,3.6224,0.13,951.31625736,94.3,713.56,2026-10-06
CRA024000B7,CRA,FS INDÚSTRIA DE BIOCOMBUSTÍVEIS LTDA.,ECO SECURITIZADORA DE DIREITOS CREDITÓRIOS DO AGRONEGÓCIO S.A.,2ª,2030-07-15,DI + 2%,4.1076,4.6655,3.45,0.1,950.94948286,94.26,724.62,2026-10-06
CRA02300BQD,CRA,GJA INDÚSTRIAS S.A.,RIZA SECURITIZADORA S.A.,1ª,2029-07-16,"DI + 2,25%",,,,,,,,2026-10-06
CRA025000MJ,CRA,Integrada Cooperativa Agroindustrial,ECO SECURITIZADORA DE DIREITOS CREDITÓRIOS DO AGRONEGÓCIO S.A.,2ª,2029-05-15,"DI + 2,35%",,,,,,,,2026-10-06
22L1212138,CRI,LAR COOPERATIVA AGROINDUSTRIAL,HABITASEC SECURITIZADORA S.A.,2ª,2034-12-19,"DI + 2,45%",,,,,,,,2026-10-06
CRA02300KZL,CRA,FLORA PRODUTOS DE HIGIENE E LIMPEZA S.A.,OPEA SECURITIZADORA S/A,1ª,2029-10-15,"DI + 2,5%",,,,,,,,2026-10-06
CRA02300795,CRA,FS INDÚSTRIA DE BIOCOMBUSTÍVEIS LTDA.,ECO SECURITIZADORA DE DIREITOS CREDITÓRIOS DO AGRONEGÓCIO S.A.,1ª,2029-10-15,"DI + 2,9%",4.1768,4.7755,3.678,0.17,979.84037409,97.07,605.91,2026-10-06
CRA02300CCH,CRA,FS INDÚSTRIA DE BIOCOMBUSTÍVEIS LTDA.,ECO SECURITIZADORA DE DIREITOS CREDITÓRIOS DO AGRONEGÓCIO S.A.,1ª,2029-12-17,"DI + 2,9%",4.1506,4.6884,3.7042,0.04,979.18988365,97.01,632.24,2026-10-06
CRA0250040I,CRA,Natural One S.A,ECO SECURITIZADORA DE DIREITOS CREDITÓRIOS DO AGRONEGÓCIO S.A.,1ª,2029-06-15,"DI + 2,9%",,,,,,,,2026-10-06
CRA0220099D,CRA,CENTRAL CRESOL BASER,ECO SECURITIZADORA DE DIREITOS CREDITÓRIOS DO AGRONEGÓCIO S.A.,1ª,2027-12-15,"DI + 2,95%",,,,,,,,2026-10-06
CRA023003JX,CRA,OLFAR S.A.,RIZA SECURITIZADORA S.A.,1ª,2029-03-15,DI + 3%,2.1647,,,0.03,728.43194196,101.03,316.22,2026-10-06
CRA0240086H,CRA,DISTRIBUIDORA DE PRODUTOS DE PETRÓLEO CHARRUA LTDA.,OPEA SECURITIZADORA S/A,1ª,2029-08-23,DI + 3%,3.202,3.5693,,0.35,1001.6788803,99.61,507.66,2026-10-06
CRA0250012Y,CRA,FS FLORESTAL S.A.,ECO SECURITIZADORA DE DIREITOS CREDITÓRIOS DO AGRONEGÓCIO S.A.,2ª,2031-03-17,DI + 3%,4.2122,,3.45,0.24,972.23346675,96.31,805.8,2026-10-06
CRA022000RU,CRA,MADERO INDÚSTRIA E COMÉRCIO S.A.,ECO SECURITIZADORA DE DIREITOS CREDITÓRIOS DO AGRONEGÓCIO S.A.,2ª,2027-03-15,"DI + 3,5%",3.3112,,,0.45,140.95108101,100.04,55.47,2026-10-06
CRA024002MM,CRA,USINA SANTA FÉ S.A.,ECO SECURITIZADORA DE DIREITOS CREDITÓRIOS DO AGRONEGÓCIO S.A.,1ª,2029-12-17,DI + 4%,,,,,,,,2026-10-06
CRA02400ECU,CRA,USINA CORURIPE AÇÚCAR E ÁLCOOL S.A.,ECO SECURITIZADORA DE DIREITOS CREDITÓRIOS DO AGRONEGÓCIO S.A.,5ª,2030-11-25,"DI + 4,1%",4.6543,5.0091,4.5757,0.26,4997.35803841,99.1,427.11,2026-10-06
CRA023001JL,CRA,PISANI PLÁSTICOS S.A.,ECO SECURITIZADORA DE DIREITOS CREDITÓRIOS DO AGRONEGÓCIO S.A.,1ª,2029-02-20,DI + 5%,,,,,,,,2026-10-06
CRA02300KOH,CRA,TECSOIL AUTOMAÇÃO E SISTEMAS S.A.,OPEA SECURITIZADORA S/A,1ª,2028-10-16,"DI + 5,5%",3.1057,3.9005,2.1,0.04,716.725032,102.1,228.9,2026-10-06
CRA02300JR6,CRA,RAÍZEN ENERGIA S.A.,TRUE SECURITIZADORA S/A,2ª,2033-10-17,IPCA + 0%,,,,,484.34957456,42.59,,2026-10-06
CRA019003JY,CRA,KLABIN S.A.,VERT COMPANHIA SECURITIZADORA,1ª,2029-06-15,"IPCA + 3,5%",7.0206,7.1912,6.791,0.17,1408.69628946,94.74,404.65,2026-10-06
CRA019003V3,CRA,RAÍZEN ENERGIA S.A.,OPEA SECURITIZADORA S/A,2ª,2029-07-16,"IPCA + 3,602%",,,,,693.60293102,47.35,,2026-10-06
CRA021000MG,CRA,M. DIAS BRANCO S.A. INDÚSTRIA E COMÉRCIO DE ALIMENTOS,RIZA SECURITIZADORA S.A.,1ª,2028-03-15,"IPCA + 3,7992%",7.701,7.8803,7.3859,0.28,1300.85318416,94.96,352.96,2026-10-06
CRA021000MH,CRA,M. DIAS BRANCO S.A. INDÚSTRIA E COMÉRCIO DE ALIMENTOS,RIZA SECURITIZADORA S.A.,2ª,2031-03-15,"IPCA + 4,1369%",7.9718,8.1078,7.5995,0.34,1221.4832075,89.15,795.85,2026-10-06
CRA02100002,CRA,COCAL COMÉRCIO INDÚSTRIA CANAÃ AÇÚCAR E ÁLCOOL LTDA.,RIZA SECURITIZADORA S.A.,2ª,2028-02-15,"IPCA + 4,2095%",8.0877,,,2.21,619.33627878,97.45,177.17,2026-10-06
CRA021000MB,CRA,COLOMBO AGROINDÚSTRIA S.A.,ECO SECURITIZADORA DE DIREITOS CREDITÓRIOS DO AGRONEGÓCIO S.A.,1ª,2027-03-15,"IPCA + 4,4474%",7.729,,,1.38,672.59757802,98.7,107.0,2026-10-06
CRA021001PQ,CRA,MARFRIG GLOBAL FOODS S.A.,OPEA SECURITIZADORA S/A,1ª,2028-07-15,"IPCA + 4,5%",12.4106,12.5813,11.8746,0.33,1178.21337356,88.36,426.56,2026-10-06
CRA019001E7,CRA,KLABIN S.A.,VERT COMPANHIA SECURITIZADORA,2ª,2029-03-15,"IPCA + 4,5081%",6.9363,7.2352,6.7561,0.19,1468.90131072,96.93,340.44,2026-10-06
CRA021001VA,CRA,MARFRIG GLOBAL FOODS S.A.,OPEA SECURITIZADORA S/A,2ª,2031-07-15,"IPCA + 4,6%",12.3282,,10.3743,1.3,1047.70398516,78.56,842.05,2026-10-06
21G0065100,CRI,ALIANSCE SONAE SHOPPING CENTERS S.A.,RB CAPITAL INVESTIMENTOS DTVM LTDA,347ª,2028-07-17,"IPCA + 4,6197%",7.6412,,7.3865,0.16,1267.71774766,95.3,425.88,2026-10-06
CRA0210013B,CRA,BRF S.A.,VERT COMPANHIA SECURITIZADORA,1ª,2031-05-15,"IPCA + 4,7843%",11.3427,11.8984,10.3797,1.34,1069.31388408,78.26,1006.25,2026-10-06
CRA021001KB,CRA,COMPANHIA DE LOCAÇÃO DAS AMÉRICAS,ECO SECURITIZADORA DE DIREITOS CREDITÓRIOS DO AGRONEGÓCIO S.A.,1ª,2031-07-15,"IPCA + 4,825%",7.8125,8.1092,7.5312,0.43,1218.61405637,90.89,851.97,2026-10-06
CRA021002SO,CRA,IPIRANGA PRODUTOS DE PETRÓLEO S.A.,VERT COMPANHIA SECURITIZADORA,1ª,2028-09-15,"IPCA + 4,8287%",7.4994,8.1534,7.4341,0.29,1248.73643501,95.42,469.31,2026-10-06
21D0737500,CRI,DIRECIONAL ENGENHARIA S.A.,OPEA SECURITIZADORA S/A,371ª,2028-04-17,"IPCA + 4,8444%",7.4966,7.9538,7.3601,0.3,881.25540106,97.58,246.22,2026-10-06
21D0862572,CRI,REDE D'OR SÃO LUIZ S.A.,OPEA SECURITIZADORA S/A,324ª,2036-05-15,"IPCA + 4,9347%",7.7868,,7.4657,0.13,1144.22072259,83.24,1697.95,2026-10-06
21H1078699,CRI,SENDAS DISTRIBUIDORA S.A.,OPEA SECURITIZADORA S/A,428ª,2028-10-16,"IPCA + 5,1531%",10.7133,10.8644,9.8855,0.35,1194.26836368,90.73,474.55,2026-10-06
21H1078700,CRI,SENDAS DISTRIBUIDORA S.A.,OPEA SECURITIZADORA S/A,429ª,2031-10-15,"IPCA + 5,2662%",11.3419,11.6261,11.0798,0.02,1081.5266422,82.12,872.95,2026-10-06
CRA020002GZ,CRA,BRF S.A.,VERT COMPANHIA SECURITIZADORA,1ª,2027-07-15,"IPCA + 5,3%",10.8256,11.0613,10.7193,0.49,1402.6903568,96.24,188.76,2026-10-06
21D0694886,CRI,CONSTRUTORA TENDA S.A.,OPEA SECURITIZADORA S/A,378ª,2028-04-17,"IPCA + 5,3621%",9.2129,,,0.77,891.80637752,96.59,242.01,2026-10-06
CRA021002NF,CRA,PETROBRAS DISTRIBUIDORA S.A.,RIZA SECURITIZADORA S.A.,1ª,2031-09-15,"IPCA + 5,3995%",8.2223,8.5914,7.9973,0.3,1190.71563207,90.95,900.36,2026-10-06
CRA020001P7,CRA,RAÍZEN ENERGIA S.A.,OPEA SECURITIZADORA S/A,1ª,2027-06-15,"IPCA + 5,4%",,,,,661.36233296,46.48,,2026-10-06
CRA021000RX,CRA,MINERVA S.A.,RIZA SECURITIZADORA S.A.,1ª,2028-04-17,"IPCA + 5,5034%",12.2763,12.304,10.5804,0.19,1268.24922221,91.45,361.15,2026-10-06
21I0278118,CRI,LOG COMMERCIAL PROPERTIES E PARTICIPAÇÕES S.A.,RIZA SECURITIZADORA S.A.,362ª,2028-09-15,"IPCA + 5,5212%",10.5084,,9.6177,2.16,614.68237483,93.82,346.51,2026-10-06
21K0001806,CRI,REDE D'OR SÃO LUIZ S.A.,OPEA SECURITIZADORA S/A,396ª,2031-12-15,"IPCA + 5,5758%",7.8685,8.0845,7.6283,0.09,1191.40143654,92.4,922.69,2026-10-06
CRA021000RY,CRA,MINERVA S.A.,RIZA SECURITIZADORA S.A.,39ª,2031-04-15,"IPCA + 5,578%",11.2408,11.7993,10.1289,1.11,1180.47088206,85.1,769.79,2026-10-06
CRA020002H1,CRA,BRF S.A.,VERT COMPANHIA SECURITIZADORA,2ª,2030-07-15,"IPCA + 5,6%",11.8611,12.1327,10.5167,1.08,1261.79978837,86.52,627.28,2026-10-06
CRA022002Y1,CRA,NORSA REFRIGERANTES S.A.,RIZA SECURITIZADORA S.A.,1ª,2027-03-15,"IPCA + 5,685%",,,,,,,,2026-10-06
CRA020003PY,CRA,"VAMOS LOCAÇÃO DE CAMINHÕES, MÁQUINAS E EQUIPAMENTOS S.A.",ECO SECURITIZADORA DE DIREITOS CREDITÓRIOS DO AGRONEGÓCIO S.A.,1ª,2030-11-18,"IPCA + 5,7315%",12.048,12.854,11.4173,0.56,1224.2866809,85.16,689.48,2026-10-06
21K0001812,CRI,ULTRA SOM SERVIÇOS MÉDICOS S.A.,RIZA SECURITIZADORA S.A.,378ª,2031-12-15,"IPCA + 5,7505%",19.9359,22.2099,18.3785,1.42,779.45770335,60.71,967.2,2026-10-06
CRA021002YA,CRA,CARAMURU ALIMENTOS S.A.,ECO SECURITIZADORA DE DIREITOS CREDITÓRIOS DO AGRONEGÓCIO S.A.,1ª,2027-09-15,"IPCA + 5,7641%",,,,,,,,2026-10-06
CRA020001P8,CRA,RAÍZEN ENERGIA S.A.,TRUE SECURITIZADORA S/A,2ª,2030-06-17,"IPCA + 5,8%",,,,,666.33163349,46.79,,2026-10-06
22D1289007,CRI,REDE D'OR SÃO LUIZ S.A.,OPEA SECURITIZADORA S/A,508ª,2029-06-15,"IPCA + 5,83%",7.631,,7.3012,0.21,1167.90529549,95.93,619.38,2026-10-06
22D1289010,CRI,CYRELA BRAZIL REALTY S.A.,OPEA SECURITIZADORA S/A,490ª,2027-06-15,"IPCA + 5,9068%",6.9852,,6.4562,0.76,1230.70058471,99.33,166.48,2026-10-06
CRA022002Y2,CRA,NORSA REFRIGERANTES S.A.,RIZA SECURITIZADORA S.A.,2ª,2029-03-15,"IPCA + 5,9169%",7.9426,8.4647,7.6279,0.39,1176.75961244,96.59,460.34,2026-10-06
CRA022006N5,CRA,IPIRANGA PRODUTOS DE PETRÓLEO S.A.,VERT COMPANHIA SECURITIZADORA,1ª,2032-06-15,"IPCA + 6,0053%",7.4912,8.1165,7.185,0.1,1149.75647354,94.55,1011.35,2026-10-06
22D1289008,CRI,REDE D'OR SÃO LUIZ S.A.,OPEA SECURITIZADORA S/A,509ª,2032-06-15,"IPCA + 6,01%",7.7129,,,0.2,1142.39806853,93.79,1010.19,2026-10-06
CRA022002Y3,CRA,NORSA REFRIGERANTES S.A.,RIZA SECURITIZADORA S.A.,3ª,2032-03-15,"IPCA + 6,0392%",7.9167,,7.8365,0.03,1137.90918171,93.4,977.04,2026-10-06
21K0001807,CRI,REDE D'OR SÃO LUIZ S.A.,OPEA SECURITIZADORA S/A,397ª,2036-12-15,"IPCA + 6,1017%",7.9307,8.1435,7.6688,0.08,1147.08751675,88.82,1726.64,2026-10-06
22K0001201,CRI,PETRÓLEO BRASILEIRO S.A. - PETROBRAS,OPEA SECURITIZADORA S/A,1ª,2030-04-15,"IPCA + 6,2%",6.6171,6.9226,6.5377,0.1,1216.99760901,98.77,794.08,2026-10-06
23H0027403,CRI,REDE D'OR SÃO LUIZ S.A.,OPEA SECURITIZADORA S/A,2ª,2030-08-15,"IPCA + 6,2%",7.8704,8.1168,7.6477,0.09,1098.99661935,94.79,863.04,2026-10-06
CRA022006MY,CRA,Dexco S.A.,ECO SECURITIZADORA DE DIREITOS CREDITÓRIOS DO AGRONEGÓCIO S.A.,2ª,2032-06-15,"IPCA + 6,2%",,,,,,,,2026-10-06
22K0001203,CRI,PETRÓLEO BRASILEIRO S.A. - PETROBRAS,OPEA SECURITIZADORA S/A,2ª,2032-11-16,"IPCA + 6,25%",6.7178,7.0397,,0.06,1235.52771534,97.85,1246.59,2026-10-06
22E1325262,CRI,HYPERA S.A.,OPEA SECURITIZADORA S/A,2ª,2029-08-15,"IPCA + 6,279%",8.303,8.576,7.8896,0.26,1147.48207307,95.18,658.85,2026-10-06
CRA021002YF,CRA,J. MACÊDO S.A.,ECO SECURITIZADORA DE DIREITOS CREDITÓRIOS DO AGRONEGÓCIO S.A.,1ª,2026-11-16,"IPCA + 6,3071%",,,,,,,,2026-10-06
CRA02300S35,CRA,CAMIL ALIMENTOS S.A.,ECO SECURITIZADORA DE DIREITOS CREDITÓRIOS DO AGRONEGÓCIO S.A.,2ª,2030-11-18,"IPCA + 6,3416%",11.9098,12.3352,11.3969,0.72,994.97287401,85.13,787.97,2026-10-06
22C1362141,CRI,MATEUS SUPERMERCADOS S.A.,OPEA SECURITIZADORA S/A,1ª,2034-07-17,"IPCA + 6,3423%",9.8446,,9.6319,0.22,841.26340419,90.03,796.91,2026-10-06
22B0004808,CRI,CSN CIMENTOS S.A.,RIZA SECURITIZADORA S.A.,417ª,2032-02-16,"IPCA + 6,3893%",16.6415,18.845,13.2505,0.17,887.17952971,70.98,918.02,2026-10-06
CRA022008N6,CRA,JBS S.A.,RIZA SECURITIZADORA S.A.,2ª,2032-09-15,"IPCA + 6,3919%",8.3277,,,0.4,1118.67937246,92.63,1065.04,2026-10-06
22K0001204,CRI,PETRÓLEO BRASILEIRO S.A. - PETROBRAS,OPEA SECURITIZADORA S/A,3ª,2037-11-16,"IPCA + 6,4%",,,,,,,,2026-10-06
24B0013203,CRI,CIDADE MARAVILHOSA INDÚSTRIA E COMÉRCIO DE ROUPAS S.A.,RIZA SECURITIZADORA S.A.,3ª,2030-02-15,"IPCA + 6,4%",12.198,,11.2004,0.91,986.40738774,87.14,649.9,2026-10-06
CRA02300CYS,CRA,BANCO BTG PACTUAL S.A.,OPEA SECURITIZADORA S/A,3ª,2033-07-15,"IPCA + 6,4338%",,,,,,,,2026-10-06
22E1325264,CRI,HYPERA S.A.,OPEA SECURITIZADORA S/A,3ª,2032-08-16,"IPCA + 6,4451%",8.393,8.6494,8.2108,0.21,1118.2704383,92.74,1042.75,2026-10-06
CRA024001P6,CRA,JSL S.A.,ECO SECURITIZADORA DE DIREITOS CREDITÓRIOS DO AGRONEGÓCIO S.A.,2ª,2031-02-17,"IPCA + 6,4527%",13.0418,13.3802,12.5301,0.58,947.75213059,83.62,742.06,2026-10-06
22E1095384,CRI,MRV ENGENHARIA E PARTICIPAÇÕES S.A.,OPEA SECURITIZADORA S/A,1ª,2030-09-16,"IPCA + 6,4802%",12.0284,,,0.29,1044.17074645,87.36,664.76,2026-10-06
21J0001208,CRI,TENDA ATACADO S.A.,RIZA SECURITIZADORA S.A.,306ª,2026-10-15,"IPCA + 6,4803%",11.978,,11.141,0.67,441.14682782,99.88,6.0,2026-10-06
22F0009804,CRI,DIRECIONAL ENGENHARIA S.A.,OPEA SECURITIZADORA S/A,1ª,2032-06-15,"IPCA + 6,4899%",8.1668,8.3656,7.8541,0.03,1142.53244751,93.97,999.4,2026-10-06
22F0009409,CRI,GJA INDÚSTRIAS S.A.,RIZA SECURITIZADORA S.A.,1ª,2029-06-15,"IPCA + 6,5%",12.0509,,,0.01,1081.23816122,90.29,503.83,2026-10-06
CRA022003JT,CRA,BEM BRASIL ALIMENTOS S.A.,ECO SECURITIZADORA DE DIREITOS CREDITÓRIOS DO AGRONEGÓCIO S.A.,1ª,2029-05-15,"IPCA + 6,5348%",,,,,,,,2026-10-06
CRA022004MS,CRA,"VAMOS LOCAÇÃO DE CAMINHÕES, MÁQUINAS E EQUIPAMENTOS S.A.",ECO SECURITIZADORA DE DIREITOS CREDITÓRIOS DO AGRONEGÓCIO S.A.,1ª,2032-05-17,"IPCA + 6,5473%",13.4458,13.5028,11.9638,0.2,965.95582498,78.58,950.52,2026-10-06
23H0027404,CRI,REDE D'OR SÃO LUIZ S.A.,OPEA SECURITIZADORA S/A,3ª,2033-08-15,"IPCA + 6,55%",7.9465,8.2092,7.4701,0.05,1088.77626881,93.86,1220.69,2026-10-06
CRA022008NB,CRA,RAÍZEN ENERGIA S.A.,OPEA SECURITIZADORA S/A,1ª,2032-08-16,"IPCA + 6,5885%",,,,,576.75481145,47.63,,2026-10-06
22B0006022,CRI,MRV ENGENHARIA E PARTICIPAÇÕES S.A.,RIZA SECURITIZADORA S.A.,442ª,2029-02-15,"IPCA + 6,5954%",11.9853,,10.8407,1.19,1150.17448178,91.78,436.03,2026-10-06
CRA024004SA,CRA,JBS S.A.,RIZA SECURITIZADORA S.A.,2ª,2034-05-15,"IPCA + 6,5975%",8.5032,8.9192,7.5742,1.22,1026.1548042,90.1,1468.73,2026-10-06
22J0306937,CRI,DIAGNÓSTICOS DA AMÉRICA S.A.,VERT COMPANHIA SECURITIZADORA,2ª,2029-10-15,"IPCA + 6,6%",11.9946,12.9241,11.0997,0.66,1082.400256,87.64,669.68,2026-10-06
CRA02300G7F,CRA,MARFRIG GLOBAL FOODS S.A.,ECO SECURITIZADORA DE DIREITOS CREDITÓRIOS DO AGRONEGÓCIO S.A.,3ª,2030-08-15,"IPCA + 6,6%",12.0755,12.363,11.6205,0.48,979.61227851,84.37,849.33,2026-10-06
CRA022008C7,CRA,COMPANHIA DE LOCAÇÃO DAS AMÉRICAS,ECO SECURITIZADORA DE DIREITOS CREDITÓRIOS DO AGRONEGÓCIO S.A.,1ª,2028-09-15,"IPCA + 6,6018%",7.7987,8.2756,7.6162,0.43,1182.27742427,97.97,463.61,2026-10-06
CRA022007KI,CRA,COCAL COMÉRCIO INDÚSTRIA CANAÃ AÇÚCAR E ÁLCOOL LTDA.,RIZA SECURITIZADORA S.A.,1ª,2030-08-15,"IPCA + 6,6234%",10.1479,10.3883,9.9244,0.99,1102.10426453,91.96,646.02,2026-10-06
CRA02300JG3,CRA,JBS S.A.,RIZA SECURITIZADORA S.A.,3ª,2030-09-16,"IPCA + 6,6441%",8.3253,,,1.03,1089.16995846,94.68,878.25,2026-10-06
CRA022008N7,CRA,JBS S.A.,RIZA SECURITIZADORA S.A.,3ª,2037-09-15,"IPCA + 6,6614%",8.4644,8.815,7.8262,1.68,1068.91065716,88.5,1813.48,2026-10-06
CRA022000XF,CRA,MARFRIG GLOBAL FOODS S.A.,ECO SECURITIZADORA DE DIREITOS CREDITÓRIOS DO AGRONEGÓCIO S.A.,3ª,2032-01-15,"IPCA + 6,663%",11.8779,,11.4086,0.57,1065.08852097,83.99,910.63,2026-10-06
CRA02300JG4,CRA,JBS S.A.,RIZA SECURITIZADORA S.A.,4ª,2033-09-15,"IPCA + 6,6634%",8.4302,,,1.16,1060.85874982,92.22,1235.19,2026-10-06
24F1277567,CRI,DIRECIONAL ENGENHARIA S.A.,OPEA SECURITIZADORA S/A,2ª,2031-07-15,"IPCA + 6,6747%",8.0995,8.3572,7.8735,0.1,1065.54257477,95.22,928.92,2026-10-06
23L1737622,CRI,REDE D'OR SÃO LUIZ S.A.,OPEA SECURITIZADORA S/A,1ª,2033-12-15,"IPCA + 6,6941%",,,,,,,,2026-10-06
22G1414303,CRI,SENDAS DISTRIBUIDORA S.A.,OPEA SECURITIZADORA S/A,3ª,2029-09-17,"IPCA + 6,7%",11.0675,,,0.13,1102.49823111,91.34,567.01,2026-10-06
CRA022008ND,CRA,RAÍZEN ENERGIA S.A.,OPEA SECURITIZADORA S/A,2ª,2037-08-17,"IPCA + 6,7382%",,,,,563.54573643,46.5,,2026-10-06
CRA0240066J,CRA,SLC AGRICOLA II,RIZA SECURITIZADORA S.A.,3ª,2031-07-15,"IPCA + 6,7469%",8.6947,9.154,8.0429,0.25,1048.14943166,93.45,941.43,2026-10-06
22J0306938,CRI,DIAGNÓSTICOS DA AMÉRICA S.A.,VERT COMPANHIA SECURITIZADORA,3ª,2032-10-15,"IPCA + 6,75%",12.197,12.8887,11.294,0.25,1007.18034745,81.49,1018.66,2026-10-06
CRA0240020C,CRA,VICUNHA II,RIZA SECURITIZADORA S.A.,3ª,2031-02-15,"IPCA + 6,7641%",,,,,,,,2026-10-06
CRA022007EP,CRA,KLABIN S.A.,VERT COMPANHIA SECURITIZADORA,1ª,2034-05-15,"IPCA + 6,7694%",7.0699,7.3545,6.9166,0.2,1199.7032727,98.36,1483.27,2026-10-06
CRA024004SB,CRA,JBS S.A.,RIZA SECURITIZADORA S.A.,3ª,2039-05-16,"IPCA + 6,7825%",,,,,,,,2026-10-06
CRA0240086K,CRA,SEARA ALIMENTOS LTDA.,RIZA SECURITIZADORA S.A.,2ª,2034-09-15,"IPCA + 6,7931%",,,,,,,,2026-10-06
CRA024002ML,CRA,MARFRIG GLOBAL FOODS S.A.,ECO SECURITIZADORA DE DIREITOS CREDITÓRIOS DO AGRONEGÓCIO S.A.,3ª,2034-03-15,"IPCA + 6,7996%",12.113,12.3878,10.9489,0.47,873.18994214,77.78,1278.4,2026-10-06
22I0970804,CRI,NATURA COSMÉTICOS S.A.,RIZA SECURITIZADORA S.A.,2ª,2029-09-17,"IPCA + 6,8%",8.4325,,8.1923,0.23,1160.16661757,96.0,676.73,2026-10-06
CRA0240066B,CRA,CAMIL ALIMENTOS S.A.,ECO SECURITIZADORA DE DIREITOS CREDITÓRIOS DO AGRONEGÓCIO S.A.,2ª,2031-06-16,"IPCA + 6,8286%",11.8356,,10.8448,0.69,960.47419368,84.9,892.06,2026-10-06
CRA0220079D,CRA,BRF S.A.,VERT COMPANHIA SECURITIZADORA,2ª,2032-07-15,"IPCA + 6,8344%",12.1054,12.3716,11.4958,0.44,1014.6419349,82.48,994.14,2026-10-06
CRA0240086L,CRA,SEARA ALIMENTOS LTDA.,RIZA SECURITIZADORA S.A.,3ª,2044-09-15,"IPCA + 6,8408%",8.6405,,8.3143,0.59,938.54626538,85.12,2363.03,2026-10-06
CRA02300SV1,CRA,"VAMOS LOCAÇÃO DE CAMINHÕES, MÁQUINAS E EQUIPAMENTOS S.A.",ECO SECURITIZADORA DE DIREITOS CREDITÓRIOS DO AGRONEGÓCIO S.A.,3ª,2033-11-16,"IPCA + 6,8453%",11.7015,,10.9468,2.64,943.77699977,80.62,1198.04,2026-10-06
CRA022006HK,CRA,SÃO SALVADOR ALIMENTOS S.A.,ECO SECURITIZADORA DE DIREITOS CREDITÓRIOS DO AGRONEGÓCIO S.A.,2ª,2030-07-15,"IPCA + 6,8911%",,,,,,,,2026-10-06
22I0970868,CRI,NATURA COSMÉTICOS S.A.,RIZA SECURITIZADORA S.A.,3ª,2032-09-15,"IPCA + 6,9%",8.6273,9.1115,8.5837,0.38,1129.78918442,93.48,1054.71,2026-10-06
23L1737623,CRI,REDE D'OR SÃO LUIZ S.A.,OPEA SECURITIZADORA S/A,2ª,2038-12-15,"IPCA + 6,9527%",7.9461,,7.5451,0.0,1082.61631041,93.12,1925.51,2026-10-06
CRA022004S9,CRA,"VAMOS LOCAÇÃO DE CAMINHÕES, MÁQUINAS E EQUIPAMENTOS S.A.",ECO SECURITIZADORA DE DIREITOS CREDITÓRIOS DO AGRONEGÓCIO S.A.,2ª,2037-05-15,"IPCA + 6,9739%",12.6391,,11.5982,1.07,873.33146543,70.93,1599.28,2026-10-06
CRA02300JG5,CRA,JBS S.A.,RIZA SECURITIZADORA S.A.,5ª,2038-09-15,"IPCA + 6,9938%",8.9068,9.2598,8.5265,0.62,1004.48316465,87.31,1898.55,2026-10-06
CRA024004SC,CRA,JBS S.A.,RIZA SECURITIZADORA S.A.,4ª,2044-05-16,"IPCA + 6,9947%",8.9708,9.5561,8.3776,0.56,963.97481304,84.52,2241.86,2026-10-06
CRA022004XY,CRA,USINA CERRADÃO S.A.,ECO SECURITIZADORA DE DIREITOS CREDITÓRIOS DO AGRONEGÓCIO S.A.,1ª,2028-05-15,"IPCA + 6,9949%",7.5837,,,0.1,816.05010518,99.43,260.48,2026-10-06
22F0009410,CRI,GJA INDÚSTRIAS S.A.,RIZA SECURITIZADORA S.A.,2ª,2032-06-15,IPCA + 7%,10.5728,,,0.04,1052.7061361,87.89,981.59,2026-10-06
23F1519397,CRI,MOVIDA PARTICIPAÇÕES S.A.,OPEA SECURITIZADORA S/A,3ª,2028-06-16,IPCA + 7%,12.8283,13.1923,,0.38,1077.8858914,91.97,397.06,2026-10-06
24G1674104,CRI,JHSF PARTICIPAÇÕES S.A.,OPEA SECURITIZADORA S/A,4ª,2034-07-17,"IPCA + 7,0163%",8.2244,8.4781,8.0573,0.09,921.80827305,95.12,1114.09,2026-10-06
CRA02200C6Y,CRA,MARFRIG GLOBAL FOODS S.A.,ECO SECURITIZADORA DE DIREITOS CREDITÓRIOS DO AGRONEGÓCIO S.A.,1ª,2029-10-15,"IPCA + 7,0383%",12.1012,12.3755,10.4387,0.4,1086.44195632,88.45,665.2,2026-10-06
CRA024007PU,CRA,SOROCABA REFRESCOS S.A.,ECO SECURITIZADORA DE DIREITOS CREDITÓRIOS DO AGRONEGÓCIO S.A.,2ª,2034-08-15,"IPCA + 7,05%",8.8528,9.4413,8.8415,0.39,1015.11871227,91.31,1360.92,2026-10-06
22K0934880,CRI,BCBF PARTICIPAÇÕES S.A.,RIZA SECURITIZADORA S.A.,2ª,2029-12-17,"IPCA + 7,0913%",20.5431,22.9434,18.4889,1.11,873.50789447,71.86,693.24,2026-10-06
CRA022006HE,CRA,AÇO VERDE DO BRASIL S.A.,RIZA SECURITIZADORA S.A.,1ª,2029-06-15,"IPCA + 7,1543%",9.4636,,9.208,0.31,1179.53573743,96.76,387.73,2026-10-06
CRA023000RT,CRA,"VAMOS LOCAÇÃO DE CAMINHÕES, MÁQUINAS E EQUIPAMENTOS S.A.",ECO SECURITIZADORA DE DIREITOS CREDITÓRIOS DO AGRONEGÓCIO S.A.,3ª,2030-01-15,"IPCA + 7,1638%",13.4016,13.9232,12.1115,0.12,1019.14238124,84.92,723.24,2026-10-06
CRA022006BU,CRA,CARAMURU ALIMENTOS S.A.,ECO SECURITIZADORA DE DIREITOS CREDITÓRIOS DO AGRONEGÓCIO S.A.,1ª,2029-07-16,"IPCA + 7,2043%",10.8362,,,1.5,686.96433768,94.78,402.71,2026-10-06
CRA0220073P,CRA,MINERVA S.A.,RIZA SECURITIZADORA S.A.,1ª,2029-07-16,"IPCA + 7,2063%",11.4401,11.8229,10.0703,1.09,1097.6661727,90.78,627.31,2026-10-06
CRA0240066K,CRA,BRF S.A.,ECO SECURITIZADORA DE DIREITOS CREDITÓRIOS DO AGRONEGÓCIO S.A.,3ª,2034-06-15,"IPCA + 7,2336%",11.9611,12.3634,11.6003,1.22,905.21502456,80.0,1275.55,2026-10-06
22K0934889,CRI,BCBF PARTICIPAÇÕES S.A.,RIZA SECURITIZADORA S.A.,3ª,2034-12-15,"IPCA + 7,2792%",20.2809,22.1094,17.8665,1.47,668.84277798,54.99,1222.53,2026-10-06
CRA024001QA,CRA,ZAMP S.A.,RIZA SECURITIZADORA S.A.,3ª,2029-02-15,"IPCA + 7,3%",9.3621,,9.0191,0.17,1090.86339974,95.96,545.72,2026-10-06
CRA024007Q5,CRA,SLC MÁQUINAS LTDA.,OPEA SECURITIZADORA S/A,3ª,2031-08-15,"IPCA + 7,31%",9.1585,,9.0311,0.52,1054.99164188,95.1,738.43,2026-10-06
CRA02200C6Z,CRA,MARFRIG GLOBAL FOODS S.A.,ECO SECURITIZADORA DE DIREITOS CREDITÓRIOS DO AGRONEGÓCIO S.A.,2ª,2032-10-15,"IPCA + 7,3352%",12.0977,,10.2263,0.55,1031.16662305,83.84,1007.08,2026-10-06
24A2721507,CRI,DASA,VERT COMPANHIA SECURITIZADORA,3ª,2031-01-15,"IPCA + 7,3402%",12.4235,12.7586,11.2232,1.66,987.92883939,86.01,813.97,2026-10-06
CRA022006HF,CRA,AÇO VERDE DO BRASIL S.A.,RIZA SECURITIZADORA S.A.,2ª,2032-06-15,"IPCA + 7,3686%",,,,,,,,2026-10-06
CRA024009Q4,CRA,MARFRIG GLOBAL FOODS S.A.,ECO SECURITIZADORA DE DIREITOS CREDITÓRIOS DO AGRONEGÓCIO S.A.,3ª,2034-10-16,"IPCA + 7,3693%",12.1495,12.4401,11.542,0.46,897.7417824,79.47,1295.68,2026-10-06
22E1314836,CRI,SÃO CARLOS EMPREENDIMENTOS E PARTICIPAÇÕES S.A.,OPEA SECURITIZADORA S/A,1ª,2029-09-17,"IPCA + 7,3826%",9.452,9.4923,9.1495,0.55,1169.49463097,96.67,444.91,2026-10-06
CRA022001E2,CRA,FS AGRISOLUTIONS INDÚSTRIA DE BIOCOMBUSTÍVEIS LTDA.,ECO SECURITIZADORA DE DIREITOS CREDITÓRIOS DO AGRONEGÓCIO S.A.,2ª,2029-02-15,"IPCA + 7,3913%",11.6164,12.0845,10.9028,0.56,1179.45607385,95.26,314.23,2026-10-06
CRA022004SD,CRA,FS AGRISOLUTIONS INDÚSTRIA DE BIOCOMBUSTÍVEIS LTDA.,ECO SECURITIZADORA DE DIREITOS CREDITÓRIOS DO AGRONEGÓCIO S.A.,2ª,2029-05-15,"IPCA + 7,3913%",11.3662,11.9315,10.7912,0.34,1175.32487432,94.86,362.83,2026-10-06
CRA02400AHZ,CRA,REFRESCOS BANDEIRANTES INDÚSTRIA E COMÉRCIO LTDA.,RIZA SECURITIZADORA S.A.,2ª,2034-11-16,"IPCA + 7,41%",9.4885,11.3511,,0.62,1009.641001,90.13,1351.63,2026-10-06
24J2539865,CRI,JHSF PARTICIPAÇÕES S.A.,OPEA SECURITIZADORA S/A,1ª,2034-10-16,"IPCA + 7,4183%",8.2699,8.5332,7.9539,0.13,1083.86774066,95.85,1347.88,2026-10-06
CRA0240005O,CRA,CEREAL COMÉRCIO EXPORTAÇÃO E REPRESENTAÇÃO AGROPECUÁRIA S.A.,RIZA SECURITIZADORA S.A.,2ª,2029-01-15,"IPCA + 7,4367%",,,,,,,,2026-10-06
CRA022004H5,CRA,NARDINI AGROINDUSTRIAL LTDA.,OPEA SECURITIZADORA S/A,1ª,2028-04-15,"IPCA + 7,4986%",,,,,,,,2026-10-06
23L2043184,CRI,UNIDAS LOCADORA S.A.,OPEA SECURITIZADORA S/A,3ª,2030-12-16,"IPCA + 7,5%",9.3717,9.684,8.8258,0.23,1101.89866978,94.65,800.21,2026-10-06
CRA024009Q5,CRA,MARFRIG GLOBAL FOODS S.A.,ECO SECURITIZADORA DE DIREITOS CREDITÓRIOS DO AGRONEGÓCIO S.A.,4ª,2039-10-17,"IPCA + 7,5395%",,,,,,,,2026-10-06
CRA02300MOQ,CRA,MINERVA S.A.,RIZA SECURITIZADORA S.A.,3ª,2030-09-16,"IPCA + 7,5408%",12.1333,12.5467,11.1489,0.88,1012.89886409,88.06,762.01,2026-10-06
23L0034761,CRI,FARO ENERGY PROJETOS SOLARES HOLDING S.A.,OPEA SECURITIZADORA S/A,1ª,2038-12-15,"IPCA + 7,5702%",,,,,,,,2026-10-06
CRA0250080Y,CRA,ELDORADO BRASIL CELULOSE S.A.,OPEA SECURITIZADORA S/A,3ª,2040-09-17,"IPCA + 7,6%",7.8451,,7.6138,0.45,1029.28642028,98.02,2211.15,2026-10-06
24A2722748,CRI,DIAGNÓSTICOS DA AMÉRICA S.A.,VERT COMPANHIA SECURITIZADORA,5ª,2034-01-16,"IPCA + 7,6075%",13.8011,14.3757,9.7116,1.5,874.60512363,76.1,1198.61,2026-10-06
25D0012204,CRI,CYRELA BRAZIL REALTY S.A.,COMPANHIA PROVÍNCIA DE SECURITIZAÇÃO,3ª,2032-04-15,"IPCA + 7,6693%",7.6764,,7.4095,0.08,1093.60432394,99.97,1031.17,2026-10-06
23J1127331,CRI,MOVIDA PARTICIPAÇÕES S.A.,OPEA SECURITIZADORA S/A,3ª,2033-10-17,"IPCA + 7,7279%",12.7338,,,0.49,960.13725146,81.01,1143.51,2026-10-06
CRA0250080X,CRA,ELDORADO BRASIL CELULOSE S.A.,OPEA SECURITIZADORA S/A,2ª,2035-09-17,"IPCA + 7,7281%",7.8905,,7.5839,0.36,1039.81104934,99.01,1658.6,2026-10-06
CRA02400AYK,CRA,BEM BRASIL ALIMENTOS S.A.,ECO SECURITIZADORA DE DIREITOS CREDITÓRIOS DO AGRONEGÓCIO S.A.,ª,2031-11-17,"IPCA + 7,737%",8.9861,,,2.19,1056.16417154,96.06,876.44,2026-10-06
CRA0230073N,CRA,J. MACÊDO S.A.,RIZA SECURITIZADORA S.A.,2ª,2030-04-15,"IPCA + 7,8%",,,,,,,,2026-10-06
CRA025003PJ,CRA,SEARA,RIZA SECURITIZADORA S.A.,3ª,2055-05-17,"IPCA + 7,8%",,,,,,,,2026-10-06
CRA024003UZ,CRA,LAR COOPERATIVA AGROINDUSTRIAL,ECO SECURITIZADORA DE DIREITOS CREDITÓRIOS DO AGRONEGÓCIO S.A.,3ª,2031-04-15,"IPCA + 7,8363%",8.9383,9.4897,8.7295,0.22,1085.31654238,96.96,763.37,2026-10-06
CRA021004NV,CRA,LAR COOPERATIVA AGROINDUSTRIAL,ECO SECURITIZADORA DE DIREITOS CREDITÓRIOS DO AGRONEGÓCIO S.A.,1ª,2026-11-15,"IPCA + 7,8749%",10.9245,,9.1451,2.13,434.514034,99.67,27.0,2026-10-06
CRA0250066B,CRA,BRF S.A.,ECO SECURITIZADORA DE DIREITOS CREDITÓRIOS DO AGRONEGÓCIO S.A.,3ª,2035-07-16,"IPCA + 7,9064%",12.1375,,9.8936,0.43,839.51424825,78.76,1519.11,2026-10-06
22E1321749,CRI,COGNA EDUCAÇÃO S.A.,OPEA SECURITIZADORA S/A,2ª,2029-07-16,"IPCA + 7,9273%",8.7728,9.1063,8.347,0.08,1194.80192733,98.4,520.31,2026-10-06
CRA0240005P,CRA,CEREAL COMÉRCIO EXPORTAÇÃO E REPRESENTAÇÃO AGROPECUÁRIA S.A.,RIZA SECURITIZADORA S.A.,3ª,2031-01-15,"IPCA + 7,9443%",,,,,,,,2026-10-06
22E1321750,CRI,COGNA EDUCAÇÃO S.A.,OPEA SECURITIZADORA S/A,3ª,2032-07-15,"IPCA + 8,0031%",9.4511,,8.6721,0.56,1152.359299,94.89,988.64,2026-10-06
CRA025009EZ,CRA,Seara Alimentos Ltda.,ECO SECURITIZADORA DE DIREITOS CREDITÓRIOS DO AGRONEGÓCIO S.A.,4ª,2065-10-15,"IPCA + 8,0313%",,,,,,,,2026-10-06
CRA0250020C,CRA,BRF S.A.,ECO SECURITIZADORA DE DIREITOS CREDITÓRIOS DO AGRONEGÓCIO S.A.,2ª,2035-04-16,"IPCA + 8,04%",11.4159,12.006,10.0706,1.25,913.65472486,83.24,1467.02,2026-10-06
CRA02200795,CRA,ADUBOS ARAGUAIA INDÚSTRIA E COMÉRCIO LTDA.,ECO SECURITIZADORA DE DIREITOS CREDITÓRIOS DO AGRONEGÓCIO S.A.,1ª,2027-07-15,"IPCA + 8,1191%",9.4841,,,0.12,601.92072537,99.07,187.23,2026-10-06
CRA0250020D,CRA,BRF S.A.,ECO SECURITIZADORA DE DIREITOS CREDITÓRIOS DO AGRONEGÓCIO S.A.,3ª,2040-04-16,"IPCA + 8,2345%",11.9243,12.2642,9.9492,1.63,856.931049,78.0,1777.83,2026-10-06
CRA0250018K,CRA,MARFRIG GLOBAL FOODS S.A.,ECO SECURITIZADORA DE DIREITOS CREDITÓRIOS DO AGRONEGÓCIO S.A.,4ª,2040-04-16,"IPCA + 8,2503%",12.7454,,11.8249,0.58,817.88452431,74.22,1737.65,2026-10-06
CRA0250018L,CRA,MARFRIG GLOBAL FOODS S.A,ECO SECURITIZADORA DE DIREITOS CREDITÓRIOS DO AGRONEGÓCIO S.A.,5ª,2045-04-17,"IPCA + 8,3405%",13.4517,,,0.2,751.19115791,68.14,1878.91,2026-10-06
CRA0240099F,CRA,VALE DO TIJUCO AÇÚCAR E ÁLCOOL S.A.,ECO SECURITIZADORA DE DIREITOS CREDITÓRIOS DO AGRONEGÓCIO S.A.,2ª,2034-10-16,"IPCA + 8,3558%",9.5467,,9.0634,1.39,1079.71485748,95.1,1150.21,2026-10-06
CRA0250020E,CRA,BRF S.A.,ECO SECURITIZADORA DE DIREITOS CREDITÓRIOS DO AGRONEGÓCIO S.A.,3ª,2045-04-17,"IPCA + 8,38%",10.052,,9.4137,0.26,959.42403805,87.27,2165.12,2026-10-06
CRA025008C2,CRA,Neomille S.A.,ECO SECURITIZADORA DE DIREITOS CREDITÓRIOS DO AGRONEGÓCIO S.A.,2ª,2032-12-15,"IPCA + 8,4473%",8.2709,,7.9905,0.41,1080.47093186,100.74,1136.6,2026-10-06
CRA02400AHX,CRA,CEREAL COMÉRCIO EXPORTAÇÃO E,RIZA SECURITIZADORA S.A.,3ª,2034-11-16,"IPCA + 8,4704%",,,,,,,,2026-10-06
CRA025008HR,CRA,Nardini II,OPEA SECURITIZADORA S/A,ª,2032-10-15,"IPCA + 8,4773%",,,,,,,,2026-10-06
CRA025006NC,CRA,LAR COOPERATIVA AGROINDUSTRIAL,ECO SECURITIZADORA DE DIREITOS CREDITÓRIOS DO AGRONEGÓCIO S.A.,3ª,2032-08-16,"IPCA + 8,7268%",,,,,,,,2026-10-06
CRA0250005M,CRA,Boa Safra,OPEA SECURITIZADORA S/A,3ª,2032-01-15,"IPCA + 8,7384%",,,,,,,,2026-10-06
CRA0250005L,CRA,Boa Safra,OPEA SECURITIZADORA S/A,4ª,2035-01-15,"IPCA + 8,9518%",,,,,,,,2026-10-06
CRA02300796,CRA,FS INDÚSTRIA DE BIOCOMBUSTÍVEIS LTDA.,ECO SECURITIZADORA DE DIREITOS CREDITÓRIOS DO AGRONEGÓCIO S.A.,2ª,2029-10-15,"IPCA + 8,9555%",11.4729,12.0799,10.8848,0.34,1095.7148801,94.17,661.22,2026-10-06
CRA023003JY,CRA,OLFAR S.A.,RIZA SECURITIZADORA S.A.,2ª,2030-03-15,"IPCA + 8,9738%",,,,,,,,2026-10-06
23F2455004,CRI,SENDAS DISTRIBUIDORA S.A.,OPEA SECURITIZADORA S/A,2ª,2027-07-15,,17.1361,,15.5764,0.36,991.01065949,96.6,185.15,2026-10-06
23I1259644,CRI,JSL,OPEA SECURITIZADORA S/A,4ª,2030-09-15,,,,,,,,,2026-10-06
23J1141681,CRI,YDUQS PARTICIPAÇÕES S.A.,OPEA SECURITIZADORA S/A,1ª,2028-10-16,,14.1833,,,0.73,1006.9217576,95.67,442.98,2026-10-06
23K0018801,CRI,MULTIPLAN EMPREENDIMENTOS IMOBILIÁRIOS S.A.,RIZA SECURITIZADORA S.A.,3ª,2031-01-15,,,,,,,,,2026-10-06
23K0022041,CRI,Cogna,TRUE SECURITIZADORA S/A,2ª,2028-11-15,,,,,,,,,2026-10-06
24A2715837,CRI,DIAGNÓSTICOS DA AMÉRICA S.A.,VERT COMPANHIA SECURITIZADORA,2ª,2029-01-15,,18.2664,,,1.11,927.04794443,90.26,496.5,2026-10-06
24A2721829,CRI,DIAGNÓSTICOS DA AMÉRICA S.A,VERT COMPANHIA SECURITIZADORA,4ª,2031-01-15,,18.4524,,17.1781,1.12,890.34913784,86.59,739.45,2026-10-06
25A1946535,CRI,Cury,OPEA SECURITIZADORA S/A,3ª,2032-01-15,,14.3908,,13.5308,0.59,1053.14129419,101.96,804.64,2026-10-06
25D0271049,CRI,Log,OPEA SECURITIZADORA S/A,3ª,2032-04-15,,,,,,,,,2026-10-06
CRA02300G7D,CRA,MARFRIG GLOBAL FOODS S.A.,ECO SECURITIZADORA DE DIREITOS CREDITÓRIOS DO AGRONEGÓCIO S.A.,1ª,2027-08-16,,17.9054,,,0.32,965.37678672,95.15,207.56,2026-10-06
CRA02300HWK,CRA,BANCO BTG PACTUAL S.A.,OPEA SECURITIZADORA S/A,4ª,2033-09-15,,12.7617,12.9676,12.5818,0.47,972.47808602,96.6,1224.44,2026-10-06
CRA02300JR7,CRA,RAÍZEN ENERGIA S.A.,OPEA SECURITIZADORA S/A,3ª,2033-10-17,,,,,,457.83630144,43.73,,2026-10-06
CRA02300NX8,CRA,BTG Pactual III,OPEA SECURITIZADORA S/A,4ª,2033-11-16,,,,,,,,,2026-10-06
CRA02300SPD,CRA,FS Agrisolutions Indústria de Biocombustíveis LTDA,ECO SECURITIZADORA DE DIREITOS CREDITÓRIOS DO AGRONEGÓCIO S.A.,3ª,2030-06-15,,18.1321,,,0.52,890.06951144,88.35,724.39,2026-10-06
CRA02300SUZ,CRA,"Vamos Locação de Caminhões, Máquinas e Equipamentos S.A.",ECO SECURITIZADORA DE DIREITOS CREDITÓRIOS DO AGRONEGÓCIO S.A.,1ª,2030-11-18,,19.534,,,0.64,870.7793611,83.23,702.91,2026-10-06
CRA02300TSF,CRA,BTG PACTUAL IV,OPEA SECURITIZADORA S/A,4ª,2033-12-15,,,,,,,,,2026-10-06
CRA024000B8,CRA,FS Indústria De Biocombustíveis Ltda,ECO SECURITIZADORA DE DIREITOS CREDITÓRIOS DO AGRONEGÓCIO S.A.,3ª,2030-07-15,,18.0553,,16.8596,0.37,890.01167404,88.35,735.84,2026-10-06
CRA024001P5,CRA,JSL S.A.,ECO SECURITIZADORA DE DIREITOS CREDITÓRIOS DO AGRONEGÓCIO S.A.,1ª,2031-02-15,,,,,,,,,2026-10-06
CRA024001Q9,CRA,ZAMP S.A.,RIZA SECURITIZADORA S.A.,2ª,2029-02-15,,17.1658,,15.25,1.25,944.24093041,92.83,515.94,2026-10-06
CRA0240020B,CRA,VICUNHA II,RIZA SECURITIZADORA S.A.,2ª,2031-02-15,,,,,,,,,2026-10-06
CRA024002MH,CRA,JF CITRUS AGROPECUÁRIA S.A.,ECO SECURITIZADORA DE DIREITOS CREDITÓRIOS DO AGRONEGÓCIO S.A.,1ª,2029-03-15,,,,,,,,,2026-10-06
CRA024002MK,CRA,Marfrig Global Foods S.A.,ECO SECURITIZADORA DE DIREITOS CREDITÓRIOS DO AGRONEGÓCIO S.A.,2ª,2031-03-15,,,,,,,,,2026-10-06
CRA024002S2,CRA,Minerva VII,RIZA SECURITIZADORA S.A.,2ª,2029-03-15,,18.1794,,,0.15,893.48902425,88.76,540.04,2026-10-06
CRA024002S3,CRA,MINERVA S.A.,RIZA SECURITIZADORA S.A.,3ª,2031-03-17,,18.1425,,,0.63,840.01516565,83.43,865.78,2026-10-06
CRA0240066D,CRA,FS Florestal S.A.,ECO SECURITIZADORA DE DIREITOS CREDITÓRIOS DO AGRONEGÓCIO S.A.,1ª,2030-06-15,,17.4834,,16.35,1.05,958.43946165,95.03,708.85,2026-10-06
CRA0240066G,CRA,BRF S.A.,ECO SECURITIZADORA DE DIREITOS CREDITÓRIOS DO AGRONEGÓCIO S.A.,2ª,2031-06-16,,17.9089,,,0.52,894.81744422,86.09,860.11,2026-10-06
CRA024007PT,CRA,Sorocaba Refrescos S.A,ECO SECURITIZADORA DE DIREITOS CREDITÓRIOS DO AGRONEGÓCIO S.A.,1ª,2031-08-15,,15.0696,,13.9137,0.86,939.81511194,92.46,851.88,2026-10-06
CRA024007Q3,CRA,SLC Maquinas,OPEA SECURITIZADORA S/A,1ª,2031-08-15,,16.0673,,14.75,0.85,942.52947602,92.68,675.84,2026-10-06
CRA024009Q3,CRA,MARFRIG GLOBAL FOODS S.A.,ECO SECURITIZADORA DE DIREITOS CREDITÓRIOS DO AGRONEGÓCIO S.A.,2ª,2031-10-15,,17.9455,,,0.48,922.10856381,86.87,876.0,2026-10-06
CRA02400AHY,CRA,REFRESCOS BANDEIRANTES INDÚSTRIA E COMÉRCIO LTDA.,RIZA SECURITIZADORA S.A.,1ª,2032-11-16,,18.0547,,17.55,0.96,906.29205072,86.17,945.79,2026-10-06
CRA02400AYM,CRA,MINERVA S.A.,RIZA SECURITIZADORA S.A.,2ª,2029-11-16,,18.3347,,17.4309,0.21,964.13142324,91.48,617.17,2026-10-06
CRA02400AYP,CRA,MINERVA S.A.,RIZA SECURITIZADORA S.A.,5ª,2034-11-16,,18.366,,,0.37,921.17655447,87.24,1059.14,2026-10-06
CRA02500001,CRA,BOA SAFRA SEMENTES S.A.,OPEA SECURITIZADORA S/A,1ª,2030-01-15,,15.9073,,14.8019,0.63,997.43818077,98.9,650.02,2026-10-06
CRA0250012X,CRA,FS FLORESTAL S.A.,ECO SECURITIZADORA DE DIREITOS CREDITÓRIOS DO AGRONEGÓCIO S.A.,1ª,2030-03-15,,17.8891,,17.0532,0.95,1009.10237904,99.93,654.56,2026-10-06
CRA0250018I,CRA,Marfrig Global Foods S.A,ECO SECURITIZADORA DE DIREITOS CREDITÓRIOS DO AGRONEGÓCIO S.A.,2ª,2032-04-15,,17.3271,,15.3,1.17,979.59607395,91.79,919.08,2026-10-06
CRA025002S3,CRA,MINERVA S.A,RIZA SECURITIZADORA S.A.,2ª,2030-04-15,,18.3519,,,0.22,1009.99364521,94.22,657.38,2026-10-06
CRA025002S4,CRA,MINERVA S.A.,RIZA SECURITIZADORA S.A.,4ª,2032-04-15,,18.4429,,,0.24,985.11650944,91.9,895.95,2026-10-06
CRA025002S5,CRA,MINERVA S.A.,RIZA SECURITIZADORA S.A.,5ª,2035-04-16,,,,,,,,,2026-10-06
CRA0250040J,CRA,Natural One S.A,ECO SECURITIZADORA DE DIREITOS CREDITÓRIOS DO AGRONEGÓCIO S.A.,2ª,2029-06-15,,20.9582,,16.85,3.38,1004.84031104,95.56,355.5,2026-10-06
CRA025005EH,CRA,GDM GENÉTICA DO BRASIL S.A.,ECO SECURITIZADORA DE DIREITOS CREDITÓRIOS DO AGRONEGÓCIO S.A.,1ª,2032-07-15,,15.1808,,,0.8,1031.58965431,99.87,957.57,2026-10-06
CRA025005V7,CRA,MINERVA S.A.,RIZA SECURITIZADORA S.A.,3ª,2033-07-15,,17.5485,,15.3,1.33,930.94755683,90.21,1027.48,2026-10-06
CRA025005V8,CRA,MINERVA S.A,RIZA SECURITIZADORA S.A.,4ª,2035-07-16,,17.5824,,15.3,1.33,929.23206338,89.99,1147.62,2026-10-06
CRA0250066A,CRA,BRF S.A.,ECO SECURITIZADORA DE DIREITOS CREDITÓRIOS DO AGRONEGÓCIO S.A.,2ª,2032-07-15,,18.1035,,,0.58,895.82794606,86.92,983.07,2026-10-06
CRA025006NB,CRA,LAR COOPERATIVA AGROINDUSTRIAL,ECO SECURITIZADORA DE DIREITOS CREDITÓRIOS DO AGRONEGÓCIO S.A.,2ª,2032-08-16,,15.4934,,,0.69,977.53819922,96.97,942.76,2026-10-06
CRA025007KE,CRA,Cereal Comércio Exportação e Representação Agropecuária S.A.,ECO SECURITIZADORA DE DIREITOS CREDITÓRIOS DO AGRONEGÓCIO S.A.,2ª,2032-09-15,,16.4108,,14.5287,0.13,944.47141189,93.69,974.96,2026-10-06
CRA025007KK,CRA,ELDORADO BRASIL CELULOSE S.A.,OPEA SECURITIZADORA S/A,1ª,2032-09-15,,14.5403,,,0.73,991.71444149,98.4,1056.17,2026-10-06
CRA025008ND,CRA,São Salvador Alimentos S.A.,ECO SECURITIZADORA DE DIREITOS CREDITÓRIOS DO AGRONEGÓCIO S.A.,2ª,2033-10-15,,15.1798,,,0.77,1025.3928949,96.26,1099.11,2026-10-06
CRA02500A15,CRA,Açucareira Quatá S.A.,ECO SECURITIZADORA DE DIREITOS CREDITÓRIOS DO AGRONEGÓCIO S.A.,1ª,2032-11-15,,15.5442,,14.5866,0.64,1020.46130567,96.7,955.28,2026-10-06
CRA02500AHU,CRA,C. Vale - Cooperativa Agroindustrial,ECO SECURITIZADORA DE DIREITOS CREDITÓRIOS DO AGRONEGÓCIO S.A.,2ª,2030-11-15,,,,,,,,,2026-10-06
CRA02500BVU,CRA,BRF S.A.,ECO SECURITIZADORA DE DIREITOS CREDITÓRIOS DO AGRONEGÓCIO S.A.,2ª,2032-12-15,,17.9272,,,0.5,891.12755775,85.58,1020.05,2026-10-06
CRA02500C1D,CRA,Alibem Alimentos S.A.,ECO SECURITIZADORA DE DIREITOS CREDITÓRIOS DO AGRONEGÓCIO S.A.,1ª,2030-12-18,,,,,,,,,2026-10-06
CRA026001JM,CRA,Lar Cooperativa Agroindustrial,ECO SECURITIZADORA DE DIREITOS CREDITÓRIOS DO AGRONEGÓCIO S.A.,2ª,2033-03-15,,15.8432,,14.4621,0.79,979.82845038,97.17,999.42,2026-10-06
CRA026002BE,CRA,BRF S.A.,ECO SECURITIZADORA DE DIREITOS CREDITÓRIOS DO AGRONEGÓCIO S.A.,2ª,2033-04-15,,17.3361,,15.9905,1.26,942.93024156,89.18,1032.77,2026-10-06
25B0013406,CRI,Direcional,OPEA SECURITIZADORA S/A,1ª,2032-02-16,100% do DI,,,,,,,,2026-10-05
CRA019003V2,CRA,RAÍZEN ENERGIA S.A.,OPEA SECURITIZADORA S/A,1ª,2029-07-16,100% do DI,,,,,449.68470031,44.06,,2026-10-05
CRA024004H7,CRA,SÃO MARTINHO S.A.,RIZA SECURITIZADORA S.A.,3ª,2029-04-12,100% do DI,101.3851,103.11,98.71,1.22,1062.07082509,99.66,524.73,2026-10-05
CRA0250018H,CRA,Marfrig Global Foods S.A,ECO SECURITIZADORA DE DIREITOS CREDITÓRIOS DO AGRONEGÓCIO S.A.,1ª,2030-04-15,100% do DI,,,,,,,,2026-10-05
CRA02500BVT,CRA,BRF S.A.,ECO SECURITIZADORA DE DIREITOS CREDITÓRIOS DO AGRONEGÓCIO S.A.,1ª,2030-06-17,100% do DI,119.1011,,110.8433,0.94,1022.561305,92.03,922.0,2026-10-05
24D2765715,CRI,CYRELA BRAZIL REALTY S.A.,COMPANHIA PROVÍNCIA DE SECURITIZAÇÃO,3ª,2031-04-15,101% do DI,100.1819,102.0733,97.6066,0.65,1068.44002836,100.3,770.04,2026-10-05
CRA023007VD,CRA,ENGELHART CTP,OPEA SECURITIZADORA S/A,1ª,2028-07-05,101% do DI,97.01,98.4575,94.6825,0.34,1041.72488454,100.74,393.83,2026-10-05
25L2997442,CRI,Even Construtora e Incorporadora S/A,VERT COMPANHIA SECURITIZADORA,ª,2032-12-15,"101,5% do DI",,,,,,,,2026-10-05
CRA026002BD,CRA,BRF S.A.,ECO SECURITIZADORA DE DIREITOS CREDITÓRIOS DO AGRONEGÓCIO S.A.,1ª,2030-10-15,"101,5% do DI",,,,,,,,2026-10-05
24D3313768,CRI,CURY CONSTRUTORA E INCORPORADORA S.A.,TRUE SECURITIZADORA S/A,1ª,2027-05-31,102% do DI,99.2705,101.3233,96.8675,0.49,1051.24702747,100.2,152.05,2026-10-05
CRA023003UX,CRA,ENGELHART CTP,OPEA SECURITIZADORA S/A,1ª,2027-03-15,102% do DI,95.2775,97.4,93.625,0.94,1010.90637706,100.36,108.0,2026-10-05
CRA02500669,CRA,BRF S.A,ECO SECURITIZADORA DE DIREITOS CREDITÓRIOS DO AGRONEGÓCIO S.A.,1ª,2029-07-16,102% do DI,,,,,,,,2026-10-05
24F1277566,CRI,DIRECIONAL ENGENHARIA S.A.,OPEA SECURITIZADORA S/A,1ª,2029-07-16,103% do DI,101.2277,103.0533,98.22,0.18,1035.94346751,100.5,589.36,2026-10-05
CRA02300209,CRA,ENGELHART CTP,VERT COMPANHIA SECURITIZADORA,1ª,2027-01-15,103% do DI,,,,,,,,2026-10-05
25G5313879,CRI,MOURA DUBEUX ENGENHARIA S.A.,VERT COMPANHIA SECURITIZADORA,1ª,2030-07-15,"103,75% do DI",106.28,,,1.01,998.43798656,99.11,750.95,2026-10-05
CRA025008N8,CRA,3Tentos,OPEA SECURITIZADORA S/A,1ª,2030-10-15,"103,75% do DI",,,,,,,,2026-10-05
22J0346710,CRI,BANCO BTG PACTUAL S.A.,OPEA SECURITIZADORA S/A,1ª,2027-01-15,104% do DI,,,,,,,,2026-10-05
CRA0240066A,CRA,CAMIL ALIMENTOS S.A.,ECO SECURITIZADORA DE DIREITOS CREDITÓRIOS DO AGRONEGÓCIO S.A.,1ª,2029-06-15,104% do DI,119.8672,,112.5833,10.48,1000.44498215,95.86,563.27,2026-10-05
CRA025006SR,CRA,Boa Safra II,OPEA SECURITIZADORA S/A,1ª,2032-02-16,104% do DI,,,,,,,,2026-10-05
CRA025007KD,CRA,CEREAL COMÉRCIO EXPORTAÇÃO E REPRESENTAÇÃO AGROPECUÁRIA S.A.,ECO SECURITIZADORA DE DIREITOS CREDITÓRIOS DO AGRONEGÓCIO S.A.,1ª,2030-09-16,104% do DI,,,,,,,,2026-10-05
CRA025002S1,CRA,MINERVA S.A.,RIZA SECURITIZADORA S.A.,1ª,2030-04-15,"104,5% do DI",129.8433,,119.9716,1.18,983.79430398,92.15,678.11,2026-10-05
CRA025005V5,CRA,MINERVA S.A.,RIZA SECURITIZADORA S.A.,1ª,2030-07-15,"104,5% do DI",129.7195,,119.97,1.15,943.43797185,91.48,742.98,2026-10-05
24D0006602,CRI,ALLOS S.A.,OPEA SECURITIZADORA S/A,2ª,2029-04-16,105% do DI,99.2636,101.9066,97.1066,0.55,1083.11158917,101.42,523.53,2026-10-05
25E0013305,CRI,JHSF IV,OPEA SECURITIZADORA S/A,2ª,2030-05-15,105% do DI,105.1611,,,0.73,1055.34559264,99.95,708.92,2026-10-05
CRA02300TSB,CRA,BANCO BTG PACTUAL S.A.,OPEA SECURITIZADORA S/A,1ª,2033-12-15,105% do DI,96.4036,,,2.13,1095.94741654,104.97,1194.11,2026-10-05
CRA02400AYL,CRA,MINERVA S.A.,RIZA SECURITIZADORA S.A.,1ª,2029-11-16,105% do DI,126.8015,,118.0414,2.23,989.847312,93.75,624.62,2026-10-05
CRA025008C3,CRA,Neomille S.A.,ECO SECURITIZADORA DE DIREITOS CREDITÓRIOS DO AGRONEGÓCIO S.A.,3ª,2032-12-15,105% do DI,,,,,,,,2026-10-05
CRA02500AC9,CRA,,ECO SECURITIZADORA DE DIREITOS CREDITÓRIOS DO AGRONEGÓCIO S.A.,1ª,2030-11-15,105% do DI,,,,,,,,2026-10-05
CRA02500AHT,CRA,C. Vale - Cooperativa Agroindustrial,ECO SECURITIZADORA DE DIREITOS CREDITÓRIOS DO AGRONEGÓCIO S.A.,1ª,2030-11-15,"105,5% do DI",,,,,,,,2026-10-05
CRA025005EI,CRA,GDM Genética do Brasil S.A.,ECO SECURITIZADORA DE DIREITOS CREDITÓRIOS DO AGRONEGÓCIO S.A.,2ª,2032-07-15,"105,75% do DI",,,,,,,,2026-10-05
23K0018802,CRI,MULTIPLAN EMPREENDIMENTOS IMOBILIÁRIOS S.A.,RIZA SECURITIZADORA S.A.,2ª,2031-01-15,106% do DI,99.1138,101.26,96.96,0.31,1054.41462201,102.19,667.82,2026-10-05
CRA025006NA,CRA,Lar Cooperativa Agroindustrial,ECO SECURITIZADORA DE DIREITOS CREDITÓRIOS DO AGRONEGÓCIO S.A.,1ª,2030-08-15,106% do DI,111.9154,,108.6733,1.56,988.65318403,98.12,678.94,2026-10-05
23K0019201,CRI,DIRECIONAL ENGENHARIA S.A.,TRUE SECURITIZADORA S/A,2ª,2028-11-16,"106,5% do DI",100.19,,,0.8,1071.03717339,101.36,454.68,2026-10-05
CRA026001JL,CRA,Lar Cooperativa Agroindustrial,ECO SECURITIZADORA DE DIREITOS CREDITÓRIOS DO AGRONEGÓCIO S.A.,1ª,2031-03-15,"106,5% do DI",,,,,,,,2026-10-05
25H0243072,CRI,BTSA,RIZA SECURITIZADORA S.A.,2ª,2032-08-16,107% do DI,,,,,,,,2026-10-05
CRA02300NRL,CRA,BANCO BTG PACTUAL S.A.,OPEA SECURITIZADORA S/A,1ª,2033-11-16,107% do DI,97.4544,,,1.02,1113.30365411,105.4,1166.18,2026-10-05
CRA025003UZ,CRA,COOXUPÉ - COOPERATIVA REGIONAL DE,VERT COMPANHIA SECURITIZADORA,2ª,2030-06-17,"107,5% do DI",,,,,,,,2026-10-05
CRA02300CYQ,CRA,BANCO BTG PACTUAL S.A.,OPEA SECURITIZADORA S/A,1ª,2033-07-15,109% do DI,96.3666,,,0.86,1106.10029277,107.11,1153.61,2026-10-05
CRA02300HWH,CRA,BANCO BTG PACTUAL S.A.,OPEA SECURITIZADORA S/A,1ª,2033-09-15,109% do DI,97.9325,100.6233,96.1566,0.71,1072.80037471,106.45,1196.07,2026-10-05
24I1980390,CRI,MRV ENGENHARIA E PARTICIPAÇÕES S.A,OPEA SECURITIZADORA S/A,1ª,2029-10-15,110% do DI,130.6522,,,0.52,1010.44005524,94.33,596.55,2026-10-05
25B3099731,CRI,IGUATEMI PPPH PARTICIPAÇÕES LTDA.,OPEA SECURITIZADORA S/A,1ª,2030-02-18,96% do DI,99.1016,101.8733,96.54,0.99,1006.46694506,98.97,707.03,2026-10-05
25D0012202,CRI,CYRELA BRAZIL REALTY S.A. EMPREENDIMENTOS,COMPANHIA PROVÍNCIA DE SECURITIZAÇÃO,1ª,2029-04-15,96% do DI,99.3833,,,0.33,1052.98902556,99.16,530.13,2026-10-05
25J4546988,CRI,CYRELA BRAZIL REALTY S.A. EMPREENDIMENTOS E,COMPANHIA PROVÍNCIA DE SECURITIZAÇÃO,1ª,2032-11-16,"96,5% do DI",,,,,,,,2026-10-05
25D0012203,CRI,CYRELA BRAZIL REALTY S.A. EMPREENDIMENTOS E PARTICIPAÇÕES,COMPANHIA PROVÍNCIA DE SECURITIZAÇÃO,2ª,2030-04-15,97% do DI,,,,,,,,2026-10-05
26C3164285,CRI,Allos VI,OPEA SECURITIZADORA S/A,1ª,2031-03-12,97% do DI,98.9522,,,0.54,999.45162643,99.2,864.65,2026-10-05
26G0012801,CRI,Cury III,OPEA SECURITIZADORA S/A,1ª,2032-07-06,97% do DI,99.8404,,96.5,1.01,1011.8853478,98.68,985.06,2026-10-05
CRA025003PD,CRA,SÃO MARTINHO S.A.,VERT COMPANHIA SECURITIZADORA,1ª,2032-06-15,97% do DI,105.4879,,102.3366,1.44,998.33558258,95.93,1024.81,2026-10-05
24H1684874,CRI,SOCIEDADE BENEFICENTE ISRAELITA BRASILEIRA HOSPITAL ALBERT EINSTEIN,RIZA SECURITIZADORA S.A.,1ª,2029-08-17,"97,5% do DI",97.8733,100.2566,95.8675,1.03,870.47003141,99.94,365.29,2026-10-05
24D2765586,CRI,CYRELA BRAZIL REALTY S.A.,COMPANHIA PROVÍNCIA DE SECURITIZAÇÃO,1ª,2028-04-15,98% do DI,99.0034,99.8666,96.9425,0.58,708.063169,99.89,230.84,2026-10-05
25G3629974,CRI,PLANO E PLANO II,RIZA SECURITIZADORA S.A.,1ª,2030-07-15,98% do DI,104.89,,104.5,0.27,1004.15487544,97.55,760.86,2026-10-05
25I0014209,CRI,Multiplan,OPEA SECURITIZADORA S/A,1ª,2035-09-19,98% do DI,,,,,,,,2026-10-05
CRA024004H5,CRA,SÃO MARTINHO S.A.,RIZA SECURITIZADORA S.A.,1ª,2027-04-12,98% do DI,98.9988,100.7333,96.2666,1.22,1063.73978732,99.94,119.33,2026-10-05
25G3629975,CRI,PLANO E PLANO II,RIZA SECURITIZADORA S.A.,2ª,2031-07-15,99% do DI,105.1172,,104.5,0.41,1002.83162268,97.4,910.09,2026-10-05
CRA025009Q2,CRA,Jalles Machado S.A.,ECO SECURITIZADORA DE DIREITOS CREDITÓRIOS DO AGRONEGÓCIO S.A.,1ª,2031-10-15,99% do DI,,,,,,,,2026-10-05
24E1393588,CRI,MULTIPLAN EMPREENDIMENTOS IMOBILIÁRIOS S.A.,RIZA SECURITIZADORA S.A.,1ª,2029-05-17,"99,5% do DI",99.0352,101.57,97.1033,0.59,1052.84252729,100.1,455.07,2026-10-05
CRA025008NB,CRA,Bem Brasil Alimentos S.A.,ECO SECURITIZADORA DE DIREITOS CREDITÓRIOS DO AGRONEGÓCIO S.A.,ª,2032-10-15,"DI + 0,33%",,,,,,,,2026-10-05
CRA024009Q2,CRA,MARFRIG GLOBAL FOODS S.A.,ECO SECURITIZADORA DE DIREITOS CREDITÓRIOS DO AGRONEGÓCIO S.A.,1ª,2031-10-15,"DI + 0,35%",2.9919,3.386,2.4916,0.4,971.86046093,91.14,888.47,2026-10-05
22D1289009,CRI,CYRELA BRAZIL REALTY S.A.,OPEA SECURITIZADORA S/A,489ª,2027-06-15,"DI + 0,4%",0.3306,0.552,0.177,0.17,1043.74727172,100.05,163.01,2026-10-05
CRA02400AYN,CRA,MINERVA S.A.,RIZA SECURITIZADORA S.A.,3ª,2031-11-17,"DI + 0,4%",3.6872,,3.4126,0.26,937.97698046,88.92,904.84,2026-10-05
CRA02500003,CRA,BOA SAFRA SEMENTES S.A.,OPEA SECURITIZADORA S/A,2ª,2030-01-15,"DI + 0,4%",2.2543,,2.1293,0.42,981.79777834,95.24,670.15,2026-10-05
CRA0250018J,CRA,MARFRIG GLOBAL FOODS S.A.,ECO SECURITIZADORA DE DIREITOS CREDITÓRIOS DO AGRONEGÓCIO S.A.,3ª,2035-04-16,"DI + 0,4%",3.1069,,2.5446,0.47,943.65965526,88.48,1132.85,2026-10-05
CRA025007PT,CRA,SLC AGRÍCOLA S.A.,OPEA SECURITIZADORA S/A,1ª,2033-09-22,"DI + 0,4%",1.1554,,0.8046,0.28,970.69878426,96.66,1137.61,2026-10-05
CRA025002S2,CRA,MINERVA S.A.,RIZA SECURITIZADORA S.A.,3ª,2032-04-15,"DI + 0,5%",3.7209,,,0.25,947.03436405,88.75,937.14,2026-10-05
23J0019601,CRI,Iguatemi,OPEA SECURITIZADORA S/A,1ª,2028-10-16,"DI + 0,55%",,,,,,,,2026-10-05
23K0018602,CRI,MULTIPLAN EMPREENDIMENTOS IMOBILIÁRIOS S.A.,RIZA SECURITIZADORA S.A.,1ª,2031-01-15,"DI + 0,6%",0.4916,,,0.09,1034.33574361,100.29,666.68,2026-10-05
24B0013201,CRI,SOMA,RIZA SECURITIZADORA S.A.,1ª,2028-02-15,"DI + 0,6%",,,,,,,,2026-10-05
23H1188857,CRI,RAIA DROGASIL S.A.,OPEA SECURITIZADORA S/A,2ª,2027-09-15,"DI + 0,65%",0.1936,0.3693,0.0193,0.29,1011.73869223,100.42,228.13,2026-10-05
CRA02300RS5,CRA,CAMIL ALIMENTOS S.A.,ECO SECURITIZADORA DE DIREITOS CREDITÓRIOS DO AGRONEGÓCIO S.A.,1ª,2028-11-16,"DI + 0,65%",4.0505,4.5426,3.4285,0.36,994.55943631,94.2,451.64,2026-10-05
22C0023008,CRI,RAIA DROGASIL S.A.,OPEA SECURITIZADORA S/A,495ª,2027-03-08,"DI + 0,7%",0.2083,0.376,0.026,0.28,506.17834871,100.2,103.0,2026-10-05
23K0018401,CRI,DIRECIONAL ENGENHARIA S.A.,OPEA SECURITIZADORA S/A,1ª,2028-11-16,"DI + 0,7%",,,,,,,,2026-10-05
CRA02300GCY,CRA,IPIRANGA PRODUTOS DE PETRÓLEO S.A.,VERT COMPANHIA SECURITIZADORA,2ª,2027-07-16,"DI + 0,7%",0.2293,,,0.51,1034.4630634,100.34,182.04,2026-10-05
CRA025005V6,CRA,MINERVA S.A.,RIZA SECURITIZADORA S.A.,2ª,2033-07-15,"DI + 0,7%",3.6932,,2.8254,0.28,911.05132127,88.32,1050.74,2026-10-05
22E1325261,CRI,HYPERA S.A.,OPEA SECURITIZADORA S/A,1ª,2027-08-16,"DI + 0,75%",0.5099,0.6776,0.2943,0.09,1020.67650782,100.2,207.05,2026-10-05
22F0230096,CRI,RAIA DROGASIL S.A.,OPEA SECURITIZADORA S/A,1ª,2029-06-26,"DI + 0,75%",0.2522,0.4093,0.076,0.25,1048.99894025,100.95,479.05,2026-10-05
22K0934871,CRI,BCBF PARTICIPAÇÕES S.A.,RIZA SECURITIZADORA S.A.,1ª,2027-12-15,"DI + 0,75%",14.8383,,11.7072,3.24,906.34609904,86.78,271.7,2026-10-05
22I0970801,CRI,NATURA COSMÉTICOS S.A.,RIZA SECURITIZADORA S.A.,1ª,2027-09-15,"DI + 0,8%",0.4018,0.6182,0.2557,0.08,1011.23658162,100.36,228.05,2026-10-05
22J0305579,CRI,DIAGNÓSTICOS DA AMÉRICA S.A.,VERT COMPANHIA SECURITIZADORA,1ª,2027-10-15,"DI + 0,8%",4.9406,,3.4938,0.33,1029.63947879,96.36,231.98,2026-10-05
CRA02300JG2,CRA,JBS S.A.,RIZA SECURITIZADORA S.A.,2ª,2028-09-15,"DI + 0,8%",0.5145,0.6243,0.2576,0.08,1012.7069289,100.5,443.23,2026-10-05
CRA02300NRM,CRA,BANCO BTG PACTUAL S.A.,OPEA SECURITIZADORA S/A,2ª,2033-11-16,"DI + 0,8%",-0.073,,,0.46,1098.77788732,104.07,1163.3,2026-10-05
CRA0240066F,CRA,BRF S.A.,ECO SECURITIZADORA DE DIREITOS CREDITÓRIOS DO AGRONEGÓCIO S.A.,1ª,2029-06-15,"DI + 0,8%",3.3815,,2.6726,0.23,987.2784147,94.52,559.88,2026-10-05
22E1315701,CRI,EVEN CONSTRUTORA E INCORPORADORA S.A.,OPEA SECURITIZADORA S/A,1ª,2028-09-18,"DI + 0,9%",1.2239,,,0.08,964.04936797,99.71,226.31,2026-10-05
23J1142031,CRI,YDUQS PARTICIPAÇÕES S.A.,OPEA SECURITIZADORA S/A,2ª,2028-10-13,"DI + 0,9%",1.0416,,,0.27,1067.10290519,99.82,331.84,2026-10-05
CRA022008NC,CRA,SOROCABA REFRESCOS S.A.,ECO SECURITIZADORA DE DIREITOS CREDITÓRIOS DO AGRONEGÓCIO S.A.,1ª,2029-08-15,"DI + 0,9%",,,,,,,,2026-10-05
CRA023000GP,CRA,"VAMOS LOCAÇÃO DE CAMINHÕES, MÁQUINAS E EQUIPAMENTOS S.A.",ECO SECURITIZADORA DE DIREITOS CREDITÓRIOS DO AGRONEGÓCIO S.A.,1ª,2028-01-17,"DI + 0,9%",4.1153,4.8336,3.25,0.07,994.60521823,96.37,296.44,2026-10-05
CRA024007K9,CRA,COOXUPÉ - COOPERATIVA REGIONAL DE CAFEICULTORES EM GUAXUPÉ LTDA.,VERT COMPANHIA SECURITIZADORA,1ª,2029-07-16,"DI + 0,9%",1.433,,,0.11,1021.47386895,98.98,491.37,2026-10-05
22F0315398,CRI,LOCALIZA RENT A CAR S.A.,RIZA SECURITIZADORA S.A.,1ª,2027-06-07,"DI + 0,95%",0.5078,0.6326,0.266,0.24,1051.45507498,100.27,156.69,2026-10-05
CRA024002MJ,CRA,MARFRIG GLOBAL FOODS S.A.,ECO SECURITIZADORA DE DIREITOS CREDITÓRIOS DO AGRONEGÓCIO S.A.,1ª,2029-03-15,"DI + 0,95%",3.3026,3.326,2.6426,0.28,959.57711566,95.23,534.26,2026-10-05
23H0027402,CRI,REDE D'OR SÃO LUIZ S.A.,OPEA SECURITIZADORA S/A,1ª,2028-08-15,DI + 1%,0.1374,0.472,0.097,0.12,1033.67149373,101.44,420.89,2026-10-05
CRA022006HJ,CRA,SÃO SALVADOR ALIMENTOS S.A.,ECO SECURITIZADORA DE DIREITOS CREDITÓRIOS DO AGRONEGÓCIO S.A.,1ª,2027-07-15,DI + 1%,,,,,,,,2026-10-05
CRA022008C9,CRA,COMPANHIA DE LOCAÇÃO DAS AMÉRICAS,ECO SECURITIZADORA DE DIREITOS CREDITÓRIOS DO AGRONEGÓCIO S.A.,2ª,2028-09-15,DI + 1%,0.7284,0.916,0.4413,0.16,1012.50846635,100.48,442.6,2026-10-05
CRA022008CB,CRA,JALLES MACHADO S.A.,ECO SECURITIZADORA DE DIREITOS CREDITÓRIOS DO AGRONEGÓCIO S.A.,1ª,2032-08-09,DI + 1%,1.511,,1.4,0.33,991.31327134,98.1,956.11,2026-10-05
23H1191899,CRI,RAIA DROGASIL S.A.,OPEA SECURITIZADORA S/A,3ª,2030-09-16,"DI + 1,1%",0.3777,0.5666,0.2666,0.23,1028.44040174,102.05,712.35,2026-10-05
CRA024002S1,CRA,MINERVA S.A.,RIZA SECURITIZADORA S.A.,1ª,2029-03-15,"DI + 1,1%",3.1865,,2.3613,1.26,965.06406123,95.76,533.72,2026-10-05
CRA02400AHV,CRA,CEREAL COMÉRCIO EXPORTAÇÃO E REPRESENTAÇÃO AGROPECUÁRIA S.A.,RIZA SECURITIZADORA S.A.,1ª,2029-11-16,"DI + 1,1%",1.8748,,,0.44,1037.87151396,98.12,621.73,2026-10-05
23F2455020,CRI,Assai,TRUE SECURITIZADORA S/A,3ª,2028-07-15,"DI + 1,15%",,,,,,,,2026-10-05
CRA023000MC,CRA,"VAMOS LOCAÇÃO DE CAMINHÕES, MÁQUINAS E EQUIPAMENTOS S.A.",ECO SECURITIZADORA DE DIREITOS CREDITÓRIOS DO AGRONEGÓCIO S.A.,2ª,2030-01-15,"DI + 1,2%",5.0852,5.6196,4.0,0.06,1447.46056794,88.51,817.0,2026-10-05
CRA024001P7,CRA,JSL S.A.,ECO SECURITIZADORA DE DIREITOS CREDITÓRIOS DO AGRONEGÓCIO S.A.,3ª,2031-02-17,"DI + 1,2%",4.9897,5.6076,4.1666,0.07,923.38797864,90.6,670.61,2026-10-05
CRA024007Q4,CRA,SLC MÁQUINAS LTDA.,OPEA SECURITIZADORA S/A,2ª,2031-08-15,"DI + 1,2%",1.4042,,,0.45,1013.78852542,99.46,676.18,2026-10-05
23C0247388,CRI,LOCALIZA RENT A CAR S.A.,RIZA SECURITIZADORA S.A.,1ª,2028-03-10,"DI + 1,25%",0.5416,,,0.21,1019.00572168,100.94,334.36,2026-10-05
23G0009601,CRI,DIMED S.A.,OPEA SECURITIZADORA S/A,1ª,2028-07-27,"DI + 1,3%",,,,,,,,2026-10-05
23C0247702,CRI,LOCALIZA RENT A CAR S.A.,RIZA SECURITIZADORA S.A.,2ª,2030-03-11,"DI + 1,4%",0.3662,,,0.09,1039.03166232,102.91,706.41,2026-10-05
CRA022008NF,CRA,IRANI PAPEL E EMBALAGEM S.A.,ECO SECURITIZADORA DE DIREITOS CREDITÓRIOS DO AGRONEGÓCIO S.A.,1ª,2027-08-16,"DI + 1,4%",1.0009,1.1826,0.6493,0.01,1022.86486823,100.33,206.69,2026-10-05
CRA023002GX,CRA,INTEGRADA COOPERATIVA AGROINDUSTRIAL,ECO SECURITIZADORA DE DIREITOS CREDITÓRIOS DO AGRONEGÓCIO S.A.,1ª,2028-05-15,"DI + 1,4%",,,,,,,,2026-10-05
23J1127308,CRI,MOVIDA PARTICIPAÇÕES S.A.,OPEA SECURITIZADORA S/A,1ª,2028-10-16,"DI + 1,45%",4.6732,5.0,,0.44,1016.39130032,94.83,426.3,2026-10-05
22C1235206,CRI,HAVAN S.A.,OPEA SECURITIZADORA S/A,463ª,2027-04-27,"DI + 1,5%",0.6903,0.8276,0.461,0.2,1007.63327185,100.42,132.26,2026-10-05
23I1257218,CRI,JSL S.A.,OPEA SECURITIZADORA S/A,2ª,2030-09-16,"DI + 1,5%",,,,,,,,2026-10-05
CRA0220080Y,CRA,NEOMILLE S.A.,ECO SECURITIZADORA DE DIREITOS CREDITÓRIOS DO AGRONEGÓCIO S.A.,1ª,2028-04-03,"DI + 1,5%",1.8725,,,0.29,429.96821947,99.67,229.99,2026-10-05
CRA02300G7E,CRA,MARFRIG GLOBAL FOODS S.A.,ECO SECURITIZADORA DE DIREITOS CREDITÓRIOS DO AGRONEGÓCIO S.A.,2ª,2028-08-15,"DI + 1,5%",3.2378,3.456,2.7726,0.42,991.32900322,97.22,418.11,2026-10-05
CRA02300MJ9,CRA,MINERVA S.A.,RIZA SECURITIZADORA S.A.,1ª,2028-09-15,"DI + 1,5%",2.3112,,1.566,1.25,994.0965554,98.62,440.5,2026-10-05
CRA024003UY,CRA,LAR COOPERATIVA AGROINDUSTRIAL,ECO SECURITIZADORA DE DIREITOS CREDITÓRIOS DO AGRONEGÓCIO S.A.,2ª,2029-04-16,"DI + 1,55%",1.6999,,,0.25,1005.44156299,99.74,439.16,2026-10-05
CRA0240020A,CRA,VICUNHA TÊXTIL S.A.,RIZA SECURITIZADORA S.A.,1ª,2029-02-15,"DI + 1,6%",,,,,,,,2026-10-05
CRA0240099E,CRA,VALE DO TIJUCO AÇÚCAR E ÁLCOOL S.A.,ECO SECURITIZADORA DE DIREITOS CREDITÓRIOS DO AGRONEGÓCIO S.A.,1ª,2034-10-16,"DI + 1,6%",2.7571,,2.4416,0.72,1026.54884606,95.71,967.29,2026-10-05
CRA025009KJ,CRA,Salton,OPEA SECURITIZADORA S/A,1ª,2031-12-09,"DI + 1,6%",,,,,,,,2026-10-05
24A2720884,CRI,DIAGNÓSTICAS DA AMÉRICA S.A.,VERT COMPANHIA SECURITIZADORA,1ª,2029-01-15,"DI + 1,63%",4.7165,,,0.54,975.42278817,94.36,487.66,2026-10-05
22L1465644,CRI,ÂNIMA HOLDING S.A.,RIZA SECURITIZADORA S.A.,1ª,2027-12-15,"DI + 1,65%",2.5837,3.0,1.75,0.33,998.11431758,99.01,274.11,2026-10-05
CRA0230073L,CRA,J. MACÊDO S.A.,RIZA SECURITIZADORA S.A.,1ª,2028-04-17,"DI + 1,65%",,,,,,,,2026-10-05
23F0012002,CRI,LOG COMMERCIAL PROPERTIES E PARTICIPAÇÕES S.A.,OPEA SECURITIZADORA S/A,1ª,2028-06-26,"DI + 1,7%",1.0424,,,0.17,673.46374565,100.73,281.7,2026-10-05
23L2043099,CRI,Unidas,OPEA SECURITIZADORA S/A,1ª,2028-12-15,"DI + 1,7%",,,,,,,,2026-10-05
CRA02300VBT,CRA,UNIDAS LOCAÇÕES E SERVIÇOS S.A.,OPEA SECURITIZADORA S/A,1ª,2028-12-15,"DI + 1,7%",1.1927,,,0.41,1057.31664953,100.94,470.46,2026-10-05
CRA022008NH,CRA,IRANI PAPEL E EMBALAGEM S.A.,ECO SECURITIZADORA DE DIREITOS CREDITÓRIOS DO AGRONEGÓCIO S.A.,2ª,2029-08-15,"DI + 1,75%",0.888,0.9626,0.6126,0.19,1037.77087198,101.74,511.15,2026-10-05
CRA0230012X,CRA,VALE DO PONTAL AÇÚCAR E ETANOL S.A.,ECO SECURITIZADORA DE DIREITOS CREDITÓRIOS DO AGRONEGÓCIO S.A.,1ª,2031-02-17,"DI + 1,8%",,,,,,,,2026-10-05
CRA0240005N,CRA,CEREAL COMÉRCIO EXPORTAÇÃO E REPRESENTAÇÃO AGROPECUÁRIA S.A.,RIZA SECURITIZADORA S.A.,1ª,2029-01-15,"DI + 1,8%",1.7532,,,0.16,1034.69818016,100.05,284.81,2026-10-05
24K0003002,CRI,PATRIMAR ENGENHARIA S.A.,RIZA SECURITIZADORA S.A.,1ª,2029-11-23,"DI + 1,95%",4.9272,5.3526,4.8026,1.65,995.30379236,94.08,531.57,2026-10-05
CRA02300Q8I,CRA,CAPAL COOPERATIVA AGROINDUSTRIAL,OPEA SECURITIZADORA S/A,1ª,2029-05-17,"DI + 1,95%",,,,,,,,2026-10-05
23H1023846,CRI,BR PROPERTIES S.A.,OPEA SECURITIZADORA S/A,1ª,2031-08-15,DI + 2%,,,,,,,,2026-10-05
23J1333602,CRI,PATRIMAR ENGENHARIA S.A.,RIZA SECURITIZADORA S.A.,1ª,2028-10-20,DI + 2%,,,,,,,,2026-10-05
CRA022001P6,CRA,USINA BATATAIS S.A.,RIZA SECURITIZADORA S.A.,1ª,2028-04-20,DI + 2%,,,,,,,,2026-10-05
CRA022008C2,CRA,VICUNHA TÊXTIL S.A.,RIZA SECURITIZADORA S.A.,2ª,2027-08-16,DI + 2%,,,,,,,,2026-10-05
CRA02300S8P,CRA,FS INDÚSTRIA DE BIOCOMBUSTÍVEIS LTDA.,ECO SECURITIZADORA DE DIREITOS CREDITÓRIOS DO AGRONEGÓCIO S.A.,2ª,2030-06-17,DI + 2%,4.1587,4.4226,3.6454,0.39,949.93301497,94.21,713.46,2026-10-05
CRA024000B7,CRA,FS INDÚSTRIA DE BIOCOMBUSTÍVEIS LTDA.,ECO SECURITIZADORA DE DIREITOS CREDITÓRIOS DO AGRONEGÓCIO S.A.,2ª,2030-07-15,DI + 2%,4.1229,4.753,3.503,0.12,949.99176063,94.22,724.54,2026-10-05
CRA02300BQD,CRA,GJA INDÚSTRIAS S.A.,RIZA SECURITIZADORA S.A.,1ª,2029-07-16,"DI + 2,25%",,,,,,,,2026-10-05
CRA025000MJ,CRA,Integrada Cooperativa Agroindustrial,ECO SECURITIZADORA DE DIREITOS CREDITÓRIOS DO AGRONEGÓCIO S.A.,2ª,2029-05-15,"DI + 2,35%",,,,,,,,2026-10-05
22L1212138,CRI,LAR COOPERATIVA AGROINDUSTRIAL,HABITASEC SECURITIZADORA S.A.,2ª,2034-12-19,"DI + 2,45%",,,,,,,,2026-10-05
CRA02300KZL,CRA,FLORA PRODUTOS DE HIGIENE E LIMPEZA S.A.,OPEA SECURITIZADORA S/A,1ª,2029-10-15,"DI + 2,5%",,,,,,,,2026-10-05
CRA02300795,CRA,FS INDÚSTRIA DE BIOCOMBUSTÍVEIS LTDA.,ECO SECURITIZADORA DE DIREITOS CREDITÓRIOS DO AGRONEGÓCIO S.A.,1ª,2029-10-15,"DI + 2,9%",4.16,4.8213,3.4897,0.17,979.59585936,97.11,606.28,2026-10-05
CRA02300CCH,CRA,FS INDÚSTRIA DE BIOCOMBUSTÍVEIS LTDA.,ECO SECURITIZADORA DE DIREITOS CREDITÓRIOS DO AGRONEGÓCIO S.A.,1ª,2029-12-17,"DI + 2,9%",4.1487,4.754,3.5975,0.13,978.61440823,97.01,632.5,2026-10-05
CRA0250040I,CRA,Natural One S.A,ECO SECURITIZADORA DE DIREITOS CREDITÓRIOS DO AGRONEGÓCIO S.A.,1ª,2029-06-15,"DI + 2,9%",,,,,,,,2026-10-05
CRA0220099D,CRA,CENTRAL CRESOL BASER,ECO SECURITIZADORA DE DIREITOS CREDITÓRIOS DO AGRONEGÓCIO S.A.,1ª,2027-12-15,"DI + 2,95%",,,,,,,,2026-10-05
CRA023003JX,CRA,OLFAR S.A.,RIZA SECURITIZADORA S.A.,1ª,2029-03-15,DI + 3%,2.1691,,,0.09,727.95789468,101.02,317.09,2026-10-05
CRA0240086H,CRA,DISTRIBUIDORA DE PRODUTOS DE PETRÓLEO CHARRUA LTDA.,OPEA SECURITIZADORA S/A,1ª,2029-08-23,DI + 3%,3.3562,,3.2704,0.15,998.03874429,99.31,508.07,2026-10-05
CRA0250012Y,CRA,FS FLORESTAL S.A.,ECO SECURITIZADORA DE DIREITOS CREDITÓRIOS DO AGRONEGÓCIO S.A.,2ª,2031-03-17,DI + 3%,4.1762,,3.508,0.48,972.71190841,96.42,805.73,2026-10-05
CRA022000RU,CRA,MADERO INDÚSTRIA E COMÉRCIO S.A.,ECO SECURITIZADORA DE DIREITOS CREDITÓRIOS DO AGRONEGÓCIO S.A.,2ª,2027-03-15,"DI + 3,5%",3.3096,,,0.19,140.86181072,100.04,56.47,2026-10-05
CRA024002MM,CRA,USINA SANTA FÉ S.A.,ECO SECURITIZADORA DE DIREITOS CREDITÓRIOS DO AGRONEGÓCIO S.A.,1ª,2029-12-17,DI + 4%,,,,,,,,2026-10-05
CRA02400ECU,CRA,USINA CORURIPE AÇÚCAR E ÁLCOOL S.A.,ECO SECURITIZADORA DE DIREITOS CREDITÓRIOS DO AGRONEGÓCIO S.A.,5ª,2030-11-25,"DI + 4,1%",4.5616,4.9343,4.501,0.32,5001.47859467,99.25,428.07,2026-10-05
CRA023001JL,CRA,PISANI PLÁSTICOS S.A.,ECO SECURITIZADORA DE DIREITOS CREDITÓRIOS DO AGRONEGÓCIO S.A.,1ª,2029-02-20,DI + 5%,,,,,,,,2026-10-05
CRA02300KOH,CRA,TECSOIL AUTOMAÇÃO E SISTEMAS S.A.,OPEA SECURITIZADORA S/A,1ª,2028-10-16,"DI + 5,5%",3.1128,3.95,2.25,0.0,716.22661693,102.1,229.85,2026-10-05
CRA02300JR6,CRA,RAÍZEN ENERGIA S.A.,TRUE SECURITIZADORA S/A,2ª,2033-10-17,IPCA + 0%,,,,,483.45239688,42.51,,2026-10-05
CRA019003JY,CRA,KLABIN S.A.,VERT COMPANHIA SECURITIZADORA,1ª,2029-06-15,"IPCA + 3,5%",7.0441,7.1693,6.7589,0.02,1407.33853337,94.69,405.62,2026-10-05
CRA019003V3,CRA,RAÍZEN ENERGIA S.A.,OPEA SECURITIZADORA S/A,2ª,2029-07-16,"IPCA + 3,602%",,,,,690.79353305,47.16,,2026-10-05
CRA021000MG,CRA,M. DIAS BRANCO S.A. INDÚSTRIA E COMÉRCIO DE ALIMENTOS,RIZA SECURITIZADORA S.A.,1ª,2028-03-15,"IPCA + 3,7992%",7.7634,7.8104,7.2197,0.54,1299.61097429,94.87,353.96,2026-10-05
CRA021000MH,CRA,M. DIAS BRANCO S.A. INDÚSTRIA E COMÉRCIO DE ALIMENTOS,RIZA SECURITIZADORA S.A.,2ª,2031-03-15,"IPCA + 4,1369%",8.0534,,7.5567,0.45,1218.38415927,88.92,796.66,2026-10-05
CRA02100002,CRA,COCAL COMÉRCIO INDÚSTRIA CANAÃ AÇÚCAR E ÁLCOOL LTDA.,RIZA SECURITIZADORA S.A.,2ª,2028-02-15,"IPCA + 4,2095%",,,,,,,,2026-10-05
CRA021000MB,CRA,COLOMBO AGROINDÚSTRIA S.A.,ECO SECURITIZADORA DE DIREITOS CREDITÓRIOS DO AGRONEGÓCIO S.A.,1ª,2027-03-15,"IPCA + 4,4474%",,,,,,,,2026-10-05
CRA021001PQ,CRA,MARFRIG GLOBAL FOODS S.A.,OPEA SECURITIZADORA S/A,1ª,2028-07-15,"IPCA + 4,5%",12.3507,12.4743,11.8329,0.34,1178.32940697,88.42,427.57,2026-10-05
CRA019001E7,CRA,KLABIN S.A.,VERT COMPANHIA SECURITIZADORA,2ª,2029-03-15,"IPCA + 4,5081%",6.9657,7.146,6.7268,0.24,1467.46221677,96.88,341.39,2026-10-05
CRA021001VA,CRA,MARFRIG GLOBAL FOODS S.A.,OPEA SECURITIZADORA S/A,2ª,2031-07-15,"IPCA + 4,6%",11.9268,12.0513,10.2448,1.27,1059.48440943,79.48,844.19,2026-10-05
21G0065100,CRI,ALIANSCE SONAE SHOPPING CENTERS S.A.,RB CAPITAL INVESTIMENTOS DTVM LTDA,347ª,2028-07-17,"IPCA + 4,6197%",7.6751,,7.2939,0.26,1266.86485081,95.24,426.88,2026-10-05
CRA0210013B,CRA,BRF S.A.,VERT COMPANHIA SECURITIZADORA,1ª,2031-05-15,"IPCA + 4,7843%",11.344,11.8375,10.3321,1.32,1068.44310924,78.24,1007.25,2026-10-05
CRA021001KB,CRA,COMPANHIA DE LOCAÇÃO DAS AMÉRICAS,ECO SECURITIZADORA DE DIREITOS CREDITÓRIOS DO AGRONEGÓCIO S.A.,1ª,2031-07-15,"IPCA + 4,825%",7.8506,7.9736,7.4861,0.57,1216.37873381,90.77,852.86,2026-10-05
CRA021002SO,CRA,IPIRANGA PRODUTOS DE PETRÓLEO S.A.,VERT COMPANHIA SECURITIZADORA,1ª,2028-09-15,"IPCA + 4,8287%",7.6517,8.0492,7.3203,0.45,1244.65883947,95.16,470.28,2026-10-05
21D0737500,CRI,DIRECIONAL ENGENHARIA S.A.,OPEA SECURITIZADORA S/A,371ª,2028-04-17,"IPCA + 4,8444%",7.4216,7.8567,7.2497,0.3,881.30498779,97.64,247.27,2026-10-05
21D0862572,CRI,REDE D'OR SÃO LUIZ S.A.,OPEA SECURITIZADORA S/A,324ª,2036-05-15,"IPCA + 4,9347%",7.8494,,7.4111,0.23,1139.0238156,82.9,1697.78,2026-10-05
21H1078699,CRI,SENDAS DISTRIBUIDORA S.A.,OPEA SECURITIZADORA S/A,428ª,2028-10-16,"IPCA + 5,1531%",10.7004,10.8306,9.6336,0.43,1193.64081962,90.73,475.56,2026-10-05
21H1078700,CRI,SENDAS DISTRIBUIDORA S.A.,OPEA SECURITIZADORA S/A,429ª,2031-10-15,"IPCA + 5,2662%",11.4443,11.6322,11.0721,0.24,1077.2572888,81.84,873.57,2026-10-05
CRA020002GZ,CRA,BRF S.A.,VERT COMPANHIA SECURITIZADORA,1ª,2027-07-15,"IPCA + 5,3%",10.5245,11.2986,,0.76,1404.51385017,96.42,189.76,2026-10-05
21D0694886,CRI,CONSTRUTORA TENDA S.A.,OPEA SECURITIZADORA S/A,378ª,2028-04-17,"IPCA + 5,3621%",9.2717,,,0.74,890.72761797,96.53,242.97,2026-10-05
CRA021002NF,CRA,PETROBRAS DISTRIBUIDORA S.A.,RIZA SECURITIZADORA S.A.,1ª,2031-09-15,"IPCA + 5,3995%",8.3491,,7.8823,0.32,1185.54900514,90.56,901.02,2026-10-05
CRA020001P7,CRA,RAÍZEN ENERGIA S.A.,OPEA SECURITIZADORA S/A,1ª,2027-06-15,"IPCA + 5,4%",,,,,655.300141,46.05,,2026-10-05
CRA021000RX,CRA,MINERVA S.A.,RIZA SECURITIZADORA S.A.,1ª,2028-04-17,"IPCA + 5,5034%",12.3152,,10.36,0.2,1266.60291377,91.39,362.14,2026-10-05
21I0278118,CRI,LOG COMMERCIAL PROPERTIES E PARTICIPAÇÕES S.A.,RIZA SECURITIZADORA S.A.,362ª,2028-09-15,"IPCA + 5,5212%",10.8579,,,1.31,611.86313085,93.4,347.3,2026-10-05
21K0001806,CRI,REDE D'OR SÃO LUIZ S.A.,OPEA SECURITIZADORA S/A,396ª,2031-12-15,"IPCA + 5,5758%",7.9823,8.0533,7.738,0.04,1186.04477851,92.04,923.25,2026-10-05
CRA021000RY,CRA,MINERVA S.A.,RIZA SECURITIZADORA S.A.,39ª,2031-04-15,"IPCA + 5,578%",11.1088,,9.8505,1.4,1183.86162063,85.39,771.19,2026-10-05
CRA020002H1,CRA,BRF S.A.,VERT COMPANHIA SECURITIZADORA,2ª,2030-07-15,"IPCA + 5,6%",11.4069,12.0939,10.4156,0.67,1273.6716944,87.38,629.18,2026-10-05
CRA022002Y1,CRA,NORSA REFRIGERANTES S.A.,RIZA SECURITIZADORA S.A.,1ª,2027-03-15,"IPCA + 5,685%",,,,,,,,2026-10-05
CRA020003PY,CRA,"VAMOS LOCAÇÃO DE CAMINHÕES, MÁQUINAS E EQUIPAMENTOS S.A.",ECO SECURITIZADORA DE DIREITOS CREDITÓRIOS DO AGRONEGÓCIO S.A.,1ª,2030-11-18,"IPCA + 5,7315%",12.3908,13.0367,11.1704,0.02,1213.1259201,84.44,689.64,2026-10-05
21K0001812,CRI,ULTRA SOM SERVIÇOS MÉDICOS S.A.,RIZA SECURITIZADORA S.A.,378ª,2031-12-15,"IPCA + 5,7505%",19.8293,22.6566,17.3943,0.16,781.29488612,60.89,968.69,2026-10-05
CRA021002YA,CRA,CARAMURU ALIMENTOS S.A.,ECO SECURITIZADORA DE DIREITOS CREDITÓRIOS DO AGRONEGÓCIO S.A.,1ª,2027-09-15,"IPCA + 5,7641%",,,,,,,,2026-10-05
CRA020001P8,CRA,RAÍZEN ENERGIA S.A.,TRUE SECURITIZADORA S/A,2ª,2030-06-17,"IPCA + 5,8%",,,,,666.5614042,46.8,,2026-10-05
22D1289007,CRI,REDE D'OR SÃO LUIZ S.A.,OPEA SECURITIZADORA S/A,508ª,2029-06-15,"IPCA + 5,83%",7.7459,,7.2975,0.21,1164.10420384,95.67,620.29,2026-10-05
22D1289010,CRI,CYRELA BRAZIL REALTY S.A.,OPEA SECURITIZADORA S/A,490ª,2027-06-15,"IPCA + 5,9068%",6.9377,,6.5971,0.77,1230.31366821,99.36,167.48,2026-10-05
CRA022002Y2,CRA,NORSA REFRIGERANTES S.A.,RIZA SECURITIZADORA S.A.,2ª,2029-03-15,"IPCA + 5,9169%",8.0716,8.4554,7.4291,0.37,1173.43262085,96.37,461.25,2026-10-05
CRA022006N5,CRA,IPIRANGA PRODUTOS DE PETRÓLEO S.A.,VERT COMPANHIA SECURITIZADORA,1ª,2032-06-15,"IPCA + 6,0053%",7.6654,7.8998,7.2079,0.44,1141.58708784,93.93,1011.5,2026-10-05
22D1289008,CRI,REDE D'OR SÃO LUIZ S.A.,OPEA SECURITIZADORA S/A,509ª,2032-06-15,"IPCA + 6,01%",,,,,,,,2026-10-05
CRA022002Y3,CRA,NORSA REFRIGERANTES S.A.,RIZA SECURITIZADORA S.A.,3ª,2032-03-15,"IPCA + 6,0392%",8.0566,,7.5907,0.62,1131.47476691,92.92,977.49,2026-10-05
21K0001807,CRI,REDE D'OR SÃO LUIZ S.A.,OPEA SECURITIZADORA S/A,397ª,2036-12-15,"IPCA + 6,1017%",7.9991,8.0782,7.4505,0.02,1141.38251577,88.43,1726.07,2026-10-05
22K0001201,CRI,PETRÓLEO BRASILEIRO S.A. - PETROBRAS,OPEA SECURITIZADORA S/A,1ª,2030-04-15,"IPCA + 6,2%",6.7426,6.9311,6.5332,0.26,1211.76711294,98.4,794.88,2026-10-05
23H0027403,CRI,REDE D'OR SÃO LUIZ S.A.,OPEA SECURITIZADORA S/A,2ª,2030-08-15,"IPCA + 6,2%",7.9712,8.0856,7.6631,0.22,1094.77974272,94.48,863.84,2026-10-05
CRA022006MY,CRA,Dexco S.A.,ECO SECURITIZADORA DE DIREITOS CREDITÓRIOS DO AGRONEGÓCIO S.A.,2ª,2032-06-15,"IPCA + 6,2%",,,,,,,,2026-10-05
22K0001203,CRI,PETRÓLEO BRASILEIRO S.A. - PETROBRAS,OPEA SECURITIZADORA S/A,2ª,2032-11-16,"IPCA + 6,25%",6.8253,7.0065,,0.36,1228.64988468,97.36,1246.64,2026-10-05
22E1325262,CRI,HYPERA S.A.,OPEA SECURITIZADORA S/A,2ª,2029-08-15,"IPCA + 6,279%",8.3348,8.7402,7.7974,0.34,1145.84596057,95.1,659.82,2026-10-05
CRA021002YF,CRA,J. MACÊDO S.A.,ECO SECURITIZADORA DE DIREITOS CREDITÓRIOS DO AGRONEGÓCIO S.A.,1ª,2026-11-16,"IPCA + 6,3071%",,,,,,,,2026-10-05
CRA02300S35,CRA,CAMIL ALIMENTOS S.A.,ECO SECURITIZADORA DE DIREITOS CREDITÓRIOS DO AGRONEGÓCIO S.A.,2ª,2030-11-18,"IPCA + 6,3416%",12.0656,12.4074,11.0392,0.87,989.86908848,84.74,788.58,2026-10-05
22C1362141,CRI,MATEUS SUPERMERCADOS S.A.,OPEA SECURITIZADORA S/A,1ª,2034-07-17,"IPCA + 6,3423%",9.8291,,9.5255,0.41,841.03850237,90.06,798.07,2026-10-05
22B0004808,CRI,CSN CIMENTOS S.A.,RIZA SECURITIZADORA S.A.,417ª,2032-02-16,"IPCA + 6,3893%",16.6018,19.5626,12.1703,0.09,887.43603867,71.04,919.18,2026-10-05
CRA022008N6,CRA,JBS S.A.,RIZA SECURITIZADORA S.A.,2ª,2032-09-15,"IPCA + 6,3919%",8.5297,,,0.41,1109.17066549,91.9,1065.02,2026-10-05
22K0001204,CRI,PETRÓLEO BRASILEIRO S.A. - PETROBRAS,OPEA SECURITIZADORA S/A,3ª,2037-11-16,"IPCA + 6,4%",,,,,,,,2026-10-05
24B0013203,CRI,CIDADE MARAVILHOSA INDÚSTRIA E COMÉRCIO DE ROUPAS S.A.,RIZA SECURITIZADORA S.A.,3ª,2030-02-15,"IPCA + 6,4%",12.1286,,10.4938,0.85,987.19675423,87.26,650.99,2026-10-05
CRA02300CYS,CRA,BANCO BTG PACTUAL S.A.,OPEA SECURITIZADORA S/A,3ª,2033-07-15,"IPCA + 6,4338%",,,,,,,,2026-10-05
22E1325264,CRI,HYPERA S.A.,OPEA SECURITIZADORA S/A,3ª,2032-08-16,"IPCA + 6,4451%",8.4672,8.623,8.1711,0.35,1114.36860664,92.47,1043.38,2026-10-05
CRA024001P6,CRA,JSL S.A.,ECO SECURITIZADORA DE DIREITOS CREDITÓRIOS DO AGRONEGÓCIO S.A.,2ª,2031-02-17,"IPCA + 6,4527%",13.0317,13.5671,11.5643,0.78,947.2171592,83.62,743.08,2026-10-05
22E1095384,CRI,MRV ENGENHARIA E PARTICIPAÇÕES S.A.,OPEA SECURITIZADORA S/A,1ª,2030-09-16,"IPCA + 6,4802%",12.1231,,,0.28,1041.53220269,87.15,665.57,2026-10-05
21J0001208,CRI,TENDA ATACADO S.A.,RIZA SECURITIZADORA S.A.,306ª,2026-10-15,"IPCA + 6,4803%",11.9524,,11.2845,0.32,441.01891715,99.86,7.0,2026-10-05
22F0009804,CRI,DIRECIONAL ENGENHARIA S.A.,OPEA SECURITIZADORA S/A,1ª,2032-06-15,"IPCA + 6,4899%",8.2634,8.3591,7.7189,0.06,1137.74838401,93.63,999.91,2026-10-05
22F0009409,CRI,GJA INDÚSTRIAS S.A.,RIZA SECURITIZADORA S.A.,1ª,2029-06-15,"IPCA + 6,5%",12.1466,,12.0657,0.14,1078.53496724,90.12,504.74,2026-10-05
CRA022003JT,CRA,BEM BRASIL ALIMENTOS S.A.,ECO SECURITIZADORA DE DIREITOS CREDITÓRIOS DO AGRONEGÓCIO S.A.,1ª,2029-05-15,"IPCA + 6,5348%",,,,,,,,2026-10-05
CRA022004MS,CRA,"VAMOS LOCAÇÃO DE CAMINHÕES, MÁQUINAS E EQUIPAMENTOS S.A.",ECO SECURITIZADORA DE DIREITOS CREDITÓRIOS DO AGRONEGÓCIO S.A.,1ª,2032-05-17,"IPCA + 6,5473%",13.5652,,11.815,0.28,961.31789597,78.25,950.91,2026-10-05
23H0027404,CRI,REDE D'OR SÃO LUIZ S.A.,OPEA SECURITIZADORA S/A,3ª,2033-08-15,"IPCA + 6,55%",8.0388,8.1561,7.5992,0.16,1083.57634319,93.47,1220.99,2026-10-05
CRA022008NB,CRA,RAÍZEN ENERGIA S.A.,OPEA SECURITIZADORA S/A,1ª,2032-08-16,"IPCA + 6,5885%",,,,,576.9505661,47.65,,2026-10-05
22B0006022,CRI,MRV ENGENHARIA E PARTICIPAÇÕES S.A.,RIZA SECURITIZADORA S.A.,442ª,2029-02-15,"IPCA + 6,5954%",11.905,,10.4755,1.24,1150.69590863,91.88,437.08,2026-10-05
CRA024004SA,CRA,JBS S.A.,RIZA SECURITIZADORA S.A.,2ª,2034-05-15,"IPCA + 6,5975%",,,,,,,,2026-10-05
22J0306937,CRI,DIAGNÓSTICOS DA AMÉRICA S.A.,VERT COMPANHIA SECURITIZADORA,2ª,2029-10-15,"IPCA + 6,6%",12.5094,13.5485,11.2075,0.23,1068.4305994,86.56,669.95,2026-10-05
CRA02300G7F,CRA,MARFRIG GLOBAL FOODS S.A.,ECO SECURITIZADORA DE DIREITOS CREDITÓRIOS DO AGRONEGÓCIO S.A.,3ª,2030-08-15,"IPCA + 6,6%",12.1002,12.3028,10.4506,0.22,978.10720737,84.29,850.28,2026-10-05
CRA022008C7,CRA,COMPANHIA DE LOCAÇÃO DAS AMÉRICAS,ECO SECURITIZADORA DE DIREITOS CREDITÓRIOS DO AGRONEGÓCIO S.A.,1ª,2028-09-15,"IPCA + 6,6018%",7.8542,,7.5077,0.61,1180.40074748,97.87,464.6,2026-10-05
CRA022007KI,CRA,COCAL COMÉRCIO INDÚSTRIA CANAÃ AÇÚCAR E ÁLCOOL LTDA.,RIZA SECURITIZADORA S.A.,1ª,2030-08-15,"IPCA + 6,6234%",10.2042,,9.8115,0.52,1100.40520472,91.82,646.9,2026-10-05
CRA02300JG3,CRA,JBS S.A.,RIZA SECURITIZADORA S.A.,3ª,2030-09-16,"IPCA + 6,6441%",,,,,,,,2026-10-05
CRA022008N7,CRA,JBS S.A.,RIZA SECURITIZADORA S.A.,3ª,2037-09-15,"IPCA + 6,6614%",,,,,,,,2026-10-05
CRA022000XF,CRA,MARFRIG GLOBAL FOODS S.A.,ECO SECURITIZADORA DE DIREITOS CREDITÓRIOS DO AGRONEGÓCIO S.A.,3ª,2032-01-15,"IPCA + 6,663%",11.9109,,10.5303,0.3,1063.11584193,83.88,911.49,2026-10-05
CRA02300JG4,CRA,JBS S.A.,RIZA SECURITIZADORA S.A.,4ª,2033-09-15,"IPCA + 6,6634%",,,,,,,,2026-10-05
24F1277567,CRI,DIRECIONAL ENGENHARIA S.A.,OPEA SECURITIZADORA S/A,2ª,2031-07-15,"IPCA + 6,6747%",8.206,8.3682,7.7624,0.24,1060.98776374,94.87,929.58,2026-10-05
23L1737622,CRI,REDE D'OR SÃO LUIZ S.A.,OPEA SECURITIZADORA S/A,1ª,2033-12-15,"IPCA + 6,6941%",,,,,,,,2026-10-05
22G1414303,CRI,SENDAS DISTRIBUIDORA S.A.,OPEA SECURITIZADORA S/A,3ª,2029-09-17,"IPCA + 6,7%",11.1571,,,0.23,1099.66223093,91.16,567.93,2026-10-05
CRA022008ND,CRA,RAÍZEN ENERGIA S.A.,OPEA SECURITIZADORA S/A,2ª,2037-08-17,"IPCA + 6,7382%",,,,,560.98252202,46.29,,2026-10-05
CRA0240066J,CRA,SLC AGRICOLA II,RIZA SECURITIZADORA S.A.,3ª,2031-07-15,"IPCA + 6,7469%",8.727,,8.3444,0.44,1046.28163495,93.34,942.34,2026-10-05
22J0306938,CRI,DIAGNÓSTICOS DA AMÉRICA S.A.,VERT COMPANHIA SECURITIZADORA,3ª,2032-10-15,"IPCA + 6,75%",12.4047,13.3534,11.0521,0.07,998.87834429,80.87,1018.32,2026-10-05
CRA0240020C,CRA,VICUNHA II,RIZA SECURITIZADORA S.A.,3ª,2031-02-15,"IPCA + 6,7641%",,,,,,,,2026-10-05
CRA022007EP,CRA,KLABIN S.A.,VERT COMPANHIA SECURITIZADORA,1ª,2034-05-15,"IPCA + 6,7694%",7.14,7.286,6.9539,0.26,1194.35691906,97.98,1483.25,2026-10-05
CRA024004SB,CRA,JBS S.A.,RIZA SECURITIZADORA S.A.,3ª,2039-05-16,"IPCA + 6,7825%",,,,,,,,2026-10-05
CRA0240086K,CRA,SEARA ALIMENTOS LTDA.,RIZA SECURITIZADORA S.A.,2ª,2034-09-15,"IPCA + 6,7931%",,,,,,,,2026-10-05
CRA024002ML,CRA,MARFRIG GLOBAL FOODS S.A.,ECO SECURITIZADORA DE DIREITOS CREDITÓRIOS DO AGRONEGÓCIO S.A.,3ª,2034-03-15,"IPCA + 6,7996%",12.1314,12.3118,10.5192,0.25,871.76914018,77.7,1279.22,2026-10-05
22I0970804,CRI,NATURA COSMÉTICOS S.A.,RIZA SECURITIZADORA S.A.,2ª,2029-09-17,"IPCA + 6,8%",8.5154,,7.9541,0.26,1157.01740038,95.8,677.66,2026-10-05
CRA0240066B,CRA,CAMIL ALIMENTOS S.A.,ECO SECURITIZADORA DE DIREITOS CREDITÓRIOS DO AGRONEGÓCIO S.A.,2ª,2031-06-16,"IPCA + 6,8286%",11.9798,,10.6516,0.86,955.34864634,84.5,892.56,2026-10-05
CRA0220079D,CRA,BRF S.A.,VERT COMPANHIA SECURITIZADORA,2ª,2032-07-15,"IPCA + 6,8344%",12.0953,12.297,11.5014,0.23,1014.19631463,82.49,995.19,2026-10-05
CRA0240086L,CRA,SEARA ALIMENTOS LTDA.,RIZA SECURITIZADORA S.A.,3ª,2044-09-15,"IPCA + 6,8408%",8.5874,,7.9131,0.82,942.23227823,85.5,2368.04,2026-10-05
CRA02300SV1,CRA,"VAMOS LOCAÇÃO DE CAMINHÕES, MÁQUINAS E EQUIPAMENTOS S.A.",ECO SECURITIZADORA DE DIREITOS CREDITÓRIOS DO AGRONEGÓCIO S.A.,3ª,2033-11-16,"IPCA + 6,8453%",,,,,,,,2026-10-05
CRA022006HK,CRA,SÃO SALVADOR ALIMENTOS S.A.,ECO SECURITIZADORA DE DIREITOS CREDITÓRIOS DO AGRONEGÓCIO S.A.,2ª,2030-07-15,"IPCA + 6,8911%",,,,,,,,2026-10-05
22I0970868,CRI,NATURA COSMÉTICOS S.A.,RIZA SECURITIZADORA S.A.,3ª,2032-09-15,"IPCA + 6,9%",8.6825,8.996,8.5261,0.47,1126.63240636,93.28,1055.43,2026-10-05
23L1737623,CRI,REDE D'OR SÃO LUIZ S.A.,OPEA SECURITIZADORA S/A,2ª,2038-12-15,"IPCA + 6,9527%",8.0178,,7.3896,0.08,1076.44381094,92.64,1923.87,2026-10-05
CRA022004S9,CRA,"VAMOS LOCAÇÃO DE CAMINHÕES, MÁQUINAS E EQUIPAMENTOS S.A.",ECO SECURITIZADORA DE DIREITOS CREDITÓRIOS DO AGRONEGÓCIO S.A.,2ª,2037-05-15,"IPCA + 6,9739%",12.7321,,11.3548,1.32,868.06318459,70.55,1597.71,2026-10-05
CRA02300JG5,CRA,JBS S.A.,RIZA SECURITIZADORA S.A.,5ª,2038-09-15,"IPCA + 6,9938%",8.9339,,8.4239,0.7,1001.91974864,87.14,1898.64,2026-10-05
CRA024004SC,CRA,JBS S.A.,RIZA SECURITIZADORA S.A.,4ª,2044-05-16,"IPCA + 6,9947%",8.9692,,8.2361,0.9,963.4429752,84.52,2242.98,2026-10-05
CRA022004XY,CRA,USINA CERRADÃO S.A.,ECO SECURITIZADORA DE DIREITOS CREDITÓRIOS DO AGRONEGÓCIO S.A.,1ª,2028-05-15,"IPCA + 6,9949%",7.582,,7.0662,0.63,815.54812823,99.43,261.48,2026-10-05
22F0009410,CRI,GJA INDÚSTRIAS S.A.,RIZA SECURITIZADORA S.A.,2ª,2032-06-15,IPCA + 7%,10.7565,,,0.19,1045.14352341,87.31,981.66,2026-10-05
23F1519397,CRI,MOVIDA PARTICIPAÇÕES S.A.,OPEA SECURITIZADORA S/A,3ª,2028-06-16,IPCA + 7%,12.9112,13.3652,,0.42,1076.2847808,91.84,398.04,2026-10-05
24G1674104,CRI,JHSF PARTICIPAÇÕES S.A.,OPEA SECURITIZADORA S/A,4ª,2034-07-17,"IPCA + 7,0163%",8.331,8.4649,8.0309,0.26,917.65655898,94.7,1113.36,2026-10-05
CRA02200C6Y,CRA,MARFRIG GLOBAL FOODS S.A.,ECO SECURITIZADORA DE DIREITOS CREDITÓRIOS DO AGRONEGÓCIO S.A.,1ª,2029-10-15,"IPCA + 7,0383%",12.0799,12.2849,10.2207,0.29,1086.12414423,88.48,666.23,2026-10-05
CRA024007PU,CRA,SOROCABA REFRESCOS S.A.,ECO SECURITIZADORA DE DIREITOS CREDITÓRIOS DO AGRONEGÓCIO S.A.,2ª,2034-08-15,"IPCA + 7,05%",8.9273,,8.6284,0.45,1010.68759173,90.97,1361.07,2026-10-05
22K0934880,CRI,BCBF PARTICIPAÇÕES S.A.,RIZA SECURITIZADORA S.A.,2ª,2029-12-17,"IPCA + 7,0913%",20.5998,23.4424,17.504,0.33,871.4327199,71.73,694.15,2026-10-05
CRA022006HE,CRA,AÇO VERDE DO BRASIL S.A.,RIZA SECURITIZADORA S.A.,1ª,2029-06-15,"IPCA + 7,1543%",9.5648,,8.8921,1.04,1177.03116093,96.61,388.57,2026-10-05
CRA023000RT,CRA,"VAMOS LOCAÇÃO DE CAMINHÕES, MÁQUINAS E EQUIPAMENTOS S.A.",ECO SECURITIZADORA DE DIREITOS CREDITÓRIOS DO AGRONEGÓCIO S.A.,3ª,2030-01-15,"IPCA + 7,1638%",13.4919,13.921,11.9016,0.25,1015.95940714,84.71,724.1,2026-10-05
CRA022006BU,CRA,CARAMURU ALIMENTOS S.A.,ECO SECURITIZADORA DE DIREITOS CREDITÓRIOS DO AGRONEGÓCIO S.A.,1ª,2029-07-16,"IPCA + 7,2043%",10.7963,,,1.04,686.84547469,94.82,403.77,2026-10-05
CRA0220073P,CRA,MINERVA S.A.,RIZA SECURITIZADORA S.A.,1ª,2029-07-16,"IPCA + 7,2063%",11.5331,,10.191,1.4,1094.54100368,90.58,628.22,2026-10-05
CRA0240066K,CRA,BRF S.A.,ECO SECURITIZADORA DE DIREITOS CREDITÓRIOS DO AGRONEGÓCIO S.A.,3ª,2034-06-15,"IPCA + 7,2336%",11.9861,12.4317,11.4542,0.32,903.47792707,79.9,1276.26,2026-10-05
22K0934889,CRI,BCBF PARTICIPAÇÕES S.A.,RIZA SECURITIZADORA S.A.,3ª,2034-12-15,"IPCA + 7,2792%",20.359,22.4263,17.093,1.37,666.02319878,54.79,1222.39,2026-10-05
CRA024001QA,CRA,ZAMP S.A.,RIZA SECURITIZADORA S.A.,3ª,2029-02-15,"IPCA + 7,3%",9.4779,,8.7425,0.94,1088.14136751,95.73,546.66,2026-10-05
CRA024007Q5,CRA,SLC MÁQUINAS LTDA.,OPEA SECURITIZADORA S/A,3ª,2031-08-15,"IPCA + 7,31%",9.1861,,8.843,0.47,1054.00368975,95.02,739.33,2026-10-05
CRA02200C6Z,CRA,MARFRIG GLOBAL FOODS S.A.,ECO SECURITIZADORA DE DIREITOS CREDITÓRIOS DO AGRONEGÓCIO S.A.,2ª,2032-10-15,"IPCA + 7,3352%",12.0422,,10.0178,0.23,1032.39094863,84.0,1008.45,2026-10-05
24A2721507,CRI,DASA,VERT COMPANHIA SECURITIZADORA,3ª,2031-01-15,"IPCA + 7,3402%",12.5689,13.1912,11.2954,1.32,983.016019,85.64,814.58,2026-10-05
CRA022006HF,CRA,AÇO VERDE DO BRASIL S.A.,RIZA SECURITIZADORA S.A.,2ª,2032-06-15,"IPCA + 7,3686%",,,,,,,,2026-10-05
CRA024009Q4,CRA,MARFRIG GLOBAL FOODS S.A.,ECO SECURITIZADORA DE DIREITOS CREDITÓRIOS DO AGRONEGÓCIO S.A.,3ª,2034-10-16,"IPCA + 7,3693%",12.1822,12.3773,11.6606,0.21,895.6825016,79.34,1296.22,2026-10-05
22E1314836,CRI,SÃO CARLOS EMPREENDIMENTOS E PARTICIPAÇÕES S.A.,OPEA SECURITIZADORA S/A,1ª,2029-09-17,"IPCA + 7,3826%",9.6775,,,0.32,1164.82747869,96.31,445.54,2026-10-05
CRA022001E2,CRA,FS AGRISOLUTIONS INDÚSTRIA DE BIOCOMBUSTÍVEIS LTDA.,ECO SECURITIZADORA DE DIREITOS CREDITÓRIOS DO AGRONEGÓCIO S.A.,2ª,2029-02-15,"IPCA + 7,3913%",11.6024,12.06,10.6041,0.5,1178.72407694,95.26,315.25,2026-10-05
CRA022004SD,CRA,FS AGRISOLUTIONS INDÚSTRIA DE BIOCOMBUSTÍVEIS LTDA.,ECO SECURITIZADORA DE DIREITOS CREDITÓRIOS DO AGRONEGÓCIO S.A.,2ª,2029-05-15,"IPCA + 7,3913%",11.4114,12.0279,10.6904,0.04,1173.73382259,94.79,363.76,2026-10-05
CRA02400AHZ,CRA,REFRESCOS BANDEIRANTES INDÚSTRIA E COMÉRCIO LTDA.,RIZA SECURITIZADORA S.A.,2ª,2034-11-16,"IPCA + 7,41%",9.8065,11.3422,,1.23,993.37370837,88.74,1348.24,2026-10-05
24J2539865,CRI,JHSF PARTICIPAÇÕES S.A.,OPEA SECURITIZADORA S/A,1ª,2034-10-16,"IPCA + 7,4183%",8.359,8.5438,7.8534,0.24,1078.93236187,95.42,1347.67,2026-10-05
CRA0240005O,CRA,CEREAL COMÉRCIO EXPORTAÇÃO E REPRESENTAÇÃO AGROPECUÁRIA S.A.,RIZA SECURITIZADORA S.A.,2ª,2029-01-15,"IPCA + 7,4367%",,,,,,,,2026-10-05
CRA022004H5,CRA,NARDINI AGROINDUSTRIAL LTDA.,OPEA SECURITIZADORA S/A,1ª,2028-04-15,"IPCA + 7,4986%",,,,,,,,2026-10-05
23L2043184,CRI,UNIDAS LOCADORA S.A.,OPEA SECURITIZADORA S/A,3ª,2030-12-16,"IPCA + 7,5%",9.4126,9.6913,8.759,0.37,1099.82270416,94.53,801.1,2026-10-05
CRA024009Q5,CRA,MARFRIG GLOBAL FOODS S.A.,ECO SECURITIZADORA DE DIREITOS CREDITÓRIOS DO AGRONEGÓCIO S.A.,4ª,2039-10-17,"IPCA + 7,5395%",,,,,,,,2026-10-05
CRA02300MOQ,CRA,MINERVA S.A.,RIZA SECURITIZADORA S.A.,3ª,2030-09-16,"IPCA + 7,5408%",12.213,12.4225,11.7549,0.63,1009.91810525,87.85,762.85,2026-10-05
23L0034761,CRI,FARO ENERGY PROJETOS SOLARES HOLDING S.A.,OPEA SECURITIZADORA S/A,1ª,2038-12-15,"IPCA + 7,5702%",,,,,,,,2026-10-05
CRA0250080Y,CRA,ELDORADO BRASIL CELULOSE S.A.,OPEA SECURITIZADORA S/A,3ª,2040-09-17,"IPCA + 7,6%",7.9245,,7.67,0.16,1022.00907871,97.39,2207.66,2026-10-05
24A2722748,CRI,DIAGNÓSTICOS DA AMÉRICA S.A.,VERT COMPANHIA SECURITIZADORA,5ª,2034-01-16,"IPCA + 7,6075%",14.4961,15.627,13.3252,3.8,848.96592041,73.92,1192.56,2026-10-05
25D0012204,CRI,CYRELA BRAZIL REALTY S.A.,COMPANHIA PROVÍNCIA DE SECURITIZAÇÃO,3ª,2032-04-15,"IPCA + 7,6693%",7.805,,7.2938,0.24,1087.58185787,99.49,1031.4,2026-10-05
23J1127331,CRI,MOVIDA PARTICIPAÇÕES S.A.,OPEA SECURITIZADORA S/A,3ª,2033-10-17,"IPCA + 7,7279%",12.8056,,,0.59,956.58362322,80.76,1143.78,2026-10-05
CRA0250080X,CRA,ELDORADO BRASIL CELULOSE S.A.,OPEA SECURITIZADORA S/A,2ª,2035-09-17,"IPCA + 7,7281%",7.9841,,,0.42,1033.2285125,98.45,1657.68,2026-10-05
CRA02400AYK,CRA,BEM BRASIL ALIMENTOS S.A.,ECO SECURITIZADORA DE DIREITOS CREDITÓRIOS DO AGRONEGÓCIO S.A.,ª,2031-11-17,"IPCA + 7,737%",,,,,,,,2026-10-05
CRA0230073N,CRA,J. MACÊDO S.A.,RIZA SECURITIZADORA S.A.,2ª,2030-04-15,"IPCA + 7,8%",,,,,,,,2026-10-05
CRA025003PJ,CRA,SEARA,RIZA SECURITIZADORA S.A.,3ª,2055-05-17,"IPCA + 7,8%",,,,,,,,2026-10-05
CRA024003UZ,CRA,LAR COOPERATIVA AGROINDUSTRIAL,ECO SECURITIZADORA DE DIREITOS CREDITÓRIOS DO AGRONEGÓCIO S.A.,3ª,2031-04-15,"IPCA + 7,8363%",9.0972,9.4076,8.8301,0.24,1079.79441211,96.53,763.88,2026-10-05
CRA021004NV,CRA,LAR COOPERATIVA AGROINDUSTRIAL,ECO SECURITIZADORA DE DIREITOS CREDITÓRIOS DO AGRONEGÓCIO S.A.,1ª,2026-11-15,"IPCA + 7,8749%",10.3319,,,1.86,434.44544047,99.72,28.0,2026-10-05
CRA0250066B,CRA,BRF S.A.,ECO SECURITIZADORA DE DIREITOS CREDITÓRIOS DO AGRONEGÓCIO S.A.,3ª,2035-07-16,"IPCA + 7,9064%",12.1004,,,0.33,840.52255423,78.91,1520.9,2026-10-05
22E1321749,CRI,COGNA EDUCAÇÃO S.A.,OPEA SECURITIZADORA S/A,2ª,2029-07-16,"IPCA + 7,9273%",8.853,9.2786,8.3135,0.07,1192.17632529,98.25,521.23,2026-10-05
CRA0240005P,CRA,CEREAL COMÉRCIO EXPORTAÇÃO E REPRESENTAÇÃO AGROPECUÁRIA S.A.,RIZA SECURITIZADORA S.A.,3ª,2031-01-15,"IPCA + 7,9443%",,,,,,,,2026-10-05
22E1321750,CRI,COGNA EDUCAÇÃO S.A.,OPEA SECURITIZADORA S/A,3ª,2032-07-15,"IPCA + 8,0031%",9.504,,8.4001,0.69,1149.37012343,94.7,989.35,2026-10-05
CRA025009EZ,CRA,Seara Alimentos Ltda.,ECO SECURITIZADORA DE DIREITOS CREDITÓRIOS DO AGRONEGÓCIO S.A.,4ª,2065-10-15,"IPCA + 8,0313%",,,,,,,,2026-10-05
CRA0250020C,CRA,BRF S.A.,ECO SECURITIZADORA DE DIREITOS CREDITÓRIOS DO AGRONEGÓCIO S.A.,2ª,2035-04-16,"IPCA + 8,04%",11.4138,,,0.71,913.05118433,83.23,1468.06,2026-10-05
CRA02200795,CRA,ADUBOS ARAGUAIA INDÚSTRIA E COMÉRCIO LTDA.,ECO SECURITIZADORA DE DIREITOS CREDITÓRIOS DO AGRONEGÓCIO S.A.,1ª,2027-07-15,"IPCA + 8,1191%",9.4396,,,0.22,601.68148536,99.1,188.23,2026-10-05
CRA0250020D,CRA,BRF S.A.,ECO SECURITIZADORA DE DIREITOS CREDITÓRIOS DO AGRONEGÓCIO S.A.,3ª,2040-04-16,"IPCA + 8,2345%",12.2054,,10.4859,1.67,841.28451476,76.63,1765.31,2026-10-05
CRA0250018K,CRA,MARFRIG GLOBAL FOODS S.A.,ECO SECURITIZADORA DE DIREITOS CREDITÓRIOS DO AGRONEGÓCIO S.A.,4ª,2040-04-16,"IPCA + 8,2503%",12.8148,,11.9415,0.49,813.75710866,73.89,1735.34,2026-10-05
CRA0250018L,CRA,MARFRIG GLOBAL FOODS S.A,ECO SECURITIZADORA DE DIREITOS CREDITÓRIOS DO AGRONEGÓCIO S.A.,5ª,2045-04-17,"IPCA + 8,3405%",13.4562,,,0.44,750.33655042,68.11,1879.55,2026-10-05
CRA0240099F,CRA,VALE DO TIJUCO AÇÚCAR E ÁLCOOL S.A.,ECO SECURITIZADORA DE DIREITOS CREDITÓRIOS DO AGRONEGÓCIO S.A.,2ª,2034-10-16,"IPCA + 8,3558%",9.5923,,8.9564,0.32,1076.90669425,94.92,1150.68,2026-10-05
CRA0250020E,CRA,BRF S.A.,ECO SECURITIZADORA DE DIREITOS CREDITÓRIOS DO AGRONEGÓCIO S.A.,3ª,2045-04-17,"IPCA + 8,38%",10.0503,,9.0317,2.13,958.85916495,87.28,2166.28,2026-10-05
CRA025008C2,CRA,Neomille S.A.,ECO SECURITIZADORA DE DIREITOS CREDITÓRIOS DO AGRONEGÓCIO S.A.,2ª,2032-12-15,"IPCA + 8,4473%",8.3253,,,0.49,1077.31607188,100.51,1137.18,2026-10-05
CRA02400AHX,CRA,CEREAL COMÉRCIO EXPORTAÇÃO E,RIZA SECURITIZADORA S.A.,3ª,2034-11-16,"IPCA + 8,4704%",,,,,,,,2026-10-05
CRA025008HR,CRA,Nardini II,OPEA SECURITIZADORA S/A,ª,2032-10-15,"IPCA + 8,4773%",,,,,,,,2026-10-05
CRA025006NC,CRA,LAR COOPERATIVA AGROINDUSTRIAL,ECO SECURITIZADORA DE DIREITOS CREDITÓRIOS DO AGRONEGÓCIO S.A.,3ª,2032-08-16,"IPCA + 8,7268%",,,,,,,,2026-10-05
CRA0250005M,CRA,Boa Safra,OPEA SECURITIZADORA S/A,3ª,2032-01-15,"IPCA + 8,7384%",,,,,,,,2026-10-05
CRA0250005L,CRA,Boa Safra,OPEA SECURITIZADORA S/A,4ª,2035-01-15,"IPCA + 8,9518%",,,,,,,,2026-10-05
CRA02300796,CRA,FS INDÚSTRIA DE BIOCOMBUSTÍVEIS LTDA.,ECO SECURITIZADORA DE DIREITOS CREDITÓRIOS DO AGRONEGÓCIO S.A.,2ª,2029-10-15,"IPCA + 8,9555%",11.5198,12.0615,10.6862,0.32,1093.65909802,94.05,662.15,2026-10-05
CRA023003JY,CRA,OLFAR S.A.,RIZA SECURITIZADORA S.A.,2ª,2030-03-15,"IPCA + 8,9738%",,,,,,,,2026-10-05
23F2455004,CRI,SENDAS DISTRIBUIDORA S.A.,OPEA SECURITIZADORA S/A,2ª,2027-07-15,,16.9247,,15.3846,0.52,991.71128961,96.71,186.16,2026-10-05
23I1259644,CRI,JSL,OPEA SECURITIZADORA S/A,4ª,2030-09-15,,,,,,,,,2026-10-05
23J1141681,CRI,YDUQS PARTICIPAÇÕES S.A.,OPEA SECURITIZADORA S/A,1ª,2028-10-16,,14.5294,,,0.83,1001.04139501,95.15,443.74,2026-10-05
23K0018801,CRI,MULTIPLAN EMPREENDIMENTOS IMOBILIÁRIOS S.A.,RIZA SECURITIZADORA S.A.,3ª,2031-01-15,,,,,,,,,2026-10-05
23K0022041,CRI,Cogna,TRUE SECURITIZADORA S/A,2ª,2028-11-15,,,,,,,,,2026-10-05
24A2715837,CRI,DIAGNÓSTICOS DA AMÉRICA S.A.,VERT COMPANHIA SECURITIZADORA,2ª,2029-01-15,,18.8549,,,1.18,917.40076339,89.36,497.06,2026-10-05
24A2721829,CRI,DIAGNÓSTICOS DA AMÉRICA S.A,VERT COMPANHIA SECURITIZADORA,4ª,2031-01-15,,18.9729,,17.9648,0.85,878.37499942,85.47,738.73,2026-10-05
25A1946535,CRI,Cury,OPEA SECURITIZADORA S/A,3ª,2032-01-15,,14.7097,,,0.74,1043.26220286,101.06,804.04,2026-10-05
25D0271049,CRI,Log,OPEA SECURITIZADORA S/A,3ª,2032-04-15,,,,,,,,,2026-10-05
CRA02300G7D,CRA,MARFRIG GLOBAL FOODS S.A.,ECO SECURITIZADORA DE DIREITOS CREDITÓRIOS DO AGRONEGÓCIO S.A.,1ª,2027-08-16,,17.9381,,,0.47,964.524619,95.1,208.56,2026-10-05
CRA02300HWK,CRA,BANCO BTG PACTUAL S.A.,OPEA SECURITIZADORA S/A,4ª,2033-09-15,,13.0376,13.1092,12.7165,0.58,960.5478839,95.45,1222.02,2026-10-05
CRA02300JR7,CRA,RAÍZEN ENERGIA S.A.,OPEA SECURITIZADORA S/A,3ª,2033-10-17,,,,,,472.63843948,45.14,,2026-10-05
CRA02300NX8,CRA,BTG Pactual III,OPEA SECURITIZADORA S/A,4ª,2033-11-16,,,,,,,,,2026-10-05
CRA02300SPD,CRA,FS Agrisolutions Indústria de Biocombustíveis LTDA,ECO SECURITIZADORA DE DIREITOS CREDITÓRIOS DO AGRONEGÓCIO S.A.,3ª,2030-06-15,,18.3813,18.9429,17.2344,0.49,884.1047444,87.8,724.65,2026-10-05
CRA02300SUZ,CRA,"Vamos Locação de Caminhões, Máquinas e Equipamentos S.A.",ECO SECURITIZADORA DE DIREITOS CREDITÓRIOS DO AGRONEGÓCIO S.A.,1ª,2030-11-18,,19.8792,,17.5164,0.75,863.18752714,82.55,702.78,2026-10-05
CRA02300TSF,CRA,BTG PACTUAL IV,OPEA SECURITIZADORA S/A,4ª,2033-12-15,,,,,,,,,2026-10-05
CRA024000B8,CRA,FS Indústria De Biocombustíveis Ltda,ECO SECURITIZADORA DE DIREITOS CREDITÓRIOS DO AGRONEGÓCIO S.A.,3ª,2030-07-15,,18.4494,18.6893,17.1393,0.22,880.80772599,87.48,735.6,2026-10-05
CRA024001P5,CRA,JSL S.A.,ECO SECURITIZADORA DE DIREITOS CREDITÓRIOS DO AGRONEGÓCIO S.A.,1ª,2031-02-15,,,,,,,,,2026-10-05
CRA024001Q9,CRA,ZAMP S.A.,RIZA SECURITIZADORA S.A.,2ª,2029-02-15,,17.5472,,16.3586,1.32,937.37909085,92.2,516.65,2026-10-05
CRA0240020B,CRA,VICUNHA II,RIZA SECURITIZADORA S.A.,2ª,2031-02-15,,,,,,,,,2026-10-05
CRA024002MH,CRA,JF CITRUS AGROPECUÁRIA S.A.,ECO SECURITIZADORA DE DIREITOS CREDITÓRIOS DO AGRONEGÓCIO S.A.,1ª,2029-03-15,,,,,,,,,2026-10-05
CRA024002MK,CRA,Marfrig Global Foods S.A.,ECO SECURITIZADORA DE DIREITOS CREDITÓRIOS DO AGRONEGÓCIO S.A.,2ª,2031-03-15,,,,,,,,,2026-10-05
CRA024002S2,CRA,Minerva VII,RIZA SECURITIZADORA S.A.,2ª,2029-03-15,,18.1594,,,1.04,893.22150512,88.77,541.05,2026-10-05
CRA024002S3,CRA,MINERVA S.A.,RIZA SECURITIZADORA S.A.,3ª,2031-03-17,,18.3977,,,0.96,833.25601698,82.8,865.73,2026-10-05
CRA0240066D,CRA,FS Florestal S.A.,ECO SECURITIZADORA DE DIREITOS CREDITÓRIOS DO AGRONEGÓCIO S.A.,1ª,2030-06-15,,17.7494,,16.8829,0.87,951.74787988,94.42,709.02,2026-10-05
CRA0240066G,CRA,BRF S.A.,ECO SECURITIZADORA DE DIREITOS CREDITÓRIOS DO AGRONEGÓCIO S.A.,2ª,2031-06-16,,18.1152,,,0.65,888.9103724,85.57,859.97,2026-10-05
CRA024007PT,CRA,Sorocaba Refrescos S.A,ECO SECURITIZADORA DE DIREITOS CREDITÓRIOS DO AGRONEGÓCIO S.A.,1ª,2031-08-15,,15.5274,,,1.04,926.76843846,91.22,850.88,2026-10-05
CRA024007Q3,CRA,SLC Maquinas,OPEA SECURITIZADORA S/A,1ª,2031-08-15,,16.3351,,15.3983,0.87,936.163839,92.1,675.86,2026-10-05
CRA024009Q3,CRA,MARFRIG GLOBAL FOODS S.A.,ECO SECURITIZADORA DE DIREITOS CREDITÓRIOS DO AGRONEGÓCIO S.A.,2ª,2031-10-15,,18.0507,,16.1654,0.62,918.65128638,86.59,876.26,2026-10-05
CRA02400AHY,CRA,REFRESCOS BANDEIRANTES INDÚSTRIA E COMÉRCIO LTDA.,RIZA SECURITIZADORA S.A.,1ª,2032-11-16,,18.093,,,0.9,904.59242451,86.05,946.45,2026-10-05
CRA02400AYM,CRA,MINERVA S.A.,RIZA SECURITIZADORA S.A.,2ª,2029-11-16,,18.4784,,,0.76,960.62416804,91.2,617.86,2026-10-05
CRA02400AYP,CRA,MINERVA S.A.,RIZA SECURITIZADORA S.A.,5ª,2034-11-16,,18.5079,,,0.58,915.93672824,86.8,1058.04,2026-10-05
CRA02500001,CRA,BOA SAFRA SEMENTES S.A.,OPEA SECURITIZADORA S/A,1ª,2030-01-15,,16.1391,,,0.82,991.72425474,98.39,650.49,2026-10-05
CRA0250012X,CRA,FS FLORESTAL S.A.,ECO SECURITIZADORA DE DIREITOS CREDITÓRIOS DO AGRONEGÓCIO S.A.,1ª,2030-03-15,,18.1105,,17.379,0.85,1003.53563174,99.44,654.96,2026-10-05
CRA0250018I,CRA,Marfrig Global Foods S.A,ECO SECURITIZADORA DE DIREITOS CREDITÓRIOS DO AGRONEGÓCIO S.A.,2ª,2032-04-15,,17.6478,,16.2371,1.12,969.28166958,90.87,917.25,2026-10-05
CRA025002S3,CRA,MINERVA S.A,RIZA SECURITIZADORA S.A.,2ª,2030-04-15,,18.4987,,,0.77,1006.0562306,93.91,657.91,2026-10-05
CRA025002S4,CRA,MINERVA S.A.,RIZA SECURITIZADORA S.A.,4ª,2032-04-15,,18.6075,,,0.8,979.60487527,91.44,895.49,2026-10-05
CRA025002S5,CRA,MINERVA S.A.,RIZA SECURITIZADORA S.A.,5ª,2035-04-16,,,,,,,,,2026-10-05
CRA0250040J,CRA,Natural One S.A,ECO SECURITIZADORA DE DIREITOS CREDITÓRIOS DO AGRONEGÓCIO S.A.,2ª,2029-06-15,,21.1813,,17.09,3.44,1001.46870909,95.3,356.24,2026-10-05
CRA025005EH,CRA,GDM GENÉTICA DO BRASIL S.A.,ECO SECURITIZADORA DE DIREITOS CREDITÓRIOS DO AGRONEGÓCIO S.A.,1ª,2032-07-15,,15.4594,,,0.75,1021.59087218,98.95,956.35,2026-10-05
CRA025005V7,CRA,MINERVA S.A.,RIZA SECURITIZADORA S.A.,3ª,2033-07-15,,17.8699,,16.3988,1.13,920.05773937,89.2,1025.01,2026-10-05
CRA025005V8,CRA,MINERVA S.A,RIZA SECURITIZADORA S.A.,4ª,2035-07-16,,17.9119,,16.4502,1.12,916.89368329,88.85,1143.07,2026-10-05
CRA0250066A,CRA,BRF S.A.,ECO SECURITIZADORA DE DIREITOS CREDITÓRIOS DO AGRONEGÓCIO S.A.,2ª,2032-07-15,,18.3344,,17.8524,0.76,888.4415507,86.25,982.03,2026-10-05
CRA025006NB,CRA,LAR COOPERATIVA AGROINDUSTRIAL,ECO SECURITIZADORA DE DIREITOS CREDITÓRIOS DO AGRONEGÓCIO S.A.,2ª,2032-08-16,,15.8492,,,0.79,965.8058629,95.85,941.01,2026-10-05
CRA025007KE,CRA,Cereal Comércio Exportação e Representação Agropecuária S.A.,ECO SECURITIZADORA DE DIREITOS CREDITÓRIOS DO AGRONEGÓCIO S.A.,2ª,2032-09-15,,16.4203,,15.3816,0.17,943.60381572,93.65,975.89,2026-10-05
CRA025007KK,CRA,ELDORADO BRASIL CELULOSE S.A.,OPEA SECURITIZADORA S/A,1ª,2032-09-15,,14.8653,,,0.85,979.48414589,97.23,1054.31,2026-10-05
CRA025008ND,CRA,São Salvador Alimentos S.A.,ECO SECURITIZADORA DE DIREITOS CREDITÓRIOS DO AGRONEGÓCIO S.A.,2ª,2033-10-15,,15.4442,,,0.6,1014.62892539,95.3,1096.23,2026-10-05
CRA02500A15,CRA,Açucareira Quatá S.A.,ECO SECURITIZADORA DE DIREITOS CREDITÓRIOS DO AGRONEGÓCIO S.A.,1ª,2032-11-15,,15.7356,,15.4021,0.74,1013.49649172,96.09,954.56,2026-10-05
CRA02500AHU,CRA,C. Vale - Cooperativa Agroindustrial,ECO SECURITIZADORA DE DIREITOS CREDITÓRIOS DO AGRONEGÓCIO S.A.,2ª,2030-11-15,,,,,,,,,2026-10-05
CRA02500BVU,CRA,BRF S.A.,ECO SECURITIZADORA DE DIREITOS CREDITÓRIOS DO AGRONEGÓCIO S.A.,2ª,2032-12-15,,18.1283,,,0.64,884.42424288,84.98,1018.91,2026-10-05
CRA02500C1D,CRA,Alibem Alimentos S.A.,ECO SECURITIZADORA DE DIREITOS CREDITÓRIOS DO AGRONEGÓCIO S.A.,1ª,2030-12-18,,,,,,,,,2026-10-05
CRA026001JM,CRA,Lar Cooperativa Agroindustrial,ECO SECURITIZADORA DE DIREITOS CREDITÓRIOS DO AGRONEGÓCIO S.A.,2ª,2033-03-15,,16.1937,,15.7531,0.8,967.60209126,96.01,997.01,2026-10-05
CRA026002BE,CRA,BRF S.A.,ECO SECURITIZADORA DE DIREITOS CREDITÓRIOS DO AGRONEGÓCIO S.A.,2ª,2033-04-15,,17.6043,,16.4619,1.24,933.56158664,88.34,1030.44,2026-10-05
25B0013406,CRI,Direcional,OPEA SECURITIZADORA S/A,1ª,2032-02-16,100% do DI,,,,,,,,2026-10-02
CRA019003V2,CRA,RAÍZEN ENERGIA S.A.,OPEA SECURITIZADORA S/A,1ª,2029-07-16,100% do DI,,,,,449.53728004,44.05,,2026-10-02
CRA024004H7,CRA,SÃO MARTINHO S.A.,RIZA SECURITIZADORA S.A.,3ª,2029-04-12,100% do DI,101.5375,103.0625,99.49,1.08,1060.80620707,99.59,521.84,2026-10-02
CRA0250018H,CRA,Marfrig Global Foods S.A,ECO SECURITIZADORA DE DIREITOS CREDITÓRIOS DO AGRONEGÓCIO S.A.,1ª,2030-04-15,100% do DI,,,,,,,,2026-10-02
CRA02500BVT,CRA,BRF S.A.,ECO SECURITIZADORA DE DIREITOS CREDITÓRIOS DO AGRONEGÓCIO S.A.,1ª,2030-06-17,100% do DI,118.7583,,113.1375,1.04,1015.33565336,91.43,923.0,2026-10-02
24D2765715,CRI,CYRELA BRAZIL REALTY S.A.,COMPANHIA PROVÍNCIA DE SECURITIZAÇÃO,3ª,2031-04-15,101% do DI,100.2241,102.04,97.6733,0.64,1067.96343983,100.3,758.93,2026-10-02
CRA023007VD,CRA,ENGELHART CTP,OPEA SECURITIZADORA S/A,1ª,2028-07-05,101% do DI,96.8291,98.5025,94.7525,0.39,1042.14326922,100.83,393.49,2026-10-02
25L2997442,CRI,Even Construtora e Incorporadora S/A,VERT COMPANHIA SECURITIZADORA,ª,2032-12-15,"101,5% do DI",,,,,,,,2026-10-02
CRA026002BD,CRA,BRF S.A.,ECO SECURITIZADORA DE DIREITOS CREDITÓRIOS DO AGRONEGÓCIO S.A.,1ª,2030-10-15,"101,5% do DI",,,,,,,,2026-10-02
24D3313768,CRI,CURY CONSTRUTORA E INCORPORADORA S.A.,TRUE SECURITIZADORA S/A,1ª,2027-05-31,102% do DI,99.2705,101.3433,96.8666,0.49,1050.77877913,100.21,153.04,2026-10-02
CRA023003UX,CRA,ENGELHART CTP,OPEA SECURITIZADORA S/A,1ª,2027-03-15,102% do DI,95.1977,97.28,93.555,0.83,1010.5305418,100.37,109.0,2026-10-02
CRA02500669,CRA,BRF S.A,ECO SECURITIZADORA DE DIREITOS CREDITÓRIOS DO AGRONEGÓCIO S.A.,1ª,2029-07-16,102% do DI,,,,,,,,2026-10-02
24F1277566,CRI,DIRECIONAL ENGENHARIA S.A.,OPEA SECURITIZADORA S/A,1ª,2029-07-16,103% do DI,101.1644,102.9333,98.1666,0.26,1036.00654448,100.55,585.17,2026-10-02
CRA02300209,CRA,ENGELHART CTP,VERT COMPANHIA SECURITIZADORA,1ª,2027-01-15,103% do DI,93.18,,,3.76,1033.87418171,100.35,70.0,2026-10-02
25G5313879,CRI,MOURA DUBEUX ENGENHARIA S.A.,VERT COMPANHIA SECURITIZADORA,1ª,2030-07-15,"103,75% do DI",106.5766,,,1.02,996.09170545,98.93,739.05,2026-10-02
CRA025008N8,CRA,3Tentos,OPEA SECURITIZADORA S/A,1ª,2030-10-15,"103,75% do DI",109.5728,,103.0,1.65,1042.52947259,97.75,753.05,2026-10-02
22J0346710,CRI,BANCO BTG PACTUAL S.A.,OPEA SECURITIZADORA S/A,1ª,2027-01-15,104% do DI,,,,,,,,2026-10-02
CRA0240066A,CRA,CAMIL ALIMENTOS S.A.,ECO SECURITIZADORA DE DIREITOS CREDITÓRIOS DO AGRONEGÓCIO S.A.,1ª,2029-06-15,104% do DI,120.4546,,112.7016,10.67,994.87674294,95.38,558.94,2026-10-02
CRA025006SR,CRA,Boa Safra II,OPEA SECURITIZADORA S/A,1ª,2032-02-16,104% do DI,,,,,,,,2026-10-02
CRA025007KD,CRA,CEREAL COMÉRCIO EXPORTAÇÃO E REPRESENTAÇÃO AGROPECUÁRIA S.A.,ECO SECURITIZADORA DE DIREITOS CREDITÓRIOS DO AGRONEGÓCIO S.A.,1ª,2030-09-16,104% do DI,,,,,,,,2026-10-02
CRA025002S1,CRA,MINERVA S.A.,RIZA SECURITIZADORA S.A.,1ª,2030-04-15,"104,5% do DI",129.6288,,124.8825,0.66,977.62765728,91.62,668.83,2026-10-02
CRA025005V5,CRA,MINERVA S.A.,RIZA SECURITIZADORA S.A.,1ª,2030-07-15,"104,5% do DI",129.7204,,121.1866,0.36,936.36116887,90.84,731.59,2026-10-02
24D0006602,CRI,ALLOS S.A.,OPEA SECURITIZADORA S/A,2ª,2029-04-16,105% do DI,99.0194,101.8433,97.0433,0.59,1084.46559132,101.61,520.68,2026-10-02
25E0013305,CRI,JHSF IV,OPEA SECURITIZADORA S/A,2ª,2030-05-15,105% do DI,105.1011,,,0.88,1054.9627437,99.96,700.2,2026-10-02
CRA02300TSB,CRA,BANCO BTG PACTUAL S.A.,OPEA SECURITIZADORA S/A,1ª,2033-12-15,105% do DI,96.0427,,,2.2,1101.13871799,105.52,1160.36,2026-10-02
CRA02400AYL,CRA,MINERVA S.A.,RIZA SECURITIZADORA S.A.,1ª,2029-11-16,105% do DI,126.2896,,119.9883,2.77,985.83911217,93.42,618.05,2026-10-02
CRA025008C3,CRA,Neomille S.A.,ECO SECURITIZADORA DE DIREITOS CREDITÓRIOS DO AGRONEGÓCIO S.A.,3ª,2032-12-15,105% do DI,,,,,,,,2026-10-02
CRA02500AC9,CRA,,ECO SECURITIZADORA DE DIREITOS CREDITÓRIOS DO AGRONEGÓCIO S.A.,1ª,2030-11-15,105% do DI,127.4622,,114.5,8.77,965.06864534,91.45,761.59,2026-10-02
CRA02500AHT,CRA,C. Vale - Cooperativa Agroindustrial,ECO SECURITIZADORA DE DIREITOS CREDITÓRIOS DO AGRONEGÓCIO S.A.,1ª,2030-11-15,"105,5% do DI",,,,,,,,2026-10-02
CRA025005EI,CRA,GDM Genética do Brasil S.A.,ECO SECURITIZADORA DE DIREITOS CREDITÓRIOS DO AGRONEGÓCIO S.A.,2ª,2032-07-15,"105,75% do DI",109.349,,105.278,2.74,1012.68251509,98.21,963.82,2026-10-02
23K0018802,CRI,MULTIPLAN EMPREENDIMENTOS IMOBILIÁRIOS S.A.,RIZA SECURITIZADORA S.A.,2ª,2031-01-15,106% do DI,99.0833,101.2333,97.0,0.29,1055.74831344,102.38,660.56,2026-10-02
CRA025006NA,CRA,Lar Cooperativa Agroindustrial,ECO SECURITIZADORA DE DIREITOS CREDITÓRIOS DO AGRONEGÓCIO S.A.,1ª,2030-08-15,106% do DI,111.6172,,109.2,0.06,987.68833838,98.08,669.52,2026-10-02
23K0019201,CRI,DIRECIONAL ENGENHARIA S.A.,TRUE SECURITIZADORA S/A,2ª,2028-11-16,"106,5% do DI",,,,,,,,2026-10-02
CRA026001JL,CRA,Lar Cooperativa Agroindustrial,ECO SECURITIZADORA DE DIREITOS CREDITÓRIOS DO AGRONEGÓCIO S.A.,1ª,2031-03-15,"106,5% do DI",,,,,,,,2026-10-02
25H0243072,CRI,BTSA,RIZA SECURITIZADORA S.A.,2ª,2032-08-16,107% do DI,,,,,,,,2026-10-02
CRA02300NRL,CRA,BANCO BTG PACTUAL S.A.,OPEA SECURITIZADORA S/A,1ª,2033-11-16,107% do DI,97.0588,,,1.06,1118.99722525,105.99,1133.45,2026-10-02
CRA025003UZ,CRA,COOXUPÉ - COOPERATIVA REGIONAL DE,VERT COMPANHIA SECURITIZADORA,2ª,2030-06-17,"107,5% do DI",115.1261,,110.14,3.37,1018.77103505,97.53,635.88,2026-10-02
CRA02300CYQ,CRA,BANCO BTG PACTUAL S.A.,OPEA SECURITIZADORA S/A,1ª,2033-07-15,109% do DI,96.248,,,0.76,1111.14569105,107.66,1122.28,2026-10-02
CRA02300HWH,CRA,BANCO BTG PACTUAL S.A.,OPEA SECURITIZADORA S/A,1ª,2033-09-15,109% do DI,97.6733,100.6766,96.21,0.67,1078.14326024,107.04,1162.5,2026-10-02
24I1980390,CRI,MRV ENGENHARIA E PARTICIPAÇÕES S.A,OPEA SECURITIZADORA S/A,1ª,2029-10-15,110% do DI,130.8833,,,0.71,1004.47476488,93.82,590.16,2026-10-02
25B3099731,CRI,IGUATEMI PPPH PARTICIPAÇÕES LTDA.,OPEA SECURITIZADORA S/A,1ª,2030-02-18,96% do DI,98.82,101.5133,96.1466,0.33,1006.136544,98.99,699.91,2026-10-02
25D0012202,CRI,CYRELA BRAZIL REALTY S.A. EMPREENDIMENTOS,COMPANHIA PROVÍNCIA DE SECURITIZAÇÃO,1ª,2029-04-15,96% do DI,99.2255,,,0.32,1052.20490917,99.13,527.34,2026-10-02
25J4546988,CRI,CYRELA BRAZIL REALTY S.A. EMPREENDIMENTOS E,COMPANHIA PROVÍNCIA DE SECURITIZAÇÃO,1ª,2032-11-16,"96,5% do DI",,,,,,,,2026-10-02
25D0012203,CRI,CYRELA BRAZIL REALTY S.A. EMPREENDIMENTOS E PARTICIPAÇÕES,COMPANHIA PROVÍNCIA DE SECURITIZAÇÃO,2ª,2030-04-15,97% do DI,,,,,,,,2026-10-02
26C3164285,CRI,Allos VI,OPEA SECURITIZADORA S/A,1ª,2031-03-12,97% do DI,98.7625,,,0.16,999.1908335,99.23,848.94,2026-10-02
26G0012801,CRI,Cury III,OPEA SECURITIZADORA S/A,1ª,2032-07-06,97% do DI,,,,,,,,2026-10-02
CRA025003PD,CRA,SÃO MARTINHO S.A.,VERT COMPANHIA SECURITIZADORA,1ª,2032-06-15,97% do DI,105.3114,,102.825,1.12,995.81680744,95.74,1000.91,2026-10-02
24H1684874,CRI,SOCIEDADE BENEFICENTE ISRAELITA BRASILEIRA HOSPITAL ALBERT EINSTEIN,RIZA SECURITIZADORA S.A.,1ª,2029-08-17,"97,5% do DI",97.7711,100.37,95.7666,0.44,870.14570439,99.95,364.43,2026-10-02
24D2765586,CRI,CYRELA BRAZIL REALTY S.A.,COMPANHIA PROVÍNCIA DE SECURITIZAÇÃO,1ª,2028-04-15,98% do DI,99.073,99.7333,96.86,0.42,707.605698,99.87,231.42,2026-10-02
25G3629974,CRI,PLANO E PLANO II,RIZA SECURITIZADORA S.A.,1ª,2030-07-15,98% do DI,104.9266,,104.22,0.37,1001.5041754,97.34,750.94,2026-10-02
25I0014209,CRI,Multiplan,OPEA SECURITIZADORA S/A,1ª,2035-09-19,98% do DI,,,,,,,,2026-10-02
CRA024004H5,CRA,SÃO MARTINHO S.A.,RIZA SECURITIZADORA S.A.,1ª,2027-04-12,98% do DI,98.9966,100.7333,96.2666,1.22,1063.1918021,99.94,120.33,2026-10-02
25G3629975,CRI,PLANO E PLANO II,RIZA SECURITIZADORA S.A.,2ª,2031-07-15,99% do DI,105.1791,,104.28,0.57,1000.03194126,97.17,892.98,2026-10-02
CRA025009Q2,CRA,Jalles Machado S.A.,ECO SECURITIZADORA DE DIREITOS CREDITÓRIOS DO AGRONEGÓCIO S.A.,1ª,2031-10-15,99% do DI,,,,,,,,2026-10-02
24E1393588,CRI,MULTIPLAN EMPREENDIMENTOS IMOBILIÁRIOS S.A.,RIZA SECURITIZADORA S.A.,1ª,2029-05-17,"99,5% do DI",99.0125,101.5733,97.1066,0.59,1052.44413146,100.11,453.41,2026-10-02
CRA025008NB,CRA,Bem Brasil Alimentos S.A.,ECO SECURITIZADORA DE DIREITOS CREDITÓRIOS DO AGRONEGÓCIO S.A.,ª,2032-10-15,"DI + 0,33%",,,,,,,,2026-10-02
CRA024009Q2,CRA,MARFRIG GLOBAL FOODS S.A.,ECO SECURITIZADORA DE DIREITOS CREDITÓRIOS DO AGRONEGÓCIO S.A.,1ª,2031-10-15,"DI + 0,35%",3.0187,3.4388,2.49,0.4,972.25153352,91.23,870.54,2026-10-02
22D1289009,CRI,CYRELA BRAZIL REALTY S.A.,OPEA SECURITIZADORA S/A,489ª,2027-06-15,"DI + 0,4%",0.3239,0.5322,0.2241,0.06,1043.24250763,100.05,163.99,2026-10-02
CRA02400AYN,CRA,MINERVA S.A.,RIZA SECURITIZADORA S.A.,3ª,2031-11-17,"DI + 0,4%",3.7015,4.4622,3.4394,0.56,939.25994419,89.09,886.06,2026-10-02
CRA02500003,CRA,BOA SAFRA SEMENTES S.A.,OPEA SECURITIZADORA S/A,2ª,2030-01-15,"DI + 0,4%",2.0972,,,0.42,985.72843629,95.67,663.81,2026-10-02
CRA0250018J,CRA,MARFRIG GLOBAL FOODS S.A.,ECO SECURITIZADORA DE DIREITOS CREDITÓRIOS DO AGRONEGÓCIO S.A.,3ª,2035-04-16,"DI + 0,4%",3.1335,,2.6727,0.47,945.72574758,88.72,1096.45,2026-10-02
CRA025007PT,CRA,SLC AGRÍCOLA S.A.,OPEA SECURITIZADORA S/A,1ª,2033-09-22,"DI + 0,4%",1.1885,1.5622,0.79,0.24,969.64062847,96.61,1106.9,2026-10-02
CRA025002S2,CRA,MINERVA S.A.,RIZA SECURITIZADORA S.A.,3ª,2032-04-15,"DI + 0,5%",3.7263,,,0.24,948.8674605,88.97,915.92,2026-10-02
23J0019601,CRI,Iguatemi,OPEA SECURITIZADORA S/A,1ª,2028-10-16,"DI + 0,55%",,,,,,,,2026-10-02
23K0018602,CRI,MULTIPLAN EMPREENDIMENTOS IMOBILIÁRIOS S.A.,RIZA SECURITIZADORA S.A.,1ª,2031-01-15,"DI + 0,6%",0.4916,,,0.09,1033.73942469,100.28,659.55,2026-10-02
24B0013201,CRI,SOMA,RIZA SECURITIZADORA S.A.,1ª,2028-02-15,"DI + 0,6%",,,,,,,,2026-10-02
23H1188857,CRI,RAIA DROGASIL S.A.,OPEA SECURITIZADORA S/A,2ª,2027-09-15,"DI + 0,65%",0.1699,0.4155,0.0655,0.26,1011.40393615,100.44,229.01,2026-10-02
CRA02300RS5,CRA,CAMIL ALIMENTOS S.A.,ECO SECURITIZADORA DE DIREITOS CREDITÓRIOS DO AGRONEGÓCIO S.A.,1ª,2028-11-16,"DI + 0,65%",3.9444,4.4366,3.628,0.72,996.026243,94.39,450.32,2026-10-02
22C0023008,CRI,RAIA DROGASIL S.A.,OPEA SECURITIZADORA S/A,495ª,2027-03-08,"DI + 0,7%",0.1907,0.4322,0.0822,0.26,505.94504586,100.21,104.0,2026-10-02
23K0018401,CRI,DIRECIONAL ENGENHARIA S.A.,OPEA SECURITIZADORA S/A,1ª,2028-11-16,"DI + 0,7%",,,,,,,,2026-10-02
CRA02300GCY,CRA,IPIRANGA PRODUTOS DE PETRÓLEO S.A.,VERT COMPANHIA SECURITIZADORA,2ª,2027-07-16,"DI + 0,7%",,,,,,,,2026-10-02
CRA025005V6,CRA,MINERVA S.A.,RIZA SECURITIZADORA S.A.,2ª,2033-07-15,"DI + 0,7%",3.64,,3.1461,0.25,915.39191625,88.78,1023.76,2026-10-02
22E1325261,CRI,HYPERA S.A.,OPEA SECURITIZADORA S/A,1ª,2027-08-16,"DI + 0,75%",0.5202,0.7338,0.3505,0.01,1020.03656706,100.19,207.98,2026-10-02
22F0230096,CRI,RAIA DROGASIL S.A.,OPEA SECURITIZADORA S/A,1ª,2029-06-26,"DI + 0,75%",0.2383,0.4555,0.1222,0.23,1048.6608091,100.97,477.04,2026-10-02
22K0934871,CRI,BCBF PARTICIPAÇÕES S.A.,RIZA SECURITIZADORA S.A.,1ª,2027-12-15,"DI + 0,75%",15.0243,,12.6252,3.26,903.96180188,86.6,272.32,2026-10-02
22I0970801,CRI,NATURA COSMÉTICOS S.A.,RIZA SECURITIZADORA S.A.,1ª,2027-09-15,"DI + 0,8%",0.4142,0.5688,0.2188,0.01,1010.5823304,100.35,228.93,2026-10-02
22J0305579,CRI,DIAGNÓSTICOS DA AMÉRICA S.A.,VERT COMPANHIA SECURITIZADORA,1ª,2027-10-15,"DI + 0,8%",5.1651,6.7172,3.1091,1.21,1026.91740141,96.15,232.77,2026-10-02
CRA02300JG2,CRA,JBS S.A.,RIZA SECURITIZADORA S.A.,2ª,2028-09-15,"DI + 0,8%",0.5418,0.6772,0.3105,0.04,1011.63901622,100.45,442.27,2026-10-02
CRA02300NRM,CRA,BANCO BTG PACTUAL S.A.,OPEA SECURITIZADORA S/A,2ª,2033-11-16,"DI + 0,8%",-0.1227,,,0.44,1099.37616945,104.18,1130.84,2026-10-02
CRA0240066F,CRA,BRF S.A.,ECO SECURITIZADORA DE DIREITOS CREDITÓRIOS DO AGRONEGÓCIO S.A.,1ª,2029-06-15,"DI + 0,8%",3.3802,3.3855,3.1688,0.2,987.13246211,94.56,556.19,2026-10-02
22E1315701,CRI,EVEN CONSTRUTORA E INCORPORADORA S.A.,OPEA SECURITIZADORA S/A,1ª,2028-09-18,"DI + 0,9%",1.2464,,,0.02,963.3293161,99.69,226.56,2026-10-02
23J1142031,CRI,YDUQS PARTICIPAÇÕES S.A.,OPEA SECURITIZADORA S/A,2ª,2028-10-13,"DI + 0,9%",1.0416,,,0.27,1066.52323505,99.82,331.73,2026-10-02
CRA022008NC,CRA,SOROCABA REFRESCOS S.A.,ECO SECURITIZADORA DE DIREITOS CREDITÓRIOS DO AGRONEGÓCIO S.A.,1ª,2029-08-15,"DI + 0,9%",1.2485,,,0.23,759.46149079,99.44,409.89,2026-10-02
CRA023000GP,CRA,"VAMOS LOCAÇÃO DE CAMINHÕES, MÁQUINAS E EQUIPAMENTOS S.A.",ECO SECURITIZADORA DE DIREITOS CREDITÓRIOS DO AGRONEGÓCIO S.A.,1ª,2028-01-17,"DI + 0,9%",4.1257,4.3879,3.1083,0.0,993.87395962,96.36,296.99,2026-10-02
CRA024007K9,CRA,COOXUPÉ - COOPERATIVA REGIONAL DE CAFEICULTORES EM GUAXUPÉ LTDA.,VERT COMPANHIA SECURITIZADORA,1ª,2029-07-16,"DI + 0,9%",1.4593,1.7072,1.0738,0.17,1020.44810374,98.93,489.1,2026-10-02
22F0315398,CRI,LOCALIZA RENT A CAR S.A.,RIZA SECURITIZADORA S.A.,1ª,2027-06-07,"DI + 0,95%",0.5053,0.6855,0.3188,0.22,1050.91635906,100.28,157.68,2026-10-02
CRA024002MJ,CRA,MARFRIG GLOBAL FOODS S.A.,ECO SECURITIZADORA DE DIREITOS CREDITÓRIOS DO AGRONEGÓCIO S.A.,1ª,2029-03-15,"DI + 0,95%",3.2869,3.3422,2.6588,0.27,959.59071866,95.28,531.53,2026-10-02
23H0027402,CRI,REDE D'OR SÃO LUIZ S.A.,OPEA SECURITIZADORA S/A,1ª,2028-08-15,DI + 1%,0.1506,0.3322,0.1366,0.08,1032.85543852,101.42,420.22,2026-10-02
CRA022006HJ,CRA,SÃO SALVADOR ALIMENTOS S.A.,ECO SECURITIZADORA DE DIREITOS CREDITÓRIOS DO AGRONEGÓCIO S.A.,1ª,2027-07-15,DI + 1%,1.1474,,0.5855,0.3,1030.60565486,99.89,185.71,2026-10-02
CRA022008C9,CRA,COMPANHIA DE LOCAÇÃO DAS AMÉRICAS,ECO SECURITIZADORA DE DIREITOS CREDITÓRIOS DO AGRONEGÓCIO S.A.,2ª,2028-09-15,DI + 1%,0.7631,1.0491,0.5138,0.06,1011.32400591,100.41,441.63,2026-10-02
CRA022008CB,CRA,JALLES MACHADO S.A.,ECO SECURITIZADORA DE DIREITOS CREDITÓRIOS DO AGRONEGÓCIO S.A.,1ª,2032-08-09,DI + 1%,1.4454,3.1222,1.3633,0.28,993.59076329,98.38,934.4,2026-10-02
23H1191899,CRI,RAIA DROGASIL S.A.,OPEA SECURITIZADORA S/A,3ª,2030-09-16,"DI + 1,1%",0.3555,0.5666,0.2666,0.23,1028.25003457,102.09,704.55,2026-10-02
CRA024002S1,CRA,MINERVA S.A.,RIZA SECURITIZADORA S.A.,1ª,2029-03-15,"DI + 1,1%",3.2301,3.5054,2.7661,0.61,963.86684869,95.7,530.96,2026-10-02
CRA02400AHV,CRA,CEREAL COMÉRCIO EXPORTAÇÃO E REPRESENTAÇÃO AGROPECUÁRIA S.A.,RIZA SECURITIZADORA S.A.,1ª,2029-11-16,"DI + 1,1%",1.8307,1.9805,1.2805,0.46,1038.57390435,98.24,616.27,2026-10-02
23F2455020,CRI,Assai,TRUE SECURITIZADORA S/A,3ª,2028-07-15,"DI + 1,15%",,,,,,,,2026-10-02
CRA023000MC,CRA,"VAMOS LOCAÇÃO DE CAMINHÕES, MÁQUINAS E EQUIPAMENTOS S.A.",ECO SECURITIZADORA DE DIREITOS CREDITÓRIOS DO AGRONEGÓCIO S.A.,2ª,2030-01-15,"DI + 1,2%",5.1781,5.4813,3.955,0.74,1442.23291202,88.24,818.0,2026-10-02
CRA024001P7,CRA,JSL S.A.,ECO SECURITIZADORA DE DIREITOS CREDITÓRIOS DO AGRONEGÓCIO S.A.,3ª,2031-02-17,"DI + 1,2%",5.0005,5.0866,4.1,0.0,923.64902529,90.67,662.98,2026-10-02
CRA024007Q4,CRA,SLC MÁQUINAS LTDA.,OPEA SECURITIZADORA S/A,2ª,2031-08-15,"DI + 1,2%",1.3264,1.7366,0.9866,0.16,1015.3411958,99.67,668.54,2026-10-02
23C0247388,CRI,LOCALIZA RENT A CAR S.A.,RIZA SECURITIZADORA S.A.,1ª,2028-03-10,"DI + 1,25%",0.5608,,,0.19,1018.18887887,100.91,334.67,2026-10-02
23G0009601,CRI,DIMED S.A.,OPEA SECURITIZADORA S/A,1ª,2028-07-27,"DI + 1,3%",,,,,,,,2026-10-02
23C0247702,CRI,LOCALIZA RENT A CAR S.A.,RIZA SECURITIZADORA S.A.,2ª,2030-03-11,"DI + 1,4%",0.3797,,,0.03,1037.74630791,102.84,698.99,2026-10-02
CRA022008NF,CRA,IRANI PAPEL E EMBALAGEM S.A.,ECO SECURITIZADORA DE DIREITOS CREDITÓRIOS DO AGRONEGÓCIO S.A.,1ª,2027-08-16,"DI + 1,4%",1.0623,1.4316,0.6461,0.14,1021.77807474,100.28,207.61,2026-10-02
CRA023002GX,CRA,INTEGRADA COOPERATIVA AGROINDUSTRIAL,ECO SECURITIZADORA DE DIREITOS CREDITÓRIOS DO AGRONEGÓCIO S.A.,1ª,2028-05-15,"DI + 1,4%",,,,,,,,2026-10-02
23J1127308,CRI,MOVIDA PARTICIPAÇÕES S.A.,OPEA SECURITIZADORA S/A,1ª,2028-10-16,"DI + 1,45%",4.605,4.9155,,0.42,1017.06863515,94.95,425.29,2026-10-02
22C1235206,CRI,HAVAN S.A.,OPEA SECURITIZADORA S/A,463ª,2027-04-27,"DI + 1,5%",0.6899,0.8672,0.5005,0.18,1007.09410097,100.42,133.21,2026-10-02
23I1257218,CRI,JSL S.A.,OPEA SECURITIZADORA S/A,2ª,2030-09-16,"DI + 1,5%",,,,,,,,2026-10-02
CRA0220080Y,CRA,NEOMILLE S.A.,ECO SECURITIZADORA DE DIREITOS CREDITÓRIOS DO AGRONEGÓCIO S.A.,1ª,2028-04-03,"DI + 1,5%",1.833,2.4055,1.2722,0.09,429.86736235,99.7,230.88,2026-10-02
CRA02300G7E,CRA,MARFRIG GLOBAL FOODS S.A.,ECO SECURITIZADORA DE DIREITOS CREDITÓRIOS DO AGRONEGÓCIO S.A.,2ª,2028-08-15,"DI + 1,5%",3.2769,3.4688,2.7855,0.27,990.18348101,97.16,417.42,2026-10-02
CRA02300MJ9,CRA,MINERVA S.A.,RIZA SECURITIZADORA S.A.,1ª,2028-09-15,"DI + 1,5%",2.3144,2.7155,1.6827,0.67,993.48990538,98.62,439.55,2026-10-02
CRA024003UY,CRA,LAR COOPERATIVA AGROINDUSTRIAL,ECO SECURITIZADORA DE DIREITOS CREDITÓRIOS DO AGRONEGÓCIO S.A.,2ª,2029-04-16,"DI + 1,55%",1.6601,2.1505,1.1505,0.18,1005.56419442,99.81,437.05,2026-10-02
CRA0240020A,CRA,VICUNHA TÊXTIL S.A.,RIZA SECURITIZADORA S.A.,1ª,2029-02-15,"DI + 1,6%",,,,,,,,2026-10-02
CRA0240099E,CRA,VALE DO TIJUCO AÇÚCAR E ÁLCOOL S.A.,ECO SECURITIZADORA DE DIREITOS CREDITÓRIOS DO AGRONEGÓCIO S.A.,1ª,2034-10-16,"DI + 1,6%",2.7663,,2.45,0.73,1026.71953452,95.78,943.43,2026-10-02
CRA025009KJ,CRA,Salton,OPEA SECURITIZADORA S/A,1ª,2031-12-09,"DI + 1,6%",,,,,,,,2026-10-02
24A2720884,CRI,DIAGNÓSTICAS DA AMÉRICA S.A.,VERT COMPANHIA SECURITIZADORA,1ª,2029-01-15,"DI + 1,63%",5.217,6.0583,3.0916,1.21,966.16591452,93.52,485.22,2026-10-02
22L1465644,CRI,ÂNIMA HOLDING S.A.,RIZA SECURITIZADORA S.A.,1ª,2027-12-15,"DI + 1,65%",2.5414,2.8922,1.75,0.34,997.97782207,99.05,274.46,2026-10-02
CRA0230073L,CRA,J. MACÊDO S.A.,RIZA SECURITIZADORA S.A.,1ª,2028-04-17,"DI + 1,65%",,,,,,,,2026-10-02
23F0012002,CRI,LOG COMMERCIAL PROPERTIES E PARTICIPAÇÕES S.A.,OPEA SECURITIZADORA S/A,1ª,2028-06-26,"DI + 1,7%",1.0288,,,0.22,673.17274466,100.74,281.85,2026-10-02
23L2043099,CRI,Unidas,OPEA SECURITIZADORA S/A,1ª,2028-12-15,"DI + 1,7%",,,,,,,,2026-10-02
CRA02300VBT,CRA,UNIDAS LOCAÇÕES E SERVIÇOS S.A.,OPEA SECURITIZADORA S/A,1ª,2028-12-15,"DI + 1,7%",1.2623,1.5441,0.6441,0.33,1055.31779718,100.81,468.77,2026-10-02
CRA022008NH,CRA,IRANI PAPEL E EMBALAGEM S.A.,ECO SECURITIZADORA DE DIREITOS CREDITÓRIOS DO AGRONEGÓCIO S.A.,2ª,2029-08-15,"DI + 1,75%",0.949,1.1491,0.5866,0.29,1035.80512526,101.61,508.53,2026-10-02
CRA0230012X,CRA,VALE DO PONTAL AÇÚCAR E ETANOL S.A.,ECO SECURITIZADORA DE DIREITOS CREDITÓRIOS DO AGRONEGÓCIO S.A.,1ª,2031-02-17,"DI + 1,8%",,,,,,,,2026-10-02
CRA0240005N,CRA,CEREAL COMÉRCIO EXPORTAÇÃO E REPRESENTAÇÃO AGROPECUÁRIA S.A.,RIZA SECURITIZADORA S.A.,1ª,2029-01-15,"DI + 1,8%",1.7324,1.9805,1.1805,0.07,1034.32319103,100.08,284.72,2026-10-02
24K0003002,CRI,PATRIMAR ENGENHARIA S.A.,RIZA SECURITIZADORA S.A.,1ª,2029-11-23,"DI + 1,95%",4.9227,5.3855,4.8391,1.66,995.20187803,94.12,528.1,2026-10-02
CRA02300Q8I,CRA,CAPAL COOPERATIVA AGROINDUSTRIAL,OPEA SECURITIZADORA S/A,1ª,2029-05-17,"DI + 1,95%",1.6998,2.2988,1.0322,0.0,605.94437323,100.34,350.47,2026-10-02
23H1023846,CRI,BR PROPERTIES S.A.,OPEA SECURITIZADORA S/A,1ª,2031-08-15,DI + 2%,1.3425,,1.2,0.13,940.80242412,101.79,694.03,2026-10-02
23J1333602,CRI,PATRIMAR ENGENHARIA S.A.,RIZA SECURITIZADORA S.A.,1ª,2028-10-20,DI + 2%,,,,,,,,2026-10-02
CRA022001P6,CRA,USINA BATATAIS S.A.,RIZA SECURITIZADORA S.A.,1ª,2028-04-20,DI + 2%,1.4566,,,0.26,1011.53203403,100.74,347.44,2026-10-02
CRA022008C2,CRA,VICUNHA TÊXTIL S.A.,RIZA SECURITIZADORA S.A.,2ª,2027-08-16,DI + 2%,,,,,,,,2026-10-02
CRA02300S8P,CRA,FS INDÚSTRIA DE BIOCOMBUSTÍVEIS LTDA.,ECO SECURITIZADORA DE DIREITOS CREDITÓRIOS DO AGRONEGÓCIO S.A.,2ª,2030-06-17,DI + 2%,4.1292,4.5566,3.6158,0.04,950.9389263,94.37,703.21,2026-10-02
CRA024000B7,CRA,FS INDÚSTRIA DE BIOCOMBUSTÍVEIS LTDA.,ECO SECURITIZADORA DE DIREITOS CREDITÓRIOS DO AGRONEGÓCIO S.A.,2ª,2030-07-15,DI + 2%,4.1308,4.6841,3.6227,0.11,950.06546121,94.28,713.69,2026-10-02
CRA02300BQD,CRA,GJA INDÚSTRIAS S.A.,RIZA SECURITIZADORA S.A.,1ª,2029-07-16,"DI + 2,25%",,,,,,,,2026-10-02
CRA025000MJ,CRA,Integrada Cooperativa Agroindustrial,ECO SECURITIZADORA DE DIREITOS CREDITÓRIOS DO AGRONEGÓCIO S.A.,2ª,2029-05-15,"DI + 2,35%",2.262,,,0.03,797.52908805,100.12,340.37,2026-10-02
22L1212138,CRI,LAR COOPERATIVA AGROINDUSTRIAL,HABITASEC SECURITIZADORA S.A.,2ª,2034-12-19,"DI + 2,45%",2.1391,,1.9,0.42,913.80925789,100.86,710.99,2026-10-02
CRA02300KZL,CRA,FLORA PRODUTOS DE HIGIENE E LIMPEZA S.A.,OPEA SECURITIZADORA S/A,1ª,2029-10-15,"DI + 2,5%",,,,,,,,2026-10-02
CRA02300795,CRA,FS INDÚSTRIA DE BIOCOMBUSTÍVEIS LTDA.,ECO SECURITIZADORA DE DIREITOS CREDITÓRIOS DO AGRONEGÓCIO S.A.,1ª,2029-10-15,"DI + 2,9%",4.1419,4.7116,3.4558,0.06,979.68875062,97.18,600.03,2026-10-02
CRA02300CCH,CRA,FS INDÚSTRIA DE BIOCOMBUSTÍVEIS LTDA.,ECO SECURITIZADORA DE DIREITOS CREDITÓRIOS DO AGRONEGÓCIO S.A.,1ª,2029-12-17,"DI + 2,9%",4.144,4.5244,3.6245,0.07,978.45112698,97.05,625.32,2026-10-02
CRA0250040I,CRA,Natural One S.A,ECO SECURITIZADORA DE DIREITOS CREDITÓRIOS DO AGRONEGÓCIO S.A.,1ª,2029-06-15,"DI + 2,9%",,,,,,,,2026-10-02
CRA0220099D,CRA,CENTRAL CRESOL BASER,ECO SECURITIZADORA DE DIREITOS CREDITÓRIOS DO AGRONEGÓCIO S.A.,1ª,2027-12-15,"DI + 2,95%",1.1418,1.6355,0.6688,0.1,354.25342196,101.14,161.16,2026-10-02
CRA023003JX,CRA,OLFAR S.A.,RIZA SECURITIZADORA S.A.,1ª,2029-03-15,DI + 3%,2.1898,3.1288,1.4955,0.03,727.30101008,100.99,316.35,2026-10-02
CRA0240086H,CRA,DISTRIBUIDORA DE PRODUTOS DE PETRÓLEO CHARRUA LTDA.,OPEA SECURITIZADORA S/A,1ª,2029-08-23,DI + 3%,3.3268,3.5038,3.2852,0.4,998.03036785,99.37,504.63,2026-10-02
CRA0250012Y,CRA,FS FLORESTAL S.A.,ECO SECURITIZADORA DE DIREITOS CREDITÓRIOS DO AGRONEGÓCIO S.A.,2ª,2031-03-17,DI + 3%,4.1556,,3.6294,0.11,973.3507433,96.54,791.13,2026-10-02
CRA022000RU,CRA,MADERO INDÚSTRIA E COMÉRCIO S.A.,ECO SECURITIZADORA DE DIREITOS CREDITÓRIOS DO AGRONEGÓCIO S.A.,2ª,2027-03-15,"DI + 3,5%",3.3978,,2.7938,0.45,140.74461951,100.02,57.46,2026-10-02
CRA024002MM,CRA,USINA SANTA FÉ S.A.,ECO SECURITIZADORA DE DIREITOS CREDITÓRIOS DO AGRONEGÓCIO S.A.,1ª,2029-12-17,DI + 4%,3.0684,,2.7222,0.55,893.99094987,101.29,360.19,2026-10-02
CRA02400ECU,CRA,USINA CORURIPE AÇÚCAR E ÁLCOOL S.A.,ECO SECURITIZADORA DE DIREITOS CREDITÓRIOS DO AGRONEGÓCIO S.A.,5ª,2030-11-25,"DI + 4,1%",4.4913,4.9905,,0.45,5004.09190852,99.37,425.0,2026-10-02
CRA023001JL,CRA,PISANI PLÁSTICOS S.A.,ECO SECURITIZADORA DE DIREITOS CREDITÓRIOS DO AGRONEGÓCIO S.A.,1ª,2029-02-20,DI + 5%,4.1603,4.7788,3.5122,0.14,545.02047087,100.85,265.51,2026-10-02
CRA02300KOH,CRA,TECSOIL AUTOMAÇÃO E SISTEMAS S.A.,OPEA SECURITIZADORA S/A,1ª,2028-10-16,"DI + 5,5%",3.1184,4.1333,2.1,0.02,715.68962675,102.1,230.06,2026-10-02
CRA02300JR6,CRA,RAÍZEN ENERGIA S.A.,TRUE SECURITIZADORA S/A,2ª,2033-10-17,IPCA + 0%,,,,,482.41621988,42.42,,2026-10-02
CRA019003JY,CRA,KLABIN S.A.,VERT COMPANHIA SECURITIZADORA,1ª,2029-06-15,"IPCA + 3,5%",7.3964,7.637,7.1928,0.02,1399.04572665,94.18,406.07,2026-10-02
CRA019003V3,CRA,RAÍZEN ENERGIA S.A.,OPEA SECURITIZADORA S/A,2ª,2029-07-16,"IPCA + 3,602%",,,,,694.45239087,47.41,,2026-10-02
CRA021000MG,CRA,M. DIAS BRANCO S.A. INDÚSTRIA E COMÉRCIO DE ALIMENTOS,RIZA SECURITIZADORA S.A.,1ª,2028-03-15,"IPCA + 3,7992%",8.3125,,7.8563,0.3,1290.15465004,94.18,354.93,2026-10-02
CRA021000MH,CRA,M. DIAS BRANCO S.A. INDÚSTRIA E COMÉRCIO DE ALIMENTOS,RIZA SECURITIZADORA S.A.,2ª,2031-03-15,"IPCA + 4,1369%",8.6523,8.7009,8.1567,0.39,1197.08572939,87.37,796.29,2026-10-02
CRA02100002,CRA,COCAL COMÉRCIO INDÚSTRIA CANAÃ AÇÚCAR E ÁLCOOL LTDA.,RIZA SECURITIZADORA S.A.,2ª,2028-02-15,"IPCA + 4,2095%",,,,,,,,2026-10-02
CRA021000MB,CRA,COLOMBO AGROINDÚSTRIA S.A.,ECO SECURITIZADORA DE DIREITOS CREDITÓRIOS DO AGRONEGÓCIO S.A.,1ª,2027-03-15,"IPCA + 4,4474%",7.4583,8.6919,6.9876,1.0,672.47257314,98.78,109.0,2026-10-02
CRA021001PQ,CRA,MARFRIG GLOBAL FOODS S.A.,OPEA SECURITIZADORA S/A,1ª,2028-07-15,"IPCA + 4,5%",12.7362,12.9476,12.361,0.2,1170.54450024,87.88,428.5,2026-10-02
CRA019001E7,CRA,KLABIN S.A.,VERT COMPANHIA SECURITIZADORA,2ª,2029-03-15,"IPCA + 4,5081%",7.3277,7.6155,7.1253,0.13,1459.85775393,96.43,341.83,2026-10-02
CRA021001VA,CRA,MARFRIG GLOBAL FOODS S.A.,OPEA SECURITIZADORA S/A,2ª,2031-07-15,"IPCA + 4,6%",12.5349,12.7532,11.2058,0.16,1039.60372328,78.03,843.46,2026-10-02
21G0065100,CRI,ALIANSCE SONAE SHOPPING CENTERS S.A.,RB CAPITAL INVESTIMENTOS DTVM LTDA,347ª,2028-07-17,"IPCA + 4,6197%",8.0832,,7.9037,0.21,1258.57710647,94.62,427.8,2026-10-02
CRA0210013B,CRA,BRF S.A.,VERT COMPANHIA SECURITIZADORA,1ª,2031-05-15,"IPCA + 4,7843%",12.0238,12.222,11.6922,1.14,1041.96636207,76.34,1005.88,2026-10-02
CRA021001KB,CRA,COMPANHIA DE LOCAÇÃO DAS AMÉRICAS,ECO SECURITIZADORA DE DIREITOS CREDITÓRIOS DO AGRONEGÓCIO S.A.,1ª,2031-07-15,"IPCA + 4,825%",8.3107,8.7235,8.1357,0.43,1198.20406842,89.46,852.52,2026-10-02
CRA021002SO,CRA,IPIRANGA PRODUTOS DE PETRÓLEO S.A.,VERT COMPANHIA SECURITIZADORA,1ª,2028-09-15,"IPCA + 4,8287%",8.1655,8.7002,8.0464,0.3,1232.84378237,94.31,471.18,2026-10-02
21D0737500,CRI,DIRECIONAL ENGENHARIA S.A.,OPEA SECURITIZADORA S/A,371ª,2028-04-17,"IPCA + 4,8444%",7.4843,7.9458,7.352,0.25,880.24758693,97.57,248.23,2026-10-02
21D0862572,CRI,REDE D'OR SÃO LUIZ S.A.,OPEA SECURITIZADORA S/A,324ª,2036-05-15,"IPCA + 4,9347%",8.4627,,8.2193,0.18,1095.74444034,79.79,1687.2,2026-10-02
21H1078699,CRI,SENDAS DISTRIBUIDORA S.A.,OPEA SECURITIZADORA S/A,428ª,2028-10-16,"IPCA + 5,1531%",11.0372,11.3215,10.7038,0.37,1185.92033914,90.2,476.42,2026-10-02
21H1078700,CRI,SENDAS DISTRIBUIDORA S.A.,OPEA SECURITIZADORA S/A,429ª,2031-10-15,"IPCA + 5,2662%",12.0243,12.3144,11.7657,0.05,1057.23181386,80.37,872.39,2026-10-02
CRA020002GZ,CRA,BRF S.A.,VERT COMPANHIA SECURITIZADORA,1ª,2027-07-15,"IPCA + 5,3%",10.4051,10.8657,,1.04,1404.62555195,96.48,190.77,2026-10-02
21D0694886,CRI,CONSTRUTORA TENDA S.A.,OPEA SECURITIZADORA S/A,378ª,2028-04-17,"IPCA + 5,3621%",9.3576,,,0.18,889.43329151,96.44,243.92,2026-10-02
CRA021002NF,CRA,PETROBRAS DISTRIBUIDORA S.A.,RIZA SECURITIZADORA S.A.,1ª,2031-09-15,"IPCA + 5,3995%",8.984,9.3164,8.6642,0.32,1160.84324938,88.68,900.31,2026-10-02
CRA020001P7,CRA,RAÍZEN ENERGIA S.A.,OPEA SECURITIZADORA S/A,1ª,2027-06-15,"IPCA + 5,4%",,,,,662.46314827,46.56,,2026-10-02
CRA021000RX,CRA,MINERVA S.A.,RIZA SECURITIZADORA S.A.,1ª,2028-04-17,"IPCA + 5,5034%",12.7547,,11.3425,0.06,1258.48517341,90.85,363.05,2026-10-02
21I0278118,CRI,LOG COMMERCIAL PROPERTIES E PARTICIPAÇÕES S.A.,RIZA SECURITIZADORA S.A.,362ª,2028-09-15,"IPCA + 5,5212%",11.1765,,,1.39,609.28535923,93.01,348.11,2026-10-02
21K0001806,CRI,REDE D'OR SÃO LUIZ S.A.,OPEA SECURITIZADORA S/A,396ª,2031-12-15,"IPCA + 5,5758%",8.5543,8.7381,8.2646,0.05,1162.55902044,90.26,922.06,2026-10-02
CRA021000RY,CRA,MINERVA S.A.,RIZA SECURITIZADORA S.A.,39ª,2031-04-15,"IPCA + 5,578%",11.4787,12.421,10.9291,0.93,1170.98457575,84.51,771.07,2026-10-02
CRA020002H1,CRA,BRF S.A.,VERT COMPANHIA SECURITIZADORA,2ª,2030-07-15,"IPCA + 5,6%",11.8242,12.602,10.836,0.94,1260.85516986,86.55,629.35,2026-10-02
CRA022002Y1,CRA,NORSA REFRIGERANTES S.A.,RIZA SECURITIZADORA S.A.,1ª,2027-03-15,"IPCA + 5,685%",,,,,,,,2026-10-02
CRA020003PY,CRA,"VAMOS LOCAÇÃO DE CAMINHÕES, MÁQUINAS E EQUIPAMENTOS S.A.",ECO SECURITIZADORA DE DIREITOS CREDITÓRIOS DO AGRONEGÓCIO S.A.,1ª,2030-11-18,"IPCA + 5,7315%",12.866,13.4875,12.0965,0.86,1198.22559239,83.45,689.47,2026-10-02
21K0001812,CRI,ULTRA SOM SERVIÇOS MÉDICOS S.A.,RIZA SECURITIZADORA S.A.,378ª,2031-12-15,"IPCA + 5,7505%",20.5029,22.9408,19.0673,0.23,763.83905825,59.57,966.62,2026-10-02
CRA021002YA,CRA,CARAMURU ALIMENTOS S.A.,ECO SECURITIZADORA DE DIREITOS CREDITÓRIOS DO AGRONEGÓCIO S.A.,1ª,2027-09-15,"IPCA + 5,7641%",9.1302,9.6479,8.5374,1.38,249.75885248,97.14,233.52,2026-10-02
CRA020001P8,CRA,RAÍZEN ENERGIA S.A.,TRUE SECURITIZADORA S/A,2ª,2030-06-17,"IPCA + 5,8%",,,,,657.66554667,46.18,,2026-10-02
22D1289007,CRI,REDE D'OR SÃO LUIZ S.A.,OPEA SECURITIZADORA S/A,508ª,2029-06-15,"IPCA + 5,83%",8.2663,,7.8817,0.05,1149.62874958,94.54,620.88,2026-10-02
22D1289010,CRI,CYRELA BRAZIL REALTY S.A.,OPEA SECURITIZADORA S/A,490ª,2027-06-15,"IPCA + 5,9068%",7.0325,,6.7755,0.69,1228.8379228,99.3,168.48,2026-10-02
CRA022002Y2,CRA,NORSA REFRIGERANTES S.A.,RIZA SECURITIZADORA S.A.,2ª,2029-03-15,"IPCA + 5,9169%",8.4849,8.9818,8.1719,0.38,1164.49122742,95.7,461.95,2026-10-02
CRA022006N5,CRA,IPIRANGA PRODUTOS DE PETRÓLEO S.A.,VERT COMPANHIA SECURITIZADORA,1ª,2032-06-15,"IPCA + 6,0053%",8.3762,8.8089,8.1916,0.06,1111.14543909,91.48,1009.04,2026-10-02
22D1289008,CRI,REDE D'OR SÃO LUIZ S.A.,OPEA SECURITIZADORA S/A,509ª,2032-06-15,"IPCA + 6,01%",,,,,,,,2026-10-02
CRA022002Y3,CRA,NORSA REFRIGERANTES S.A.,RIZA SECURITIZADORA S.A.,3ª,2032-03-15,"IPCA + 6,0392%",8.6922,,8.4797,0.35,1105.31359055,90.83,976.0,2026-10-02
21K0001807,CRI,REDE D'OR SÃO LUIZ S.A.,OPEA SECURITIZADORA S/A,397ª,2036-12-15,"IPCA + 6,1017%",8.601,8.7634,8.3213,0.1,1098.18230512,85.13,1713.19,2026-10-02
22K0001201,CRI,PETRÓLEO BRASILEIRO S.A. - PETROBRAS,OPEA SECURITIZADORA S/A,1ª,2030-04-15,"IPCA + 6,2%",7.3223,7.5879,7.2015,0.05,1190.51198132,96.73,794.96,2026-10-02
23H0027403,CRI,REDE D'OR SÃO LUIZ S.A.,OPEA SECURITIZADORA S/A,2ª,2030-08-15,"IPCA + 6,2%",8.5377,8.764,8.3022,0.07,1074.61177755,92.79,863.72,2026-10-02
CRA022006MY,CRA,Dexco S.A.,ECO SECURITIZADORA DE DIREITOS CREDITÓRIOS DO AGRONEGÓCIO S.A.,2ª,2032-06-15,"IPCA + 6,2%",,,,,,,,2026-10-02
22K0001203,CRI,PETRÓLEO BRASILEIRO S.A. - PETROBRAS,OPEA SECURITIZADORA S/A,2ª,2032-11-16,"IPCA + 6,25%",7.3577,7.6693,,0.06,1198.10974871,94.99,1242.94,2026-10-02
22E1325262,CRI,HYPERA S.A.,OPEA SECURITIZADORA S/A,2ª,2029-08-15,"IPCA + 6,279%",8.7686,9.1088,8.3318,0.26,1133.15679593,94.1,660.46,2026-10-02
CRA021002YF,CRA,J. MACÊDO S.A.,ECO SECURITIZADORA DE DIREITOS CREDITÓRIOS DO AGRONEGÓCIO S.A.,1ª,2026-11-16,"IPCA + 6,3071%",7.2837,9.6719,6.8926,1.54,61.30764283,99.93,18.44,2026-10-02
CRA02300S35,CRA,CAMIL ALIMENTOS S.A.,ECO SECURITIZADORA DE DIREITOS CREDITÓRIOS DO AGRONEGÓCIO S.A.,2ª,2030-11-18,"IPCA + 6,3416%",12.8548,13.131,11.9889,0.04,967.5999306,82.88,787.59,2026-10-02
22C1362141,CRI,MATEUS SUPERMERCADOS S.A.,OPEA SECURITIZADORA S/A,1ª,2034-07-17,"IPCA + 6,3423%",10.332,,10.2955,0.18,828.39224375,88.76,793.64,2026-10-02
22B0004808,CRI,CSN CIMENTOS S.A.,RIZA SECURITIZADORA S.A.,417ª,2032-02-16,"IPCA + 6,3893%",17.0375,19.5268,14.1668,0.12,874.61108815,70.06,918.43,2026-10-02
CRA022008N6,CRA,JBS S.A.,RIZA SECURITIZADORA S.A.,2ª,2032-09-15,"IPCA + 6,3919%",9.2148,,,0.09,1079.36094098,89.48,1062.59,2026-10-02
22K0001204,CRI,PETRÓLEO BRASILEIRO S.A. - PETROBRAS,OPEA SECURITIZADORA S/A,3ª,2037-11-16,"IPCA + 6,4%",,,,,,,,2026-10-02
24B0013203,CRI,CIDADE MARAVILHOSA INDÚSTRIA E COMÉRCIO DE ROUPAS S.A.,RIZA SECURITIZADORA S.A.,3ª,2030-02-15,"IPCA + 6,4%",12.4384,,12.4174,1.87,979.39707671,86.62,651.59,2026-10-02
CRA02300CYS,CRA,BANCO BTG PACTUAL S.A.,OPEA SECURITIZADORA S/A,3ª,2033-07-15,"IPCA + 6,4338%",,,,,,,,2026-10-02
22E1325264,CRI,HYPERA S.A.,OPEA SECURITIZADORA S/A,3ª,2032-08-16,"IPCA + 6,4451%",8.9983,9.2879,8.8476,0.21,1091.34037329,90.61,1041.71,2026-10-02
CRA024001P6,CRA,JSL S.A.,ECO SECURITIZADORA DE DIREITOS CREDITÓRIOS DO AGRONEGÓCIO S.A.,2ª,2031-02-17,"IPCA + 6,4527%",13.8195,14.1922,12.5864,0.74,927.24680426,81.91,742.1,2026-10-02
22E1095384,CRI,MRV ENGENHARIA E PARTICIPAÇÕES S.A.,OPEA SECURITIZADORA S/A,1ª,2030-09-16,"IPCA + 6,4802%",12.7127,,,0.39,1026.88606883,85.93,665.37,2026-10-02
21J0001208,CRI,TENDA ATACADO S.A.,RIZA SECURITIZADORA S.A.,306ª,2026-10-15,"IPCA + 6,4803%",11.9722,,11.4663,0.34,440.88616823,99.84,8.0,2026-10-02
22F0009804,CRI,DIRECIONAL ENGENHARIA S.A.,OPEA SECURITIZADORA S/A,1ª,2032-06-15,"IPCA + 6,4899%",8.8525,9.0678,8.576,0.07,1112.79238309,91.63,997.95,2026-10-02
22F0009409,CRI,GJA INDÚSTRIAS S.A.,RIZA SECURITIZADORA S.A.,1ª,2029-06-15,"IPCA + 6,5%",12.6527,,12.5298,1.12,1067.98616817,89.29,505.27,2026-10-02
CRA022003JT,CRA,BEM BRASIL ALIMENTOS S.A.,ECO SECURITIZADORA DE DIREITOS CREDITÓRIOS DO AGRONEGÓCIO S.A.,1ª,2029-05-15,"IPCA + 6,5348%",,,,,,,,2026-10-02
CRA022004MS,CRA,"VAMOS LOCAÇÃO DE CAMINHÕES, MÁQUINAS E EQUIPAMENTOS S.A.",ECO SECURITIZADORA DE DIREITOS CREDITÓRIOS DO AGRONEGÓCIO S.A.,1ª,2032-05-17,"IPCA + 6,5473%",14.2318,14.252,12.8512,0.21,939.54015488,76.52,948.5,2026-10-02
23H0027404,CRI,REDE D'OR SÃO LUIZ S.A.,OPEA SECURITIZADORA S/A,3ª,2033-08-15,"IPCA + 6,55%",8.6187,8.8782,8.3009,0.14,1055.17571613,91.07,1217.55,2026-10-02
CRA022008NB,CRA,RAÍZEN ENERGIA S.A.,OPEA SECURITIZADORA S/A,1ª,2032-08-16,"IPCA + 6,5885%",,,,,575.58311947,47.54,,2026-10-02
22B0006022,CRI,MRV ENGENHARIA E PARTICIPAÇÕES S.A.,RIZA SECURITIZADORA S.A.,442ª,2029-02-15,"IPCA + 6,5954%",12.2223,,12.1763,0.57,1144.14536494,91.41,437.86,2026-10-02
CRA024004SA,CRA,JBS S.A.,RIZA SECURITIZADORA S.A.,2ª,2034-05-15,"IPCA + 6,5975%",9.2136,9.9688,8.6001,0.42,986.62658492,86.73,1460.23,2026-10-02
22J0306937,CRI,DIAGNÓSTICOS DA AMÉRICA S.A.,VERT COMPANHIA SECURITIZADORA,2ª,2029-10-15,"IPCA + 6,6%",13.1065,14.0214,12.1444,0.42,1052.63616962,85.33,670.09,2026-10-02
CRA02300G7F,CRA,MARFRIG GLOBAL FOODS S.A.,ECO SECURITIZADORA DE DIREITOS CREDITÓRIOS DO AGRONEGÓCIO S.A.,3ª,2030-08-15,"IPCA + 6,6%",12.7495,13.0015,12.3451,0.04,958.46252164,82.65,849.88,2026-10-02
CRA022008C7,CRA,COMPANHIA DE LOCAÇÃO DAS AMÉRICAS,ECO SECURITIZADORA DE DIREITOS CREDITÓRIOS DO AGRONEGÓCIO S.A.,1ª,2028-09-15,"IPCA + 6,6018%",8.4079,8.8496,8.2187,0.43,1168.53717428,96.94,465.47,2026-10-02
CRA022007KI,CRA,COCAL COMÉRCIO INDÚSTRIA CANAÃ AÇÚCAR E ÁLCOOL LTDA.,RIZA SECURITIZADORA S.A.,1ª,2030-08-15,"IPCA + 6,6234%",10.7127,10.9633,10.4471,0.29,1087.21481861,90.73,646.85,2026-10-02
CRA02300JG3,CRA,JBS S.A.,RIZA SECURITIZADORA S.A.,3ª,2030-09-16,"IPCA + 6,6441%",9.1593,,,0.1,1059.00967549,92.17,878.51,2026-10-02
CRA022008N7,CRA,JBS S.A.,RIZA SECURITIZADORA S.A.,3ª,2037-09-15,"IPCA + 6,6614%",9.2177,9.7365,8.7321,0.71,1015.84945679,84.2,1795.4,2026-10-02
CRA022000XF,CRA,MARFRIG GLOBAL FOODS S.A.,ECO SECURITIZADORA DE DIREITOS CREDITÓRIOS DO AGRONEGÓCIO S.A.,3ª,2032-01-15,"IPCA + 6,663%",12.5325,,12.123,0.23,1041.21350292,82.2,909.95,2026-10-02
CRA02300JG4,CRA,JBS S.A.,RIZA SECURITIZADORA S.A.,4ª,2033-09-15,"IPCA + 6,6634%",9.2126,,,0.17,1022.79713442,89.02,1231.13,2026-10-02
24F1277567,CRI,DIRECIONAL ENGENHARIA S.A.,OPEA SECURITIZADORA S/A,2ª,2031-07-15,"IPCA + 6,6747%",8.8002,9.0547,8.5402,0.09,1039.08819664,92.96,928.66,2026-10-02
23L1737622,CRI,REDE D'OR SÃO LUIZ S.A.,OPEA SECURITIZADORA S/A,1ª,2033-12-15,"IPCA + 6,6941%",,,,,,,,2026-10-02
22G1414303,CRI,SENDAS DISTRIBUIDORA S.A.,OPEA SECURITIZADORA S/A,3ª,2029-09-17,"IPCA + 6,7%",11.6507,,,0.11,1087.8930644,90.24,568.45,2026-10-02
CRA022008ND,CRA,RAÍZEN ENERGIA S.A.,OPEA SECURITIZADORA S/A,2ª,2037-08-17,"IPCA + 6,7382%",,,,,556.39444726,45.91,,2026-10-02
CRA0240066J,CRA,SLC AGRICOLA II,RIZA SECURITIZADORA S.A.,3ª,2031-07-15,"IPCA + 6,7469%",9.1952,9.7882,8.8639,0.31,1028.90513431,91.84,941.98,2026-10-02
22J0306938,CRI,DIAGNÓSTICOS DA AMÉRICA S.A.,VERT COMPANHIA SECURITIZADORA,3ª,2032-10-15,"IPCA + 6,75%",13.1022,13.7234,12.0484,0.24,973.46352396,78.86,1014.81,2026-10-02
CRA0240020C,CRA,VICUNHA II,RIZA SECURITIZADORA S.A.,3ª,2031-02-15,"IPCA + 6,7641%",,,,,,,,2026-10-02
CRA022007EP,CRA,KLABIN S.A.,VERT COMPANHIA SECURITIZADORA,1ª,2034-05-15,"IPCA + 6,7694%",7.8005,8.0031,7.6334,0.11,1151.32205214,94.5,1474.63,2026-10-02
CRA024004SB,CRA,JBS S.A.,RIZA SECURITIZADORA S.A.,3ª,2039-05-16,"IPCA + 6,7825%",8.985,,,0.84,970.12732718,85.22,1928.7,2026-10-02
CRA0240086K,CRA,SEARA ALIMENTOS LTDA.,RIZA SECURITIZADORA S.A.,2ª,2034-09-15,"IPCA + 6,7931%",8.8187,9.6268,8.5165,0.51,980.39909064,89.02,1544.84,2026-10-02
CRA024002ML,CRA,MARFRIG GLOBAL FOODS S.A.,ECO SECURITIZADORA DE DIREITOS CREDITÓRIOS DO AGRONEGÓCIO S.A.,3ª,2034-03-15,"IPCA + 6,7996%",12.8076,13.0294,12.2549,0.18,844.93745527,75.36,1273.67,2026-10-02
22I0970804,CRI,NATURA COSMÉTICOS S.A.,RIZA SECURITIZADORA S.A.,2ª,2029-09-17,"IPCA + 6,8%",9.0413,,8.8221,0.15,1141.29544638,94.56,678.19,2026-10-02
CRA0240066B,CRA,CAMIL ALIMENTOS S.A.,ECO SECURITIZADORA DE DIREITOS CREDITÓRIOS DO AGRONEGÓCIO S.A.,2ª,2031-06-16,"IPCA + 6,8286%",12.7046,,11.4137,0.12,933.0334017,82.57,891.03,2026-10-02
CRA0220079D,CRA,BRF S.A.,VERT COMPANHIA SECURITIZADORA,2ª,2032-07-15,"IPCA + 6,8344%",12.7648,13.0497,12.2562,0.05,989.85433133,80.56,992.72,2026-10-02
CRA0240086L,CRA,SEARA ALIMENTOS LTDA.,RIZA SECURITIZADORA S.A.,3ª,2044-09-15,"IPCA + 6,8408%",9.2719,,8.9447,0.64,888.16017318,80.64,2317.42,2026-10-02
CRA02300SV1,CRA,"VAMOS LOCAÇÃO DE CAMINHÕES, MÁQUINAS E EQUIPAMENTOS S.A.",ECO SECURITIZADORA DE DIREITOS CREDITÓRIOS DO AGRONEGÓCIO S.A.,3ª,2033-11-16,"IPCA + 6,8453%",,,,,,,,2026-10-02
CRA022006HK,CRA,SÃO SALVADOR ALIMENTOS S.A.,ECO SECURITIZADORA DE DIREITOS CREDITÓRIOS DO AGRONEGÓCIO S.A.,2ª,2030-07-15,"IPCA + 6,8911%",8.8695,,,0.22,1153.6694421,95.53,626.91,2026-10-02
22I0970868,CRI,NATURA COSMÉTICOS S.A.,RIZA SECURITIZADORA S.A.,3ª,2032-09-15,"IPCA + 6,9%",9.2078,9.6694,,0.34,1103.37476393,91.41,1053.72,2026-10-02
23L1737623,CRI,REDE D'OR SÃO LUIZ S.A.,OPEA SECURITIZADORA S/A,2ª,2038-12-15,"IPCA + 6,9527%",8.5876,,8.2282,0.14,1033.59952632,89.01,1903.83,2026-10-02
CRA022004S9,CRA,"VAMOS LOCAÇÃO DE CAMINHÕES, MÁQUINAS E EQUIPAMENTOS S.A.",ECO SECURITIZADORA DE DIREITOS CREDITÓRIOS DO AGRONEGÓCIO S.A.,2ª,2037-05-15,"IPCA + 6,9739%",13.4592,,12.4272,1.13,832.90270529,67.73,1578.59,2026-10-02
CRA02300JG5,CRA,JBS S.A.,RIZA SECURITIZADORA S.A.,5ª,2038-09-15,"IPCA + 6,9938%",9.6249,9.9689,9.2306,0.64,954.90946466,83.1,1876.41,2026-10-02
CRA024004SC,CRA,JBS S.A.,RIZA SECURITIZADORA S.A.,4ª,2044-05-16,"IPCA + 6,9947%",9.6197,10.1925,9.0657,0.6,913.61360509,80.2,2195.2,2026-10-02
CRA022004XY,CRA,USINA CERRADÃO S.A.,ECO SECURITIZADORA DE DIREITOS CREDITÓRIOS DO AGRONEGÓCIO S.A.,1ª,2028-05-15,"IPCA + 6,9949%",7.8196,,7.4117,0.3,813.16300792,99.2,262.33,2026-10-02
22F0009410,CRI,GJA INDÚSTRIAS S.A.,RIZA SECURITIZADORA S.A.,2ª,2032-06-15,IPCA + 7%,11.4329,,,0.21,1019.90246065,85.25,979.21,2026-10-02
23F1519397,CRI,MOVIDA PARTICIPAÇÕES S.A.,OPEA SECURITIZADORA S/A,3ª,2028-06-16,IPCA + 7%,13.3321,13.6828,,0.37,1069.61069924,91.28,398.94,2026-10-02
24G1674104,CRI,JHSF PARTICIPAÇÕES S.A.,OPEA SECURITIZADORA S/A,4ª,2034-07-17,"IPCA + 7,0163%",8.8953,9.1291,8.7067,0.08,896.74998657,92.55,1105.26,2026-10-02
CRA02200C6Y,CRA,MARFRIG GLOBAL FOODS S.A.,ECO SECURITIZADORA DE DIREITOS CREDITÓRIOS DO AGRONEGÓCIO S.A.,1ª,2029-10-15,"IPCA + 7,0383%",12.6072,12.8555,11.1545,0.17,1071.86611739,87.37,666.44,2026-10-02
CRA024007PU,CRA,SOROCABA REFRESCOS S.A.,ECO SECURITIZADORA DE DIREITOS CREDITÓRIOS DO AGRONEGÓCIO S.A.,2ª,2034-08-15,"IPCA + 7,05%",9.6831,10.2305,9.5209,0.44,973.06420531,87.64,1353.41,2026-10-02
22K0934880,CRI,BCBF PARTICIPAÇÕES S.A.,RIZA SECURITIZADORA S.A.,2ª,2029-12-17,"IPCA + 7,0913%",21.3459,23.5754,19.0957,1.04,855.81558676,70.49,693.97,2026-10-02
CRA022006HE,CRA,AÇO VERDE DO BRASIL S.A.,RIZA SECURITIZADORA S.A.,1ª,2029-06-15,"IPCA + 7,1543%",9.9315,,9.7164,0.39,1170.14735079,96.11,388.99,2026-10-02
CRA023000RT,CRA,"VAMOS LOCAÇÃO DE CAMINHÕES, MÁQUINAS E EQUIPAMENTOS S.A.",ECO SECURITIZADORA DE DIREITOS CREDITÓRIOS DO AGRONEGÓCIO S.A.,3ª,2030-01-15,"IPCA + 7,1638%",14.0184,14.4985,12.8261,0.11,1001.68064291,83.57,724.31,2026-10-02
CRA022006BU,CRA,CARAMURU ALIMENTOS S.A.,ECO SECURITIZADORA DE DIREITOS CREDITÓRIOS DO AGRONEGÓCIO S.A.,1ª,2029-07-16,"IPCA + 7,2043%",10.8845,,,1.57,685.45507143,94.69,404.63,2026-10-02
CRA0220073P,CRA,MINERVA S.A.,RIZA SECURITIZADORA S.A.,1ª,2029-07-16,"IPCA + 7,2063%",12.0237,12.4224,11.441,0.93,1081.77726217,89.58,628.76,2026-10-02
CRA0240066K,CRA,BRF S.A.,ECO SECURITIZADORA DE DIREITOS CREDITÓRIOS DO AGRONEGÓCIO S.A.,3ª,2034-06-15,"IPCA + 7,2336%",12.5843,12.9207,12.1472,0.21,878.77879609,77.76,1270.17,2026-10-02
22K0934889,CRI,BCBF PARTICIPAÇÕES S.A.,RIZA SECURITIZADORA S.A.,3ª,2034-12-15,"IPCA + 7,2792%",21.0433,22.8415,18.5745,1.47,647.31699275,53.29,1213.43,2026-10-02
CRA024001QA,CRA,ZAMP S.A.,RIZA SECURITIZADORA S.A.,3ª,2029-02-15,"IPCA + 7,3%",9.7579,,9.557,0.69,1081.89475392,95.19,547.51,2026-10-02
CRA024007Q5,CRA,SLC MÁQUINAS LTDA.,OPEA SECURITIZADORA S/A,3ª,2031-08-15,"IPCA + 7,31%",9.8579,9.8713,9.2811,0.7,1035.00803007,93.32,737.88,2026-10-02
CRA02200C6Z,CRA,MARFRIG GLOBAL FOODS S.A.,ECO SECURITIZADORA DE DIREITOS CREDITÓRIOS DO AGRONEGÓCIO S.A.,2ª,2032-10-15,"IPCA + 7,3352%",12.7172,,11.1352,0.02,1007.1026164,81.99,1004.98,2026-10-02
24A2721507,CRI,DASA,VERT COMPANHIA SECURITIZADORA,3ª,2031-01-15,"IPCA + 7,3402%",13.3373,13.6798,12.3049,1.67,960.85612224,83.76,813.53,2026-10-02
CRA022006HF,CRA,AÇO VERDE DO BRASIL S.A.,RIZA SECURITIZADORA S.A.,2ª,2032-06-15,"IPCA + 7,3686%",10.1825,,9.989,0.26,1101.3215882,90.4,975.99,2026-10-02
CRA024009Q4,CRA,MARFRIG GLOBAL FOODS S.A.,ECO SECURITIZADORA DE DIREITOS CREDITÓRIOS DO AGRONEGÓCIO S.A.,3ª,2034-10-16,"IPCA + 7,3693%",12.9043,13.1287,12.3187,0.12,866.00330419,76.76,1287.04,2026-10-02
22E1314836,CRI,SÃO CARLOS EMPREENDIMENTOS E PARTICIPAÇÕES S.A.,OPEA SECURITIZADORA S/A,1ª,2029-09-17,"IPCA + 7,3826%",,,,,,,,2026-10-02
CRA022001E2,CRA,FS AGRISOLUTIONS INDÚSTRIA DE BIOCOMBUSTÍVEIS LTDA.,ECO SECURITIZADORA DE DIREITOS CREDITÓRIOS DO AGRONEGÓCIO S.A.,2ª,2029-02-15,"IPCA + 7,3913%",12.0941,12.3959,11.2844,0.49,1171.33546012,94.72,315.54,2026-10-02
CRA022004SD,CRA,FS AGRISOLUTIONS INDÚSTRIA DE BIOCOMBUSTÍVEIS LTDA.,ECO SECURITIZADORA DE DIREITOS CREDITÓRIOS DO AGRONEGÓCIO S.A.,2ª,2029-05-15,"IPCA + 7,3913%",11.9165,12.3348,11.347,0.33,1165.18408802,94.16,363.98,2026-10-02
CRA02400AHZ,CRA,REFRESCOS BANDEIRANTES INDÚSTRIA E COMÉRCIO LTDA.,RIZA SECURITIZADORA S.A.,2ª,2034-11-16,"IPCA + 7,41%",10.4032,12.0715,,0.71,964.36205968,86.2,1340.97,2026-10-02
24J2539865,CRI,JHSF PARTICIPAÇÕES S.A.,OPEA SECURITIZADORA S/A,1ª,2034-10-16,"IPCA + 7,4183%",9.0078,9.2656,8.7519,0.11,1044.94294707,92.43,1339.79,2026-10-02
CRA0240005O,CRA,CEREAL COMÉRCIO EXPORTAÇÃO E REPRESENTAÇÃO AGROPECUÁRIA S.A.,RIZA SECURITIZADORA S.A.,2ª,2029-01-15,"IPCA + 7,4367%",9.232,9.7548,8.751,0.78,1123.6141014,98.04,299.23,2026-10-02
CRA022004H5,CRA,NARDINI AGROINDUSTRIAL LTDA.,OPEA SECURITIZADORA S/A,1ª,2028-04-15,"IPCA + 7,4986%",,,,,,,,2026-10-02
23L2043184,CRI,UNIDAS LOCADORA S.A.,OPEA SECURITIZADORA S/A,3ª,2030-12-16,"IPCA + 7,5%",9.9923,10.3878,9.6359,0.27,1080.74116466,92.95,800.54,2026-10-02
CRA024009Q5,CRA,MARFRIG GLOBAL FOODS S.A.,ECO SECURITIZADORA DE DIREITOS CREDITÓRIOS DO AGRONEGÓCIO S.A.,4ª,2039-10-17,"IPCA + 7,5395%",,,,,,,,2026-10-02
CRA02300MOQ,CRA,MINERVA S.A.,RIZA SECURITIZADORA S.A.,3ª,2030-09-16,"IPCA + 7,5408%",12.6813,13.1202,11.7829,0.82,996.46050415,86.74,762.94,2026-10-02
23L0034761,CRI,FARO ENERGY PROJETOS SOLARES HOLDING S.A.,OPEA SECURITIZADORA S/A,1ª,2038-12-15,"IPCA + 7,5702%",,,,,,,,2026-10-02
CRA0250080Y,CRA,ELDORADO BRASIL CELULOSE S.A.,OPEA SECURITIZADORA S/A,3ª,2040-09-17,"IPCA + 7,6%",8.6438,,8.2026,0.51,964.10205026,91.93,2167.93,2026-10-02
24A2722748,CRI,DIAGNÓSTICOS DA AMÉRICA S.A.,VERT COMPANHIA SECURITIZADORA,5ª,2034-01-16,"IPCA + 7,6075%",14.8753,17.6628,12.4165,3.89,835.06120585,72.75,1189.71,2026-10-02
25D0012204,CRI,CYRELA BRAZIL REALTY S.A.,COMPANHIA PROVÍNCIA DE SECURITIZAÇÃO,3ª,2032-04-15,"IPCA + 7,6693%",8.4535,,8.1717,0.05,1060.55495291,97.08,1028.53,2026-10-02
23J1127331,CRI,MOVIDA PARTICIPAÇÕES S.A.,OPEA SECURITIZADORA S/A,3ª,2033-10-17,"IPCA + 7,7279%",13.4088,,,0.51,932.98215387,78.82,1138.69,2026-10-02
CRA0250080X,CRA,ELDORADO BRASIL CELULOSE S.A.,OPEA SECURITIZADORA S/A,2ª,2035-09-17,"IPCA + 7,7281%",8.5451,,8.2137,0.18,998.05547169,95.16,1647.15,2026-10-02
CRA02400AYK,CRA,BEM BRASIL ALIMENTOS S.A.,ECO SECURITIZADORA DE DIREITOS CREDITÓRIOS DO AGRONEGÓCIO S.A.,ª,2031-11-17,"IPCA + 7,737%",9.8497,,,0.85,1026.15554073,93.45,874.94,2026-10-02
CRA0230073N,CRA,J. MACÊDO S.A.,RIZA SECURITIZADORA S.A.,2ª,2030-04-15,"IPCA + 7,8%",8.3335,,,0.28,1027.43628006,99.21,402.7,2026-10-02
CRA025003PJ,CRA,SEARA,RIZA SECURITIZADORA S.A.,3ª,2055-05-17,"IPCA + 7,8%",,,,,,,,2026-10-02
CRA024003UZ,CRA,LAR COOPERATIVA AGROINDUSTRIAL,ECO SECURITIZADORA DE DIREITOS CREDITÓRIOS DO AGRONEGÓCIO S.A.,3ª,2031-04-15,"IPCA + 7,8363%",9.6954,10.1789,9.3927,0.23,1061.31236497,94.94,763.04,2026-10-02
CRA021004NV,CRA,LAR COOPERATIVA AGROINDUSTRIAL,ECO SECURITIZADORA DE DIREITOS CREDITÓRIOS DO AGRONEGÓCIO S.A.,1ª,2026-11-15,"IPCA + 7,8749%",9.752,10.2138,8.0646,2.69,434.39098976,99.77,29.0,2026-10-02
CRA0250066B,CRA,BRF S.A.,ECO SECURITIZADORA DE DIREITOS CREDITÓRIOS DO AGRONEGÓCIO S.A.,3ª,2035-07-16,"IPCA + 7,9064%",12.6854,,,0.22,813.97060806,76.46,1509.32,2026-10-02
22E1321749,CRI,COGNA EDUCAÇÃO S.A.,OPEA SECURITIZADORA S/A,2ª,2029-07-16,"IPCA + 7,9273%",9.2433,9.5885,8.8505,0.07,1182.56733924,97.52,521.84,2026-10-02
CRA0240005P,CRA,CEREAL COMÉRCIO EXPORTAÇÃO E REPRESENTAÇÃO AGROPECUÁRIA S.A.,RIZA SECURITIZADORA S.A.,3ª,2031-01-15,"IPCA + 7,9443%",9.623,,,0.83,1091.13022669,95.11,816.63,2026-10-02
22E1321750,CRI,COGNA EDUCAÇÃO S.A.,OPEA SECURITIZADORA S/A,3ª,2032-07-15,"IPCA + 8,0031%",10.0396,,9.6751,1.58,1126.78117954,92.9,987.45,2026-10-02
CRA025009EZ,CRA,Seara Alimentos Ltda.,ECO SECURITIZADORA DE DIREITOS CREDITÓRIOS DO AGRONEGÓCIO S.A.,4ª,2065-10-15,"IPCA + 8,0313%",,,,,,,,2026-10-02
CRA0250020C,CRA,BRF S.A.,ECO SECURITIZADORA DE DIREITOS CREDITÓRIOS DO AGRONEGÓCIO S.A.,2ª,2035-04-16,"IPCA + 8,04%",11.8232,12.3967,10.6542,1.1,893.10391718,81.47,1460.3,2026-10-02
CRA02200795,CRA,ADUBOS ARAGUAIA INDÚSTRIA E COMÉRCIO LTDA.,ECO SECURITIZADORA DE DIREITOS CREDITÓRIOS DO AGRONEGÓCIO S.A.,1ª,2027-07-15,"IPCA + 8,1191%",9.5176,10.2883,,0.13,600.93913379,99.04,189.22,2026-10-02
CRA0250020D,CRA,BRF S.A.,ECO SECURITIZADORA DE DIREITOS CREDITÓRIOS DO AGRONEGÓCIO S.A.,3ª,2040-04-16,"IPCA + 8,2345%",12.1816,12.5742,10.827,1.46,841.86415141,76.73,1767.45,2026-10-02
CRA0250018K,CRA,MARFRIG GLOBAL FOODS S.A.,ECO SECURITIZADORA DE DIREITOS CREDITÓRIOS DO AGRONEGÓCIO S.A.,4ª,2040-04-16,"IPCA + 8,2503%",13.489,,12.3709,0.5,780.68132218,70.93,1704.22,2026-10-02
CRA0250018L,CRA,MARFRIG GLOBAL FOODS S.A,ECO SECURITIZADORA DE DIREITOS CREDITÓRIOS DO AGRONEGÓCIO S.A.,5ª,2045-04-17,"IPCA + 8,3405%",13.9331,,,0.27,726.83062132,66.02,1842.64,2026-10-02
CRA0240099F,CRA,VALE DO TIJUCO AÇÚCAR E ÁLCOOL S.A.,ECO SECURITIZADORA DE DIREITOS CREDITÓRIOS DO AGRONEGÓCIO S.A.,2ª,2034-10-16,"IPCA + 8,3558%",10.4579,,9.7819,0.39,1038.30558286,91.58,1141.59,2026-10-02
CRA0250020E,CRA,BRF S.A.,ECO SECURITIZADORA DE DIREITOS CREDITÓRIOS DO AGRONEGÓCIO S.A.,3ª,2045-04-17,"IPCA + 8,38%",10.2444,,10.0741,0.18,943.81238892,85.97,2150.08,2026-10-02
CRA025008C2,CRA,Neomille S.A.,ECO SECURITIZADORA DE DIREITOS CREDITÓRIOS DO AGRONEGÓCIO S.A.,2ª,2032-12-15,"IPCA + 8,4473%",8.8499,,8.6511,0.15,1053.41037867,98.34,1134.08,2026-10-02
CRA02400AHX,CRA,CEREAL COMÉRCIO EXPORTAÇÃO E,RIZA SECURITIZADORA S.A.,3ª,2034-11-16,"IPCA + 8,4704%",9.826,,,0.61,1056.11192546,93.67,1318.22,2026-10-02
CRA025008HR,CRA,Nardini II,OPEA SECURITIZADORA S/A,ª,2032-10-15,"IPCA + 8,4773%",,,,,,,,2026-10-02
CRA025006NC,CRA,LAR COOPERATIVA AGROINDUSTRIAL,ECO SECURITIZADORA DE DIREITOS CREDITÓRIOS DO AGRONEGÓCIO S.A.,3ª,2032-08-16,"IPCA + 8,7268%",,,,,,,,2026-10-02
CRA0250005M,CRA,Boa Safra,OPEA SECURITIZADORA S/A,3ª,2032-01-15,"IPCA + 8,7384%",,,,,,,,2026-10-02
CRA0250005L,CRA,Boa Safra,OPEA SECURITIZADORA S/A,4ª,2035-01-15,"IPCA + 8,9518%",,,,,,,,2026-10-02
CRA02300796,CRA,FS INDÚSTRIA DE BIOCOMBUSTÍVEIS LTDA.,ECO SECURITIZADORA DE DIREITOS CREDITÓRIOS DO AGRONEGÓCIO S.A.,2ª,2029-10-15,"IPCA + 8,9555%",12.0398,12.6353,11.5245,0.33,1079.52327283,92.9,662.41,2026-10-02
CRA023003JY,CRA,OLFAR S.A.,RIZA SECURITIZADORA S.A.,2ª,2030-03-15,"IPCA + 8,9738%",9.3765,10.2436,8.6617,0.1,1160.68458392,99.36,437.76,2026-10-02
23F2455004,CRI,SENDAS DISTRIBUIDORA S.A.,OPEA SECURITIZADORA S/A,2ª,2027-07-15,,16.6038,,15.5771,0.75,993.12119755,96.89,187.17,2026-10-02
23I1259644,CRI,JSL,OPEA SECURITIZADORA S/A,4ª,2030-09-15,,,,,,,,,2026-10-02
23J1141681,CRI,YDUQS PARTICIPAÇÕES S.A.,OPEA SECURITIZADORA S/A,1ª,2028-10-16,,14.8196,,,0.7,996.04525085,94.72,444.53,2026-10-02
23K0018801,CRI,MULTIPLAN EMPREENDIMENTOS IMOBILIÁRIOS S.A.,RIZA SECURITIZADORA S.A.,3ª,2031-01-15,,,,,,,,,2026-10-02
23K0022041,CRI,Cogna,TRUE SECURITIZADORA S/A,2ª,2028-11-15,,15.059,,14.55,0.3,1013.88955155,96.85,357.61,2026-10-02
24A2715837,CRI,DIAGNÓSTICOS DA AMÉRICA S.A.,VERT COMPANHIA SECURITIZADORA,2ª,2029-01-15,,19.2006,,17.91,0.83,911.52600854,88.83,497.81,2026-10-02
24A2721829,CRI,DIAGNÓSTICOS DA AMÉRICA S.A,VERT COMPANHIA SECURITIZADORA,4ª,2031-01-15,,19.3874,,19.1508,0.55,868.86212853,84.58,738.36,2026-10-02
25A1946535,CRI,Cury,OPEA SECURITIZADORA S/A,3ª,2032-01-15,,15.0068,,,0.08,1034.12146633,100.23,803.55,2026-10-02
25D0271049,CRI,Log,OPEA SECURITIZADORA S/A,3ª,2032-04-15,,,,,,,,,2026-10-02
CRA02300G7D,CRA,MARFRIG GLOBAL FOODS S.A.,ECO SECURITIZADORA DE DIREITOS CREDITÓRIOS DO AGRONEGÓCIO S.A.,1ª,2027-08-16,,18.0166,,,0.29,963.36014013,95.03,209.56,2026-10-02
CRA02300HWK,CRA,BANCO BTG PACTUAL S.A.,OPEA SECURITIZADORA S/A,4ª,2033-09-15,,13.3231,13.5541,13.1735,0.3,948.41564101,94.29,1219.47,2026-10-02
CRA02300JR7,CRA,RAÍZEN ENERGIA S.A.,OPEA SECURITIZADORA S/A,3ª,2033-10-17,,,,,,476.06336372,45.47,,2026-10-02
CRA02300NX8,CRA,BTG Pactual III,OPEA SECURITIZADORA S/A,4ª,2033-11-16,,,,,,,,,2026-10-02
CRA02300SPD,CRA,FS Agrisolutions Indústria de Biocombustíveis LTDA,ECO SECURITIZADORA DE DIREITOS CREDITÓRIOS DO AGRONEGÓCIO S.A.,3ª,2030-06-15,,18.7135,,18.2136,0.68,876.41715758,87.08,724.66,2026-10-02
CRA02300SUZ,CRA,"Vamos Locação de Caminhões, Máquinas e Equipamentos S.A.",ECO SECURITIZADORA DE DIREITOS CREDITÓRIOS DO AGRONEGÓCIO S.A.,1ª,2030-11-18,,20.1484,,18.6669,0.16,857.18346276,82.01,702.9,2026-10-02
CRA02300TSF,CRA,BTG PACTUAL IV,OPEA SECURITIZADORA S/A,4ª,2033-12-15,,,,,,,,,2026-10-02
CRA024000B8,CRA,FS Indústria De Biocombustíveis Ltda,ECO SECURITIZADORA DE DIREITOS CREDITÓRIOS DO AGRONEGÓCIO S.A.,3ª,2030-07-15,,,,,,,,,2026-10-02
CRA024001P5,CRA,JSL S.A.,ECO SECURITIZADORA DE DIREITOS CREDITÓRIOS DO AGRONEGÓCIO S.A.,1ª,2031-02-15,,,,,,,,,2026-10-02
CRA024001Q9,CRA,ZAMP S.A.,RIZA SECURITIZADORA S.A.,2ª,2029-02-15,,17.8672,,17.1587,0.79,931.56224959,91.68,517.41,2026-10-02
CRA0240020B,CRA,VICUNHA II,RIZA SECURITIZADORA S.A.,2ª,2031-02-15,,,,,,,,,2026-10-02
CRA024002MH,CRA,JF CITRUS AGROPECUÁRIA S.A.,ECO SECURITIZADORA DE DIREITOS CREDITÓRIOS DO AGRONEGÓCIO S.A.,1ª,2029-03-15,,,,,,,,,2026-10-02
CRA024002MK,CRA,Marfrig Global Foods S.A.,ECO SECURITIZADORA DE DIREITOS CREDITÓRIOS DO AGRONEGÓCIO S.A.,2ª,2031-03-15,,,,,,,,,2026-10-02
CRA024002S2,CRA,Minerva VII,RIZA SECURITIZADORA S.A.,2ª,2029-03-15,,,,,,,,,2026-10-02
CRA024002S3,CRA,MINERVA S.A.,RIZA SECURITIZADORA S.A.,3ª,2031-03-17,,18.7542,,,0.26,824.13871954,81.93,865.27,2026-10-02
CRA0240066D,CRA,FS Florestal S.A.,ECO SECURITIZADORA DE DIREITOS CREDITÓRIOS DO AGRONEGÓCIO S.A.,1ª,2030-06-15,,17.8673,18.0426,17.7316,0.14,948.45354092,94.15,709.65,2026-10-02
CRA0240066G,CRA,BRF S.A.,ECO SECURITIZADORA DE DIREITOS CREDITÓRIOS DO AGRONEGÓCIO S.A.,2ª,2031-06-16,,18.1899,,,0.37,886.40698484,85.37,860.56,2026-10-02
CRA024007PT,CRA,Sorocaba Refrescos S.A,ECO SECURITIZADORA DE DIREITOS CREDITÓRIOS DO AGRONEGÓCIO S.A.,1ª,2031-08-15,,15.8305,,15.209,1.16,918.07614533,90.41,850.56,2026-10-02
CRA024007Q3,CRA,SLC Maquinas,OPEA SECURITIZADORA S/A,1ª,2031-08-15,,16.5937,,16.2483,0.29,930.04253345,91.54,675.91,2026-10-02
CRA024009Q3,CRA,MARFRIG GLOBAL FOODS S.A.,ECO SECURITIZADORA DE DIREITOS CREDITÓRIOS DO AGRONEGÓCIO S.A.,2ª,2031-10-15,,18.1434,,16.5114,0.05,915.54230492,86.34,876.6,2026-10-02
CRA02400AHY,CRA,REFRESCOS BANDEIRANTES INDÚSTRIA E COMÉRCIO LTDA.,RIZA SECURITIZADORA S.A.,1ª,2032-11-16,,18.0301,,,2.12,905.80877352,86.21,948.01,2026-10-02
CRA02400AYM,CRA,MINERVA S.A.,RIZA SECURITIZADORA S.A.,2ª,2029-11-16,,18.7133,,,0.23,955.32181449,90.74,618.35,2026-10-02
CRA02400AYP,CRA,MINERVA S.A.,RIZA SECURITIZADORA S.A.,5ª,2034-11-16,,18.7173,,17.6872,0.22,908.5637242,86.14,1055.95,2026-10-02
CRA02500001,CRA,BOA SAFRA SEMENTES S.A.,OPEA SECURITIZADORA S/A,1ª,2030-01-15,,16.2923,,,0.43,987.76444635,98.05,651.14,2026-10-02
CRA0250012X,CRA,FS FLORESTAL S.A.,ECO SECURITIZADORA DE DIREITOS CREDITÓRIOS DO AGRONEGÓCIO S.A.,1ª,2030-03-15,,18.3706,,18.2347,0.69,997.15006454,98.87,655.25,2026-10-02
CRA0250018I,CRA,Marfrig Global Foods S.A,ECO SECURITIZADORA DE DIREITOS CREDITÓRIOS DO AGRONEGÓCIO S.A.,2ª,2032-04-15,,17.9352,,16.954,0.88,960.09471995,90.06,915.71,2026-10-02
CRA025002S3,CRA,MINERVA S.A,RIZA SECURITIZADORA S.A.,2ª,2030-04-15,,18.7364,,,0.25,1000.12775406,93.41,658.15,2026-10-02
CRA025002S4,CRA,MINERVA S.A.,RIZA SECURITIZADORA S.A.,4ª,2032-04-15,,18.8633,,,0.23,971.47702046,90.74,894.23,2026-10-02
CRA025002S5,CRA,MINERVA S.A.,RIZA SECURITIZADORA S.A.,5ª,2035-04-16,,,,,,,,,2026-10-02
CRA0250040J,CRA,Natural One S.A,ECO SECURITIZADORA DE DIREITOS CREDITÓRIOS DO AGRONEGÓCIO S.A.,2ª,2029-06-15,,21.654,,17.85,3.33,995.20210291,94.76,356.68,2026-10-02
CRA025005EH,CRA,GDM GENÉTICA DO BRASIL S.A.,ECO SECURITIZADORA DE DIREITOS CREDITÓRIOS DO AGRONEGÓCIO S.A.,1ª,2032-07-15,,15.6175,,,0.02,1015.71787657,98.44,956.08,2026-10-02
CRA025005V7,CRA,MINERVA S.A.,RIZA SECURITIZADORA S.A.,3ª,2033-07-15,,18.2259,,17.6204,0.7,908.25802343,88.11,1022.17,2026-10-02
CRA025005V8,CRA,MINERVA S.A,RIZA SECURITIZADORA S.A.,4ª,2035-07-16,,18.2665,,17.701,0.67,903.9196498,87.64,1138.12,2026-10-02
CRA0250066A,CRA,BRF S.A.,ECO SECURITIZADORA DE DIREITOS CREDITÓRIOS DO AGRONEGÓCIO S.A.,2ª,2032-07-15,,18.4762,,18.1448,0.28,883.71281787,85.83,981.78,2026-10-02
CRA025006NB,CRA,LAR COOPERATIVA AGROINDUSTRIAL,ECO SECURITIZADORA DE DIREITOS CREDITÓRIOS DO AGRONEGÓCIO S.A.,2ª,2032-08-16,,16.2233,,,0.41,953.69690402,94.7,939.11,2026-10-02
CRA025007KE,CRA,Cereal Comércio Exportação e Representação Agropecuária S.A.,ECO SECURITIZADORA DE DIREITOS CREDITÓRIOS DO AGRONEGÓCIO S.A.,2ª,2032-09-15,,16.4367,,15.95,0.66,942.51992256,93.6,976.77,2026-10-02
CRA025007KK,CRA,ELDORADO BRASIL CELULOSE S.A.,OPEA SECURITIZADORA S/A,1ª,2032-09-15,,15.0858,,,0.56,971.1220746,96.45,1053.38,2026-10-02
CRA025008ND,CRA,São Salvador Alimentos S.A.,ECO SECURITIZADORA DE DIREITOS CREDITÓRIOS DO AGRONEGÓCIO S.A.,2ª,2033-10-15,,15.5575,,,0.09,1009.73223897,94.89,1095.56,2026-10-02
CRA02500A15,CRA,Açucareira Quatá S.A.,ECO SECURITIZADORA DE DIREITOS CREDITÓRIOS DO AGRONEGÓCIO S.A.,1ª,2032-11-15,,16.1579,,16.0,0.18,999.04343456,94.77,951.75,2026-10-02
CRA02500AHU,CRA,C. Vale - Cooperativa Agroindustrial,ECO SECURITIZADORA DE DIREITOS CREDITÓRIOS DO AGRONEGÓCIO S.A.,2ª,2030-11-15,,15.3253,,,0.28,1043.63475775,98.88,770.09,2026-10-02
CRA02500BVU,CRA,BRF S.A.,ECO SECURITIZADORA DE DIREITOS CREDITÓRIOS DO AGRONEGÓCIO S.A.,2ª,2032-12-15,,18.2133,,,0.44,881.27157898,84.72,1019.01,2026-10-02
CRA02500C1D,CRA,Alibem Alimentos S.A.,ECO SECURITIZADORA DE DIREITOS CREDITÓRIOS DO AGRONEGÓCIO S.A.,1ª,2030-12-18,,15.9691,,15.5,0.29,1021.74115946,98.01,498.58,2026-10-02
CRA026001JM,CRA,Lar Cooperativa Agroindustrial,ECO SECURITIZADORA DE DIREITOS CREDITÓRIOS DO AGRONEGÓCIO S.A.,2ª,2033-03-15,,16.3948,,16.1961,0.14,960.4325011,95.35,996.05,2026-10-02
CRA026002BE,CRA,BRF S.A.,ECO SECURITIZADORA DE DIREITOS CREDITÓRIOS DO AGRONEGÓCIO S.A.,2ª,2033-04-15,,17.8265,,,0.92,925.79029884,87.65,1028.69,2026-10-02
25B0013406,CRI,Direcional,OPEA SECURITIZADORA S/A,1ª,2032-02-16,100% do DI,,,,,,,,2026-10-01
CRA019003V2,CRA,RAÍZEN ENERGIA S.A.,OPEA SECURITIZADORA S/A,1ª,2029-07-16,100% do DI,,,,,432.80790894,42.41,,2026-10-01
CRA024004H7,CRA,SÃO MARTINHO S.A.,RIZA SECURITIZADORA S.A.,3ª,2029-04-12,100% do DI,101.6458,103.77,98.1366,0.63,1059.93318572,99.56,522.55,2026-10-01
CRA0250018H,CRA,Marfrig Global Foods S.A,ECO SECURITIZADORA DE DIREITOS CREDITÓRIOS DO AGRONEGÓCIO S.A.,1ª,2030-04-15,100% do DI,,,,,,,,2026-10-01
CRA02500BVT,CRA,BRF S.A.,ECO SECURITIZADORA DE DIREITOS CREDITÓRIOS DO AGRONEGÓCIO S.A.,1ª,2030-06-17,100% do DI,118.65,,112.75,1.17,1014.94136806,91.44,924.0,2026-10-01
24D2765715,CRI,CYRELA BRAZIL REALTY S.A.,COMPANHIA PROVÍNCIA DE SECURITIZAÇÃO,3ª,2031-04-15,101% do DI,100.2155,,,0.64,1067.46516057,100.31,759.31,2026-10-01
CRA023007VD,CRA,ENGELHART CTP,OPEA SECURITIZADORA S/A,1ª,2028-07-05,101% do DI,96.7116,97.345,93.195,0.95,1041.91521568,100.86,394.4,2026-10-01
25L2997442,CRI,Even Construtora e Incorporadora S/A,VERT COMPANHIA SECURITIZADORA,ª,2032-12-15,"101,5% do DI",,,,,,,,2026-10-01
CRA026002BD,CRA,BRF S.A.,ECO SECURITIZADORA DE DIREITOS CREDITÓRIOS DO AGRONEGÓCIO S.A.,1ª,2030-10-15,"101,5% do DI",,,,,,,,2026-10-01
24D3313768,CRI,CURY CONSTRUTORA E INCORPORADORA S.A.,TRUE SECURITIZADORA S/A,1ª,2027-05-31,102% do DI,99.332,,96.7333,0.58,1050.20249382,100.21,154.04,2026-10-01
CRA023003UX,CRA,ENGELHART CTP,OPEA SECURITIZADORA S/A,1ª,2027-03-15,102% do DI,94.7222,96.2725,92.1225,1.08,1010.31576356,100.4,110.0,2026-10-01
CRA02500669,CRA,BRF S.A,ECO SECURITIZADORA DE DIREITOS CREDITÓRIOS DO AGRONEGÓCIO S.A.,1ª,2029-07-16,102% do DI,,,,,,,,2026-10-01
CRA025008HM,CRA,Cocal Comercio Industria Canaa Acucar e Alcool S.A.,VERT COMPANHIA SECURITIZADORA,1ª,2031-09-15,102% do DI,,,,,,,,2026-10-01
24F1277566,CRI,DIRECIONAL ENGENHARIA S.A.,OPEA SECURITIZADORA S/A,1ª,2029-07-16,103% do DI,100.9977,,,0.33,1036.01842235,100.61,585.86,2026-10-01
CRA02300209,CRA,ENGELHART CTP,VERT COMPANHIA SECURITIZADORA,1ª,2027-01-15,103% do DI,93.0895,,,3.01,1033.42669686,100.36,71.0,2026-10-01
25G5313879,CRI,MOURA DUBEUX ENGENHARIA S.A.,VERT COMPANHIA SECURITIZADORA,1ª,2030-07-15,"103,75% do DI",106.6188,,,2.39,995.36451126,98.91,739.33,2026-10-01
CRA025008N8,CRA,3Tentos,OPEA SECURITIZADORA S/A,1ª,2030-10-15,"103,75% do DI",109.8489,117.4935,102.6513,0.25,1040.77678801,97.64,753.21,2026-10-01
22J0346710,CRI,BANCO BTG PACTUAL S.A.,OPEA SECURITIZADORA S/A,1ª,2027-01-15,104% do DI,,,,,,,,2026-10-01
CRA0240066A,CRA,CAMIL ALIMENTOS S.A.,ECO SECURITIZADORA DE DIREITOS CREDITÓRIOS DO AGRONEGÓCIO S.A.,1ª,2029-06-15,104% do DI,120.9095,121.5466,114.5466,4.73,992.74444501,95.22,559.51,2026-10-01
CRA025006SR,CRA,Boa Safra II,OPEA SECURITIZADORA S/A,1ª,2032-02-16,104% do DI,,,,,,,,2026-10-01
CRA025007KD,CRA,CEREAL COMÉRCIO EXPORTAÇÃO E REPRESENTAÇÃO AGROPECUÁRIA S.A.,ECO SECURITIZADORA DE DIREITOS CREDITÓRIOS DO AGRONEGÓCIO S.A.,1ª,2030-09-16,104% do DI,,,,,,,,2026-10-01
CRA025002S1,CRA,MINERVA S.A.,RIZA SECURITIZADORA S.A.,1ª,2030-04-15,"104,5% do DI",130.4311,,124.58,0.64,974.04306016,91.34,668.85,2026-10-01
CRA025005V5,CRA,MINERVA S.A.,RIZA SECURITIZADORA S.A.,1ª,2030-07-15,"104,5% do DI",129.8186,,124.6083,0.41,935.15388281,90.77,731.85,2026-10-01
24D0006602,CRI,ALLOS S.A.,OPEA SECURITIZADORA S/A,2ª,2029-04-16,105% do DI,98.8252,101.9533,,0.69,1084.55830173,101.67,521.46,2026-10-01
25E0013305,CRI,JHSF IV,OPEA SECURITIZADORA S/A,2ª,2030-05-15,105% do DI,105.2788,,,0.9,1053.7177053,99.9,700.57,2026-10-01
CRA02300TSB,CRA,BANCO BTG PACTUAL S.A.,OPEA SECURITIZADORA S/A,1ª,2033-12-15,105% do DI,95.5004,,,1.0,1104.20331604,105.87,1161.51,2026-10-01
CRA02400AYL,CRA,MINERVA S.A.,RIZA SECURITIZADORA S.A.,1ª,2029-11-16,105% do DI,126.534,,124.5,4.96,984.21141109,93.31,618.51,2026-10-01
CRA025008C3,CRA,Neomille S.A.,ECO SECURITIZADORA DE DIREITOS CREDITÓRIOS DO AGRONEGÓCIO S.A.,3ª,2032-12-15,105% do DI,,,,,,,,2026-10-01
CRA02500AC9,CRA,,ECO SECURITIZADORA DE DIREITOS CREDITÓRIOS DO AGRONEGÓCIO S.A.,1ª,2030-11-15,105% do DI,,,,,,,,2026-10-01
CRA02500AHT,CRA,C. Vale - Cooperativa Agroindustrial,ECO SECURITIZADORA DE DIREITOS CREDITÓRIOS DO AGRONEGÓCIO S.A.,1ª,2030-11-15,"105,5% do DI",,,,,,,,2026-10-01
CRA025005EI,CRA,GDM Genética do Brasil S.A.,ECO SECURITIZADORA DE DIREITOS CREDITÓRIOS DO AGRONEGÓCIO S.A.,2ª,2032-07-15,"105,75% do DI",108.811,115.9504,101.5311,0.28,1014.83914266,98.47,964.47,2026-10-01
23K0018802,CRI,MULTIPLAN EMPREENDIMENTOS IMOBILIÁRIOS S.A.,RIZA SECURITIZADORA S.A.,2ª,2031-01-15,106% do DI,99.0041,,96.2466,0.2,1055.57403142,102.42,661.1,2026-10-01
CRA025006NA,CRA,Lar Cooperativa Agroindustrial,ECO SECURITIZADORA DE DIREITOS CREDITÓRIOS DO AGRONEGÓCIO S.A.,1ª,2030-08-15,106% do DI,111.6021,,109.0,0.06,987.13078035,98.07,669.93,2026-10-01
23K0019201,CRI,DIRECIONAL ENGENHARIA S.A.,TRUE SECURITIZADORA S/A,2ª,2028-11-16,"106,5% do DI",,,,,,,,2026-10-01
CRA026001JL,CRA,Lar Cooperativa Agroindustrial,ECO SECURITIZADORA DE DIREITOS CREDITÓRIOS DO AGRONEGÓCIO S.A.,1ª,2031-03-15,"106,5% do DI",,,,,,,,2026-10-01
25H0243072,CRI,BTSA,RIZA SECURITIZADORA S.A.,2ª,2032-08-16,107% do DI,,,,,,,,2026-10-01
CRA02300NRL,CRA,BANCO BTG PACTUAL S.A.,OPEA SECURITIZADORA S/A,1ª,2033-11-16,107% do DI,96.9533,,,1.05,1119.14652681,106.06,1133.65,2026-10-01
CRA025003UZ,CRA,COOXUPÉ - COOPERATIVA REGIONAL DE,VERT COMPANHIA SECURITIZADORA,2ª,2030-06-17,"107,5% do DI",115.6989,,110.0,3.32,1016.16806898,97.33,636.18,2026-10-01
CRA02300CYQ,CRA,BANCO BTG PACTUAL S.A.,OPEA SECURITIZADORA S/A,1ª,2033-07-15,109% do DI,96.2236,98.36,93.5266,0.38,1110.73014371,107.68,1122.22,2026-10-01
CRA02300HWH,CRA,BANCO BTG PACTUAL S.A.,OPEA SECURITIZADORA S/A,1ª,2033-09-15,109% do DI,97.8263,100.0633,94.73,1.35,1076.58161157,106.94,1162.19,2026-10-01
24I1980390,CRI,MRV ENGENHARIA E PARTICIPAÇÕES S.A,OPEA SECURITIZADORA S/A,1ª,2029-10-15,110% do DI,130.8731,138.99,128.2666,1.09,1003.62351425,93.8,590.71,2026-10-01
25B3099731,CRI,IGUATEMI PPPH PARTICIPAÇÕES LTDA.,OPEA SECURITIZADORA S/A,1ª,2030-02-18,96% do DI,99.0377,101.5033,96.1366,0.32,1004.8012056,98.91,700.34,2026-10-01
25D0012202,CRI,CYRELA BRAZIL REALTY S.A. EMPREENDIMENTOS,COMPANHIA PROVÍNCIA DE SECURITIZAÇÃO,1ª,2029-04-15,96% do DI,99.1466,,,0.31,1051.86293565,99.15,528.1,2026-10-01
25J4546988,CRI,CYRELA BRAZIL REALTY S.A. EMPREENDIMENTOS E,COMPANHIA PROVÍNCIA DE SECURITIZAÇÃO,1ª,2032-11-16,"96,5% do DI",,,,,,,,2026-10-01
25D0012203,CRI,CYRELA BRAZIL REALTY S.A. EMPREENDIMENTOS E PARTICIPAÇÕES,COMPANHIA PROVÍNCIA DE SECURITIZAÇÃO,2ª,2030-04-15,97% do DI,,,,,,,,2026-10-01
26C3164285,CRI,Allos VI,OPEA SECURITIZADORA S/A,1ª,2031-03-12,97% do DI,98.6858,100.8733,96.1066,0.19,999.0131142,99.26,849.18,2026-10-01
26G0012801,CRI,Cury III,OPEA SECURITIZADORA S/A,1ª,2032-07-06,97% do DI,,,,,,,,2026-10-01
CRA025003PD,CRA,SÃO MARTINHO S.A.,VERT COMPANHIA SECURITIZADORA,1ª,2032-06-15,97% do DI,105.0347,,102.5,1.14,996.70030817,95.87,1001.27,2026-10-01
24H1684874,CRI,SOCIEDADE BENEFICENTE ISRAELITA BRASILEIRA HOSPITAL ALBERT EINSTEIN,RIZA SECURITIZADORA S.A.,1ª,2029-08-17,"97,5% do DI",98.0066,100.17,,0.47,869.3263155,99.91,365.25,2026-10-01
24D2765586,CRI,CYRELA BRAZIL REALTY S.A.,COMPANHIA PROVÍNCIA DE SECURITIZAÇÃO,1ª,2028-04-15,98% do DI,99.0422,101.1866,96.875,0.14,707.27299777,99.88,232.39,2026-10-01
25G3629974,CRI,PLANO E PLANO II,RIZA SECURITIZADORA S.A.,1ª,2030-07-15,98% do DI,104.8736,,103.07,0.35,1001.10091985,97.35,751.34,2026-10-01
25I0014209,CRI,Multiplan,OPEA SECURITIZADORA S/A,1ª,2035-09-19,98% do DI,,,,,,,,2026-10-01
CRA024004H5,CRA,SÃO MARTINHO S.A.,RIZA SECURITIZADORA S.A.,1ª,2027-04-12,98% do DI,98.9966,102.6633,,1.5,1062.65650874,99.94,121.33,2026-10-01
25G3629975,CRI,PLANO E PLANO II,RIZA SECURITIZADORA S.A.,2ª,2031-07-15,99% do DI,105.1308,,103.245,0.58,999.66114679,97.19,893.15,2026-10-01
CRA025009Q2,CRA,Jalles Machado S.A.,ECO SECURITIZADORA DE DIREITOS CREDITÓRIOS DO AGRONEGÓCIO S.A.,1ª,2031-10-15,99% do DI,,,,,,,,2026-10-01
24E1393588,CRI,MULTIPLAN EMPREENDIMENTOS IMOBILIÁRIOS S.A.,RIZA SECURITIZADORA S.A.,1ª,2029-05-17,"99,5% do DI",99.0167,,,0.65,1051.90887498,100.11,454.24,2026-10-01
CRA025008NB,CRA,Bem Brasil Alimentos S.A.,ECO SECURITIZADORA DE DIREITOS CREDITÓRIOS DO AGRONEGÓCIO S.A.,ª,2032-10-15,"DI + 0,33%",1.4,2.3,0.7428,0.0,1026.26675123,96.35,877.83,2026-10-01
CRA024009Q2,CRA,MARFRIG GLOBAL FOODS S.A.,ECO SECURITIZADORA DE DIREITOS CREDITÓRIOS DO AGRONEGÓCIO S.A.,1ª,2031-10-15,"DI + 0,35%",3.0152,,2.6323,0.11,971.84250661,91.24,870.72,2026-10-01
22D1289009,CRI,CYRELA BRAZIL REALTY S.A.,OPEA SECURITIZADORA S/A,489ª,2027-06-15,"DI + 0,4%",0.345,0.5347,0.168,0.07,1042.55453638,100.04,164.99,2026-10-01
CRA02400AYN,CRA,MINERVA S.A.,RIZA SECURITIZADORA S.A.,3ª,2031-11-17,"DI + 0,4%",3.6933,4.468,2.2408,0.56,939.01510949,89.12,886.23,2026-10-01
CRA02500003,CRA,BOA SAFRA SEMENTES S.A.,OPEA SECURITIZADORA S/A,2ª,2030-01-15,"DI + 0,4%",1.94,,1.5523,0.16,989.18546852,96.05,664.71,2026-10-01
CRA0250018J,CRA,MARFRIG GLOBAL FOODS S.A.,ECO SECURITIZADORA DE DIREITOS CREDITÓRIOS DO AGRONEGÓCIO S.A.,3ª,2035-04-16,"DI + 0,4%",3.2404,,2.6757,0.47,940.97792192,88.32,1094.44,2026-10-01
CRA025007PT,CRA,SLC AGRÍCOLA S.A.,OPEA SECURITIZADORA S/A,1ª,2033-09-22,"DI + 0,4%",1.2868,1.6973,0.8,0.22,965.00698964,96.2,1105.71,2026-10-01
CRA025002S2,CRA,MINERVA S.A.,RIZA SECURITIZADORA S.A.,3ª,2032-04-15,"DI + 0,5%",3.6345,,,0.24,951.41344547,89.26,916.93,2026-10-01
23J0019601,CRI,Iguatemi,OPEA SECURITIZADORA S/A,1ª,2028-10-16,"DI + 0,55%",,,,,,,,2026-10-01
23K0018602,CRI,MULTIPLAN EMPREENDIMENTOS IMOBILIÁRIOS S.A.,RIZA SECURITIZADORA S.A.,1ª,2031-01-15,"DI + 0,6%",,,,,,,,2026-10-01
24B0013201,CRI,SOMA,RIZA SECURITIZADORA S.A.,1ª,2028-02-15,"DI + 0,6%",,,,,,,,2026-10-01
23H1188857,CRI,RAIA DROGASIL S.A.,OPEA SECURITIZADORA S/A,2ª,2027-09-15,"DI + 0,65%",0.1468,,,0.14,1011.09310938,100.46,230.0,2026-10-01
CRA02300RS5,CRA,CAMIL ALIMENTOS S.A.,ECO SECURITIZADORA DE DIREITOS CREDITÓRIOS DO AGRONEGÓCIO S.A.,1ª,2028-11-16,"DI + 0,65%",3.902,4.448,3.6063,0.77,996.11442444,94.45,451.2,2026-10-01
22C0023008,CRI,RAIA DROGASIL S.A.,OPEA SECURITIZADORA S/A,495ª,2027-03-08,"DI + 0,7%",0.1972,,,0.16,505.6693077,100.21,105.0,2026-10-01
23K0018401,CRI,DIRECIONAL ENGENHARIA S.A.,OPEA SECURITIZADORA S/A,1ª,2028-11-16,"DI + 0,7%",,,,,,,,2026-10-01
CRA02300GCY,CRA,IPIRANGA PRODUTOS DE PETRÓLEO S.A.,VERT COMPANHIA SECURITIZADORA,2ª,2027-07-16,"DI + 0,7%",,,,,,,,2026-10-01
CRA025005V6,CRA,MINERVA S.A.,RIZA SECURITIZADORA S.A.,2ª,2033-07-15,"DI + 0,7%",3.576,,3.139,0.26,917.2020143,89.01,1024.48,2026-10-01
22E1325261,CRI,HYPERA S.A.,OPEA SECURITIZADORA S/A,1ª,2027-08-16,"DI + 0,75%",0.5286,,,0.02,1019.42490545,100.18,208.97,2026-10-01
22F0230096,CRI,RAIA DROGASIL S.A.,OPEA SECURITIZADORA S/A,1ª,2029-06-26,"DI + 0,75%",0.2233,,,0.14,1048.40944375,101.0,477.85,2026-10-01
22K0934871,CRI,BCBF PARTICIPAÇÕES S.A.,RIZA SECURITIZADORA S.A.,1ª,2027-12-15,"DI + 0,75%",14.9823,,13.2706,0.77,903.37281962,86.59,273.3,2026-10-01
22I0970801,CRI,NATURA COSMÉTICOS S.A.,RIZA SECURITIZADORA S.A.,1ª,2027-09-15,"DI + 0,8%",0.4079,0.5747,0.2247,0.0,1010.10932608,100.36,229.92,2026-10-01
22J0305579,CRI,DIAGNÓSTICOS DA AMÉRICA S.A.,VERT COMPANHIA SECURITIZADORA,1ª,2027-10-15,"DI + 0,8%",5.3997,10.0,2.8,1.32,1024.07645243,95.94,233.71,2026-10-01
CRA02300JG2,CRA,JBS S.A.,RIZA SECURITIZADORA S.A.,2ª,2028-09-15,"DI + 0,8%",0.5403,1.1608,-0.0591,0.08,1011.12585642,100.46,443.14,2026-10-01
CRA02300NRM,CRA,BANCO BTG PACTUAL S.A.,OPEA SECURITIZADORA S/A,2ª,2033-11-16,"DI + 0,8%",-0.1378,,,0.26,1099.53067821,104.25,1131.14,2026-10-01
CRA0240066F,CRA,BRF S.A.,ECO SECURITIZADORA DE DIREITOS CREDITÓRIOS DO AGRONEGÓCIO S.A.,1ª,2029-06-15,"DI + 0,8%",3.3068,,,0.21,988.08021143,94.7,557.01,2026-10-01
22E1315701,CRI,EVEN CONSTRUTORA E INCORPORADORA S.A.,OPEA SECURITIZADORA S/A,1ª,2028-09-18,"DI + 0,9%",1.2733,,,0.03,962.56347831,99.67,227.48,2026-10-01
23J1142031,CRI,YDUQS PARTICIPAÇÕES S.A.,OPEA SECURITIZADORA S/A,2ª,2028-10-13,"DI + 0,9%",,,,,,,,2026-10-01
CRA022008NC,CRA,SOROCABA REFRESCOS S.A.,ECO SECURITIZADORA DE DIREITOS CREDITÓRIOS DO AGRONEGÓCIO S.A.,1ª,2029-08-15,"DI + 0,9%",1.2045,2.0,0.4,0.03,759.57668665,99.51,410.8,2026-10-01
CRA023000GP,CRA,"VAMOS LOCAÇÃO DE CAMINHÕES, MÁQUINAS E EQUIPAMENTOS S.A.",ECO SECURITIZADORA DE DIREITOS CREDITÓRIOS DO AGRONEGÓCIO S.A.,1ª,2028-01-17,"DI + 0,9%",4.1256,5.0,3.25,0.0,993.21489648,96.34,297.95,2026-10-01
CRA024007K9,CRA,COOXUPÉ - COOPERATIVA REGIONAL DE CAFEICULTORES EM GUAXUPÉ LTDA.,VERT COMPANHIA SECURITIZADORA,1ª,2029-07-16,"DI + 0,9%",1.4971,2.0985,0.6,0.07,1019.13679196,98.86,489.83,2026-10-01
22F0315398,CRI,LOCALIZA RENT A CAR S.A.,RIZA SECURITIZADORA S.A.,1ª,2027-06-07,"DI + 0,95%",0.5149,,,0.21,1050.29865963,100.27,158.67,2026-10-01
CRA024002MJ,CRA,MARFRIG GLOBAL FOODS S.A.,ECO SECURITIZADORA DE DIREITOS CREDITÓRIOS DO AGRONEGÓCIO S.A.,1ª,2029-03-15,"DI + 0,95%",3.1784,,,0.29,961.13322465,95.48,532.38,2026-10-01
23H0027402,CRI,REDE D'OR SÃO LUIZ S.A.,OPEA SECURITIZADORA S/A,1ª,2028-08-15,DI + 1%,0.1508,0.338,-0.0285,0.08,1032.31752093,101.42,421.11,2026-10-01
CRA022006HJ,CRA,SÃO SALVADOR ALIMENTOS S.A.,ECO SECURITIZADORA DE DIREITOS CREDITÓRIOS DO AGRONEGÓCIO S.A.,1ª,2027-07-15,DI + 1%,1.1134,1.7085,0.3,0.01,1030.28964314,99.92,186.7,2026-10-01
CRA022008C9,CRA,COMPANHIA DE LOCAÇÃO DAS AMÉRICAS,ECO SECURITIZADORA DE DIREITOS CREDITÓRIOS DO AGRONEGÓCIO S.A.,2ª,2028-09-15,DI + 1%,0.7498,1.1548,0.4957,0.07,1011.01220419,100.44,442.51,2026-10-01
CRA022008CB,CRA,JALLES MACHADO S.A.,ECO SECURITIZADORA DE DIREITOS CREDITÓRIOS DO AGRONEGÓCIO S.A.,1ª,2032-08-09,DI + 1%,1.4196,,1.1234,0.11,993.98346861,98.47,934.68,2026-10-01
23H1191899,CRI,RAIA DROGASIL S.A.,OPEA SECURITIZADORA S/A,3ª,2030-09-16,"DI + 1,1%",0.3555,,,0.23,1027.69513631,102.09,705.05,2026-10-01
CRA024002S1,CRA,MINERVA S.A.,RIZA SECURITIZADORA S.A.,1ª,2029-03-15,"DI + 1,1%",3.2978,4.3047,2.7523,0.61,961.94274212,95.56,531.64,2026-10-01
CRA02400AHV,CRA,CEREAL COMÉRCIO EXPORTAÇÃO E REPRESENTAÇÃO AGROPECUÁRIA S.A.,RIZA SECURITIZADORA S.A.,1ª,2029-11-16,"DI + 1,1%",1.8217,2.506,0.7,0.01,1038.2082165,98.26,616.89,2026-10-01
23F2455020,CRI,Assai,TRUE SECURITIZADORA S/A,3ª,2028-07-15,"DI + 1,15%",,,,,,,,2026-10-01
CRA023000MC,CRA,"VAMOS LOCAÇÃO DE CAMINHÕES, MÁQUINAS E EQUIPAMENTOS S.A.",ECO SECURITIZADORA DE DIREITOS CREDITÓRIOS DO AGRONEGÓCIO S.A.,2ª,2030-01-15,"DI + 1,2%",5.2105,5.634,4.05,0.49,1439.76710156,88.13,819.0,2026-10-01
CRA024001P7,CRA,JSL S.A.,ECO SECURITIZADORA DE DIREITOS CREDITÓRIOS DO AGRONEGÓCIO S.A.,3ª,2031-02-17,"DI + 1,2%",5.0009,5.75,4.25,0.01,923.05790118,90.66,663.48,2026-10-01
CRA024007Q4,CRA,SLC MÁQUINAS LTDA.,OPEA SECURITIZADORA S/A,2ª,2031-08-15,"DI + 1,2%",1.35,2.0508,0.7308,0.16,1014.14581132,99.61,668.96,2026-10-01
23C0247388,CRI,LOCALIZA RENT A CAR S.A.,RIZA SECURITIZADORA S.A.,1ª,2028-03-10,"DI + 1,25%",0.5767,,,0.2,1017.43374994,100.89,335.61,2026-10-01
23G0009601,CRI,DIMED S.A.,OPEA SECURITIZADORA S/A,1ª,2028-07-27,"DI + 1,3%",,,,,,,,2026-10-01
23C0247702,CRI,LOCALIZA RENT A CAR S.A.,RIZA SECURITIZADORA S.A.,2ª,2030-03-11,"DI + 1,4%",0.386,,,0.05,1037.00084407,102.82,699.43,2026-10-01
CRA022008NF,CRA,IRANI PAPEL E EMBALAGEM S.A.,ECO SECURITIZADORA DE DIREITOS CREDITÓRIOS DO AGRONEGÓCIO S.A.,1ª,2027-08-16,"DI + 1,4%",1.0753,1.6628,0.58,0.17,1021.10556319,100.27,208.6,2026-10-01
CRA023002GX,CRA,INTEGRADA COOPERATIVA AGROINDUSTRIAL,ECO SECURITIZADORA DE DIREITOS CREDITÓRIOS DO AGRONEGÓCIO S.A.,1ª,2028-05-15,"DI + 1,4%",1.45,2.8,0.1,0.0,422.86393234,99.95,261.47,2026-10-01
23J1127308,CRI,MOVIDA PARTICIPAÇÕES S.A.,OPEA SECURITIZADORA S/A,1ª,2028-10-16,"DI + 1,45%",4.5549,4.85,,0.36,1017.21161496,95.01,426.21,2026-10-01
22C1235206,CRI,HAVAN S.A.,OPEA SECURITIZADORA S/A,463ª,2027-04-27,"DI + 1,5%",0.6484,,,0.16,1006.77685996,100.45,134.2,2026-10-01
23I1257218,CRI,JSL S.A.,OPEA SECURITIZADORA S/A,2ª,2030-09-16,"DI + 1,5%",,,,,,,,2026-10-01
CRA0220080Y,CRA,NEOMILLE S.A.,ECO SECURITIZADORA DE DIREITOS CREDITÓRIOS DO AGRONEGÓCIO S.A.,1ª,2028-04-03,"DI + 1,5%",1.8217,2.6488,0.9688,0.09,429.66167692,99.71,231.87,2026-10-01
CRA02300G7E,CRA,MARFRIG GLOBAL FOODS S.A.,ECO SECURITIZADORA DE DIREITOS CREDITÓRIOS DO AGRONEGÓCIO S.A.,2ª,2028-08-15,"DI + 1,5%",3.1637,,,0.3,991.36422786,97.33,418.36,2026-10-01
CRA02300MJ9,CRA,MINERVA S.A.,RIZA SECURITIZADORA S.A.,1ª,2028-09-15,"DI + 1,5%",2.2047,2.8185,0.54,1.12,994.76074385,98.8,440.48,2026-10-01
CRA024003UY,CRA,LAR COOPERATIVA AGROINDUSTRIAL,ECO SECURITIZADORA DE DIREITOS CREDITÓRIOS DO AGRONEGÓCIO S.A.,2ª,2029-04-16,"DI + 1,55%",1.6325,2.7,0.5,0.04,1005.46395372,99.86,437.88,2026-10-01
CRA0240020A,CRA,VICUNHA TÊXTIL S.A.,RIZA SECURITIZADORA S.A.,1ª,2029-02-15,"DI + 1,6%",,,,,,,,2026-10-01
CRA0240099E,CRA,VALE DO TIJUCO AÇÚCAR E ÁLCOOL S.A.,ECO SECURITIZADORA DE DIREITOS CREDITÓRIOS DO AGRONEGÓCIO S.A.,1ª,2034-10-16,"DI + 1,6%",2.7602,,2.45,0.73,1026.35382255,95.8,943.69,2026-10-01
CRA025009KJ,CRA,Salton,OPEA SECURITIZADORA S/A,1ª,2031-12-09,"DI + 1,6%",,,,,,,,2026-10-01
24A2720884,CRI,DIAGNÓSTICAS DA AMÉRICA S.A.,VERT COMPANHIA SECURITIZADORA,1ª,2029-01-15,"DI + 1,63%",5.3969,10.0,2.5,1.05,962.33050875,93.2,485.83,2026-10-01
22L1465644,CRI,ÂNIMA HOLDING S.A.,RIZA SECURITIZADORA S.A.,1ª,2027-12-15,"DI + 1,65%",2.4791,2.65,1.9247,0.19,998.0372708,99.12,275.42,2026-10-01
CRA0230073L,CRA,J. MACÊDO S.A.,RIZA SECURITIZADORA S.A.,1ª,2028-04-17,"DI + 1,65%",,,,,,,,2026-10-01
23F0012002,CRI,LOG COMMERCIAL PROPERTIES E PARTICIPAÇÕES S.A.,OPEA SECURITIZADORA S/A,1ª,2028-06-26,"DI + 1,7%",,,,,,,,2026-10-01
23L2043099,CRI,Unidas,OPEA SECURITIZADORA S/A,1ª,2028-12-15,"DI + 1,7%",,,,,,,,2026-10-01
CRA02300VBT,CRA,UNIDAS LOCAÇÕES E SERVIÇOS S.A.,OPEA SECURITIZADORA S/A,1ª,2028-12-15,"DI + 1,7%",1.279,1.859,0.5257,0.21,1054.40083785,100.78,469.58,2026-10-01
CRA022008NH,CRA,IRANI PAPEL E EMBALAGEM S.A.,ECO SECURITIZADORA DE DIREITOS CREDITÓRIOS DO AGRONEGÓCIO S.A.,2ª,2029-08-15,"DI + 1,75%",0.9993,1.4323,0.4907,0.1,1034.18900274,101.51,509.23,2026-10-01
CRA0230012X,CRA,VALE DO PONTAL AÇÚCAR E ETANOL S.A.,ECO SECURITIZADORA DE DIREITOS CREDITÓRIOS DO AGRONEGÓCIO S.A.,1ª,2031-02-17,"DI + 1,8%",,,,,,,,2026-10-01
CRA0240005N,CRA,CEREAL COMÉRCIO EXPORTAÇÃO E REPRESENTAÇÃO AGROPECUÁRIA S.A.,RIZA SECURITIZADORA S.A.,1ª,2029-01-15,"DI + 1,8%",1.7229,2.486,0.4,0.03,1033.83255686,100.09,285.65,2026-10-01
24K0003002,CRI,PATRIMAR ENGENHARIA S.A.,RIZA SECURITIZADORA S.A.,1ª,2029-11-23,"DI + 1,95%",4.8582,5.3547,4.8228,1.66,995.82059026,94.24,528.97,2026-10-01
CRA02300Q8I,CRA,CAPAL COOPERATIVA AGROINDUSTRIAL,OPEA SECURITIZADORA S/A,1ª,2029-05-17,"DI + 1,95%",1.6999,2.55,0.8,0.0,605.59461831,100.34,351.31,2026-10-01
23H1023846,CRI,BR PROPERTIES S.A.,OPEA SECURITIZADORA S/A,1ª,2031-08-15,DI + 2%,1.3589,,1.2,0.14,939.84163455,101.75,694.3,2026-10-01
23J1333602,CRI,PATRIMAR ENGENHARIA S.A.,RIZA SECURITIZADORA S.A.,1ª,2028-10-20,DI + 2%,,,,,,,,2026-10-01
CRA022001P6,CRA,USINA BATATAIS S.A.,RIZA SECURITIZADORA S.A.,1ª,2028-04-20,DI + 2%,1.4058,2.3,0.5,0.03,1011.65960759,100.81,348.36,2026-10-01
CRA022008C2,CRA,VICUNHA TÊXTIL S.A.,RIZA SECURITIZADORA S.A.,2ª,2027-08-16,DI + 2%,,,,,,,,2026-10-01
CRA02300S8P,CRA,FS INDÚSTRIA DE BIOCOMBUSTÍVEIS LTDA.,ECO SECURITIZADORA DE DIREITOS CREDITÓRIOS DO AGRONEGÓCIO S.A.,2ª,2030-06-17,DI + 2%,4.1811,4.938,3.6028,0.35,949.03230969,94.23,703.39,2026-10-01
CRA024000B7,CRA,FS INDÚSTRIA DE BIOCOMBUSTÍVEIS LTDA.,ECO SECURITIZADORA DE DIREITOS CREDITÓRIOS DO AGRONEGÓCIO S.A.,2ª,2030-07-15,DI + 2%,4.1945,5.0,3.45,0.11,947.8382603,94.12,713.79,2026-10-01
CRA02300BQD,CRA,GJA INDÚSTRIAS S.A.,RIZA SECURITIZADORA S.A.,1ª,2029-07-16,"DI + 2,25%",,,,,,,,2026-10-01
CRA025000MJ,CRA,Integrada Cooperativa Agroindustrial,ECO SECURITIZADORA DE DIREITOS CREDITÓRIOS DO AGRONEGÓCIO S.A.,2ª,2029-05-15,"DI + 2,35%",2.2555,3.0,1.5,0.02,797.12154246,100.13,341.28,2026-10-01
22L1212138,CRI,LAR COOPERATIVA AGROINDUSTRIAL,HABITASEC SECURITIZADORA S.A.,2ª,2034-12-19,"DI + 2,45%",2.2239,2.9685,1.2185,0.13,911.12800324,100.62,710.36,2026-10-01
CRA02300KZL,CRA,FLORA PRODUTOS DE HIGIENE E LIMPEZA S.A.,OPEA SECURITIZADORA S/A,1ª,2029-10-15,"DI + 2,5%",2.0,3.0,1.0,0.0,788.48713764,100.64,328.0,2026-10-01
CRA024005K1,CRA,Natural One S.A.,ECO SECURITIZADORA DE DIREITOS CREDITÓRIOS DO AGRONEGÓCIO S.A.,1ª,2029-05-25,"DI + 2,5%",,,,,,,,2026-10-01
CRA02300795,CRA,FS INDÚSTRIA DE BIOCOMBUSTÍVEIS LTDA.,ECO SECURITIZADORA DE DIREITOS CREDITÓRIOS DO AGRONEGÓCIO S.A.,1ª,2029-10-15,"DI + 2,9%",4.154,4.8073,3.55,0.11,978.78440099,97.15,600.55,2026-10-01
CRA02300CCH,CRA,FS INDÚSTRIA DE BIOCOMBUSTÍVEIS LTDA.,ECO SECURITIZADORA DE DIREITOS CREDITÓRIOS DO AGRONEGÓCIO S.A.,1ª,2029-12-17,"DI + 2,9%",4.1495,4.809,3.6505,0.1,977.69229074,97.04,625.81,2026-10-01
CRA0250040I,CRA,Natural One S.A,ECO SECURITIZADORA DE DIREITOS CREDITÓRIOS DO AGRONEGÓCIO S.A.,1ª,2029-06-15,"DI + 2,9%",,,,,,,,2026-10-01
CRA0220099D,CRA,CENTRAL CRESOL BASER,ECO SECURITIZADORA DE DIREITOS CREDITÓRIOS DO AGRONEGÓCIO S.A.,1ª,2027-12-15,"DI + 2,95%",1.1088,1.9,0.5268,0.07,354.13138792,101.16,162.17,2026-10-01
CRA023003JX,CRA,OLFAR S.A.,RIZA SECURITIZADORA S.A.,1ª,2029-03-15,DI + 3%,2.1872,3.5,1.2588,0.02,726.8904696,101.0,317.24,2026-10-01
CRA0240086H,CRA,DISTRIBUIDORA DE PRODUTOS DE PETRÓLEO CHARRUA LTDA.,OPEA SECURITIZADORA S/A,1ª,2029-08-23,DI + 3%,3.3891,3.928,2.8263,0.35,996.19395419,99.25,505.24,2026-10-01
CRA0250012Y,CRA,FS FLORESTAL S.A.,ECO SECURITIZADORA DE DIREITOS CREDITÓRIOS DO AGRONEGÓCIO S.A.,2ª,2031-03-17,DI + 3%,4.1758,4.6714,3.6107,0.13,972.14090925,96.48,791.25,2026-10-01
23F0012602,CRI,FARMACIA E DROGARIA NISSEI S.A.,OPEA SECURITIZADORA S/A,1ª,2028-06-22,"DI + 3,5%",,,,,,,,2026-10-01
CRA022000RU,CRA,MADERO INDÚSTRIA E COMÉRCIO S.A.,ECO SECURITIZADORA DE DIREITOS CREDITÓRIOS DO AGRONEGÓCIO S.A.,2ª,2027-03-15,"DI + 3,5%",3.4055,,,0.39,140.65219135,100.02,58.46,2026-10-01
CRA024002MM,CRA,USINA SANTA FÉ S.A.,ECO SECURITIZADORA DE DIREITOS CREDITÓRIOS DO AGRONEGÓCIO S.A.,1ª,2029-12-17,DI + 4%,3.3207,4.751,1.3,0.65,890.30326015,100.94,360.41,2026-10-01
CRA02400ECU,CRA,USINA CORURIPE AÇÚCAR E ÁLCOOL S.A.,ECO SECURITIZADORA DE DIREITOS CREDITÓRIOS DO AGRONEGÓCIO S.A.,5ª,2030-11-25,"DI + 4,1%",4.5006,,,0.39,4999.94319295,99.35,425.72,2026-10-01
CRA023001JL,CRA,PISANI PLÁSTICOS S.A.,ECO SECURITIZADORA DE DIREITOS CREDITÓRIOS DO AGRONEGÓCIO S.A.,1ª,2029-02-20,DI + 5%,4.1444,,,0.15,544.74238579,100.87,266.45,2026-10-01
CRA02300KOH,CRA,TECSOIL AUTOMAÇÃO E SISTEMAS S.A.,OPEA SECURITIZADORA S/A,1ª,2028-10-16,"DI + 5,5%",3.1212,4.078,2.1655,0.02,715.21780186,102.1,231.0,2026-10-01
CRA02300JR6,CRA,RAÍZEN ENERGIA S.A.,TRUE SECURITIZADORA S/A,2ª,2033-10-17,IPCA + 0%,,,,,479.87632259,42.2,,2026-10-01
CRA019003JY,CRA,KLABIN S.A.,VERT COMPANHIA SECURITIZADORA,1ª,2029-06-15,"IPCA + 3,5%",7.3894,7.6157,7.1549,0.01,1398.31909502,94.17,407.09,2026-10-01
CRA019003V3,CRA,RAÍZEN ENERGIA S.A.,OPEA SECURITIZADORA S/A,2ª,2029-07-16,"IPCA + 3,602%",,,,,690.67452181,47.15,,2026-10-01
CRA021000MG,CRA,M. DIAS BRANCO S.A. INDÚSTRIA E COMÉRCIO DE ALIMENTOS,RIZA SECURITIZADORA S.A.,1ª,2028-03-15,"IPCA + 3,7992%",8.2049,,7.7779,0.3,1291.75488233,94.3,355.94,2026-10-01
CRA021000MH,CRA,M. DIAS BRANCO S.A. INDÚSTRIA E COMÉRCIO DE ALIMENTOS,RIZA SECURITIZADORA S.A.,2ª,2031-03-15,"IPCA + 4,1369%",8.5631,,8.0543,0.37,1199.98871861,87.58,797.49,2026-10-01
CRA02100002,CRA,COCAL COMÉRCIO INDÚSTRIA CANAÃ AÇÚCAR E ÁLCOOL LTDA.,RIZA SECURITIZADORA S.A.,2ª,2028-02-15,"IPCA + 4,2095%",,,,,,,,2026-10-01
CRA021000MB,CRA,COLOMBO AGROINDÚSTRIA S.A.,ECO SECURITIZADORA DE DIREITOS CREDITÓRIOS DO AGRONEGÓCIO S.A.,1ª,2027-03-15,"IPCA + 4,4474%",7.2753,7.9511,5.8471,1.07,672.55120276,98.84,110.0,2026-10-01
CRA021001PQ,CRA,MARFRIG GLOBAL FOODS S.A.,OPEA SECURITIZADORA S/A,1ª,2028-07-15,"IPCA + 4,5%",12.6589,,12.2395,0.22,1170.95625051,87.96,429.51,2026-10-01
CRA019001E7,CRA,KLABIN S.A.,VERT COMPANHIA SECURITIZADORA,2ª,2029-03-15,"IPCA + 4,5081%",7.3093,7.5775,7.0848,0.12,1459.28998317,96.44,342.86,2026-10-01
CRA021001VA,CRA,MARFRIG GLOBAL FOODS S.A.,OPEA SECURITIZADORA S/A,2ª,2031-07-15,"IPCA + 4,6%",12.4788,,11.2398,0.21,1040.49904565,78.14,844.62,2026-10-01
21G0065100,CRI,ALIANSCE SONAE SHOPPING CENTERS S.A.,RB CAPITAL INVESTIMENTOS DTVM LTDA,347ª,2028-07-17,"IPCA + 4,6197%",8.0802,,7.8503,0.18,1258.44039122,94.61,428.8,2026-10-01
CRA0210013B,CRA,BRF S.A.,VERT COMPANHIA SECURITIZADORA,1ª,2031-05-15,"IPCA + 4,7843%",12.0136,12.5473,10.8275,1.11,1041.5201117,76.35,1006.92,2026-10-01
CRA021001KB,CRA,COMPANHIA DE LOCAÇÃO DAS AMÉRICAS,ECO SECURITIZADORA DE DIREITOS CREDITÓRIOS DO AGRONEGÓCIO S.A.,1ª,2031-07-15,"IPCA + 4,825%",8.2525,8.9462,7.5796,0.11,1199.59743835,89.62,853.69,2026-10-01
CRA021002SO,CRA,IPIRANGA PRODUTOS DE PETRÓLEO S.A.,VERT COMPANHIA SECURITIZADORA,1ª,2028-09-15,"IPCA + 4,8287%",8.2157,8.7736,7.8945,0.35,1230.96818883,94.21,472.18,2026-10-01
21D0737500,CRI,DIRECIONAL ENGENHARIA S.A.,OPEA SECURITIZADORA S/A,371ª,2028-04-17,"IPCA + 4,8444%",7.4551,,,0.29,879.93135692,97.59,249.25,2026-10-01
21D0862572,CRI,REDE D'OR SÃO LUIZ S.A.,OPEA SECURITIZADORA S/A,324ª,2036-05-15,"IPCA + 4,9347%",8.4322,,8.3084,0.15,1097.08251978,79.93,1688.78,2026-10-01
21H1078699,CRI,SENDAS DISTRIBUIDORA S.A.,OPEA SECURITIZADORA S/A,428ª,2028-10-16,"IPCA + 5,1531%",10.9575,11.4162,10.63,0.47,1186.6359989,90.3,477.45,2026-10-01
21H1078700,CRI,SENDAS DISTRIBUIDORA S.A.,OPEA SECURITIZADORA S/A,429ª,2031-10-15,"IPCA + 5,2662%",12.0357,,,0.05,1056.02209537,80.32,873.35,2026-10-01
CRA020002GZ,CRA,BRF S.A.,VERT COMPANHIA SECURITIZADORA,1ª,2027-07-15,"IPCA + 5,3%",10.3587,11.3046,7.8932,1.03,1404.04337467,96.49,191.77,2026-10-01
21D0694886,CRI,CONSTRUTORA TENDA S.A.,OPEA SECURITIZADORA S/A,378ª,2028-04-17,"IPCA + 5,3621%",9.4538,,,0.04,888.05476285,96.35,244.86,2026-10-01
CRA021002NF,CRA,PETROBRAS DISTRIBUIDORA S.A.,RIZA SECURITIZADORA S.A.,1ª,2031-09-15,"IPCA + 5,3995%",8.9786,9.4261,8.3199,0.28,1160.82981117,88.68,901.33,2026-10-01
CRA020001P7,CRA,RAÍZEN ENERGIA S.A.,OPEA SECURITIZADORA S/A,1ª,2027-06-15,"IPCA + 5,4%",,,,,644.44969885,45.29,,2026-10-01
CRA021000RX,CRA,MINERVA S.A.,RIZA SECURITIZADORA S.A.,1ª,2028-04-17,"IPCA + 5,5034%",12.716,,11.4498,0.06,1258.0799032,90.87,364.06,2026-10-01
21I0278118,CRI,LOG COMMERCIAL PROPERTIES E PARTICIPAÇÕES S.A.,RIZA SECURITIZADORA S.A.,362ª,2028-09-15,"IPCA + 5,5212%",,,,,,,,2026-10-01
21K0001806,CRI,REDE D'OR SÃO LUIZ S.A.,OPEA SECURITIZADORA S/A,396ª,2031-12-15,"IPCA + 5,5758%",8.5086,8.7668,8.2319,0.02,1163.57690851,90.39,923.24,2026-10-01
CRA021000RY,CRA,MINERVA S.A.,RIZA SECURITIZADORA S.A.,39ª,2031-04-15,"IPCA + 5,578%",11.52,,10.6545,0.31,1168.75293981,84.39,771.95,2026-10-01
CRA020002H1,CRA,BRF S.A.,VERT COMPANHIA SECURITIZADORA,2ª,2030-07-15,"IPCA + 5,6%",12.027,12.4689,10.3367,0.87,1254.17021628,86.14,629.95,2026-10-01
CRA022002Y1,CRA,NORSA REFRIGERANTES S.A.,RIZA SECURITIZADORA S.A.,1ª,2027-03-15,"IPCA + 5,685%",,,,,,,,2026-10-01
CRA020003PY,CRA,"VAMOS LOCAÇÃO DE CAMINHÕES, MÁQUINAS E EQUIPAMENTOS S.A.",ECO SECURITIZADORA DE DIREITOS CREDITÓRIOS DO AGRONEGÓCIO S.A.,1ª,2030-11-18,"IPCA + 5,7315%",13.1011,13.8758,12.0531,0.59,1190.43742685,82.95,689.9,2026-10-01
21K0001812,CRI,ULTRA SOM SERVIÇOS MÉDICOS S.A.,RIZA SECURITIZADORA S.A.,378ª,2031-12-15,"IPCA + 5,7505%",20.5088,24.2845,18.4869,1.43,762.8698084,59.52,967.59,2026-10-01
CRA021002YA,CRA,CARAMURU ALIMENTOS S.A.,ECO SECURITIZADORA DE DIREITOS CREDITÓRIOS DO AGRONEGÓCIO S.A.,1ª,2027-09-15,"IPCA + 5,7641%",9.0961,10.6134,7.0962,0.01,249.6595916,97.15,234.52,2026-10-01
CRA020001P8,CRA,RAÍZEN ENERGIA S.A.,TRUE SECURITIZADORA S/A,2ª,2030-06-17,"IPCA + 5,8%",,,,,643.18656557,45.16,,2026-10-01
22D1289007,CRI,REDE D'OR SÃO LUIZ S.A.,OPEA SECURITIZADORA S/A,508ª,2029-06-15,"IPCA + 5,83%",8.2295,8.5448,7.9045,0.03,1149.83817656,94.61,621.91,2026-10-01
22D1289010,CRI,CYRELA BRAZIL REALTY S.A.,OPEA SECURITIZADORA S/A,490ª,2027-06-15,"IPCA + 5,9068%",7.2425,,6.6055,0.76,1226.46913135,99.16,169.47,2026-10-01
CRA022002Y2,CRA,NORSA REFRIGERANTES S.A.,RIZA SECURITIZADORA S.A.,2ª,2029-03-15,"IPCA + 5,9169%",8.6038,,8.5426,0.65,1161.37803844,95.49,462.87,2026-10-01
CRA022006N5,CRA,IPIRANGA PRODUTOS DE PETRÓLEO S.A.,VERT COMPANHIA SECURITIZADORA,1ª,2032-06-15,"IPCA + 6,0053%",8.4583,9.0988,8.0716,0.23,1107.04689745,91.19,1009.64,2026-10-01
22D1289008,CRI,REDE D'OR SÃO LUIZ S.A.,OPEA SECURITIZADORA S/A,509ª,2032-06-15,"IPCA + 6,01%",,,,,,,,2026-10-01
CRA022002Y3,CRA,NORSA REFRIGERANTES S.A.,RIZA SECURITIZADORA S.A.,3ª,2032-03-15,"IPCA + 6,0392%",,,,,,,,2026-10-01
21K0001807,CRI,REDE D'OR SÃO LUIZ S.A.,OPEA SECURITIZADORA S/A,397ª,2036-12-15,"IPCA + 6,1017%",8.5423,,8.2973,0.01,1101.49296403,85.44,1715.55,2026-10-01
22K0001201,CRI,PETRÓLEO BRASILEIRO S.A. - PETROBRAS,OPEA SECURITIZADORA S/A,1ª,2030-04-15,"IPCA + 6,2%",7.3346,7.5334,,0.02,1189.34105972,96.7,795.94,2026-10-01
23H0027403,CRI,REDE D'OR SÃO LUIZ S.A.,OPEA SECURITIZADORA S/A,2ª,2030-08-15,"IPCA + 6,2%",8.4768,8.7102,8.2163,0.05,1075.96587621,92.96,864.84,2026-10-01
CRA022006MY,CRA,Dexco S.A.,ECO SECURITIZADORA DE DIREITOS CREDITÓRIOS DO AGRONEGÓCIO S.A.,2ª,2032-06-15,"IPCA + 6,2%",,,,,,,,2026-10-01
22K0001203,CRI,PETRÓLEO BRASILEIRO S.A. - PETROBRAS,OPEA SECURITIZADORA S/A,2ª,2032-11-16,"IPCA + 6,25%",7.4439,7.6107,,0.03,1192.63019594,94.61,1243.17,2026-10-01
22E1325262,CRI,HYPERA S.A.,OPEA SECURITIZADORA S/A,2ª,2029-08-15,"IPCA + 6,279%",8.7037,8.8607,8.3143,0.11,1134.16750125,94.24,661.51,2026-10-01
CRA021002YF,CRA,J. MACÊDO S.A.,ECO SECURITIZADORA DE DIREITOS CREDITÓRIOS DO AGRONEGÓCIO S.A.,1ª,2026-11-16,"IPCA + 6,3071%",7.3481,8.6526,5.564,0.28,61.29705568,99.92,19.44,2026-10-01
CRA02300S35,CRA,CAMIL ALIMENTOS S.A.,ECO SECURITIZADORA DE DIREITOS CREDITÓRIOS DO AGRONEGÓCIO S.A.,2ª,2030-11-18,"IPCA + 6,3416%",12.8637,,11.9784,0.04,966.56679209,82.84,788.57,2026-10-01
22C1362141,CRI,MATEUS SUPERMERCADOS S.A.,OPEA SECURITIZADORA S/A,1ª,2034-07-17,"IPCA + 6,3423%",10.5968,,10.3559,1.53,821.56371457,88.08,791.79,2026-10-01
22B0004808,CRI,CSN CIMENTOS S.A.,RIZA SECURITIZADORA S.A.,417ª,2032-02-16,"IPCA + 6,3893%",16.8783,20.5286,12.9956,0.1,878.11834871,70.38,920.07,2026-10-01
CRA022008N6,CRA,JBS S.A.,RIZA SECURITIZADORA S.A.,2ª,2032-09-15,"IPCA + 6,3919%",9.2586,10.8204,7.6467,0.04,1076.79128233,89.32,1063.37,2026-10-01
22K0001204,CRI,PETRÓLEO BRASILEIRO S.A. - PETROBRAS,OPEA SECURITIZADORA S/A,3ª,2037-11-16,"IPCA + 6,4%",,,,,,,,2026-10-01
24B0013203,CRI,CIDADE MARAVILHOSA INDÚSTRIA E COMÉRCIO DE ROUPAS S.A.,RIZA SECURITIZADORA S.A.,3ª,2030-02-15,"IPCA + 6,4%",12.3002,,11.9834,1.87,981.72935987,86.88,652.77,2026-10-01
CRA02300CYS,CRA,BANCO BTG PACTUAL S.A.,OPEA SECURITIZADORA S/A,3ª,2033-07-15,"IPCA + 6,4338%",7.3351,,,0.14,1113.28765006,95.47,1381.82,2026-10-01
22E1325264,CRI,HYPERA S.A.,OPEA SECURITIZADORA S/A,3ª,2032-08-16,"IPCA + 6,4451%",9.0254,,,0.06,1089.47347126,90.51,1042.58,2026-10-01
CRA024001P6,CRA,JSL S.A.,ECO SECURITIZADORA DE DIREITOS CREDITÓRIOS DO AGRONEGÓCIO S.A.,2ª,2031-02-17,"IPCA + 6,4527%",13.9525,14.3408,11.8996,0.7,923.26982219,81.61,742.77,2026-10-01
22E1095384,CRI,MRV ENGENHARIA E PARTICIPAÇÕES S.A.,OPEA SECURITIZADORA S/A,1ª,2030-09-16,"IPCA + 6,4802%",,,,,,,,2026-10-01
21J0001208,CRI,TENDA ATACADO S.A.,RIZA SECURITIZADORA S.A.,306ª,2026-10-15,"IPCA + 6,4803%",12.2003,,11.2372,0.89,440.72359147,99.81,9.0,2026-10-01
22F0009804,CRI,DIRECIONAL ENGENHARIA S.A.,OPEA SECURITIZADORA S/A,1ª,2032-06-15,"IPCA + 6,4899%",8.8227,,8.5317,0.03,1113.24563306,91.72,999.1,2026-10-01
22F0009409,CRI,GJA INDÚSTRIAS S.A.,RIZA SECURITIZADORA S.A.,1ª,2029-06-15,"IPCA + 6,5%",,,,,,,,2026-10-01
CRA022003JT,CRA,BEM BRASIL ALIMENTOS S.A.,ECO SECURITIZADORA DE DIREITOS CREDITÓRIOS DO AGRONEGÓCIO S.A.,1ª,2029-05-15,"IPCA + 6,5348%",9.2857,10.8208,7.3405,0.51,1183.07374723,96.3,370.96,2026-10-01
CRA022004MS,CRA,"VAMOS LOCAÇÃO DE CAMINHÕES, MÁQUINAS E EQUIPAMENTOS S.A.",ECO SECURITIZADORA DE DIREITOS CREDITÓRIOS DO AGRONEGÓCIO S.A.,1ª,2032-05-17,"IPCA + 6,5473%",14.2022,,12.901,0.16,939.64058746,76.58,949.65,2026-10-01
23H0027404,CRI,REDE D'OR SÃO LUIZ S.A.,OPEA SECURITIZADORA S/A,3ª,2033-08-15,"IPCA + 6,55%",8.608,,8.2016,0.02,1054.97174853,91.11,1218.63,2026-10-01
CRA022008NB,CRA,RAÍZEN ENERGIA S.A.,OPEA SECURITIZADORA S/A,1ª,2032-08-16,"IPCA + 6,5885%",,,,,573.16915044,47.34,,2026-10-01
22B0006022,CRI,MRV ENGENHARIA E PARTICIPAÇÕES S.A.,RIZA SECURITIZADORA S.A.,442ª,2029-02-15,"IPCA + 6,5954%",12.4329,,,0.61,1139.50523523,91.1,438.71,2026-10-01
CRA024004SA,CRA,JBS S.A.,RIZA SECURITIZADORA S.A.,2ª,2034-05-15,"IPCA + 6,5975%",9.3076,10.7311,7.5712,0.08,981.04074456,86.29,1459.83,2026-10-01
22J0306937,CRI,DIAGNÓSTICOS DA AMÉRICA S.A.,VERT COMPANHIA SECURITIZADORA,2ª,2029-10-15,"IPCA + 6,6%",13.1939,14.912,11.0037,0.46,1049.60138231,85.14,670.97,2026-10-01
CRA02300G7F,CRA,MARFRIG GLOBAL FOODS S.A.,ECO SECURITIZADORA DE DIREITOS CREDITÓRIOS DO AGRONEGÓCIO S.A.,3ª,2030-08-15,"IPCA + 6,6%",12.8112,,,0.09,955.91170944,82.47,850.75,2026-10-01
CRA022008C7,CRA,COMPANHIA DE LOCAÇÃO DAS AMÉRICAS,ECO SECURITIZADORA DE DIREITOS CREDITÓRIOS DO AGRONEGÓCIO S.A.,1ª,2028-09-15,"IPCA + 6,6018%",8.4306,8.7207,7.6951,0.39,1167.31137013,96.9,466.46,2026-10-01
24E1835896,CRI,HSL,TRUE SECURITIZADORA S/A,1ª,2034-06-15,"IPCA + 6,6075%",,,,,,,,2026-10-01
CRA022007KI,CRA,COCAL COMÉRCIO INDÚSTRIA CANAÃ AÇÚCAR E ÁLCOOL LTDA.,RIZA SECURITIZADORA S.A.,1ª,2030-08-15,"IPCA + 6,6234%",10.6254,,9.5624,0.26,1089.14851246,90.9,648.03,2026-10-01
CRA02300JG3,CRA,JBS S.A.,RIZA SECURITIZADORA S.A.,3ª,2030-09-16,"IPCA + 6,6441%",9.1824,10.337,7.6103,0.04,1057.49861409,92.1,879.46,2026-10-01
CRA022008N7,CRA,JBS S.A.,RIZA SECURITIZADORA S.A.,3ª,2037-09-15,"IPCA + 6,6614%",9.2633,10.2237,7.4832,0.15,1012.13197942,83.95,1795.18,2026-10-01
CRA022000XF,CRA,MARFRIG GLOBAL FOODS S.A.,ECO SECURITIZADORA DE DIREITOS CREDITÓRIOS DO AGRONEGÓCIO S.A.,3ª,2032-01-15,"IPCA + 6,663%",12.4604,12.7811,12.1083,0.23,1042.78381887,82.37,911.25,2026-10-01
CRA02300JG4,CRA,JBS S.A.,RIZA SECURITIZADORA S.A.,4ª,2033-09-15,"IPCA + 6,6634%",9.2848,10.3923,7.6161,0.01,1018.79366663,88.72,1231.57,2026-10-01
24F1277567,CRI,DIRECIONAL ENGENHARIA S.A.,OPEA SECURITIZADORA S/A,2ª,2031-07-15,"IPCA + 6,6747%",8.7639,,8.4931,0.06,1039.66482802,93.07,929.78,2026-10-01
23L1737622,CRI,REDE D'OR SÃO LUIZ S.A.,OPEA SECURITIZADORA S/A,1ª,2033-12-15,"IPCA + 6,6941%",,,,,,,,2026-10-01
22G1414303,CRI,SENDAS DISTRIBUIDORA S.A.,OPEA SECURITIZADORA S/A,3ª,2029-09-17,"IPCA + 6,7%",11.637,,,0.1,1087.34745317,90.24,569.47,2026-10-01
CRA022008ND,CRA,RAÍZEN ENERGIA S.A.,OPEA SECURITIZADORA S/A,2ª,2037-08-17,"IPCA + 6,7382%",,,,,528.37925208,43.6,,2026-10-01
CRA0240066J,CRA,SLC AGRICOLA II,RIZA SECURITIZADORA S.A.,3ª,2031-07-15,"IPCA + 6,7469%",9.0847,9.8397,8.272,0.34,1032.09818935,92.18,943.3,2026-10-01
22J0306938,CRI,DIAGNÓSTICOS DA AMÉRICA S.A.,VERT COMPANHIA SECURITIZADORA,3ª,2032-10-15,"IPCA + 6,75%",13.2757,15.4241,10.7818,0.42,966.66759385,78.36,1014.69,2026-10-01
CRA0240020C,CRA,VICUNHA II,RIZA SECURITIZADORA S.A.,3ª,2031-02-15,"IPCA + 6,7641%",,,,,,,,2026-10-01
CRA022007EP,CRA,KLABIN S.A.,VERT COMPANHIA SECURITIZADORA,1ª,2034-05-15,"IPCA + 6,7694%",7.8161,8.2118,7.5945,0.12,1149.61135601,94.42,1475.4,2026-10-01
CRA024004SB,CRA,JBS S.A.,RIZA SECURITIZADORA S.A.,3ª,2039-05-16,"IPCA + 6,7825%",8.951,10.1131,7.4383,0.1,971.78483417,85.42,1931.09,2026-10-01
CRA0240086K,CRA,SEARA ALIMENTOS LTDA.,RIZA SECURITIZADORA S.A.,2ª,2034-09-15,"IPCA + 6,7931%",8.8248,10.0258,7.5916,0.06,979.39876259,88.98,1545.75,2026-10-01
CRA024002ML,CRA,MARFRIG GLOBAL FOODS S.A.,ECO SECURITIZADORA DE DIREITOS CREDITÓRIOS DO AGRONEGÓCIO S.A.,3ª,2034-03-15,"IPCA + 6,7996%",12.7216,,12.0512,0.08,847.50916875,75.63,1275.51,2026-10-01
22I0970804,CRI,NATURA COSMÉTICOS S.A.,RIZA SECURITIZADORA S.A.,2ª,2029-09-17,"IPCA + 6,8%",9.0526,,8.8824,0.16,1140.19530535,94.52,679.18,2026-10-01
CRA0240066B,CRA,CAMIL ALIMENTOS S.A.,ECO SECURITIZADORA DE DIREITOS CREDITÓRIOS DO AGRONEGÓCIO S.A.,2ª,2031-06-16,"IPCA + 6,8286%",12.6439,,11.7475,0.08,934.05185653,82.71,892.24,2026-10-01
CRA0220079D,CRA,BRF S.A.,VERT COMPANHIA SECURITIZADORA,2ª,2032-07-15,"IPCA + 6,8344%",12.7967,,12.185,0.05,987.94215977,80.46,993.55,2026-10-01
CRA0240086L,CRA,SEARA ALIMENTOS LTDA.,RIZA SECURITIZADORA S.A.,3ª,2044-09-15,"IPCA + 6,8408%",9.2553,9.7925,8.3319,0.52,888.78620576,80.75,2319.67,2026-10-01
CRA02300SV1,CRA,"VAMOS LOCAÇÃO DE CAMINHÕES, MÁQUINAS E EQUIPAMENTOS S.A.",ECO SECURITIZADORA DE DIREITOS CREDITÓRIOS DO AGRONEGÓCIO S.A.,3ª,2033-11-16,"IPCA + 6,8453%",,,,,,,,2026-10-01
CRA022006HK,CRA,SÃO SALVADOR ALIMENTOS S.A.,ECO SECURITIZADORA DE DIREITOS CREDITÓRIOS DO AGRONEGÓCIO S.A.,2ª,2030-07-15,"IPCA + 6,8911%",8.8191,9.9939,7.7069,0.0,1154.21758545,95.63,628.02,2026-10-01
22I0970868,CRI,NATURA COSMÉTICOS S.A.,RIZA SECURITIZADORA S.A.,3ª,2032-09-15,"IPCA + 6,9%",9.2585,,,0.31,1100.4727801,91.23,1054.46,2026-10-01
23L1737623,CRI,REDE D'OR SÃO LUIZ S.A.,OPEA SECURITIZADORA S/A,2ª,2038-12-15,"IPCA + 6,9527%",8.5451,,8.185,0.11,1035.97092987,89.27,1906.41,2026-10-01
CRA022004S9,CRA,"VAMOS LOCAÇÃO DE CAMINHÕES, MÁQUINAS E EQUIPAMENTOS S.A.",ECO SECURITIZADORA DE DIREITOS CREDITÓRIOS DO AGRONEGÓCIO S.A.,2ª,2037-05-15,"IPCA + 6,9739%",13.5814,,12.3022,1.06,826.61071473,67.26,1576.2,2026-10-01
CRA02300JG5,CRA,JBS S.A.,RIZA SECURITIZADORA S.A.,5ª,2038-09-15,"IPCA + 6,9938%",9.6653,10.2566,8.5184,0.56,951.62036614,82.86,1876.04,2026-10-01
CRA024004SC,CRA,JBS S.A.,RIZA SECURITIZADORA S.A.,4ª,2044-05-16,"IPCA + 6,9947%",9.6206,10.6183,8.4811,0.49,912.90339953,80.18,2196.13,2026-10-01
CRA022004XY,CRA,USINA CERRADÃO S.A.,ECO SECURITIZADORA DE DIREITOS CREDITÓRIOS DO AGRONEGÓCIO S.A.,1ª,2028-05-15,"IPCA + 6,9949%",7.8874,,7.6133,0.19,812.10880966,99.13,263.29,2026-10-01
22F0009410,CRI,GJA INDÚSTRIAS S.A.,RIZA SECURITIZADORA S.A.,2ª,2032-06-15,IPCA + 7%,11.6852,,,0.27,1010.19627617,84.49,978.92,2026-10-01
23F1519397,CRI,MOVIDA PARTICIPAÇÕES S.A.,OPEA SECURITIZADORA S/A,3ª,2028-06-16,IPCA + 7%,13.3448,13.8018,,0.46,1069.05263206,91.25,399.93,2026-10-01
24G1674104,CRI,JHSF PARTICIPAÇÕES S.A.,OPEA SECURITIZADORA S/A,4ª,2034-07-17,"IPCA + 7,0163%",8.9269,,,0.08,895.44258411,92.43,1105.76,2026-10-01
CRA02200C6Y,CRA,MARFRIG GLOBAL FOODS S.A.,ECO SECURITIZADORA DE DIREITOS CREDITÓRIOS DO AGRONEGÓCIO S.A.,1ª,2029-10-15,"IPCA + 7,0383%",12.5277,,11.207,0.17,1073.00064873,87.52,667.56,2026-10-01
CRA024007PU,CRA,SOROCABA REFRESCOS S.A.,ECO SECURITIZADORA DE DIREITOS CREDITÓRIOS DO AGRONEGÓCIO S.A.,2ª,2034-08-15,"IPCA + 7,05%",9.7246,10.2449,8.7321,0.43,970.40046697,87.45,1353.93,2026-10-01
22K0934880,CRI,BCBF PARTICIPAÇÕES S.A.,RIZA SECURITIZADORA S.A.,2ª,2029-12-17,"IPCA + 7,0913%",21.4341,25.0303,18.3252,1.12,853.15560219,70.31,694.83,2026-10-01
CRA022006HE,CRA,AÇO VERDE DO BRASIL S.A.,RIZA SECURITIZADORA S.A.,1ª,2029-06-15,"IPCA + 7,1543%",10.0031,10.8583,9.0214,0.45,1168.13073451,96.0,389.88,2026-10-01
CRA023000RT,CRA,"VAMOS LOCAÇÃO DE CAMINHÕES, MÁQUINAS E EQUIPAMENTOS S.A.",ECO SECURITIZADORA DE DIREITOS CREDITÓRIOS DO AGRONEGÓCIO S.A.,3ª,2030-01-15,"IPCA + 7,1638%",13.9405,,12.7186,0.1,1002.78816487,83.71,725.42,2026-10-01
CRA022006BU,CRA,CARAMURU ALIMENTOS S.A.,ECO SECURITIZADORA DE DIREITOS CREDITÓRIOS DO AGRONEGÓCIO S.A.,1ª,2029-07-16,"IPCA + 7,2043%",10.7641,11.6365,8.7827,1.3,686.13915995,94.84,405.82,2026-10-01
CRA0220073P,CRA,MINERVA S.A.,RIZA SECURITIZADORA S.A.,1ª,2029-07-16,"IPCA + 7,2063%",12.0398,,11.0741,0.93,1080.53249508,89.53,629.75,2026-10-01
CRA0240066K,CRA,BRF S.A.,ECO SECURITIZADORA DE DIREITOS CREDITÓRIOS DO AGRONEGÓCIO S.A.,3ª,2034-06-15,"IPCA + 7,2336%",12.5042,12.7066,12.0818,0.2,881.22475282,78.03,1272.12,2026-10-01
22K0934889,CRI,BCBF PARTICIPAÇÕES S.A.,RIZA SECURITIZADORA S.A.,3ª,2034-12-15,"IPCA + 7,2792%",21.1397,23.785,17.7696,1.54,644.13114008,53.06,1213.03,2026-10-01
CRA024001QA,CRA,ZAMP S.A.,RIZA SECURITIZADORA S.A.,3ª,2029-02-15,"IPCA + 7,3%",9.9444,,9.5595,0.69,1077.6707113,94.83,548.41,2026-10-01
CRA024007Q5,CRA,SLC MÁQUINAS LTDA.,OPEA SECURITIZADORA S/A,3ª,2031-08-15,"IPCA + 7,31%",9.8792,10.2049,9.051,0.62,1034.19183604,93.26,738.81,2026-10-01
CRA02200C6Z,CRA,MARFRIG GLOBAL FOODS S.A.,ECO SECURITIZADORA DE DIREITOS CREDITÓRIOS DO AGRONEGÓCIO S.A.,2ª,2032-10-15,"IPCA + 7,3352%",12.7795,,11.3332,0.07,1004.06372572,81.79,1005.56,2026-10-01
24A2721507,CRI,DASA,VERT COMPANHIA SECURITIZADORA,3ª,2031-01-15,"IPCA + 7,3402%",13.3049,13.7844,10.8939,1.67,960.93850093,83.82,814.61,2026-10-01
CRA022006HF,CRA,AÇO VERDE DO BRASIL S.A.,RIZA SECURITIZADORA S.A.,2ª,2032-06-15,"IPCA + 7,3686%",10.277,11.3395,9.2119,0.4,1096.87105277,90.09,976.49,2026-10-01
CRA024009Q4,CRA,MARFRIG GLOBAL FOODS S.A.,ECO SECURITIZADORA DE DIREITOS CREDITÓRIOS DO AGRONEGÓCIO S.A.,3ª,2034-10-16,"IPCA + 7,3693%",12.913,,12.2218,0.09,864.94994049,76.71,1287.92,2026-10-01
22E1314836,CRI,SÃO CARLOS EMPREENDIMENTOS E PARTICIPAÇÕES S.A.,OPEA SECURITIZADORA S/A,1ª,2029-09-17,"IPCA + 7,3826%",,,,,,,,2026-10-01
CRA022001E2,CRA,FS AGRISOLUTIONS INDÚSTRIA DE BIOCOMBUSTÍVEIS LTDA.,ECO SECURITIZADORA DE DIREITOS CREDITÓRIOS DO AGRONEGÓCIO S.A.,2ª,2029-02-15,"IPCA + 7,3913%",12.0387,12.4699,11.2512,0.48,1171.13207612,94.76,316.62,2026-10-01
CRA022004SD,CRA,FS AGRISOLUTIONS INDÚSTRIA DE BIOCOMBUSTÍVEIS LTDA.,ECO SECURITIZADORA DE DIREITOS CREDITÓRIOS DO AGRONEGÓCIO S.A.,2ª,2029-05-15,"IPCA + 7,3913%",11.8797,12.4598,11.2195,0.32,1164.82055764,94.19,365.04,2026-10-01
CRA02400AHZ,CRA,REFRESCOS BANDEIRANTES INDÚSTRIA E COMÉRCIO LTDA.,RIZA SECURITIZADORA S.A.,2ª,2034-11-16,"IPCA + 7,41%",10.6847,,,1.18,950.69321865,85.03,1338.05,2026-10-01
24J2539865,CRI,JHSF PARTICIPAÇÕES S.A.,OPEA SECURITIZADORA S/A,1ª,2034-10-16,"IPCA + 7,4183%",8.9677,,8.6656,0.11,1046.79239543,92.6,1341.34,2026-10-01
CRA0240005O,CRA,CEREAL COMÉRCIO EXPORTAÇÃO E REPRESENTAÇÃO AGROPECUÁRIA S.A.,RIZA SECURITIZADORA S.A.,2ª,2029-01-15,"IPCA + 7,4367%",9.1137,10.3209,7.61,0.08,1124.28769122,98.16,300.4,2026-10-01
CRA022004H5,CRA,NARDINI AGROINDUSTRIAL LTDA.,OPEA SECURITIZADORA S/A,1ª,2028-04-15,"IPCA + 7,4986%",,,,,,,,2026-10-01
23L2043184,CRI,UNIDAS LOCADORA S.A.,OPEA SECURITIZADORA S/A,3ª,2030-12-16,"IPCA + 7,5%",9.9572,,9.4843,0.17,1081.06074279,93.04,801.64,2026-10-01
CRA024009Q5,CRA,MARFRIG GLOBAL FOODS S.A.,ECO SECURITIZADORA DE DIREITOS CREDITÓRIOS DO AGRONEGÓCIO S.A.,4ª,2039-10-17,"IPCA + 7,5395%",,,,,,,,2026-10-01
CRA02300MOQ,CRA,MINERVA S.A.,RIZA SECURITIZADORA S.A.,3ª,2030-09-16,"IPCA + 7,5408%",12.6883,13.3978,9.7907,0.82,995.46082419,86.7,763.93,2026-10-01
23L0034761,CRI,FARO ENERGY PROJETOS SOLARES HOLDING S.A.,OPEA SECURITIZADORA S/A,1ª,2038-12-15,"IPCA + 7,5702%",,,,,,,,2026-10-01
CRA0250080Y,CRA,ELDORADO BRASIL CELULOSE S.A.,OPEA SECURITIZADORA S/A,3ª,2040-09-17,"IPCA + 7,6%",8.658,,8.2984,0.46,962.37277393,91.82,2168.12,2026-10-01
24A2722748,CRI,DIAGNÓSTICOS DA AMÉRICA S.A.,VERT COMPANHIA SECURITIZADORA,5ª,2034-01-16,"IPCA + 7,6075%",14.7902,16.1265,12.2716,1.35,837.24435909,72.99,1191.58,2026-10-01
25D0012204,CRI,CYRELA BRAZIL REALTY S.A.,COMPANHIA PROVÍNCIA DE SECURITIZAÇÃO,3ª,2032-04-15,"IPCA + 7,6693%",8.4462,,8.1596,0.06,1060.1428429,97.1,1029.57,2026-10-01
23J1127331,CRI,MOVIDA PARTICIPAÇÕES S.A.,OPEA SECURITIZADORA S/A,3ª,2033-10-17,"IPCA + 7,7279%",,,,,,,,2026-10-01
CRA0250080X,CRA,ELDORADO BRASIL CELULOSE S.A.,OPEA SECURITIZADORA S/A,2ª,2035-09-17,"IPCA + 7,7281%",8.6618,,8.3525,0.35,990.41012341,94.49,1645.74,2026-10-01
CRA02400AYK,CRA,BEM BRASIL ALIMENTOS S.A.,ECO SECURITIZADORA DE DIREITOS CREDITÓRIOS DO AGRONEGÓCIO S.A.,ª,2031-11-17,"IPCA + 7,737%",9.9183,11.0633,7.7903,0.04,1023.20028317,93.24,875.66,2026-10-01
CRA0230073N,CRA,J. MACÊDO S.A.,RIZA SECURITIZADORA S.A.,2ª,2030-04-15,"IPCA + 7,8%",8.2832,9.3161,7.3132,0.01,1027.52343737,99.28,403.83,2026-10-01
CRA025003PJ,CRA,SEARA,RIZA SECURITIZADORA S.A.,3ª,2055-05-17,"IPCA + 7,8%",,,,,,,,2026-10-01
CRA024003UZ,CRA,LAR COOPERATIVA AGROINDUSTRIAL,ECO SECURITIZADORA DE DIREITOS CREDITÓRIOS DO AGRONEGÓCIO S.A.,3ª,2031-04-15,"IPCA + 7,8363%",9.6668,10.1917,9.3696,0.22,1061.39916535,95.01,764.13,2026-10-01
CRA021004NV,CRA,LAR COOPERATIVA AGROINDUSTRIAL,ECO SECURITIZADORA DE DIREITOS CREDITÓRIOS DO AGRONEGÓCIO S.A.,1ª,2026-11-15,"IPCA + 7,8749%",9.6528,,5.6375,2.69,434.12902292,99.78,30.0,2026-10-01
CRA0250066B,CRA,BRF S.A.,ECO SECURITIZADORA DE DIREITOS CREDITÓRIOS DO AGRONEGÓCIO S.A.,3ª,2035-07-16,"IPCA + 7,9064%",,,,,,,,2026-10-01
22E1321749,CRI,COGNA EDUCAÇÃO S.A.,OPEA SECURITIZADORA S/A,2ª,2029-07-16,"IPCA + 7,9273%",9.2721,9.6058,8.9437,0.02,1181.10263935,97.46,522.81,2026-10-01
CRA0240005P,CRA,CEREAL COMÉRCIO EXPORTAÇÃO E REPRESENTAÇÃO AGROPECUÁRIA S.A.,RIZA SECURITIZADORA S.A.,3ª,2031-01-15,"IPCA + 7,9443%",9.5319,10.6781,8.0134,0.12,1093.30550384,95.36,817.88,2026-10-01
22E1321750,CRI,COGNA EDUCAÇÃO S.A.,OPEA SECURITIZADORA S/A,3ª,2032-07-15,"IPCA + 8,0031%",,,,,,,,2026-10-01
CRA025009EZ,CRA,Seara Alimentos Ltda.,ECO SECURITIZADORA DE DIREITOS CREDITÓRIOS DO AGRONEGÓCIO S.A.,4ª,2065-10-15,"IPCA + 8,0313%",,,,,,,,2026-10-01
CRA0250020C,CRA,BRF S.A.,ECO SECURITIZADORA DE DIREITOS CREDITÓRIOS DO AGRONEGÓCIO S.A.,2ª,2035-04-16,"IPCA + 8,04%",11.9168,12.5234,9.3501,1.07,888.08671916,81.06,1459.3,2026-10-01
CRA02200795,CRA,ADUBOS ARAGUAIA INDÚSTRIA E COMÉRCIO LTDA.,ECO SECURITIZADORA DE DIREITOS CREDITÓRIOS DO AGRONEGÓCIO S.A.,1ª,2027-07-15,"IPCA + 8,1191%",9.5654,,,0.21,600.31940162,99.0,190.22,2026-10-01
CRA0250020D,CRA,BRF S.A.,ECO SECURITIZADORA DE DIREITOS CREDITÓRIOS DO AGRONEGÓCIO S.A.,3ª,2040-04-16,"IPCA + 8,2345%",12.3206,12.7111,10.0975,1.51,833.9282366,76.06,1761.77,2026-10-01
CRA0250018K,CRA,MARFRIG GLOBAL FOODS S.A.,ECO SECURITIZADORA DE DIREITOS CREDITÓRIOS DO AGRONEGÓCIO S.A.,4ª,2040-04-16,"IPCA + 8,2503%",13.476,,12.4429,0.45,780.62788347,70.98,1705.83,2026-10-01
CRA0250018L,CRA,MARFRIG GLOBAL FOODS S.A,ECO SECURITIZADORA DE DIREITOS CREDITÓRIOS DO AGRONEGÓCIO S.A.,5ª,2045-04-17,"IPCA + 8,3405%",13.8543,,,0.2,729.8977832,66.34,1849.85,2026-10-01
CRA0240099F,CRA,VALE DO TIJUCO AÇÚCAR E ÁLCOOL S.A.,ECO SECURITIZADORA DE DIREITOS CREDITÓRIOS DO AGRONEGÓCIO S.A.,2ª,2034-10-16,"IPCA + 8,3558%",10.5572,,9.7558,0.36,1033.32486842,91.2,1141.43,2026-10-01
CRA0250020E,CRA,BRF S.A.,ECO SECURITIZADORA DE DIREITOS CREDITÓRIOS DO AGRONEGÓCIO S.A.,3ª,2045-04-17,"IPCA + 8,38%",10.5083,,9.3397,0.24,924.17391747,84.23,2127.82,2026-10-01
CRA02500BVX,CRA,BRF S.A.,ECO SECURITIZADORA DE DIREITOS CREDITÓRIOS DO AGRONEGÓCIO S.A.,5ª,2055-12-15,"IPCA + 8,3857%",,,,,,,,2026-10-01
CRA025008C2,CRA,Neomille S.A.,ECO SECURITIZADORA DE DIREITOS CREDITÓRIOS DO AGRONEGÓCIO S.A.,2ª,2032-12-15,"IPCA + 8,4473%",9.0151,,8.7735,0.18,1045.53391891,97.67,1133.79,2026-10-01
CRA02400AHX,CRA,CEREAL COMÉRCIO EXPORTAÇÃO E,RIZA SECURITIZADORA S.A.,3ª,2034-11-16,"IPCA + 8,4704%",9.8227,11.4353,8.1767,0.05,1056.04640861,93.68,1319.27,2026-10-01
CRA025008HR,CRA,Nardini II,OPEA SECURITIZADORA S/A,ª,2032-10-15,"IPCA + 8,4773%",,,,,,,,2026-10-01
CRA025006NC,CRA,LAR COOPERATIVA AGROINDUSTRIAL,ECO SECURITIZADORA DE DIREITOS CREDITÓRIOS DO AGRONEGÓCIO S.A.,3ª,2032-08-16,"IPCA + 8,7268%",,,,,,,,2026-10-01
CRA0250005M,CRA,Boa Safra,OPEA SECURITIZADORA S/A,3ª,2032-01-15,"IPCA + 8,7384%",,,,,,,,2026-10-01
CRA0250005L,CRA,Boa Safra,OPEA SECURITIZADORA S/A,4ª,2035-01-15,"IPCA + 8,9518%",,,,,,,,2026-10-01
CRA02300796,CRA,FS INDÚSTRIA DE BIOCOMBUSTÍVEIS LTDA.,ECO SECURITIZADORA DE DIREITOS CREDITÓRIOS DO AGRONEGÓCIO S.A.,2ª,2029-10-15,"IPCA + 8,9555%",12.0234,12.5127,11.4319,0.32,1079.08358781,92.93,663.44,2026-10-01
CRA023003JY,CRA,OLFAR S.A.,RIZA SECURITIZADORA S.A.,2ª,2030-03-15,"IPCA + 8,9738%",9.4247,10.727,8.3666,0.19,1158.98622997,99.28,438.65,2026-10-01
23F2455004,CRI,SENDAS DISTRIBUIDORA S.A.,OPEA SECURITIZADORA S/A,2ª,2027-07-15,,16.6575,,15.5857,1.84,992.1748406,96.84,188.16,2026-10-01
23I1259644,CRI,JSL,OPEA SECURITIZADORA S/A,4ª,2030-09-15,,,,,,,,,2026-10-01
23J1141681,CRI,YDUQS PARTICIPAÇÕES S.A.,OPEA SECURITIZADORA S/A,1ª,2028-10-16,,14.821,,,0.36,995.47772874,94.7,445.53,2026-10-01
23K0018801,CRI,MULTIPLAN EMPREENDIMENTOS IMOBILIÁRIOS S.A.,RIZA SECURITIZADORA S.A.,3ª,2031-01-15,,,,,,,,,2026-10-01
23K0022041,CRI,Cogna,TRUE SECURITIZADORA S/A,2ª,2028-11-15,,15.0398,,14.64,0.31,1013.56601508,96.86,358.62,2026-10-01
24A2715837,CRI,DIAGNÓSTICOS DA AMÉRICA S.A.,VERT COMPANHIA SECURITIZADORA,2ª,2029-01-15,,19.4258,,18.2533,1.03,907.49471039,88.48,498.64,2026-10-01
24A2721829,CRI,DIAGNÓSTICOS DA AMÉRICA S.A,VERT COMPANHIA SECURITIZADORA,4ª,2031-01-15,,19.6501,,18.7981,0.59,862.67347893,84.02,738.49,2026-10-01
25A1946535,CRI,Cury,OPEA SECURITIZADORA S/A,3ª,2032-01-15,,15.0227,,,0.05,1033.091802,100.19,804.47,2026-10-01
25D0271049,CRI,Log,OPEA SECURITIZADORA S/A,3ª,2032-04-15,,,,,,,,,2026-10-01
CRA02300G7D,CRA,MARFRIG GLOBAL FOODS S.A.,ECO SECURITIZADORA DE DIREITOS CREDITÓRIOS DO AGRONEGÓCIO S.A.,1ª,2027-08-16,,17.9296,,,0.3,963.32046731,95.06,210.56,2026-10-01
CRA02300HWK,CRA,BANCO BTG PACTUAL S.A.,OPEA SECURITIZADORA S/A,4ª,2033-09-15,,13.3961,13.5699,13.1277,0.28,944.99426528,93.99,1219.56,2026-10-01
CRA02300JR7,CRA,RAÍZEN ENERGIA S.A.,OPEA SECURITIZADORA S/A,3ª,2033-10-17,,,,,,475.84946413,45.45,,2026-10-01
CRA02300NX8,CRA,BTG Pactual III,OPEA SECURITIZADORA S/A,4ª,2033-11-16,,13.5183,,,0.18,1005.56944303,96.12,1175.77,2026-10-01
CRA02300SPD,CRA,FS Agrisolutions Indústria de Biocombustíveis LTDA,ECO SECURITIZADORA DE DIREITOS CREDITÓRIOS DO AGRONEGÓCIO S.A.,3ª,2030-06-15,,18.8682,19.435,18.2521,0.62,872.54356512,86.74,725.2,2026-10-01
CRA02300SUZ,CRA,"Vamos Locação de Caminhões, Máquinas e Equipamentos S.A.",ECO SECURITIZADORA DE DIREITOS CREDITÓRIOS DO AGRONEGÓCIO S.A.,1ª,2030-11-18,,20.1591,,18.785,0.13,856.34628153,81.97,703.86,2026-10-01
CRA02300TSF,CRA,BTG PACTUAL IV,OPEA SECURITIZADORA S/A,4ª,2033-12-15,,,,,,,,,2026-10-01
CRA024000B8,CRA,FS Indústria De Biocombustíveis Ltda,ECO SECURITIZADORA DE DIREITOS CREDITÓRIOS DO AGRONEGÓCIO S.A.,3ª,2030-07-15,,18.982,19.4263,18.2488,0.2,868.1624892,86.31,735.93,2026-10-01
CRA024001P5,CRA,JSL S.A.,ECO SECURITIZADORA DE DIREITOS CREDITÓRIOS DO AGRONEGÓCIO S.A.,1ª,2031-02-15,,,,,,,,,2026-10-01
CRA024001Q9,CRA,ZAMP S.A.,RIZA SECURITIZADORA S.A.,2ª,2029-02-15,,17.8771,,17.3401,0.79,930.79392035,91.65,518.4,2026-10-01
CRA0240020B,CRA,VICUNHA II,RIZA SECURITIZADORA S.A.,2ª,2031-02-15,,,,,,,,,2026-10-01
CRA024002MH,CRA,JF CITRUS AGROPECUÁRIA S.A.,ECO SECURITIZADORA DE DIREITOS CREDITÓRIOS DO AGRONEGÓCIO S.A.,1ª,2029-03-15,,,,,,,,,2026-10-01
CRA024002MK,CRA,Marfrig Global Foods S.A.,ECO SECURITIZADORA DE DIREITOS CREDITÓRIOS DO AGRONEGÓCIO S.A.,2ª,2031-03-15,,,,,,,,,2026-10-01
CRA024002S2,CRA,Minerva VII,RIZA SECURITIZADORA S.A.,2ª,2029-03-15,,,,,,,,,2026-10-01
CRA024002S3,CRA,MINERVA S.A.,RIZA SECURITIZADORA S.A.,3ª,2031-03-17,,18.6105,,,0.29,827.01297973,82.25,866.86,2026-10-01
CRA0240066D,CRA,FS Florestal S.A.,ECO SECURITIZADORA DE DIREITOS CREDITÓRIOS DO AGRONEGÓCIO S.A.,1ª,2030-06-15,,17.9407,18.3492,17.664,0.65,946.17274695,93.97,710.42,2026-10-01
CRA0240066G,CRA,BRF S.A.,ECO SECURITIZADORA DE DIREITOS CREDITÓRIOS DO AGRONEGÓCIO S.A.,2ª,2031-06-16,,18.0905,,,0.51,888.37191969,85.6,862.11,2026-10-01
CRA024007PT,CRA,Sorocaba Refrescos S.A,ECO SECURITIZADORA DE DIREITOS CREDITÓRIOS DO AGRONEGÓCIO S.A.,1ª,2031-08-15,,15.8724,16.258,14.3466,0.44,916.42033387,90.29,851.38,2026-10-01
CRA024007Q3,CRA,SLC Maquinas,OPEA SECURITIZADORA S/A,1ª,2031-08-15,,16.6945,,16.2,0.29,927.32159551,91.32,676.55,2026-10-01
CRA024009Q3,CRA,MARFRIG GLOBAL FOODS S.A.,ECO SECURITIZADORA DE DIREITOS CREDITÓRIOS DO AGRONEGÓCIO S.A.,2ª,2031-10-15,,18.1717,,16.4837,0.13,914.17401313,86.25,877.4,2026-10-01
CRA02400AHY,CRA,REFRESCOS BANDEIRANTES INDÚSTRIA E COMÉRCIO LTDA.,RIZA SECURITIZADORA S.A.,1ª,2032-11-16,,18.0022,,,2.13,906.0194836,86.27,949.26,2026-10-01
CRA02400AYM,CRA,MINERVA S.A.,RIZA SECURITIZADORA S.A.,2ª,2029-11-16,,18.7355,,,0.25,954.23311332,90.69,619.3,2026-10-01
CRA02400AYP,CRA,MINERVA S.A.,RIZA SECURITIZADORA S.A.,5ª,2034-11-16,,18.8024,,,0.52,905.22222843,85.87,1055.7,2026-10-01
CRA02500001,CRA,BOA SAFRA SEMENTES S.A.,OPEA SECURITIZADORA S/A,1ª,2030-01-15,,16.219,,15.942,0.4,988.78526249,98.21,652.31,2026-10-01
CRA0250012X,CRA,FS FLORESTAL S.A.,ECO SECURITIZADORA DE DIREITOS CREDITÓRIOS DO AGRONEGÓCIO S.A.,1ª,2030-03-15,,18.4495,19.0664,,0.67,994.75559929,98.7,656.04,2026-10-01
CRA0250018I,CRA,Marfrig Global Foods S.A,ECO SECURITIZADORA DE DIREITOS CREDITÓRIOS DO AGRONEGÓCIO S.A.,2ª,2032-04-15,,17.9702,,17.1518,0.89,958.43148646,89.95,916.4,2026-10-01
CRA025002S3,CRA,MINERVA S.A,RIZA SECURITIZADORA S.A.,2ª,2030-04-15,,18.7771,,,0.27,998.55095685,93.32,659.02,2026-10-01
CRA025002S4,CRA,MINERVA S.A.,RIZA SECURITIZADORA S.A.,4ª,2032-04-15,,18.9305,,18.4936,0.25,968.86444138,90.54,894.63,2026-10-01
CRA025002S5,CRA,MINERVA S.A.,RIZA SECURITIZADORA S.A.,5ª,2035-04-16,,,,,,,,,2026-10-01
CRA0250040J,CRA,Natural One S.A,ECO SECURITIZADORA DE DIREITOS CREDITÓRIOS DO AGRONEGÓCIO S.A.,2ª,2029-06-15,,,,,,,,,2026-10-01
CRA025005EH,CRA,GDM GENÉTICA DO BRASIL S.A.,ECO SECURITIZADORA DE DIREITOS CREDITÓRIOS DO AGRONEGÓCIO S.A.,1ª,2032-07-15,,15.6365,16.6104,14.9448,0.06,1014.49984994,98.38,956.93,2026-10-01
CRA025005V7,CRA,MINERVA S.A.,RIZA SECURITIZADORA S.A.,3ª,2033-07-15,,18.2199,,17.6335,0.72,907.84184236,88.11,1023.24,2026-10-01
CRA025005V8,CRA,MINERVA S.A,RIZA SECURITIZADORA S.A.,4ª,2035-07-16,,18.27,,17.6944,0.68,903.19723273,87.62,1139.06,2026-10-01
CRA0250066A,CRA,BRF S.A.,ECO SECURITIZADORA DE DIREITOS CREDITÓRIOS DO AGRONEGÓCIO S.A.,2ª,2032-07-15,,18.3696,,18.06,0.34,886.22564652,86.12,983.72,2026-10-01
CRA025006NB,CRA,LAR COOPERATIVA AGROINDUSTRIAL,ECO SECURITIZADORA DE DIREITOS CREDITÓRIOS DO AGRONEGÓCIO S.A.,2ª,2032-08-16,,16.1999,,,0.43,953.84440439,94.77,940.29,2026-10-01
CRA025007KE,CRA,Cereal Comércio Exportação e Representação Agropecuária S.A.,ECO SECURITIZADORA DE DIREITOS CREDITÓRIOS DO AGRONEGÓCIO S.A.,2ª,2032-09-15,,16.332,,15.9268,0.3,945.24585649,93.92,978.54,2026-10-01
CRA025007KK,CRA,ELDORADO BRASIL CELULOSE S.A.,OPEA SECURITIZADORA S/A,1ª,2032-09-15,,15.0457,,,0.56,971.99725135,96.59,1054.73,2026-10-01
CRA025008ND,CRA,São Salvador Alimentos S.A.,ECO SECURITIZADORA DE DIREITOS CREDITÓRIOS DO AGRONEGÓCIO S.A.,2ª,2033-10-15,,15.5721,16.1688,14.7591,0.01,1008.59845208,94.84,1096.34,2026-10-01
CRA02500A15,CRA,Açucareira Quatá S.A.,ECO SECURITIZADORA DE DIREITOS CREDITÓRIOS DO AGRONEGÓCIO S.A.,1ª,2032-11-15,,,,,,,,,2026-10-01
CRA02500AHU,CRA,C. Vale - Cooperativa Agroindustrial,ECO SECURITIZADORA DE DIREITOS CREDITÓRIOS DO AGRONEGÓCIO S.A.,2ª,2030-11-15,,15.4215,16.2629,13.9459,0.27,1040.38734695,98.62,770.67,2026-10-01
CRA02500BVU,CRA,BRF S.A.,ECO SECURITIZADORA DE DIREITOS CREDITÓRIOS DO AGRONEGÓCIO S.A.,2ª,2032-12-15,,17.9674,,17.5258,0.54,888.1504261,85.43,1022.62,2026-10-01
CRA02500C1D,CRA,Alibem Alimentos S.A.,ECO SECURITIZADORA DE DIREITOS CREDITÓRIOS DO AGRONEGÓCIO S.A.,1ª,2030-12-18,,16.058,16.8939,15.3945,0.35,1019.5909611,97.86,499.32,2026-10-01
CRA026001JM,CRA,Lar Cooperativa Agroindustrial,ECO SECURITIZADORA DE DIREITOS CREDITÓRIOS DO AGRONEGÓCIO S.A.,2ª,2033-03-15,,16.4203,,16.1805,0.18,959.0226087,95.27,996.8,2026-10-01
CRA026002BE,CRA,BRF S.A.,ECO SECURITIZADORA DE DIREITOS CREDITÓRIOS DO AGRONEGÓCIO S.A.,2ª,2033-04-15,,17.7431,,,0.96,927.86984075,87.9,1030.72,2026-10-01
25B0013406,CRI,Direcional,OPEA SECURITIZADORA S/A,1ª,2032-02-16,100% do DI,,,,,,,,2026-09-30
CRA019003V2,CRA,RAÍZEN ENERGIA S.A.,OPEA SECURITIZADORA S/A,1ª,2029-07-16,100% do DI,,,,,431.64763539,42.29,,2026-09-30
CRA024004H7,CRA,SÃO MARTINHO S.A.,RIZA SECURITIZADORA S.A.,3ª,2029-04-12,100% do DI,101.4133,103.7066,98.0733,0.67,1060.06675371,99.62,523.71,2026-09-30
CRA0250018H,CRA,Marfrig Global Foods S.A,ECO SECURITIZADORA DE DIREITOS CREDITÓRIOS DO AGRONEGÓCIO S.A.,1ª,2030-04-15,100% do DI,,,,,,,,2026-09-30
CRA02500BVT,CRA,BRF S.A.,ECO SECURITIZADORA DE DIREITOS CREDITÓRIOS DO AGRONEGÓCIO S.A.,1ª,2030-06-17,100% do DI,,,,,,,,2026-09-30
24D2765715,CRI,CYRELA BRAZIL REALTY S.A.,COMPANHIA PROVÍNCIA DE SECURITIZAÇÃO,3ª,2031-04-15,101% do DI,100.0188,,,0.64,1067.73270592,100.39,761.02,2026-09-30
CRA023007VD,CRA,ENGELHART CTP,OPEA SECURITIZADORA S/A,1ª,2028-07-05,101% do DI,96.7846,97.365,92.965,0.95,1041.22853074,100.85,395.42,2026-09-30
25L2997442,CRI,Even Construtora e Incorporadora S/A,VERT COMPANHIA SECURITIZADORA,ª,2032-12-15,"101,5% do DI",,,,,,,,2026-09-30
CRA026002BD,CRA,BRF S.A.,ECO SECURITIZADORA DE DIREITOS CREDITÓRIOS DO AGRONEGÓCIO S.A.,1ª,2030-10-15,"101,5% do DI",,,,,,,,2026-09-30
24D3313768,CRI,CURY CONSTRUTORA E INCORPORADORA S.A.,TRUE SECURITIZADORA S/A,1ª,2027-05-31,102% do DI,99.3626,,,0.6,1049.6463043,100.21,155.04,2026-09-30
CRA023003UX,CRA,ENGELHART CTP,OPEA SECURITIZADORA S/A,1ª,2027-03-15,102% do DI,94.7911,96.28,91.88,1.07,1009.78795431,100.4,111.0,2026-09-30
CRA02500669,CRA,BRF S.A,ECO SECURITIZADORA DE DIREITOS CREDITÓRIOS DO AGRONEGÓCIO S.A.,1ª,2029-07-16,102% do DI,,,,,,,,2026-09-30
CRA025008HM,CRA,Cocal Comercio Industria Canaa Acucar e Alcool S.A.,VERT COMPANHIA SECURITIZADORA,1ª,2031-09-15,102% do DI,,,,,,,,2026-09-30
24F1277566,CRI,DIRECIONAL ENGENHARIA S.A.,OPEA SECURITIZADORA S/A,1ª,2029-07-16,103% do DI,100.8375,,,0.41,1035.95944443,100.65,587.05,2026-09-30
CRA02300209,CRA,ENGELHART CTP,VERT COMPANHIA SECURITIZADORA,1ª,2027-01-15,103% do DI,93.0924,,,3.25,1032.9324967,100.36,72.0,2026-09-30
CRA0250073L,CRA,Mantiqueira Brasil,ECO SECURITIZADORA DE DIREITOS CREDITÓRIOS DO AGRONEGÓCIO S.A.,1ª,2030-08-15,"103,1% do DI",,,,,,,,2026-09-30
25G5313879,CRI,MOURA DUBEUX ENGENHARIA S.A.,VERT COMPANHIA SECURITIZADORA,1ª,2030-07-15,"103,75% do DI",106.4177,,,2.41,995.63579742,98.98,741.04,2026-09-30
CRA025008N8,CRA,3Tentos,OPEA SECURITIZADORA S/A,1ª,2030-10-15,"103,75% do DI",109.6462,117.4817,102.3002,0.04,1041.12167592,97.72,754.95,2026-09-30
22J0346710,CRI,BANCO BTG PACTUAL S.A.,OPEA SECURITIZADORA S/A,1ª,2027-01-15,104% do DI,,,,,,,,2026-09-30
CRA0240066A,CRA,CAMIL ALIMENTOS S.A.,ECO SECURITIZADORA DE DIREITOS CREDITÓRIOS DO AGRONEGÓCIO S.A.,1ª,2029-06-15,104% do DI,120.6412,121.4966,,11.74,993.12491865,95.31,560.76,2026-09-30
CRA025006SR,CRA,Boa Safra II,OPEA SECURITIZADORA S/A,1ª,2032-02-16,104% do DI,114.3183,,,6.4,955.98103603,95.04,946.55,2026-09-30
CRA025007KD,CRA,CEREAL COMÉRCIO EXPORTAÇÃO E REPRESENTAÇÃO AGROPECUÁRIA S.A.,ECO SECURITIZADORA DE DIREITOS CREDITÓRIOS DO AGRONEGÓCIO S.A.,1ª,2030-09-16,104% do DI,,,,,,,,2026-09-30
CRA025002S1,CRA,MINERVA S.A.,RIZA SECURITIZADORA S.A.,1ª,2030-04-15,"104,5% do DI",130.28,,121.8214,0.51,974.28254286,91.41,670.41,2026-09-30
CRA025005V5,CRA,MINERVA S.A.,RIZA SECURITIZADORA S.A.,1ª,2030-07-15,"104,5% do DI",129.745,,122.0985,1.68,935.17785731,90.82,733.48,2026-09-30
24D0006602,CRI,ALLOS S.A.,OPEA SECURITIZADORA S/A,2ª,2029-04-16,105% do DI,98.8633,102.03,,1.49,1083.82995538,101.65,522.56,2026-09-30
25E0013305,CRI,JHSF IV,OPEA SECURITIZADORA S/A,2ª,2030-05-15,105% do DI,105.0677,,,0.89,1053.96517884,99.98,702.1,2026-09-30
CRA02300TSB,CRA,BANCO BTG PACTUAL S.A.,OPEA SECURITIZADORA S/A,1ª,2033-12-15,105% do DI,96.3683,,,1.63,1097.56617731,105.29,1162.96,2026-09-30
CRA02400AYL,CRA,MINERVA S.A.,RIZA SECURITIZADORA S.A.,1ª,2029-11-16,105% do DI,125.3395,,121.15,5.5,987.59877262,93.68,620.24,2026-09-30
CRA025008C3,CRA,Neomille S.A.,ECO SECURITIZADORA DE DIREITOS CREDITÓRIOS DO AGRONEGÓCIO S.A.,3ª,2032-12-15,105% do DI,,,,,,,,2026-09-30
CRA02500AC9,CRA,,ECO SECURITIZADORA DE DIREITOS CREDITÓRIOS DO AGRONEGÓCIO S.A.,1ª,2030-11-15,105% do DI,,,,,,,,2026-09-30
CRA02500AHT,CRA,C. Vale - Cooperativa Agroindustrial,ECO SECURITIZADORA DE DIREITOS CREDITÓRIOS DO AGRONEGÓCIO S.A.,1ª,2030-11-15,"105,5% do DI",,,,,,,,2026-09-30
CRA025005EI,CRA,GDM Genética do Brasil S.A.,ECO SECURITIZADORA DE DIREITOS CREDITÓRIOS DO AGRONEGÓCIO S.A.,2ª,2032-07-15,"105,75% do DI",109.231,115.9361,101.5297,0.15,1012.23418101,98.27,966.37,2026-09-30
23K0018802,CRI,MULTIPLAN EMPREENDIMENTOS IMOBILIÁRIOS S.A.,RIZA SECURITIZADORA S.A.,2ª,2031-01-15,106% do DI,99.0394,,97.0,0.2,1054.8144416,102.4,662.44,2026-09-30
CRA025006NA,CRA,Lar Cooperativa Agroindustrial,ECO SECURITIZADORA DE DIREITOS CREDITÓRIOS DO AGRONEGÓCIO S.A.,1ª,2030-08-15,106% do DI,111.6265,,109.0,0.26,986.56443751,98.07,671.4,2026-09-30
23K0019201,CRI,DIRECIONAL ENGENHARIA S.A.,TRUE SECURITIZADORA S/A,2ª,2028-11-16,"106,5% do DI",,,,,,,,2026-09-30
CRA026001JL,CRA,Lar Cooperativa Agroindustrial,ECO SECURITIZADORA DE DIREITOS CREDITÓRIOS DO AGRONEGÓCIO S.A.,1ª,2031-03-15,"106,5% do DI",,,,,,,,2026-09-30
25H0243072,CRI,BTSA,RIZA SECURITIZADORA S.A.,2ª,2032-08-16,107% do DI,,,,,,,,2026-09-30
CRA02300NRL,CRA,BANCO BTG PACTUAL S.A.,OPEA SECURITIZADORA S/A,1ª,2033-11-16,107% do DI,97.0833,,,1.44,1117.38328538,105.95,1136.62,2026-09-30
CRA025003UZ,CRA,COOXUPÉ - COOPERATIVA REGIONAL DE,VERT COMPANHIA SECURITIZADORA,2ª,2030-06-17,"107,5% do DI",115.6061,,110.0,7.11,1016.0012152,97.37,637.58,2026-09-30
CRA02300CYQ,CRA,BANCO BTG PACTUAL S.A.,OPEA SECURITIZADORA S/A,1ª,2033-07-15,109% do DI,96.1769,98.32,93.1533,1.02,1110.07034791,107.68,1125.4,2026-09-30
CRA02300HWH,CRA,BANCO BTG PACTUAL S.A.,OPEA SECURITIZADORA S/A,1ª,2033-09-15,109% do DI,98.1855,100.1866,94.52,1.67,1073.35448964,106.68,1164.72,2026-09-30
24I1980390,CRI,MRV ENGENHARIA E PARTICIPAÇÕES S.A,OPEA SECURITIZADORA S/A,1ª,2029-10-15,110% do DI,130.7664,138.8366,,1.3,1003.53080236,93.84,592.05,2026-09-30
25B3099731,CRI,IGUATEMI PPPH PARTICIPAÇÕES LTDA.,OPEA SECURITIZADORA S/A,1ª,2030-02-18,96% do DI,99.0066,101.4933,96.1266,0.31,1004.45886698,98.92,701.7,2026-09-30
25D0012202,CRI,CYRELA BRAZIL REALTY S.A. EMPREENDIMENTOS,COMPANHIA PROVÍNCIA DE SECURITIZAÇÃO,1ª,2029-04-15,96% do DI,99.1666,,,1.06,1051.31382613,99.14,529.21,2026-09-30
25J4546988,CRI,CYRELA BRAZIL REALTY S.A. EMPREENDIMENTOS E,COMPANHIA PROVÍNCIA DE SECURITIZAÇÃO,1ª,2032-11-16,"96,5% do DI",,,,,,,,2026-09-30
25D0012203,CRI,CYRELA BRAZIL REALTY S.A. EMPREENDIMENTOS E PARTICIPAÇÕES,COMPANHIA PROVÍNCIA DE SECURITIZAÇÃO,2ª,2030-04-15,97% do DI,,,,,,,,2026-09-30
26C3164285,CRI,Allos VI,OPEA SECURITIZADORA S/A,1ª,2031-03-12,97% do DI,98.617,100.8733,97.0,0.44,998.84815425,99.29,851.1,2026-09-30
26G0012801,CRI,Cury III,OPEA SECURITIZADORA S/A,1ª,2032-07-06,97% do DI,,,,,,,,2026-09-30
CRA025003PD,CRA,SÃO MARTINHO S.A.,VERT COMPANHIA SECURITIZADORA,1ª,2032-06-15,97% do DI,104.9266,,102.5,1.18,996.96417239,95.94,1003.92,2026-09-30
24H1684874,CRI,SOCIEDADE BENEFICENTE ISRAELITA BRASILEIRA HOSPITAL ALBERT EINSTEIN,RIZA SECURITIZADORA S.A.,1ª,2029-08-17,"97,5% do DI",98.109,100.1566,,0.45,868.73085858,99.89,366.28,2026-09-30
24D2765586,CRI,CYRELA BRAZIL REALTY S.A.,COMPANHIA PROVÍNCIA DE SECURITIZAÇÃO,1ª,2028-04-15,98% do DI,99.0648,101.1966,96.875,0.18,706.89973232,99.87,233.39,2026-09-30
25G3629974,CRI,PLANO E PLANO II,RIZA SECURITIZADORA S.A.,1ª,2030-07-15,98% do DI,104.8233,,103.2685,0.38,1000.88024722,97.38,752.88,2026-09-30
25I0014209,CRI,Multiplan,OPEA SECURITIZADORA S/A,1ª,2035-09-19,98% do DI,,,,,,,,2026-09-30
CRA024004H5,CRA,SÃO MARTINHO S.A.,RIZA SECURITIZADORA S.A.,1ª,2027-04-12,98% do DI,98.9911,102.66,,1.5,1062.12702296,99.94,122.33,2026-09-30
25G3629975,CRI,PLANO E PLANO II,RIZA SECURITIZADORA S.A.,2ª,2031-07-15,99% do DI,105.0666,,104.3166,0.58,999.56801446,97.23,895.17,2026-09-30
CRA025009Q2,CRA,Jalles Machado S.A.,ECO SECURITIZADORA DE DIREITOS CREDITÓRIOS DO AGRONEGÓCIO S.A.,1ª,2031-10-15,99% do DI,,,,,,,,2026-09-30
24E1393588,CRI,MULTIPLAN EMPREENDIMENTOS IMOBILIÁRIOS S.A.,RIZA SECURITIZADORA S.A.,1ª,2029-05-17,"99,5% do DI",99.1748,,,0.66,1050.99003532,100.08,455.3,2026-09-30
CRA025008NB,CRA,Bem Brasil Alimentos S.A.,ECO SECURITIZADORA DE DIREITOS CREDITÓRIOS DO AGRONEGÓCIO S.A.,ª,2032-10-15,"DI + 0,33%",1.4,2.3,0.5,0.0,1025.64481276,96.34,879.85,2026-09-30
CRA024009Q2,CRA,MARFRIG GLOBAL FOODS S.A.,ECO SECURITIZADORA DE DIREITOS CREDITÓRIOS DO AGRONEGÓCIO S.A.,1ª,2031-10-15,"DI + 0,35%",2.9836,,2.551,0.1,972.16985602,91.32,872.94,2026-09-30
22D1289009,CRI,CYRELA BRAZIL REALTY S.A.,OPEA SECURITIZADORA S/A,489ª,2027-06-15,"DI + 0,4%",0.3421,0.5287,0.1621,0.06,1042.03163796,100.04,165.99,2026-09-30
CRA02400AYN,CRA,MINERVA S.A.,RIZA SECURITIZADORA S.A.,3ª,2031-11-17,"DI + 0,4%",3.6938,4.4554,1.6332,0.23,938.26081712,89.09,888.28,2026-09-30
CRA02500003,CRA,BOA SAFRA SEMENTES S.A.,OPEA SECURITIZADORA S/A,2ª,2030-01-15,"DI + 0,4%",1.8461,,1.5072,0.11,991.00220014,96.28,666.26,2026-09-30
CRA0250018J,CRA,MARFRIG GLOBAL FOODS S.A.,ECO SECURITIZADORA DE DIREITOS CREDITÓRIOS DO AGRONEGÓCIO S.A.,3ª,2035-04-16,"DI + 0,4%",3.2375,,2.5,0.47,940.23478549,88.3,1097.93,2026-09-30
CRA025007PT,CRA,SLC AGRÍCOLA S.A.,OPEA SECURITIZADORA S/A,1ª,2033-09-22,"DI + 0,4%",1.1692,1.666,0.8,0.22,969.34985614,96.68,1110.04,2026-09-30
CRA02300Q2Y,CRA,,RIZA SECURITIZADORA S.A.,3ª,2028-11-06,"DI + 0,48%",,,,,,,,2026-09-30
CRA025002S2,CRA,MINERVA S.A.,RIZA SECURITIZADORA S.A.,3ª,2032-04-15,"DI + 0,5%",3.6328,,,0.24,950.7123539,89.24,919.15,2026-09-30
23J0019601,CRI,Iguatemi,OPEA SECURITIZADORA S/A,1ª,2028-10-16,"DI + 0,55%",,,,,,,,2026-09-30
23K0018602,CRI,MULTIPLAN EMPREENDIMENTOS IMOBILIÁRIOS S.A.,RIZA SECURITIZADORA S.A.,1ª,2031-01-15,"DI + 0,6%",,,,,,,,2026-09-30
24B0013201,CRI,SOMA,RIZA SECURITIZADORA S.A.,1ª,2028-02-15,"DI + 0,6%",3.6321,,2.616,1.27,979.08906347,96.29,320.86,2026-09-30
23H1188857,CRI,RAIA DROGASIL S.A.,OPEA SECURITIZADORA S/A,2ª,2027-09-15,"DI + 0,65%",0.154,,,0.14,1010.5085335,100.46,231.01,2026-09-30
CRA02300RS5,CRA,CAMIL ALIMENTOS S.A.,ECO SECURITIZADORA DE DIREITOS CREDITÓRIOS DO AGRONEGÓCIO S.A.,1ª,2028-11-16,"DI + 0,65%",3.8776,4.4454,3.0,0.77,995.87011882,94.47,452.29,2026-09-30
22C0023008,CRI,RAIA DROGASIL S.A.,OPEA SECURITIZADORA S/A,495ª,2027-03-08,"DI + 0,7%",0.2321,,,0.16,505.33499179,100.2,106.0,2026-09-30
23K0018401,CRI,DIRECIONAL ENGENHARIA S.A.,OPEA SECURITIZADORA S/A,1ª,2028-11-16,"DI + 0,7%",,,,,,,,2026-09-30
CRA02300GCY,CRA,IPIRANGA PRODUTOS DE PETRÓLEO S.A.,VERT COMPANHIA SECURITIZADORA,2ª,2027-07-16,"DI + 0,7%",,,,,,,,2026-09-30
CRA025005V6,CRA,MINERVA S.A.,RIZA SECURITIZADORA S.A.,2ª,2033-07-15,"DI + 0,7%",3.5177,,3.0527,0.41,918.53316211,89.19,1027.96,2026-09-30
22E1325261,CRI,HYPERA S.A.,OPEA SECURITIZADORA S/A,1ª,2027-08-16,"DI + 0,75%",0.5302,,,0.02,1018.87334926,100.18,209.97,2026-09-30
22F0230096,CRI,RAIA DROGASIL S.A.,OPEA SECURITIZADORA S/A,1ª,2029-06-26,"DI + 0,75%",0.2579,,,0.14,1047.18363658,100.93,478.9,2026-09-30
22K0934871,CRI,BCBF PARTICIPAÇÕES S.A.,RIZA SECURITIZADORA S.A.,1ª,2027-12-15,"DI + 0,75%",14.9784,,12.8182,3.23,902.44314317,86.55,274.31,2026-09-30
22I0970801,CRI,NATURA COSMÉTICOS S.A.,RIZA SECURITIZADORA S.A.,1ª,2027-09-15,"DI + 0,8%",0.4051,0.5654,0.2154,0.04,1009.60649271,100.36,230.92,2026-09-30
22J0305579,CRI,DIAGNÓSTICOS DA AMÉRICA S.A.,VERT COMPANHIA SECURITIZADORA,1ª,2027-10-15,"DI + 0,8%",5.2251,10.0,3.0,1.36,1024.9226724,96.07,234.75,2026-09-30
CRA02300JG2,CRA,JBS S.A.,RIZA SECURITIZADORA S.A.,2ª,2028-09-15,"DI + 0,8%",0.5432,1.1552,-0.0647,0.08,1010.54098478,100.45,444.17,2026-09-30
CRA02300NRM,CRA,BANCO BTG PACTUAL S.A.,OPEA SECURITIZADORA S/A,2ª,2033-11-16,"DI + 0,8%",-0.0856,,,0.28,1096.49052003,104.02,1133.57,2026-09-30
CRA0240066F,CRA,BRF S.A.,ECO SECURITIZADORA DE DIREITOS CREDITÓRIOS DO AGRONEGÓCIO S.A.,1ª,2029-06-15,"DI + 0,8%",3.274,,,0.23,988.13053891,94.75,558.22,2026-09-30
22E1315701,CRI,EVEN CONSTRUTORA E INCORPORADORA S.A.,OPEA SECURITIZADORA S/A,1ª,2028-09-18,"DI + 0,9%",1.2468,,,0.02,962.25465706,99.69,228.52,2026-09-30
23J1142031,CRI,YDUQS PARTICIPAÇÕES S.A.,OPEA SECURITIZADORA S/A,2ª,2028-10-13,"DI + 0,9%",,,,,,,,2026-09-30
CRA022008NC,CRA,SOROCABA REFRESCOS S.A.,ECO SECURITIZADORA DE DIREITOS CREDITÓRIOS DO AGRONEGÓCIO S.A.,1ª,2029-08-15,"DI + 0,9%",1.2354,2.0,0.4,0.0,758.77622963,99.46,411.82,2026-09-30
CRA023000GP,CRA,"VAMOS LOCAÇÃO DE CAMINHÕES, MÁQUINAS E EQUIPAMENTOS S.A.",ECO SECURITIZADORA DE DIREITOS CREDITÓRIOS DO AGRONEGÓCIO S.A.,1ª,2028-01-17,"DI + 0,9%",4.1219,5.0,3.25,0.0,992.59223613,96.34,298.97,2026-09-30
CRA024007K9,CRA,COOXUPÉ - COOPERATIVA REGIONAL DE CAFEICULTORES EM GUAXUPÉ LTDA.,VERT COMPANHIA SECURITIZADORA,1ª,2029-07-16,"DI + 0,9%",1.4825,2.0865,0.6,0.08,1018.84341859,98.88,490.94,2026-09-30
22F0315398,CRI,LOCALIZA RENT A CAR S.A.,RIZA SECURITIZADORA S.A.,1ª,2027-06-07,"DI + 0,95%",0.5404,,,0.21,1049.57543155,100.26,159.67,2026-09-30
CRA024002MJ,CRA,MARFRIG GLOBAL FOODS S.A.,ECO SECURITIZADORA DE DIREITOS CREDITÓRIOS DO AGRONEGÓCIO S.A.,1ª,2029-03-15,"DI + 0,95%",3.078,,,0.33,962.50028766,95.67,533.56,2026-09-30
23H0027402,CRI,REDE D'OR SÃO LUIZ S.A.,OPEA SECURITIZADORA S/A,1ª,2028-08-15,DI + 1%,0.1504,0.3321,-0.0345,0.08,1031.79511457,101.42,422.13,2026-09-30
CRA022006HJ,CRA,SÃO SALVADOR ALIMENTOS S.A.,ECO SECURITIZADORA DE DIREITOS CREDITÓRIOS DO AGRONEGÓCIO S.A.,1ª,2027-07-15,DI + 1%,1.1184,1.6965,0.3,0.04,1029.68488018,99.91,187.7,2026-09-30
CRA022008C9,CRA,COMPANHIA DE LOCAÇÃO DAS AMÉRICAS,ECO SECURITIZADORA DE DIREITOS CREDITÓRIOS DO AGRONEGÓCIO S.A.,2ª,2028-09-15,DI + 1%,0.7555,1.1532,0.4732,0.08,1010.36909319,100.43,443.54,2026-09-30
CRA022008CB,CRA,JALLES MACHADO S.A.,ECO SECURITIZADORA DE DIREITOS CREDITÓRIOS DO AGRONEGÓCIO S.A.,1ª,2032-08-09,DI + 1%,1.4531,,1.4,0.11,992.18214251,98.35,936.74,2026-09-30
23H1191899,CRI,RAIA DROGASIL S.A.,OPEA SECURITIZADORA S/A,3ª,2030-09-16,"DI + 1,1%",0.3784,,,0.23,1026.51459612,102.03,706.36,2026-09-30
CRA024002S1,CRA,MINERVA S.A.,RIZA SECURITIZADORA S.A.,1ª,2029-03-15,"DI + 1,1%",3.2002,4.3187,2.5,0.61,963.24673457,95.74,532.83,2026-09-30
CRA02400AHV,CRA,CEREAL COMÉRCIO EXPORTAÇÃO E REPRESENTAÇÃO AGROPECUÁRIA S.A.,RIZA SECURITIZADORA S.A.,1ª,2029-11-16,"DI + 1,1%",1.8051,2.4865,0.7,0.06,1038.01687086,98.3,618.2,2026-09-30
23F2455020,CRI,Assai,TRUE SECURITIZADORA S/A,3ª,2028-07-15,"DI + 1,15%",,,,,,,,2026-09-30
CRA023000MC,CRA,"VAMOS LOCAÇÃO DE CAMINHÕES, MÁQUINAS E EQUIPAMENTOS S.A.",ECO SECURITIZADORA DE DIREITOS CREDITÓRIOS DO AGRONEGÓCIO S.A.,2ª,2030-01-15,"DI + 1,2%",5.0909,5.7,4.0,0.5,1444.08507313,88.45,820.0,2026-09-30
CRA024001P7,CRA,JSL S.A.,ECO SECURITIZADORA DE DIREITOS CREDITÓRIOS DO AGRONEGÓCIO S.A.,3ª,2031-02-17,"DI + 1,2%",5.0,5.75,4.1428,0.0,922.38104768,90.65,664.86,2026-09-30
CRA024007Q4,CRA,SLC MÁQUINAS LTDA.,OPEA SECURITIZADORA S/A,2ª,2031-08-15,"DI + 1,2%",1.3388,2.0492,0.7292,0.16,1013.87334074,99.64,670.42,2026-09-30
23C0247388,CRI,LOCALIZA RENT A CAR S.A.,RIZA SECURITIZADORA S.A.,1ª,2028-03-10,"DI + 1,25%",0.6261,,,0.11,1016.22742881,100.83,336.61,2026-09-30
23G0009601,CRI,DIMED S.A.,OPEA SECURITIZADORA S/A,1ª,2028-07-27,"DI + 1,3%",,,,,,,,2026-09-30
23C0247702,CRI,LOCALIZA RENT A CAR S.A.,RIZA SECURITIZADORA S.A.,2ª,2030-03-11,"DI + 1,4%",0.4327,,,0.03,1035.13396716,102.7,700.68,2026-09-30
CRA022008NF,CRA,IRANI PAPEL E EMBALAGEM S.A.,ECO SECURITIZADORA DE DIREITOS CREDITÓRIOS DO AGRONEGÓCIO S.A.,1ª,2027-08-16,"DI + 1,4%",1.0534,1.6552,0.6352,0.18,1020.72864325,100.29,209.61,2026-09-30
CRA023002GX,CRA,INTEGRADA COOPERATIVA AGROINDUSTRIAL,ECO SECURITIZADORA DE DIREITOS CREDITÓRIOS DO AGRONEGÓCIO S.A.,1ª,2028-05-15,"DI + 1,4%",1.45,2.8,0.1,0.0,422.6252775,99.95,262.48,2026-09-30
23J1127308,CRI,MOVIDA PARTICIPAÇÕES S.A.,OPEA SECURITIZADORA S/A,1ª,2028-10-16,"DI + 1,45%",4.5379,4.85,,0.39,1016.79137064,95.03,427.26,2026-09-30
22C1235206,CRI,HAVAN S.A.,OPEA SECURITIZADORA S/A,463ª,2027-04-27,"DI + 1,5%",0.7062,,,0.16,1005.93018184,100.42,135.2,2026-09-30
23I1257218,CRI,JSL S.A.,OPEA SECURITIZADORA S/A,2ª,2030-09-16,"DI + 1,5%",,,,,,,,2026-09-30
CRA0220080Y,CRA,NEOMILLE S.A.,ECO SECURITIZADORA DE DIREITOS CREDITÓRIOS DO AGRONEGÓCIO S.A.,1ª,2028-04-03,"DI + 1,5%",1.8311,2.6452,0.9652,0.09,429.37630144,99.7,232.87,2026-09-30
CRA02300G7E,CRA,MARFRIG GLOBAL FOODS S.A.,ECO SECURITIZADORA DE DIREITOS CREDITÓRIOS DO AGRONEGÓCIO S.A.,2ª,2028-08-15,"DI + 1,5%",3.0541,,,0.35,992.4915069,97.5,419.43,2026-09-30
CRA02300MJ9,CRA,MINERVA S.A.,RIZA SECURITIZADORA S.A.,1ª,2028-09-15,"DI + 1,5%",2.3557,2.849,0.54,1.13,991.60162612,98.54,441.44,2026-09-30
CRA024003UY,CRA,LAR COOPERATIVA AGROINDUSTRIAL,ECO SECURITIZADORA DE DIREITOS CREDITÓRIOS DO AGRONEGÓCIO S.A.,2ª,2029-04-16,"DI + 1,55%",1.6682,2.7,0.5,0.04,1004.27412515,99.8,438.93,2026-09-30
CRA0240020A,CRA,VICUNHA TÊXTIL S.A.,RIZA SECURITIZADORA S.A.,1ª,2029-02-15,"DI + 1,6%",,,,,,,,2026-09-30
CRA0240099E,CRA,VALE DO TIJUCO AÇÚCAR E ÁLCOOL S.A.,ECO SECURITIZADORA DE DIREITOS CREDITÓRIOS DO AGRONEGÓCIO S.A.,1ª,2034-10-16,"DI + 1,6%",2.7316,,2.45,0.72,1026.72391658,95.89,946.58,2026-09-30
CRA025009KJ,CRA,Salton,OPEA SECURITIZADORA S/A,1ª,2031-12-09,"DI + 1,6%",,,,,,,,2026-09-30
24A2720884,CRI,DIAGNÓSTICAS DA AMÉRICA S.A.,VERT COMPANHIA SECURITIZADORA,1ª,2029-01-15,"DI + 1,63%",5.104,10.0,2.5,1.05,966.81923322,93.69,487.18,2026-09-30
22L1465644,CRI,ÂNIMA HOLDING S.A.,RIZA SECURITIZADORA S.A.,1ª,2027-12-15,"DI + 1,65%",2.4555,2.65,1.8932,0.16,997.6853449,99.14,276.44,2026-09-30
CRA0230073L,CRA,J. MACÊDO S.A.,RIZA SECURITIZADORA S.A.,1ª,2028-04-17,"DI + 1,65%",,,,,,,,2026-09-30
23F0012002,CRI,LOG COMMERCIAL PROPERTIES E PARTICIPAÇÕES S.A.,OPEA SECURITIZADORA S/A,1ª,2028-06-26,"DI + 1,7%",,,,,,,,2026-09-30
23L2043099,CRI,Unidas,OPEA SECURITIZADORA S/A,1ª,2028-12-15,"DI + 1,7%",,,,,,,,2026-09-30
CRA02300VBT,CRA,UNIDAS LOCAÇÕES E SERVIÇOS S.A.,OPEA SECURITIZADORA S/A,1ª,2028-12-15,"DI + 1,7%",1.237,1.8593,0.526,0.21,1054.63095434,100.86,470.68,2026-09-30
CRA022008NH,CRA,IRANI PAPEL E EMBALAGEM S.A.,ECO SECURITIZADORA DE DIREITOS CREDITÓRIOS DO AGRONEGÓCIO S.A.,2ª,2029-08-15,"DI + 1,75%",0.9803,1.4277,0.486,0.1,1034.02118782,101.55,510.36,2026-09-30
CRA0230012X,CRA,VALE DO PONTAL AÇÚCAR E ETANOL S.A.,ECO SECURITIZADORA DE DIREITOS CREDITÓRIOS DO AGRONEGÓCIO S.A.,1ª,2031-02-17,"DI + 1,8%",,,,,,,,2026-09-30
CRA0240005N,CRA,CEREAL COMÉRCIO EXPORTAÇÃO E REPRESENTAÇÃO AGROPECUÁRIA S.A.,RIZA SECURITIZADORA S.A.,1ª,2029-01-15,"DI + 1,8%",1.7251,2.464,0.4,0.03,1033.21455153,100.09,286.68,2026-09-30
24K0003002,CRI,PATRIMAR ENGENHARIA S.A.,RIZA SECURITIZADORA S.A.,1ª,2029-11-23,"DI + 1,95%",4.7479,5.3287,,1.65,997.3177038,94.43,530.33,2026-09-30
CRA02300Q8I,CRA,CAPAL COOPERATIVA AGROINDUSTRIAL,OPEA SECURITIZADORA S/A,1ª,2029-05-17,"DI + 1,95%",1.7028,2.55,0.8,0.0,605.22337533,100.34,352.38,2026-09-30
23H1023846,CRI,BR PROPERTIES S.A.,OPEA SECURITIZADORA S/A,1ª,2031-08-15,DI + 2%,,,,,,,,2026-09-30
23J1333602,CRI,PATRIMAR ENGENHARIA S.A.,RIZA SECURITIZADORA S.A.,1ª,2028-10-20,DI + 2%,5.304,,,0.5,1040.73771961,97.2,222.01,2026-09-30
CRA022001P6,CRA,USINA BATATAIS S.A.,RIZA SECURITIZADORA S.A.,1ª,2028-04-20,DI + 2%,1.4446,2.3,0.5,0.01,1010.55459947,100.76,349.37,2026-09-30
CRA022008C2,CRA,VICUNHA TÊXTIL S.A.,RIZA SECURITIZADORA S.A.,2ª,2027-08-16,DI + 2%,,,,,,,,2026-09-30
CRA02300S8P,CRA,FS INDÚSTRIA DE BIOCOMBUSTÍVEIS LTDA.,ECO SECURITIZADORA DE DIREITOS CREDITÓRIOS DO AGRONEGÓCIO S.A.,2ª,2030-06-17,DI + 2%,4.0967,4.9387,3.5777,0.39,950.50685279,94.44,705.22,2026-09-30
CRA024000B7,CRA,FS INDÚSTRIA DE BIOCOMBUSTÍVEIS LTDA.,ECO SECURITIZADORA DE DIREITOS CREDITÓRIOS DO AGRONEGÓCIO S.A.,2ª,2030-07-15,DI + 2%,4.1718,5.0,3.45,0.11,947.74382198,94.16,715.44,2026-09-30
23D0005401,CRI,ORIGINAL HOLDING S.A,OPEA SECURITIZADORA S/A,1ª,2028-04-15,"DI + 2,05%",,,,,,,,2026-09-30
CRA02300BQD,CRA,GJA INDÚSTRIAS S.A.,RIZA SECURITIZADORA S.A.,1ª,2029-07-16,"DI + 2,25%",,,,,,,,2026-09-30
CRA025000MJ,CRA,Integrada Cooperativa Agroindustrial,ECO SECURITIZADORA DE DIREITOS CREDITÓRIOS DO AGRONEGÓCIO S.A.,2ª,2029-05-15,"DI + 2,35%",2.2566,3.0,1.5,0.0,796.63518092,100.12,342.33,2026-09-30
22L1212138,CRI,LAR COOPERATIVA AGROINDUSTRIAL,HABITASEC SECURITIZADORA S.A.,2ª,2034-12-19,"DI + 2,45%",2.1596,2.9865,0.5,0.14,912.21674192,100.8,713.24,2026-09-30
CRA02300KZL,CRA,FLORA PRODUTOS DE HIGIENE E LIMPEZA S.A.,OPEA SECURITIZADORA S/A,1ª,2029-10-15,"DI + 2,5%",2.0,3.0,1.0,0.0,788.02621306,100.64,329.09,2026-09-30
CRA024005K1,CRA,Natural One S.A.,ECO SECURITIZADORA DE DIREITOS CREDITÓRIOS DO AGRONEGÓCIO S.A.,1ª,2029-05-25,"DI + 2,5%",,,,,,,,2026-09-30
CRA02300795,CRA,FS INDÚSTRIA DE BIOCOMBUSTÍVEIS LTDA.,ECO SECURITIZADORA DE DIREITOS CREDITÓRIOS DO AGRONEGÓCIO S.A.,1ª,2029-10-15,"DI + 2,9%",4.1276,4.801,3.5187,0.08,978.70774729,97.2,601.91,2026-09-30
CRA02300CCH,CRA,FS INDÚSTRIA DE BIOCOMBUSTÍVEIS LTDA.,ECO SECURITIZADORA DE DIREITOS CREDITÓRIOS DO AGRONEGÓCIO S.A.,1ª,2029-12-17,"DI + 2,9%",4.1395,4.9,3.6073,0.08,977.25547345,97.06,627.19,2026-09-30
CRA0250040I,CRA,Natural One S.A,ECO SECURITIZADORA DE DIREITOS CREDITÓRIOS DO AGRONEGÓCIO S.A.,1ª,2029-06-15,"DI + 2,9%",,,,,,,,2026-09-30
CRA0220099D,CRA,CENTRAL CRESOL BASER,ECO SECURITIZADORA DE DIREITOS CREDITÓRIOS DO AGRONEGÓCIO S.A.,1ª,2027-12-15,"DI + 2,95%",1.118,1.9,0.5232,0.07,353.91552696,101.17,163.17,2026-09-30
CRA023003JX,CRA,OLFAR S.A.,RIZA SECURITIZADORA S.A.,1ª,2029-03-15,DI + 3%,2.1841,3.5,1.2552,0.02,726.48800859,101.01,318.29,2026-09-30
CRA0240086H,CRA,DISTRIBUIDORA DE PRODUTOS DE PETRÓLEO CHARRUA LTDA.,OPEA SECURITIZADORA S/A,1ª,2029-08-23,DI + 3%,3.3748,3.9154,3.3577,0.48,995.83103089,99.27,506.42,2026-09-30
CRA0250012Y,CRA,FS FLORESTAL S.A.,ECO SECURITIZADORA DE DIREITOS CREDITÓRIOS DO AGRONEGÓCIO S.A.,2ª,2031-03-17,DI + 3%,4.0462,4.6421,3.5043,0.4,975.26929278,96.86,793.79,2026-09-30
23F0012602,CRI,FARMACIA E DROGARIA NISSEI S.A.,OPEA SECURITIZADORA S/A,1ª,2028-06-22,"DI + 3,5%",,,,,,,,2026-09-30
CRA022000RU,CRA,MADERO INDÚSTRIA E COMÉRCIO S.A.,ECO SECURITIZADORA DE DIREITOS CREDITÓRIOS DO AGRONEGÓCIO S.A.,2ª,2027-03-15,"DI + 3,5%",3.4822,,,0.41,140.53752335,100.0,59.46,2026-09-30
CRA024002MM,CRA,USINA SANTA FÉ S.A.,ECO SECURITIZADORA DE DIREITOS CREDITÓRIOS DO AGRONEGÓCIO S.A.,1ª,2029-12-17,DI + 4%,3.2902,4.744,1.3,0.23,890.11532146,100.99,361.59,2026-09-30
CRA02400ECU,CRA,USINA CORURIPE AÇÚCAR E ÁLCOOL S.A.,ECO SECURITIZADORA DE DIREITOS CREDITÓRIOS DO AGRONEGÓCIO S.A.,5ª,2030-11-25,"DI + 4,1%",4.5571,,,0.4,4991.94695983,99.26,426.7,2026-09-30
CRA023001JL,CRA,PISANI PLÁSTICOS S.A.,ECO SECURITIZADORA DE DIREITOS CREDITÓRIOS DO AGRONEGÓCIO S.A.,1ª,2029-02-20,DI + 5%,4.1427,,,0.15,544.38808926,100.87,267.48,2026-09-30
CRA02300KOH,CRA,TECSOIL AUTOMAÇÃO E SISTEMAS S.A.,OPEA SECURITIZADORA S/A,1ª,2028-10-16,"DI + 5,5%",3.114,4.0732,2.1607,0.03,714.81459464,102.12,232.03,2026-09-30
CRA02300JR6,CRA,RAÍZEN ENERGIA S.A.,TRUE SECURITIZADORA S/A,2ª,2033-10-17,IPCA + 0%,,,,,496.11397456,43.62,,2026-09-30
CRA019003JY,CRA,KLABIN S.A.,VERT COMPANHIA SECURITIZADORA,1ª,2029-06-15,"IPCA + 3,5%",7.3747,7.5795,7.1451,0.03,1397.75591514,94.18,408.11,2026-09-30
CRA019003V3,CRA,RAÍZEN ENERGIA S.A.,OPEA SECURITIZADORA S/A,2ª,2029-07-16,"IPCA + 3,602%",,,,,694.76443535,47.43,,2026-09-30
CRA021000MG,CRA,M. DIAS BRANCO S.A. INDÚSTRIA E COMÉRCIO DE ALIMENTOS,RIZA SECURITIZADORA S.A.,1ª,2028-03-15,"IPCA + 3,7992%",8.131,,7.7864,0.33,1292.7982346,94.37,356.94,2026-09-30
CRA021000MH,CRA,M. DIAS BRANCO S.A. INDÚSTRIA E COMÉRCIO DE ALIMENTOS,RIZA SECURITIZADORA S.A.,2ª,2031-03-15,"IPCA + 4,1369%",8.4714,,7.9838,0.4,1202.99784044,87.8,798.7,2026-09-30
CRA02100002,CRA,COCAL COMÉRCIO INDÚSTRIA CANAÃ AÇÚCAR E ÁLCOOL LTDA.,RIZA SECURITIZADORA S.A.,2ª,2028-02-15,"IPCA + 4,2095%",,,,,,,,2026-09-30
CRA021000MB,CRA,COLOMBO AGROINDÚSTRIA S.A.,ECO SECURITIZADORA DE DIREITOS CREDITÓRIOS DO AGRONEGÓCIO S.A.,1ª,2027-03-15,"IPCA + 4,4474%",7.4993,8.0569,5.276,1.05,671.51687385,98.74,111.0,2026-09-30
CRA021001PQ,CRA,MARFRIG GLOBAL FOODS S.A.,OPEA SECURITIZADORA S/A,1ª,2028-07-15,"IPCA + 4,5%",12.7382,,11.4663,0.21,1168.59716421,87.82,430.5,2026-09-30
CRA019001E7,CRA,KLABIN S.A.,VERT COMPANHIA SECURITIZADORA,2ª,2029-03-15,"IPCA + 4,5081%",7.2927,7.5396,7.1005,0.14,1458.69113621,96.45,343.89,2026-09-30
CRA021001VA,CRA,MARFRIG GLOBAL FOODS S.A.,OPEA SECURITIZADORA S/A,2ª,2031-07-15,"IPCA + 4,6%",12.2332,,10.8331,1.07,1047.31561673,78.69,846.32,2026-09-30
21G0065100,CRI,ALIANSCE SONAE SHOPPING CENTERS S.A.,RB CAPITAL INVESTIMENTOS DTVM LTDA,347ª,2028-07-17,"IPCA + 4,6197%",8.1144,,7.8669,0.19,1257.56563972,94.55,429.79,2026-09-30
CRA0210013B,CRA,BRF S.A.,VERT COMPANHIA SECURITIZADORA,1ª,2031-05-15,"IPCA + 4,7843%",11.8541,12.5324,10.4951,1.14,1046.64560135,76.77,1008.48,2026-09-30
CRA021001KB,CRA,COMPANHIA DE LOCAÇÃO DAS AMÉRICAS,ECO SECURITIZADORA DE DIREITOS CREDITÓRIOS DO AGRONEGÓCIO S.A.,1ª,2031-07-15,"IPCA + 4,825%",8.2813,8.9,7.534,0.11,1197.72938021,89.52,854.61,2026-09-30
CRA021002SO,CRA,IPIRANGA PRODUTOS DE PETRÓLEO S.A.,VERT COMPANHIA SECURITIZADORA,1ª,2028-09-15,"IPCA + 4,8287%",8.1616,8.756,7.8085,0.35,1231.31783684,94.29,473.19,2026-09-30
21D0737500,CRI,DIRECIONAL ENGENHARIA S.A.,OPEA SECURITIZADORA S/A,371ª,2028-04-17,"IPCA + 4,8444%",7.3728,,,0.31,880.04925969,97.65,250.29,2026-09-30
21D0862572,CRI,REDE D'OR SÃO LUIZ S.A.,OPEA SECURITIZADORA S/A,324ª,2036-05-15,"IPCA + 4,9347%",8.4297,,8.1764,0.42,1096.52505024,79.94,1689.82,2026-09-30
21H1078699,CRI,SENDAS DISTRIBUIDORA S.A.,OPEA SECURITIZADORA S/A,428ª,2028-10-16,"IPCA + 5,1531%",10.9064,11.3577,10.2569,0.5,1186.77884528,90.36,478.47,2026-09-30
21H1078700,CRI,SENDAS DISTRIBUIDORA S.A.,OPEA SECURITIZADORA S/A,429ª,2031-10-15,"IPCA + 5,2662%",11.9766,,,0.05,1057.11922029,80.45,874.57,2026-09-30
CRA020002GZ,CRA,BRF S.A.,VERT COMPANHIA SECURITIZADORA,1ª,2027-07-15,"IPCA + 5,3%",10.1145,11.2629,7.8635,0.28,1405.39443282,96.64,192.77,2026-09-30
21D0694886,CRI,CONSTRUTORA TENDA S.A.,OPEA SECURITIZADORA S/A,378ª,2028-04-17,"IPCA + 5,3621%",9.3868,,,0.66,887.96362345,96.39,245.9,2026-09-30
CRA021002NF,CRA,PETROBRAS DISTRIBUIDORA S.A.,RIZA SECURITIZADORA S.A.,1ª,2031-09-15,"IPCA + 5,3995%",8.9977,9.4153,8.5844,0.15,1159.88285461,88.62,902.28,2026-09-30
CRA020001P7,CRA,RAÍZEN ENERGIA S.A.,OPEA SECURITIZADORA S/A,1ª,2027-06-15,"IPCA + 5,4%",,,,,660.51646402,46.42,,2026-09-30
CRA021000RX,CRA,MINERVA S.A.,RIZA SECURITIZADORA S.A.,1ª,2028-04-17,"IPCA + 5,5034%",12.702,,11.0996,0.12,1257.27915491,90.86,365.06,2026-09-30
21I0278118,CRI,LOG COMMERCIAL PROPERTIES E PARTICIPAÇÕES S.A.,RIZA SECURITIZADORA S.A.,362ª,2028-09-15,"IPCA + 5,5212%",,,,,,,,2026-09-30
21K0001806,CRI,REDE D'OR SÃO LUIZ S.A.,OPEA SECURITIZADORA S/A,396ª,2031-12-15,"IPCA + 5,5758%",8.4717,8.7335,8.1525,0.06,1164.2541485,90.5,924.38,2026-09-30
CRA021000RY,CRA,MINERVA S.A.,RIZA SECURITIZADORA S.A.,39ª,2031-04-15,"IPCA + 5,578%",11.4622,,10.7899,0.29,1169.70706566,84.51,773.12,2026-09-30
CRA020002H1,CRA,BRF S.A.,VERT COMPANHIA SECURITIZADORA,2ª,2030-07-15,"IPCA + 5,6%",11.6396,12.3881,10.6794,0.94,1264.10007008,86.87,631.72,2026-09-30
CRA022002Y1,CRA,NORSA REFRIGERANTES S.A.,RIZA SECURITIZADORA S.A.,1ª,2027-03-15,"IPCA + 5,685%",,,,,,,,2026-09-30
CRA020003PY,CRA,"VAMOS LOCAÇÃO DE CAMINHÕES, MÁQUINAS E EQUIPAMENTOS S.A.",ECO SECURITIZADORA DE DIREITOS CREDITÓRIOS DO AGRONEGÓCIO S.A.,1ª,2030-11-18,"IPCA + 5,7315%",12.8355,13.4861,11.6725,0.17,1197.14505447,83.46,691.55,2026-09-30
21K0001812,CRI,ULTRA SOM SERVIÇOS MÉDICOS S.A.,RIZA SECURITIZADORA S.A.,378ª,2031-12-15,"IPCA + 5,7505%",20.6387,24.2664,18.4628,0.36,758.89680438,59.25,968.0,2026-09-30
CRA021002YA,CRA,CARAMURU ALIMENTOS S.A.,ECO SECURITIZADORA DE DIREITOS CREDITÓRIOS DO AGRONEGÓCIO S.A.,1ª,2027-09-15,"IPCA + 5,7641%",9.1338,10.7027,7.1443,0.15,249.40755938,97.11,235.52,2026-09-30
CRA020001P8,CRA,RAÍZEN ENERGIA S.A.,TRUE SECURITIZADORA S/A,2ª,2030-06-17,"IPCA + 5,8%",,,,,642.03827626,45.08,,2026-09-30
22D1289007,CRI,REDE D'OR SÃO LUIZ S.A.,OPEA SECURITIZADORA S/A,508ª,2029-06-15,"IPCA + 5,83%",8.186,8.5166,7.8205,0.07,1150.22719814,94.7,622.94,2026-09-30
22D1289010,CRI,CYRELA BRAZIL REALTY S.A.,OPEA SECURITIZADORA S/A,490ª,2027-06-15,"IPCA + 5,9068%",7.0788,,6.5465,0.76,1226.97737898,99.26,170.48,2026-09-30
CRA022002Y2,CRA,NORSA REFRIGERANTES S.A.,RIZA SECURITIZADORA S.A.,2ª,2029-03-15,"IPCA + 5,9169%",,,,,,,,2026-09-30
CRA022006N5,CRA,IPIRANGA PRODUTOS DE PETRÓLEO S.A.,VERT COMPANHIA SECURITIZADORA,1ª,2032-06-15,"IPCA + 6,0053%",8.3851,9.0725,8.0034,0.21,1109.31232245,91.43,1010.99,2026-09-30
22D1289008,CRI,REDE D'OR SÃO LUIZ S.A.,OPEA SECURITIZADORA S/A,509ª,2032-06-15,"IPCA + 6,01%",,,,,,,,2026-09-30
CRA022002Y3,CRA,NORSA REFRIGERANTES S.A.,RIZA SECURITIZADORA S.A.,3ª,2032-03-15,"IPCA + 6,0392%",,,,,,,,2026-09-30
21K0001807,CRI,REDE D'OR SÃO LUIZ S.A.,OPEA SECURITIZADORA S/A,397ª,2036-12-15,"IPCA + 6,1017%",8.5599,,8.2042,0.04,1099.54373271,85.34,1716.14,2026-09-30
22K0001201,CRI,PETRÓLEO BRASILEIRO S.A. - PETROBRAS,OPEA SECURITIZADORA S/A,1ª,2030-04-15,"IPCA + 6,2%",7.3131,7.4996,,0.02,1189.35419752,96.75,796.98,2026-09-30
23H0027403,CRI,REDE D'OR SÃO LUIZ S.A.,OPEA SECURITIZADORA S/A,2ª,2030-08-15,"IPCA + 6,2%",8.4393,8.6769,8.1289,0.08,1076.52931505,93.06,865.92,2026-09-30
CRA022006MY,CRA,Dexco S.A.,ECO SECURITIZADORA DE DIREITOS CREDITÓRIOS DO AGRONEGÓCIO S.A.,2ª,2032-06-15,"IPCA + 6,2%",,,,,,,,2026-09-30
22K0001203,CRI,PETRÓLEO BRASILEIRO S.A. - PETROBRAS,OPEA SECURITIZADORA S/A,2ª,2032-11-16,"IPCA + 6,25%",7.4242,7.5922,,0.03,1192.96280441,94.7,1244.35,2026-09-30
22E1325262,CRI,HYPERA S.A.,OPEA SECURITIZADORA S/A,2ª,2029-08-15,"IPCA + 6,279%",8.6819,8.8363,8.2532,0.11,1134.00248815,94.28,662.53,2026-09-30
CRA021002YF,CRA,J. MACÊDO S.A.,ECO SECURITIZADORA DE DIREITOS CREDITÓRIOS DO AGRONEGÓCIO S.A.,1ª,2026-11-16,"IPCA + 6,3071%",7.4537,8.8585,4.5528,0.55,61.28427428,99.91,20.44,2026-09-30
CRA02300S35,CRA,CAMIL ALIMENTOS S.A.,ECO SECURITIZADORA DE DIREITOS CREDITÓRIOS DO AGRONEGÓCIO S.A.,2ª,2030-11-18,"IPCA + 6,3416%",12.7605,,11.7085,0.04,968.5453393,83.06,789.83,2026-09-30
22C1362141,CRI,MATEUS SUPERMERCADOS S.A.,OPEA SECURITIZADORA S/A,1ª,2034-07-17,"IPCA + 6,3423%",,,,,,,,2026-09-30
22B0004808,CRI,CSN CIMENTOS S.A.,RIZA SECURITIZADORA S.A.,417ª,2032-02-16,"IPCA + 6,3893%",16.9081,20.5137,12.7471,0.09,876.45829732,70.29,920.95,2026-09-30
CRA022008N6,CRA,JBS S.A.,RIZA SECURITIZADORA S.A.,2ª,2032-09-15,"IPCA + 6,3919%",9.2209,10.79,7.6231,0.06,1077.6151065,89.44,1064.56,2026-09-30
22K0001204,CRI,PETRÓLEO BRASILEIRO S.A. - PETROBRAS,OPEA SECURITIZADORA S/A,3ª,2037-11-16,"IPCA + 6,4%",,,,,,,,2026-09-30
24B0013203,CRI,CIDADE MARAVILHOSA INDÚSTRIA E COMÉRCIO DE ROUPAS S.A.,RIZA SECURITIZADORA S.A.,3ª,2030-02-15,"IPCA + 6,4%",12.0444,,11.2855,1.66,986.76446541,87.38,654.1,2026-09-30
CRA02300CYS,CRA,BANCO BTG PACTUAL S.A.,OPEA SECURITIZADORA S/A,3ª,2033-07-15,"IPCA + 6,4338%",7.3298,,,0.12,1112.89634461,95.49,1382.87,2026-09-30
22E1325264,CRI,HYPERA S.A.,OPEA SECURITIZADORA S/A,3ª,2032-08-16,"IPCA + 6,4451%",8.9847,,,0.07,1090.41283692,90.64,1043.78,2026-09-30
CRA024001P6,CRA,JSL S.A.,ECO SECURITIZADORA DE DIREITOS CREDITÓRIOS DO AGRONEGÓCIO S.A.,2ª,2031-02-17,"IPCA + 6,4527%",13.9994,14.3267,11.8557,0.71,921.35664578,81.48,743.65,2026-09-30
22E1095384,CRI,MRV ENGENHARIA E PARTICIPAÇÕES S.A.,OPEA SECURITIZADORA S/A,1ª,2030-09-16,"IPCA + 6,4802%",,,,,,,,2026-09-30
21J0001208,CRI,TENDA ATACADO S.A.,RIZA SECURITIZADORA S.A.,306ª,2026-10-15,"IPCA + 6,4803%",12.2532,,11.1924,0.88,440.58129665,99.79,10.0,2026-09-30
22F0009804,CRI,DIRECIONAL ENGENHARIA S.A.,OPEA SECURITIZADORA S/A,1ª,2032-06-15,"IPCA + 6,4899%",8.8082,,8.4675,0.02,1113.08056922,91.76,1000.18,2026-09-30
22F0009409,CRI,GJA INDÚSTRIAS S.A.,RIZA SECURITIZADORA S.A.,1ª,2029-06-15,"IPCA + 6,5%",,,,,,,,2026-09-30
CRA022003JT,CRA,BEM BRASIL ALIMENTOS S.A.,ECO SECURITIZADORA DE DIREITOS CREDITÓRIOS DO AGRONEGÓCIO S.A.,1ª,2029-05-15,"IPCA + 6,5348%",9.2723,10.7471,7.2956,0.53,1182.46699434,96.3,371.98,2026-09-30
CRA022004MS,CRA,"VAMOS LOCAÇÃO DE CAMINHÕES, MÁQUINAS E EQUIPAMENTOS S.A.",ECO SECURITIZADORA DE DIREITOS CREDITÓRIOS DO AGRONEGÓCIO S.A.,1ª,2032-05-17,"IPCA + 6,5473%",14.1516,,12.4998,0.17,940.39584235,76.68,950.91,2026-09-30
23H0027404,CRI,REDE D'OR SÃO LUIZ S.A.,OPEA SECURITIZADORA S/A,3ª,2033-08-15,"IPCA + 6,55%",8.5659,,8.1034,0.02,1056.24626752,91.27,1219.95,2026-09-30
CRA022008NB,CRA,RAÍZEN ENERGIA S.A.,OPEA SECURITIZADORA S/A,1ª,2032-08-16,"IPCA + 6,5885%",,,,,575.00964627,47.49,,2026-09-30
22B0006022,CRI,MRV ENGENHARIA E PARTICIPAÇÕES S.A.,RIZA SECURITIZADORA S.A.,442ª,2029-02-15,"IPCA + 6,5954%",12.6061,,11.0708,0.69,1135.53283284,90.83,439.59,2026-09-30
CRA024004SA,CRA,JBS S.A.,RIZA SECURITIZADORA S.A.,2ª,2034-05-15,"IPCA + 6,5975%",9.3181,10.4429,7.5576,0.02,979.81366097,86.24,1460.68,2026-09-30
22J0306937,CRI,DIAGNÓSTICOS DA AMÉRICA S.A.,VERT COMPANHIA SECURITIZADORA,2ª,2029-10-15,"IPCA + 6,6%",13.1967,14.8823,11.5758,0.53,1048.65781921,85.11,671.96,2026-09-30
CRA02300G7F,CRA,MARFRIG GLOBAL FOODS S.A.,ECO SECURITIZADORA DE DIREITOS CREDITÓRIOS DO AGRONEGÓCIO S.A.,3ª,2030-08-15,"IPCA + 6,6%",12.7482,,,0.25,956.93341314,82.61,851.89,2026-09-30
CRA022008C7,CRA,COMPANHIA DE LOCAÇÃO DAS AMÉRICAS,ECO SECURITIZADORA DE DIREITOS CREDITÓRIOS DO AGRONEGÓCIO S.A.,1ª,2028-09-15,"IPCA + 6,6018%",8.4827,8.6921,8.117,0.22,1165.49888881,96.81,467.45,2026-09-30
24E1835896,CRI,HSL,TRUE SECURITIZADORA S/A,1ª,2034-06-15,"IPCA + 6,6075%",,,,,,,,2026-09-30
CRA022007KI,CRA,COCAL COMÉRCIO INDÚSTRIA CANAÃ AÇÚCAR E ÁLCOOL LTDA.,RIZA SECURITIZADORA S.A.,1ª,2030-08-15,"IPCA + 6,6234%",10.6516,,10.4328,0.8,1088.21444083,90.84,648.98,2026-09-30
CRA02300JG3,CRA,JBS S.A.,RIZA SECURITIZADORA S.A.,3ª,2030-09-16,"IPCA + 6,6441%",9.1121,10.2895,7.5929,0.12,1059.1499269,92.29,880.61,2026-09-30
CRA022008N7,CRA,JBS S.A.,RIZA SECURITIZADORA S.A.,3ª,2037-09-15,"IPCA + 6,6614%",9.4133,10.286,7.502,0.49,1001.59958893,83.12,1792.16,2026-09-30
CRA022000XF,CRA,MARFRIG GLOBAL FOODS S.A.,ECO SECURITIZADORA DE DIREITOS CREDITÓRIOS DO AGRONEGÓCIO S.A.,3ª,2032-01-15,"IPCA + 6,663%",12.4417,12.75,11.4583,0.24,1042.56943692,82.41,912.32,2026-09-30
CRA02300JG4,CRA,JBS S.A.,RIZA SECURITIZADORA S.A.,4ª,2033-09-15,"IPCA + 6,6634%",9.254,10.3529,7.5986,0.08,1019.49163313,88.84,1232.81,2026-09-30
24F1277567,CRI,DIRECIONAL ENGENHARIA S.A.,OPEA SECURITIZADORA S/A,2ª,2031-07-15,"IPCA + 6,6747%",8.7384,,8.4468,0.04,1039.86354261,93.14,930.86,2026-09-30
23L1737622,CRI,REDE D'OR SÃO LUIZ S.A.,OPEA SECURITIZADORA S/A,1ª,2033-12-15,"IPCA + 6,6941%",,,,,,,,2026-09-30
22G1414303,CRI,SENDAS DISTRIBUIDORA S.A.,OPEA SECURITIZADORA S/A,3ª,2029-09-17,"IPCA + 6,7%",11.5863,,,0.13,1087.61921742,90.32,570.51,2026-09-30
CRA022008ND,CRA,RAÍZEN ENERGIA S.A.,OPEA SECURITIZADORA S/A,2ª,2037-08-17,"IPCA + 6,7382%",,,,,531.73467093,43.88,,2026-09-30
CRA0240066J,CRA,SLC AGRICOLA II,RIZA SECURITIZADORA S.A.,3ª,2031-07-15,"IPCA + 6,7469%",9.1008,9.8139,8.1985,0.38,1030.81950375,92.12,944.25,2026-09-30
22J0306938,CRI,DIAGNÓSTICOS DA AMÉRICA S.A.,VERT COMPANHIA SECURITIZADORA,3ª,2032-10-15,"IPCA + 6,75%",13.1581,15.3738,10.7333,0.42,969.91314322,78.67,1016.45,2026-09-30
CRA0240020C,CRA,VICUNHA II,RIZA SECURITIZADORA S.A.,3ª,2031-02-15,"IPCA + 6,7641%",,,,,,,,2026-09-30
CRA022007EP,CRA,KLABIN S.A.,VERT COMPANHIA SECURITIZADORA,1ª,2034-05-15,"IPCA + 6,7694%",7.7562,8.1733,7.5732,0.14,1152.62334673,94.72,1477.28,2026-09-30
CRA024004SB,CRA,JBS S.A.,RIZA SECURITIZADORA S.A.,3ª,2039-05-16,"IPCA + 6,7825%",8.8668,10.0837,7.4593,0.27,976.90109731,85.92,1935.52,2026-09-30
CRA0240086K,CRA,SEARA ALIMENTOS LTDA.,RIZA SECURITIZADORA S.A.,2ª,2034-09-15,"IPCA + 6,7931%",8.7906,9.9946,7.5736,0.08,980.62606452,89.15,1547.26,2026-09-30
CRA024002ML,CRA,MARFRIG GLOBAL FOODS S.A.,ECO SECURITIZADORA DE DIREITOS CREDITÓRIOS DO AGRONEGÓCIO S.A.,3ª,2034-03-15,"IPCA + 6,7996%",12.7067,,11.5122,0.09,847.38445038,75.67,1276.65,2026-09-30
22I0970804,CRI,NATURA COSMÉTICOS S.A.,RIZA SECURITIZADORA S.A.,2ª,2029-09-17,"IPCA + 6,8%",9.0258,,8.9642,0.15,1140.17011249,94.58,680.21,2026-09-30
CRA0240066B,CRA,CAMIL ALIMENTOS S.A.,ECO SECURITIZADORA DE DIREITOS CREDITÓRIOS DO AGRONEGÓCIO S.A.,2ª,2031-06-16,"IPCA + 6,8286%",12.5476,,11.2942,0.18,936.12596929,82.95,893.58,2026-09-30
CRA0220079D,CRA,BRF S.A.,VERT COMPANHIA SECURITIZADORA,2ª,2032-07-15,"IPCA + 6,8344%",12.7601,,12.1379,0.02,988.39815826,80.54,994.74,2026-09-30
CRA0240086L,CRA,SEARA ALIMENTOS LTDA.,RIZA SECURITIZADORA S.A.,3ª,2044-09-15,"IPCA + 6,8408%",9.3879,9.8173,8.9208,0.47,878.32606338,79.85,2310.7,2026-09-30
CRA02300SV1,CRA,"VAMOS LOCAÇÃO DE CAMINHÕES, MÁQUINAS E EQUIPAMENTOS S.A.",ECO SECURITIZADORA DE DIREITOS CREDITÓRIOS DO AGRONEGÓCIO S.A.,3ª,2033-11-16,"IPCA + 6,8453%",,,,,,,,2026-09-30
CRA022006HK,CRA,SÃO SALVADOR ALIMENTOS S.A.,ECO SECURITIZADORA DE DIREITOS CREDITÓRIOS DO AGRONEGÓCIO S.A.,2ª,2030-07-15,"IPCA + 6,8911%",8.8171,9.9642,7.6778,0.05,1153.48935179,95.63,629.02,2026-09-30
22I0970868,CRI,NATURA COSMÉTICOS S.A.,RIZA SECURITIZADORA S.A.,3ª,2032-09-15,"IPCA + 6,9%",9.2406,,,0.3,1100.46537597,91.28,1055.55,2026-09-30
23L1737623,CRI,REDE D'OR SÃO LUIZ S.A.,OPEA SECURITIZADORA S/A,2ª,2038-12-15,"IPCA + 6,9527%",8.5058,,8.0486,0.1,1038.12280346,89.51,1908.86,2026-09-30
CRA022004S9,CRA,"VAMOS LOCAÇÃO DE CAMINHÕES, MÁQUINAS E EQUIPAMENTOS S.A.",ECO SECURITIZADORA DE DIREITOS CREDITÓRIOS DO AGRONEGÓCIO S.A.,2ª,2037-05-15,"IPCA + 6,9739%",13.3174,,11.8412,1.07,838.05603628,68.23,1584.52,2026-09-30
CRA02300JG5,CRA,JBS S.A.,RIZA SECURITIZADORA S.A.,5ª,2038-09-15,"IPCA + 6,9938%",9.7407,10.2796,9.0823,0.57,946.09445129,82.43,1874.5,2026-09-30
CRA024004SC,CRA,JBS S.A.,RIZA SECURITIZADORA S.A.,4ª,2044-05-16,"IPCA + 6,9947%",9.6709,10.6287,8.9294,0.48,908.6205927,79.86,2193.37,2026-09-30
CRA022004XY,CRA,USINA CERRADÃO S.A.,ECO SECURITIZADORA DE DIREITOS CREDITÓRIOS DO AGRONEGÓCIO S.A.,1ª,2028-05-15,"IPCA + 6,9949%",7.8454,,7.5227,0.47,811.91839132,99.17,264.32,2026-09-30
22F0009410,CRI,GJA INDÚSTRIAS S.A.,RIZA SECURITIZADORA S.A.,2ª,2032-06-15,IPCA + 7%,11.613,,,0.33,1011.95040635,84.69,980.29,2026-09-30
23F1519397,CRI,MOVIDA PARTICIPAÇÕES S.A.,OPEA SECURITIZADORA S/A,3ª,2028-06-16,IPCA + 7%,13.4115,13.8049,,0.45,1067.68464159,91.14,400.92,2026-09-30
24G1674104,CRI,JHSF PARTICIPAÇÕES S.A.,OPEA SECURITIZADORA S/A,4ª,2034-07-17,"IPCA + 7,0163%",8.8792,,,0.09,896.99986771,92.6,1107.52,2026-09-30
CRA02200C6Y,CRA,MARFRIG GLOBAL FOODS S.A.,ECO SECURITIZADORA DE DIREITOS CREDITÓRIOS DO AGRONEGÓCIO S.A.,1ª,2029-10-15,"IPCA + 7,0383%",12.5193,,10.7777,0.16,1072.34422756,87.52,668.57,2026-09-30
CRA024007PU,CRA,SOROCABA REFRESCOS S.A.,ECO SECURITIZADORA DE DIREITOS CREDITÓRIOS DO AGRONEGÓCIO S.A.,2ª,2034-08-15,"IPCA + 7,05%",9.7874,10.2349,9.4139,0.18,966.73395263,87.17,1354.21,2026-09-30
22K0934880,CRI,BCBF PARTICIPAÇÕES S.A.,RIZA SECURITIZADORA S.A.,2ª,2029-12-17,"IPCA + 7,0913%",21.4473,24.1337,18.2778,1.06,851.95145963,70.26,695.8,2026-09-30
CRA022006HE,CRA,AÇO VERDE DO BRASIL S.A.,RIZA SECURITIZADORA S.A.,1ª,2029-06-15,"IPCA + 7,1543%",10.0814,10.8135,9.6761,0.46,1166.00262835,95.88,390.76,2026-09-30
CRA023000RT,CRA,"VAMOS LOCAÇÃO DE CAMINHÕES, MÁQUINAS E EQUIPAMENTOS S.A.",ECO SECURITIZADORA DE DIREITOS CREDITÓRIOS DO AGRONEGÓCIO S.A.,3ª,2030-01-15,"IPCA + 7,1638%",13.9238,,12.3365,0.1,1002.35007353,83.73,726.45,2026-09-30
CRA022006BU,CRA,CARAMURU ALIMENTOS S.A.,ECO SECURITIZADORA DE DIREITOS CREDITÓRIOS DO AGRONEGÓCIO S.A.,1ª,2029-07-16,"IPCA + 7,2043%",10.8293,11.5598,8.7046,1.51,684.97563509,94.74,406.72,2026-09-30
CRA0220073P,CRA,MINERVA S.A.,RIZA SECURITIZADORA S.A.,1ª,2029-07-16,"IPCA + 7,2063%",12.1517,,10.5852,0.93,1076.98215959,89.29,630.64,2026-09-30
CRA0240066K,CRA,BRF S.A.,ECO SECURITIZADORA DE DIREITOS CREDITÓRIOS DO AGRONEGÓCIO S.A.,3ª,2034-06-15,"IPCA + 7,2336%",12.3315,12.6354,11.9694,1.05,887.37789385,78.62,1275.17,2026-09-30
22K0934889,CRI,BCBF PARTICIPAÇÕES S.A.,RIZA SECURITIZADORA S.A.,3ª,2034-12-15,"IPCA + 7,2792%",21.0654,23.758,17.7119,1.54,645.32672668,53.19,1215.11,2026-09-30
CRA024001QA,CRA,ZAMP S.A.,RIZA SECURITIZADORA S.A.,3ª,2029-02-15,"IPCA + 7,3%",9.8287,,9.5299,0.52,1079.90604232,95.04,549.47,2026-09-30
CRA024007Q5,CRA,SLC MÁQUINAS LTDA.,OPEA SECURITIZADORA S/A,3ª,2031-08-15,"IPCA + 7,31%",9.9605,10.1892,9.3155,0.64,1031.72080175,93.05,739.51,2026-09-30
CRA02200C6Z,CRA,MARFRIG GLOBAL FOODS S.A.,ECO SECURITIZADORA DE DIREITOS CREDITÓRIOS DO AGRONEGÓCIO S.A.,2ª,2032-10-15,"IPCA + 7,3352%",12.7417,,10.9044,0.05,1004.58625241,81.89,1006.81,2026-09-30
24A2721507,CRI,DASA,VERT COMPANHIA SECURITIZADORA,3ª,2031-01-15,"IPCA + 7,3402%",13.2372,13.7348,11.8446,1.62,961.99355227,83.96,815.79,2026-09-30
CRA022006HF,CRA,AÇO VERDE DO BRASIL S.A.,RIZA SECURITIZADORA S.A.,2ª,2032-06-15,"IPCA + 7,3686%",10.2966,11.3065,9.894,0.42,1095.31554372,90.02,977.38,2026-09-30
CRA024009Q4,CRA,MARFRIG GLOBAL FOODS S.A.,ECO SECURITIZADORA DE DIREITOS CREDITÓRIOS DO AGRONEGÓCIO S.A.,3ª,2034-10-16,"IPCA + 7,3693%",12.8853,,12.0175,0.23,865.32328442,76.8,1289.31,2026-09-30
22E1314836,CRI,SÃO CARLOS EMPREENDIMENTOS E PARTICIPAÇÕES S.A.,OPEA SECURITIZADORA S/A,1ª,2029-09-17,"IPCA + 7,3826%",,,,,,,,2026-09-30
CRA022001E2,CRA,FS AGRISOLUTIONS INDÚSTRIA DE BIOCOMBUSTÍVEIS LTDA.,ECO SECURITIZADORA DE DIREITOS CREDITÓRIOS DO AGRONEGÓCIO S.A.,2ª,2029-02-15,"IPCA + 7,3913%",12.067,12.4733,11.2169,0.37,1169.8316531,94.72,317.58,2026-09-30
CRA022004SD,CRA,FS AGRISOLUTIONS INDÚSTRIA DE BIOCOMBUSTÍVEIS LTDA.,ECO SECURITIZADORA DE DIREITOS CREDITÓRIOS DO AGRONEGÓCIO S.A.,2ª,2029-05-15,"IPCA + 7,3913%",11.9449,12.5379,11.2012,0.32,1162.91971025,94.09,365.94,2026-09-30
CRA02400AHZ,CRA,REFRESCOS BANDEIRANTES INDÚSTRIA E COMÉRCIO LTDA.,RIZA SECURITIZADORA S.A.,2ª,2034-11-16,"IPCA + 7,41%",10.6665,15.8262,,1.19,950.81627234,85.09,1339.3,2026-09-30
24J2539865,CRI,JHSF PARTICIPAÇÕES S.A.,OPEA SECURITIZADORA S/A,1ª,2034-10-16,"IPCA + 7,4183%",8.9375,,8.591,0.12,1048.14207635,92.74,1342.75,2026-09-30
CRA0240005O,CRA,CEREAL COMÉRCIO EXPORTAÇÃO E REPRESENTAÇÃO AGROPECUÁRIA S.A.,RIZA SECURITIZADORA S.A.,2ª,2029-01-15,"IPCA + 7,4367%",9.1121,10.2539,7.5536,0.21,1123.53445578,98.16,301.4,2026-09-30
CRA022004H5,CRA,NARDINI AGROINDUSTRIAL LTDA.,OPEA SECURITIZADORA S/A,1ª,2028-04-15,"IPCA + 7,4986%",,,,,,,,2026-09-30
23L2043184,CRI,UNIDAS LOCADORA S.A.,OPEA SECURITIZADORA S/A,3ª,2030-12-16,"IPCA + 7,5%",9.9512,,9.3604,0.15,1080.47227805,93.04,802.65,2026-09-30
CRA024009Q5,CRA,MARFRIG GLOBAL FOODS S.A.,ECO SECURITIZADORA DE DIREITOS CREDITÓRIOS DO AGRONEGÓCIO S.A.,4ª,2039-10-17,"IPCA + 7,5395%",,,,,,,,2026-09-30
CRA02300MOQ,CRA,MINERVA S.A.,RIZA SECURITIZADORA S.A.,3ª,2030-09-16,"IPCA + 7,5408%",12.6655,13.3541,9.7572,0.83,995.26033839,86.74,764.97,2026-09-30
23L0034761,CRI,FARO ENERGY PROJETOS SOLARES HOLDING S.A.,OPEA SECURITIZADORA S/A,1ª,2038-12-15,"IPCA + 7,5702%",,,,,,,,2026-09-30
CRA0250080Y,CRA,ELDORADO BRASIL CELULOSE S.A.,OPEA SECURITIZADORA S/A,3ª,2040-09-17,"IPCA + 7,6%",8.6057,,8.304,0.46,965.72359242,92.2,2172.08,2026-09-30
24A2722748,CRI,DIAGNÓSTICOS DA AMÉRICA S.A.,VERT COMPANHIA SECURITIZADORA,5ª,2034-01-16,"IPCA + 7,6075%",15.4412,17.6132,12.2286,3.93,814.47061127,71.05,1185.95,2026-09-30
25D0012204,CRI,CYRELA BRAZIL REALTY S.A.,COMPANHIA PROVÍNCIA DE SECURITIZAÇÃO,3ª,2032-04-15,"IPCA + 7,6693%",8.4325,,8.0943,0.04,1059.98733258,97.15,1030.65,2026-09-30
23J1127331,CRI,MOVIDA PARTICIPAÇÕES S.A.,OPEA SECURITIZADORA S/A,3ª,2033-10-17,"IPCA + 7,7279%",,,,,,,,2026-09-30
CRA0250080X,CRA,ELDORADO BRASIL CELULOSE S.A.,OPEA SECURITIZADORA S/A,2ª,2035-09-17,"IPCA + 7,7281%",8.6696,,8.3309,0.34,989.2814049,94.44,1646.58,2026-09-30
CRA02400AYK,CRA,BEM BRASIL ALIMENTOS S.A.,ECO SECURITIZADORA DE DIREITOS CREDITÓRIOS DO AGRONEGÓCIO S.A.,ª,2031-11-17,"IPCA + 7,737%",9.9075,10.9621,8.1851,0.13,1022.8165894,93.26,876.7,2026-09-30
CRA0230073N,CRA,J. MACÊDO S.A.,RIZA SECURITIZADORA S.A.,2ª,2030-04-15,"IPCA + 7,8%",8.3122,9.2732,7.2706,0.04,1026.40655721,99.24,404.75,2026-09-30
CRA025003PJ,CRA,SEARA,RIZA SECURITIZADORA S.A.,3ª,2055-05-17,"IPCA + 7,8%",,,,,,,,2026-09-30
CRA024003UZ,CRA,LAR COOPERATIVA AGROINDUSTRIAL,ECO SECURITIZADORA DE DIREITOS CREDITÓRIOS DO AGRONEGÓCIO S.A.,3ª,2031-04-15,"IPCA + 7,8363%",9.5958,10.1477,9.3142,0.23,1062.73610175,95.19,765.34,2026-09-30
CRA021004NV,CRA,LAR COOPERATIVA AGROINDUSTRIAL,ECO SECURITIZADORA DE DIREITOS CREDITÓRIOS DO AGRONEGÓCIO S.A.,1ª,2026-11-15,"IPCA + 7,8749%",9.8836,,5.3192,3.01,433.70987911,99.74,31.0,2026-09-30
CRA0250066B,CRA,BRF S.A.,ECO SECURITIZADORA DE DIREITOS CREDITÓRIOS DO AGRONEGÓCIO S.A.,3ª,2035-07-16,"IPCA + 7,9064%",,,,,,,,2026-09-30
22E1321749,CRI,COGNA EDUCAÇÃO S.A.,OPEA SECURITIZADORA S/A,2ª,2029-07-16,"IPCA + 7,9273%",9.2586,9.6527,8.845,0.07,1180.586997,97.48,523.82,2026-09-30
CRA0240005P,CRA,CEREAL COMÉRCIO EXPORTAÇÃO E REPRESENTAÇÃO AGROPECUÁRIA S.A.,RIZA SECURITIZADORA S.A.,3ª,2031-01-15,"IPCA + 7,9443%",9.4516,10.6172,7.9949,0.3,1095.14441607,95.58,819.1,2026-09-30
22E1321750,CRI,COGNA EDUCAÇÃO S.A.,OPEA SECURITIZADORA S/A,3ª,2032-07-15,"IPCA + 8,0031%",,,,,,,,2026-09-30
CRA025009EZ,CRA,Seara Alimentos Ltda.,ECO SECURITIZADORA DE DIREITOS CREDITÓRIOS DO AGRONEGÓCIO S.A.,4ª,2065-10-15,"IPCA + 8,0313%",,,,,,,,2026-09-30
CRA0250020C,CRA,BRF S.A.,ECO SECURITIZADORA DE DIREITOS CREDITÓRIOS DO AGRONEGÓCIO S.A.,2ª,2035-04-16,"IPCA + 8,04%",11.8938,12.5033,9.3355,1.07,888.44452874,81.15,1460.79,2026-09-30
CRA02200795,CRA,ADUBOS ARAGUAIA INDÚSTRIA E COMÉRCIO LTDA.,ECO SECURITIZADORA DE DIREITOS CREDITÓRIOS DO AGRONEGÓCIO S.A.,1ª,2027-07-15,"IPCA + 8,1191%",9.5389,,,0.21,600.00697371,99.01,191.22,2026-09-30
CRA0250020D,CRA,BRF S.A.,ECO SECURITIZADORA DE DIREITOS CREDITÓRIOS DO AGRONEGÓCIO S.A.,3ª,2040-04-16,"IPCA + 8,2345%",12.4099,12.678,10.8459,1.51,828.64528595,75.62,1758.49,2026-09-30
CRA0250018K,CRA,MARFRIG GLOBAL FOODS S.A.,ECO SECURITIZADORA DE DIREITOS CREDITÓRIOS DO AGRONEGÓCIO S.A.,4ª,2040-04-16,"IPCA + 8,2503%",13.4576,18.9037,12.4384,0.43,780.82722766,71.04,1707.71,2026-09-30
CRA0250018L,CRA,MARFRIG GLOBAL FOODS S.A,ECO SECURITIZADORA DE DIREITOS CREDITÓRIOS DO AGRONEGÓCIO S.A.,5ª,2045-04-17,"IPCA + 8,3405%",13.7219,,,0.23,735.54976484,66.9,1861.34,2026-09-30
CRA0240099F,CRA,VALE DO TIJUCO AÇÚCAR E ÁLCOOL S.A.,ECO SECURITIZADORA DE DIREITOS CREDITÓRIOS DO AGRONEGÓCIO S.A.,2ª,2034-10-16,"IPCA + 8,3558%",10.428,,9.7144,0.79,1038.0523768,91.68,1143.94,2026-09-30
CRA0250020E,CRA,BRF S.A.,ECO SECURITIZADORA DE DIREITOS CREDITÓRIOS DO AGRONEGÓCIO S.A.,3ª,2045-04-17,"IPCA + 8,38%",10.4816,,10.0334,0.24,925.3800912,84.4,2131.17,2026-09-30
CRA02500BVX,CRA,BRF S.A.,ECO SECURITIZADORA DE DIREITOS CREDITÓRIOS DO AGRONEGÓCIO S.A.,5ª,2055-12-15,"IPCA + 8,3857%",,,,,,,,2026-09-30
CRA025008C2,CRA,Neomille S.A.,ECO SECURITIZADORA DE DIREITOS CREDITÓRIOS DO AGRONEGÓCIO S.A.,2ª,2032-12-15,"IPCA + 8,4473%",9.0157,,8.7424,0.18,1044.79296478,97.67,1134.79,2026-09-30
CRA02400AHX,CRA,CEREAL COMÉRCIO EXPORTAÇÃO E,RIZA SECURITIZADORA S.A.,3ª,2034-11-16,"IPCA + 8,4704%",9.8684,11.4255,8.1675,0.05,1053.51665529,93.47,1319.62,2026-09-30
CRA025008HR,CRA,Nardini II,OPEA SECURITIZADORA S/A,ª,2032-10-15,"IPCA + 8,4773%",,,,,,,,2026-09-30
CRA025006NC,CRA,LAR COOPERATIVA AGROINDUSTRIAL,ECO SECURITIZADORA DE DIREITOS CREDITÓRIOS DO AGRONEGÓCIO S.A.,3ª,2032-08-16,"IPCA + 8,7268%",,,,,,,,2026-09-30
CRA0250005M,CRA,Boa Safra,OPEA SECURITIZADORA S/A,3ª,2032-01-15,"IPCA + 8,7384%",,,,,,,,2026-09-30
CRA0250005L,CRA,Boa Safra,OPEA SECURITIZADORA S/A,4ª,2035-01-15,"IPCA + 8,9518%",,,,,,,,2026-09-30
CRA02300796,CRA,FS INDÚSTRIA DE BIOCOMBUSTÍVEIS LTDA.,ECO SECURITIZADORA DE DIREITOS CREDITÓRIOS DO AGRONEGÓCIO S.A.,2ª,2029-10-15,"IPCA + 8,9555%",12.0565,12.504,11.4206,0.32,1077.38958344,92.85,664.39,2026-09-30
CRA023003JY,CRA,OLFAR S.A.,RIZA SECURITIZADORA S.A.,2ª,2030-03-15,"IPCA + 8,9738%",9.4893,10.698,8.3376,0.2,1156.98462324,99.18,439.5,2026-09-30
23F2455004,CRI,SENDAS DISTRIBUIDORA S.A.,OPEA SECURITIZADORA S/A,2ª,2027-07-15,,16.6523,,15.6387,1.8,991.60159255,96.83,189.16,2026-09-30
23I1259644,CRI,JSL,OPEA SECURITIZADORA S/A,4ª,2030-09-15,,,,,,,,,2026-09-30
23J1141681,CRI,YDUQS PARTICIPAÇÕES S.A.,OPEA SECURITIZADORA S/A,1ª,2028-10-16,,14.7553,,,0.3,995.94153765,94.79,446.58,2026-09-30
23K0018801,CRI,MULTIPLAN EMPREENDIMENTOS IMOBILIÁRIOS S.A.,RIZA SECURITIZADORA S.A.,3ª,2031-01-15,,,,,,,,,2026-09-30
23K0022041,CRI,Cogna,TRUE SECURITIZADORA S/A,2ª,2028-11-15,,15.0743,,14.503,0.28,1012.5692782,96.81,359.6,2026-09-30
24A2715837,CRI,DIAGNÓSTICOS DA AMÉRICA S.A.,VERT COMPANHIA SECURITIZADORA,2ª,2029-01-15,,19.5012,,,1.05,905.7215824,88.35,499.58,2026-09-30
24A2721829,CRI,DIAGNÓSTICOS DA AMÉRICA S.A,VERT COMPANHIA SECURITIZADORA,4ª,2031-01-15,,19.8063,,18.8096,0.73,858.7667079,83.68,738.97,2026-09-30
25A1946535,CRI,Cury,OPEA SECURITIZADORA S/A,3ª,2032-01-15,,15.0217,,,0.28,1032.54688092,100.19,805.47,2026-09-30
25D0271049,CRI,Log,OPEA SECURITIZADORA S/A,3ª,2032-04-15,,,,,,,,,2026-09-30
CRA02300G7D,CRA,MARFRIG GLOBAL FOODS S.A.,ECO SECURITIZADORA DE DIREITOS CREDITÓRIOS DO AGRONEGÓCIO S.A.,1ª,2027-08-16,,17.8558,,,0.34,963.1963037,95.09,211.56,2026-09-30
CRA02300HWK,CRA,BANCO BTG PACTUAL S.A.,OPEA SECURITIZADORA S/A,4ª,2033-09-15,,13.3707,13.5236,13.143,0.32,945.54847685,94.09,1220.88,2026-09-30
CRA02300JR7,CRA,RAÍZEN ENERGIA S.A.,OPEA SECURITIZADORA S/A,3ª,2033-10-17,,,,,,475.15975837,45.38,,2026-09-30
CRA02300NX8,CRA,BTG Pactual III,OPEA SECURITIZADORA S/A,4ª,2033-11-16,,,,,,,,,2026-09-30
CRA02300SPD,CRA,FS Agrisolutions Indústria de Biocombustíveis LTDA,ECO SECURITIZADORA DE DIREITOS CREDITÓRIOS DO AGRONEGÓCIO S.A.,3ª,2030-06-15,,19.0527,,,0.82,868.05840505,86.34,725.65,2026-09-30
CRA02300SUZ,CRA,"Vamos Locação de Caminhões, Máquinas e Equipamentos S.A.",ECO SECURITIZADORA DE DIREITOS CREDITÓRIOS DO AGRONEGÓCIO S.A.,1ª,2030-11-18,,20.1072,,,0.11,856.75724233,82.04,705.03,2026-09-30
CRA02300TSF,CRA,BTG PACTUAL IV,OPEA SECURITIZADORA S/A,4ª,2033-12-15,,,,,,,,,2026-09-30
CRA024000B8,CRA,FS Indústria De Biocombustíveis Ltda,ECO SECURITIZADORA DE DIREITOS CREDITÓRIOS DO AGRONEGÓCIO S.A.,3ª,2030-07-15,,19.0182,,,0.38,866.79256296,86.21,736.82,2026-09-30
CRA024001P5,CRA,JSL S.A.,ECO SECURITIZADORA DE DIREITOS CREDITÓRIOS DO AGRONEGÓCIO S.A.,1ª,2031-02-15,,,,,,,,,2026-09-30
CRA024001Q9,CRA,ZAMP S.A.,RIZA SECURITIZADORA S.A.,2ª,2029-02-15,,17.7458,,17.3983,0.9,932.32602144,91.84,519.5,2026-09-30
CRA0240020B,CRA,VICUNHA II,RIZA SECURITIZADORA S.A.,2ª,2031-02-15,,,,,,,,,2026-09-30
CRA024002MH,CRA,JF CITRUS AGROPECUÁRIA S.A.,ECO SECURITIZADORA DE DIREITOS CREDITÓRIOS DO AGRONEGÓCIO S.A.,1ª,2029-03-15,,,,,,,,,2026-09-30
CRA024002MK,CRA,Marfrig Global Foods S.A.,ECO SECURITIZADORA DE DIREITOS CREDITÓRIOS DO AGRONEGÓCIO S.A.,2ª,2031-03-15,,,,,,,,,2026-09-30
CRA024002S2,CRA,Minerva VII,RIZA SECURITIZADORA S.A.,2ª,2029-03-15,,,,,,,,,2026-09-30
CRA024002S3,CRA,MINERVA S.A.,RIZA SECURITIZADORA S.A.,3ª,2031-03-17,,18.6114,,,0.27,826.43145292,82.23,867.85,2026-09-30
CRA0240066D,CRA,FS Florestal S.A.,ECO SECURITIZADORA DE DIREITOS CREDITÓRIOS DO AGRONEGÓCIO S.A.,1ª,2030-06-15,,17.7692,17.9439,17.61,0.03,949.44728947,94.35,711.96,2026-09-30
CRA0240066G,CRA,BRF S.A.,ECO SECURITIZADORA DE DIREITOS CREDITÓRIOS DO AGRONEGÓCIO S.A.,2ª,2031-06-16,,17.8531,,16.6679,1.12,893.93065679,86.18,864.42,2026-09-30
CRA024007PT,CRA,Sorocaba Refrescos S.A,ECO SECURITIZADORA DE DIREITOS CREDITÓRIOS DO AGRONEGÓCIO S.A.,1ª,2031-08-15,,15.8026,16.2242,14.4089,0.44,917.75370885,90.46,852.68,2026-09-30
CRA024007Q3,CRA,SLC Maquinas,OPEA SECURITIZADORA S/A,1ª,2031-08-15,,16.69,,16.1,0.56,926.84973582,91.32,677.56,2026-09-30
CRA024009Q3,CRA,MARFRIG GLOBAL FOODS S.A.,ECO SECURITIZADORA DE DIREITOS CREDITÓRIOS DO AGRONEGÓCIO S.A.,2ª,2031-10-15,,18.0345,,16.3792,0.1,917.27741429,86.59,879.37,2026-09-30
CRA02400AHY,CRA,REFRESCOS BANDEIRANTES INDÚSTRIA E COMÉRCIO LTDA.,RIZA SECURITIZADORA S.A.,1ª,2032-11-16,,17.9449,,,2.11,907.08480593,86.42,950.77,2026-09-30
CRA02400AYM,CRA,MINERVA S.A.,RIZA SECURITIZADORA S.A.,2ª,2029-11-16,,18.7452,,,0.28,953.39133555,90.65,620.28,2026-09-30
CRA02400AYP,CRA,MINERVA S.A.,RIZA SECURITIZADORA S.A.,5ª,2034-11-16,,18.8391,,,0.47,903.43299221,85.75,1056.16,2026-09-30
CRA02500001,CRA,BOA SAFRA SEMENTES S.A.,OPEA SECURITIZADORA S/A,1ª,2030-01-15,,16.1884,,15.8075,0.23,988.87056904,98.27,653.38,2026-09-30
CRA0250012X,CRA,FS FLORESTAL S.A.,ECO SECURITIZADORA DE DIREITOS CREDITÓRIOS DO AGRONEGÓCIO S.A.,1ª,2030-03-15,,18.455,,18.0814,0.74,993.96711873,98.69,657.02,2026-09-30
CRA0250018I,CRA,Marfrig Global Foods S.A,ECO SECURITIZADORA DE DIREITOS CREDITÓRIOS DO AGRONEGÓCIO S.A.,2ª,2032-04-15,,17.9193,,16.8716,0.88,959.30949032,90.08,917.85,2026-09-30
CRA025002S3,CRA,MINERVA S.A,RIZA SECURITIZADORA S.A.,2ª,2030-04-15,,18.7847,,,0.3,997.70212176,93.29,660.0,2026-09-30
CRA025002S4,CRA,MINERVA S.A.,RIZA SECURITIZADORA S.A.,4ª,2032-04-15,,18.9254,,18.4065,0.28,968.34569665,90.55,895.67,2026-09-30
CRA025002S5,CRA,MINERVA S.A.,RIZA SECURITIZADORA S.A.,5ª,2035-04-16,,,,,,,,,2026-09-30
CRA0250040J,CRA,Natural One S.A,ECO SECURITIZADORA DE DIREITOS CREDITÓRIOS DO AGRONEGÓCIO S.A.,2ª,2029-06-15,,,,,,,,,2026-09-30
CRA025005EH,CRA,GDM GENÉTICA DO BRASIL S.A.,ECO SECURITIZADORA DE DIREITOS CREDITÓRIOS DO AGRONEGÓCIO S.A.,1ª,2032-07-15,,15.6322,16.6104,15.3,0.25,1014.05848168,98.39,957.97,2026-09-30
CRA025005V7,CRA,MINERVA S.A.,RIZA SECURITIZADORA S.A.,3ª,2033-07-15,,18.2484,,17.3,0.71,906.3507883,88.02,1023.93,2026-09-30
CRA025005V8,CRA,MINERVA S.A,RIZA SECURITIZADORA S.A.,4ª,2035-07-16,,18.2948,,17.3,0.71,901.74042866,87.52,1139.64,2026-09-30
CRA0250066A,CRA,BRF S.A.,ECO SECURITIZADORA DE DIREITOS CREDITÓRIOS DO AGRONEGÓCIO S.A.,2ª,2032-07-15,,18.2813,,17.1935,0.33,888.2201085,86.36,985.5,2026-09-30
CRA025006NB,CRA,LAR COOPERATIVA AGROINDUSTRIAL,ECO SECURITIZADORA DE DIREITOS CREDITÓRIOS DO AGRONEGÓCIO S.A.,2ª,2032-08-16,,16.2337,,16.0509,0.13,952.24138847,94.66,941.02,2026-09-30
CRA025007KE,CRA,Cereal Comércio Exportação e Representação Agropecuária S.A.,ECO SECURITIZADORA DE DIREITOS CREDITÓRIOS DO AGRONEGÓCIO S.A.,2ª,2032-09-15,,16.3567,,15.9,0.29,943.89940666,93.83,979.36,2026-09-30
CRA025007KK,CRA,ELDORADO BRASIL CELULOSE S.A.,OPEA SECURITIZADORA S/A,1ª,2032-09-15,,14.9641,,,0.61,974.34975246,96.88,1056.45,2026-09-30
CRA025008ND,CRA,São Salvador Alimentos S.A.,ECO SECURITIZADORA DE DIREITOS CREDITÓRIOS DO AGRONEGÓCIO S.A.,2ª,2033-10-15,,15.573,16.1319,14.7239,0.03,1007.98519577,94.83,1097.33,2026-09-30
CRA02500A15,CRA,Açucareira Quatá S.A.,ECO SECURITIZADORA DE DIREITOS CREDITÓRIOS DO AGRONEGÓCIO S.A.,1ª,2032-11-15,,,,,,,,,2026-09-30
CRA02500AHU,CRA,C. Vale - Cooperativa Agroindustrial,ECO SECURITIZADORA DE DIREITOS CREDITÓRIOS DO AGRONEGÓCIO S.A.,2ª,2030-11-15,,15.4975,16.2558,13.9384,0.27,1037.70210197,98.42,771.34,2026-09-30
CRA02500BVU,CRA,BRF S.A.,ECO SECURITIZADORA DE DIREITOS CREDITÓRIOS DO AGRONEGÓCIO S.A.,2ª,2032-12-15,,17.8115,,17.1954,0.89,892.35270755,85.87,1025.28,2026-09-30
CRA02500C1D,CRA,Alibem Alimentos S.A.,ECO SECURITIZADORA DE DIREITOS CREDITÓRIOS DO AGRONEGÓCIO S.A.,1ª,2030-12-18,,16.0189,16.9066,15.45,0.39,1019.67061481,97.92,500.44,2026-09-30
CRA026001JM,CRA,Lar Cooperativa Agroindustrial,ECO SECURITIZADORA DE DIREITOS CREDITÓRIOS DO AGRONEGÓCIO S.A.,2ª,2033-03-15,,16.4373,,16.0069,0.09,957.89027835,95.21,997.63,2026-09-30
CRA026002BE,CRA,BRF S.A.,ECO SECURITIZADORA DE DIREITOS CREDITÓRIOS DO AGRONEGÓCIO S.A.,2ª,2033-04-15,,17.6193,,12.1491,0.96,931.27398933,88.27,1033.26,2026-09-30
